month,lat,lon,max_temp_c
static,5.008108,35.326249,456.0000
static,5.008108,35.371164,461.0000
static,5.008108,35.416080,552.0000
static,4.963192,35.146585,459.0000
static,4.963192,35.191501,455.0000
static,4.963192,35.236417,488.0000
static,4.963192,35.281333,459.0000
static,4.963192,35.326249,455.0000
static,4.963192,35.371164,602.0000
static,4.963192,35.416080,553.0000
static,4.918276,35.011838,507.0000
static,4.918276,35.056754,585.0000
static,4.918276,35.101670,658.0000
static,4.918276,35.146585,545.0000
static,4.918276,35.191501,533.0000
static,4.918276,35.236417,489.0000
static,4.918276,35.281333,495.0000
static,4.918276,35.326249,606.0000
static,4.918276,35.371164,649.0000
static,4.918276,35.416080,590.0000
static,4.918276,35.460996,990.0000
static,4.918276,35.505912,1386.0000
static,4.918276,35.550827,1308.0000
static,4.873360,34.922007,453.0000
static,4.873360,34.966922,455.0000
static,4.873360,35.011838,487.0000
static,4.873360,35.056754,532.0000
static,4.873360,35.101670,514.0000
static,4.873360,35.146585,594.0000
static,4.873360,35.191501,554.0000
static,4.873360,35.236417,550.0000
static,4.873360,35.281333,585.0000
static,4.873360,35.326249,818.0000
static,4.873360,35.371164,701.0000
static,4.873360,35.416080,715.0000
static,4.873360,35.460996,1112.0000
static,4.873360,35.505912,1477.0000
static,4.873360,35.550827,1161.0000
static,4.828445,34.787259,453.0000
static,4.828445,34.832175,465.0000
static,4.828445,34.877091,459.0000
static,4.828445,34.922007,455.0000
static,4.828445,34.966922,454.0000
static,4.828445,35.011838,463.0000
static,4.828445,35.056754,471.0000
static,4.828445,35.101670,477.0000
static,4.828445,35.146585,703.0000
static,4.828445,35.191501,653.0000
static,4.828445,35.236417,743.0000
static,4.828445,35.281333,1003.0000
static,4.828445,35.326249,880.0000
static,4.828445,35.371164,738.0000
static,4.828445,35.416080,1024.0000
static,4.828445,35.460996,1056.0000
static,4.828445,35.505912,1359.0000
static,4.828445,35.550827,850.0000
static,4.783529,34.652512,477.0000
static,4.783529,34.697428,468.0000
static,4.783529,34.742344,457.0000
static,4.783529,34.787259,456.0000
static,4.783529,34.832175,463.0000
static,4.783529,34.877091,459.0000
static,4.783529,34.922007,456.0000
static,4.783529,34.966922,457.0000
static,4.783529,35.011838,458.0000
static,4.783529,35.056754,464.0000
static,4.783529,35.101670,478.0000
static,4.783529,35.146585,821.0000
static,4.783529,35.191501,876.0000
static,4.783529,35.236417,1029.0000
static,4.783529,35.281333,1405.0000
static,4.783529,35.326249,711.0000
static,4.783529,35.371164,668.0000
static,4.783529,35.416080,762.0000
static,4.783529,35.460996,1022.0000
static,4.783529,35.505912,1348.0000
static,4.738613,34.562681,486.0000
static,4.738613,34.607596,487.0000
static,4.738613,34.652512,483.0000
static,4.738613,34.697428,464.0000
static,4.738613,34.742344,461.0000
static,4.738613,34.787259,463.0000
static,4.738613,34.832175,460.0000
static,4.738613,34.877091,460.0000
static,4.738613,34.922007,460.0000
static,4.738613,34.966922,459.0000
static,4.738613,35.011838,463.0000
static,4.738613,35.056754,474.0000
static,4.738613,35.101670,496.0000
static,4.738613,35.146585,670.0000
static,4.738613,35.191501,956.0000
static,4.738613,35.236417,1344.0000
static,4.738613,35.281333,1233.0000
static,4.738613,35.326249,632.0000
static,4.738613,35.371164,623.0000
static,4.738613,35.416080,667.0000
static,4.738613,35.460996,834.0000
static,4.738613,35.505912,1047.0000
static,4.738613,35.550827,609.0000
static,4.693697,34.472849,494.0000
static,4.693697,34.517765,487.0000
static,4.693697,34.562681,481.0000
static,4.693697,34.607596,477.0000
static,4.693697,34.652512,468.0000
static,4.693697,34.697428,467.0000
static,4.693697,34.742344,462.0000
static,4.693697,34.787259,465.0000
static,4.693697,34.832175,461.0000
static,4.693697,34.877091,462.0000
static,4.693697,34.922007,462.0000
static,4.693697,34.966922,462.0000
static,4.693697,35.011838,465.0000
static,4.693697,35.056754,478.0000
static,4.693697,35.101670,502.0000
static,4.693697,35.146585,645.0000
static,4.693697,35.191501,877.0000
static,4.693697,35.236417,1097.0000
static,4.693697,35.281333,1207.0000
static,4.693697,35.326249,610.0000
static,4.693697,35.371164,608.0000
static,4.693697,35.416080,650.0000
static,4.693697,35.460996,743.0000
static,4.693697,35.505912,670.0000
static,4.693697,35.550827,555.0000
static,4.693697,35.730490,408.0000
static,4.693697,35.775406,398.0000
static,4.648782,34.383017,520.0000
static,4.648782,34.427933,513.0000
static,4.648782,34.472849,497.0000
static,4.648782,34.517765,489.0000
static,4.648782,34.562681,483.0000
static,4.648782,34.607596,477.0000
static,4.648782,34.652512,471.0000
static,4.648782,34.697428,468.0000
static,4.648782,34.742344,465.0000
static,4.648782,34.787259,468.0000
static,4.648782,34.832175,463.0000
static,4.648782,34.877091,463.0000
static,4.648782,34.922007,464.0000
static,4.648782,34.966922,464.0000
static,4.648782,35.011838,469.0000
static,4.648782,35.056754,477.0000
static,4.648782,35.101670,494.0000
static,4.648782,35.146585,696.0000
static,4.648782,35.191501,1249.0000
static,4.648782,35.236417,1412.0000
static,4.648782,35.281333,946.0000
static,4.648782,35.326249,595.0000
static,4.648782,35.371164,592.0000
static,4.648782,35.416080,637.0000
static,4.648782,35.460996,646.0000
static,4.648782,35.505912,598.0000
static,4.648782,35.550827,604.0000
static,4.648782,35.595743,613.0000
static,4.648782,35.685575,427.0000
static,4.648782,35.730490,418.0000
static,4.648782,35.775406,421.0000
static,4.648782,35.910153,368.0000
static,4.648782,35.955069,372.0000
static,4.603866,34.338102,541.0000
static,4.603866,34.383017,535.0000
static,4.603866,34.427933,521.0000
static,4.603866,34.472849,500.0000
static,4.603866,34.517765,493.0000
static,4.603866,34.562681,486.0000
static,4.603866,34.607596,481.0000
static,4.603866,34.652512,476.0000
static,4.603866,34.697428,473.0000
static,4.603866,34.742344,472.0000
static,4.603866,34.787259,471.0000
static,4.603866,34.832175,468.0000
static,4.603866,34.877091,468.0000
static,4.603866,34.922007,468.0000
static,4.603866,34.966922,469.0000
static,4.603866,35.011838,476.0000
static,4.603866,35.056754,478.0000
static,4.603866,35.101670,487.0000
static,4.603866,35.146585,576.0000
static,4.603866,35.191501,887.0000
static,4.603866,35.236417,1144.0000
static,4.603866,35.281333,683.0000
static,4.603866,35.326249,568.0000
static,4.603866,35.371164,570.0000
static,4.603866,35.416080,582.0000
static,4.603866,35.460996,601.0000
static,4.603866,35.505912,589.0000
static,4.603866,35.550827,605.0000
static,4.603866,35.595743,629.0000
static,4.603866,35.640659,590.0000
static,4.603866,35.685575,450.0000
static,4.603866,35.730490,465.0000
static,4.603866,35.775406,495.0000
static,4.603866,35.820322,484.0000
static,4.603866,35.865238,371.0000
static,4.603866,35.910153,369.0000
static,4.603866,35.955069,369.0000
static,4.558950,34.293186,567.0000
static,4.558950,34.338102,589.0000
static,4.558950,34.383017,589.0000
static,4.558950,34.427933,550.0000
static,4.558950,34.472849,501.0000
static,4.558950,34.517765,494.0000
static,4.558950,34.562681,489.0000
static,4.558950,34.607596,484.0000
static,4.558950,34.652512,479.0000
static,4.558950,34.697428,477.0000
static,4.558950,34.742344,476.0000
static,4.558950,34.787259,474.0000
static,4.558950,34.832175,471.0000
static,4.558950,34.877091,471.0000
static,4.558950,34.922007,470.0000
static,4.558950,34.966922,471.0000
static,4.558950,35.011838,478.0000
static,4.558950,35.056754,481.0000
static,4.558950,35.101670,486.0000
static,4.558950,35.146585,566.0000
static,4.558950,35.191501,841.0000
static,4.558950,35.236417,945.0000
static,4.558950,35.281333,627.0000
static,4.558950,35.326249,559.0000
static,4.558950,35.371164,566.0000
static,4.558950,35.416080,584.0000
static,4.558950,35.460996,609.0000
static,4.558950,35.505912,654.0000
static,4.558950,35.550827,591.0000
static,4.558950,35.595743,570.0000
static,4.558950,35.640659,525.0000
static,4.558950,35.685575,465.0000
static,4.558950,35.730490,490.0000
static,4.558950,35.775406,566.0000
static,4.558950,35.820322,522.0000
static,4.558950,35.865238,371.0000
static,4.558950,35.910153,371.0000
static,4.558950,35.955069,368.0000
static,4.514034,34.248270,589.0000
static,4.514034,34.293186,574.0000
static,4.514034,34.338102,648.0000
static,4.514034,34.383017,849.0000
static,4.514034,34.427933,755.0000
static,4.514034,34.472849,503.0000
static,4.514034,34.517765,498.0000
static,4.514034,34.562681,493.0000
static,4.514034,34.607596,491.0000
static,4.514034,34.652512,483.0000
static,4.514034,34.697428,481.0000
static,4.514034,34.742344,478.0000
static,4.514034,34.787259,476.0000
static,4.514034,34.832175,473.0000
static,4.514034,34.877091,473.0000
static,4.514034,34.922007,474.0000
static,4.514034,34.966922,474.0000
static,4.514034,35.011838,476.0000
static,4.514034,35.056754,482.0000
static,4.514034,35.101670,488.0000
static,4.514034,35.146585,736.0000
static,4.514034,35.191501,828.0000
static,4.514034,35.236417,654.0000
static,4.514034,35.281333,574.0000
static,4.514034,35.326249,555.0000
static,4.514034,35.371164,570.0000
static,4.514034,35.416080,593.0000
static,4.514034,35.460996,619.0000
static,4.514034,35.505912,744.0000
static,4.514034,35.550827,590.0000
static,4.514034,35.595743,547.0000
static,4.514034,35.640659,516.0000
static,4.514034,35.685575,480.0000
static,4.514034,35.730490,515.0000
static,4.514034,35.775406,604.0000
static,4.514034,35.820322,601.0000
static,4.514034,35.865238,369.0000
static,4.514034,35.910153,373.0000
static,4.514034,35.955069,365.0000
static,4.514034,35.999985,365.0000
static,4.469119,34.203354,617.0000
static,4.469119,34.248270,600.0000
static,4.469119,34.293186,583.0000
static,4.469119,34.338102,710.0000
static,4.469119,34.383017,1236.0000
static,4.469119,34.427933,996.0000
static,4.469119,34.472849,513.0000
static,4.469119,34.517765,506.0000
static,4.469119,34.562681,501.0000
static,4.469119,34.607596,497.0000
static,4.469119,34.652512,490.0000
static,4.469119,34.697428,485.0000
static,4.469119,34.742344,482.0000
static,4.469119,34.787259,478.0000
static,4.469119,34.832175,476.0000
static,4.469119,34.877091,476.0000
static,4.469119,34.922007,477.0000
static,4.469119,34.966922,477.0000
static,4.469119,35.011838,479.0000
static,4.469119,35.056754,479.0000
static,4.469119,35.101670,487.0000
static,4.469119,35.146585,860.0000
static,4.469119,35.191501,998.0000
static,4.469119,35.236417,602.0000
static,4.469119,35.281333,552.0000
static,4.469119,35.326249,561.0000
static,4.469119,35.371164,576.0000
static,4.469119,35.416080,598.0000
static,4.469119,35.460996,630.0000
static,4.469119,35.505912,685.0000
static,4.469119,35.550827,656.0000
static,4.469119,35.595743,541.0000
static,4.469119,35.640659,522.0000
static,4.469119,35.685575,499.0000
static,4.469119,35.730490,546.0000
static,4.469119,35.775406,657.0000
static,4.469119,35.820322,706.0000
static,4.469119,35.865238,370.0000
static,4.469119,35.910153,380.0000
static,4.469119,35.955069,364.0000
static,4.469119,35.999985,364.0000
static,4.469119,36.044901,362.0000
static,4.469119,36.089817,361.0000
static,4.469119,36.134732,361.0000
static,4.469119,36.179648,362.0000
static,4.469119,36.224564,379.0000
static,4.469119,36.269480,414.0000
static,4.469119,36.314395,457.0000
static,4.469119,36.359311,527.0000
static,4.469119,36.404227,554.0000
static,4.469119,36.449143,592.0000
static,4.469119,36.494058,615.0000
static,4.469119,36.538974,690.0000
static,4.469119,36.583890,713.0000
static,4.469119,36.628806,786.0000
static,4.469119,36.673721,684.0000
static,4.469119,36.808469,507.0000
static,4.469119,36.853385,558.0000
static,4.424203,34.158439,664.0000
static,4.424203,34.203354,649.0000
static,4.424203,34.248270,632.0000
static,4.424203,34.293186,607.0000
static,4.424203,34.338102,945.0000
static,4.424203,34.383017,1026.0000
static,4.424203,34.427933,705.0000
static,4.424203,34.472849,536.0000
static,4.424203,34.517765,524.0000
static,4.424203,34.562681,517.0000
static,4.424203,34.607596,512.0000
static,4.424203,34.652512,500.0000
static,4.424203,34.697428,494.0000
static,4.424203,34.742344,489.0000
static,4.424203,34.787259,485.0000
static,4.424203,34.832175,483.0000
static,4.424203,34.877091,482.0000
static,4.424203,34.922007,482.0000
static,4.424203,34.966922,482.0000
static,4.424203,35.011838,485.0000
static,4.424203,35.056754,485.0000
static,4.424203,35.101670,489.0000
static,4.424203,35.146585,652.0000
static,4.424203,35.191501,613.0000
static,4.424203,35.236417,540.0000
static,4.424203,35.281333,531.0000
static,4.424203,35.326249,559.0000
static,4.424203,35.371164,584.0000
static,4.424203,35.416080,625.0000
static,4.424203,35.460996,639.0000
static,4.424203,35.505912,607.0000
static,4.424203,35.550827,592.0000
static,4.424203,35.595743,554.0000
static,4.424203,35.640659,532.0000
static,4.424203,35.685575,555.0000
static,4.424203,35.730490,640.0000
static,4.424203,35.775406,883.0000
static,4.424203,35.820322,1085.0000
static,4.424203,35.865238,383.0000
static,4.424203,35.910153,376.0000
static,4.424203,35.955069,361.0000
static,4.424203,35.999985,361.0000
static,4.424203,36.044901,361.0000
static,4.424203,36.089817,361.0000
static,4.424203,36.134732,361.0000
static,4.424203,36.179648,361.0000
static,4.424203,36.224564,377.0000
static,4.424203,36.269480,411.0000
static,4.424203,36.314395,440.0000
static,4.424203,36.359311,492.0000
static,4.424203,36.404227,529.0000
static,4.424203,36.449143,576.0000
static,4.424203,36.494058,605.0000
static,4.424203,36.538974,689.0000
static,4.424203,36.583890,748.0000
static,4.424203,36.628806,714.0000
static,4.424203,36.673721,637.0000
static,4.424203,36.718637,506.0000
static,4.424203,36.763553,522.0000
static,4.424203,36.808469,546.0000
static,4.424203,36.853385,593.0000
static,4.424203,36.898300,615.0000
static,4.424203,36.943216,747.0000
static,4.379287,34.113523,725.0000
static,4.379287,34.158439,679.0000
static,4.379287,34.203354,663.0000
static,4.379287,34.248270,637.0000
static,4.379287,34.293186,622.0000
static,4.379287,34.338102,921.0000
static,4.379287,34.383017,744.0000
static,4.379287,34.427933,622.0000
static,4.379287,34.472849,542.0000
static,4.379287,34.517765,532.0000
static,4.379287,34.562681,525.0000
static,4.379287,34.607596,520.0000
static,4.379287,34.652512,505.0000
static,4.379287,34.697428,499.0000
static,4.379287,34.742344,493.0000
static,4.379287,34.787259,489.0000
static,4.379287,34.832175,487.0000
static,4.379287,34.877091,487.0000
static,4.379287,34.922007,485.0000
static,4.379287,34.966922,485.0000
static,4.379287,35.011838,489.0000
static,4.379287,35.056754,489.0000
static,4.379287,35.101670,490.0000
static,4.379287,35.146585,589.0000
static,4.379287,35.191501,550.0000
static,4.379287,35.236417,526.0000
static,4.379287,35.281333,532.0000
static,4.379287,35.326249,561.0000
static,4.379287,35.371164,588.0000
static,4.379287,35.416080,668.0000
static,4.379287,35.460996,691.0000
static,4.379287,35.505912,627.0000
static,4.379287,35.550827,607.0000
static,4.379287,35.595743,577.0000
static,4.379287,35.640659,555.0000
static,4.379287,35.685575,577.0000
static,4.379287,35.730490,685.0000
static,4.379287,35.775406,756.0000
static,4.379287,35.820322,755.0000
static,4.379287,35.865238,398.0000
static,4.379287,35.910153,370.0000
static,4.379287,35.955069,361.0000
static,4.379287,35.999985,361.0000
static,4.379287,36.044901,361.0000
static,4.379287,36.089817,361.0000
static,4.379287,36.134732,361.0000
static,4.379287,36.179648,361.0000
static,4.379287,36.224564,377.0000
static,4.379287,36.269480,411.0000
static,4.379287,36.314395,444.0000
static,4.379287,36.359311,488.0000
static,4.379287,36.404227,526.0000
static,4.379287,36.449143,617.0000
static,4.379287,36.494058,707.0000
static,4.379287,36.538974,758.0000
static,4.379287,36.583890,746.0000
static,4.379287,36.628806,689.0000
static,4.379287,36.673721,596.0000
static,4.379287,36.718637,512.0000
static,4.379287,36.763553,531.0000
static,4.379287,36.808469,557.0000
static,4.379287,36.853385,607.0000
static,4.379287,36.898300,656.0000
static,4.379287,36.943216,834.0000
static,4.379287,36.988132,1092.0000
static,4.379287,37.033048,1472.0000
static,4.379287,37.077963,1102.0000
static,4.334371,34.068607,767.0000
static,4.334371,34.113523,735.0000
static,4.334371,34.158439,691.0000
static,4.334371,34.203354,665.0000
static,4.334371,34.248270,639.0000
static,4.334371,34.293186,646.0000
static,4.334371,34.338102,955.0000
static,4.334371,34.383017,1122.0000
static,4.334371,34.427933,666.0000
static,4.334371,34.472849,547.0000
static,4.334371,34.517765,539.0000
static,4.334371,34.562681,534.0000
static,4.334371,34.607596,527.0000
static,4.334371,34.652512,511.0000
static,4.334371,34.697428,504.0000
static,4.334371,34.742344,498.0000
static,4.334371,34.787259,493.0000
static,4.334371,34.832175,491.0000
static,4.334371,34.877091,491.0000
static,4.334371,34.922007,489.0000
static,4.334371,34.966922,490.0000
static,4.334371,35.011838,491.0000
static,4.334371,35.056754,492.0000
static,4.334371,35.101670,494.0000
static,4.334371,35.146585,566.0000
static,4.334371,35.191501,521.0000
static,4.334371,35.236417,522.0000
static,4.334371,35.281333,534.0000
static,4.334371,35.326249,565.0000
static,4.334371,35.371164,584.0000
static,4.334371,35.416080,612.0000
static,4.334371,35.460996,660.0000
static,4.334371,35.505912,649.0000
static,4.334371,35.550827,665.0000
static,4.334371,35.595743,652.0000
static,4.334371,35.640659,590.0000
static,4.334371,35.685575,602.0000
static,4.334371,35.730490,741.0000
static,4.334371,35.775406,885.0000
static,4.334371,35.820322,728.0000
static,4.334371,35.865238,401.0000
static,4.334371,35.910153,371.0000
static,4.334371,35.955069,361.0000
static,4.334371,35.999985,361.0000
static,4.334371,36.044901,361.0000
static,4.334371,36.089817,361.0000
static,4.334371,36.134732,361.0000
static,4.334371,36.179648,366.0000
static,4.334371,36.224564,383.0000
static,4.334371,36.269480,407.0000
static,4.334371,36.314395,424.0000
static,4.334371,36.359311,462.0000
static,4.334371,36.404227,539.0000
static,4.334371,36.449143,648.0000
static,4.334371,36.494058,740.0000
static,4.334371,36.538974,841.0000
static,4.334371,36.583890,731.0000
static,4.334371,36.628806,658.0000
static,4.334371,36.673721,591.0000
static,4.334371,36.718637,520.0000
static,4.334371,36.763553,555.0000
static,4.334371,36.808469,619.0000
static,4.334371,36.853385,653.0000
static,4.334371,36.898300,674.0000
static,4.334371,36.943216,736.0000
static,4.334371,36.988132,993.0000
static,4.334371,37.033048,1351.0000
static,4.334371,37.077963,1322.0000
static,4.334371,37.122879,1007.0000
static,4.289455,34.023691,805.0000
static,4.289455,34.068607,773.0000
static,4.289455,34.113523,750.0000
static,4.289455,34.158439,698.0000
static,4.289455,34.203354,672.0000
static,4.289455,34.248270,657.0000
static,4.289455,34.293186,656.0000
static,4.289455,34.338102,915.0000
static,4.289455,34.383017,1188.0000
static,4.289455,34.427933,698.0000
static,4.289455,34.472849,559.0000
static,4.289455,34.517765,549.0000
static,4.289455,34.562681,544.0000
static,4.289455,34.607596,536.0000
static,4.289455,34.652512,517.0000
static,4.289455,34.697428,508.0000
static,4.289455,34.742344,503.0000
static,4.289455,34.787259,498.0000
static,4.289455,34.832175,495.0000
static,4.289455,34.877091,495.0000
static,4.289455,34.922007,494.0000
static,4.289455,34.966922,495.0000
static,4.289455,35.011838,493.0000
static,4.289455,35.056754,494.0000
static,4.289455,35.101670,497.0000
static,4.289455,35.146585,529.0000
static,4.289455,35.191501,515.0000
static,4.289455,35.236417,525.0000
static,4.289455,35.281333,536.0000
static,4.289455,35.326249,573.0000
static,4.289455,35.371164,592.0000
static,4.289455,35.416080,611.0000
static,4.289455,35.460996,636.0000
static,4.289455,35.505912,690.0000
static,4.289455,35.550827,743.0000
static,4.289455,35.595743,728.0000
static,4.289455,35.640659,615.0000
static,4.289455,35.685575,650.0000
static,4.289455,35.730490,767.0000
static,4.289455,35.775406,929.0000
static,4.289455,35.820322,631.0000
static,4.289455,35.865238,408.0000
static,4.289455,35.910153,372.0000
static,4.289455,35.955069,361.0000
static,4.289455,35.999985,361.0000
static,4.289455,36.044901,361.0000
static,4.289455,36.089817,361.0000
static,4.289455,36.134732,361.0000
static,4.289455,36.179648,364.0000
static,4.289455,36.224564,388.0000
static,4.289455,36.269480,418.0000
static,4.289455,36.314395,424.0000
static,4.289455,36.359311,483.0000
static,4.289455,36.404227,572.0000
static,4.289455,36.449143,613.0000
static,4.289455,36.494058,655.0000
static,4.289455,36.538974,830.0000
static,4.289455,36.583890,760.0000
static,4.289455,36.628806,637.0000
static,4.289455,36.673721,581.0000
static,4.289455,36.718637,526.0000
static,4.289455,36.763553,600.0000
static,4.289455,36.808469,668.0000
static,4.289455,36.853385,683.0000
static,4.289455,36.898300,706.0000
static,4.289455,36.943216,742.0000
static,4.289455,36.988132,918.0000
static,4.289455,37.033048,983.0000
static,4.289455,37.077963,1083.0000
static,4.289455,37.122879,1097.0000
static,4.289455,37.167795,868.0000
static,4.289455,40.761056,498.0000
static,4.289455,40.805972,622.0000
static,4.244540,33.978776,863.0000
static,4.244540,34.023691,831.0000
static,4.244540,34.068607,786.0000
static,4.244540,34.113523,753.0000
static,4.244540,34.158439,720.0000
static,4.244540,34.203354,701.0000
static,4.244540,34.248270,686.0000
static,4.244540,34.293186,698.0000
static,4.244540,34.338102,708.0000
static,4.244540,34.383017,860.0000
static,4.244540,34.427933,719.0000
static,4.244540,34.472849,581.0000
static,4.244540,34.517765,569.0000
static,4.244540,34.562681,558.0000
static,4.244540,34.607596,547.0000
static,4.244540,34.652512,525.0000
static,4.244540,34.697428,517.0000
static,4.244540,34.742344,511.0000
static,4.244540,34.787259,506.0000
static,4.244540,34.832175,502.0000
static,4.244540,34.877091,504.0000
static,4.244540,34.922007,504.0000
static,4.244540,34.966922,502.0000
static,4.244540,35.011838,501.0000
static,4.244540,35.056754,500.0000
static,4.244540,35.101670,503.0000
static,4.244540,35.146585,516.0000
static,4.244540,35.191501,529.0000
static,4.244540,35.236417,539.0000
static,4.244540,35.281333,551.0000
static,4.244540,35.326249,582.0000
static,4.244540,35.371164,610.0000
static,4.244540,35.416080,628.0000
static,4.244540,35.460996,658.0000
static,4.244540,35.505912,788.0000
static,4.244540,35.550827,969.0000
static,4.244540,35.595743,934.0000
static,4.244540,35.640659,815.0000
static,4.244540,35.685575,650.0000
static,4.244540,35.730490,814.0000
static,4.244540,35.775406,807.0000
static,4.244540,35.820322,670.0000
static,4.244540,35.865238,421.0000
static,4.244540,35.910153,378.0000
static,4.244540,35.955069,361.0000
static,4.244540,35.999985,361.0000
static,4.244540,36.044901,361.0000
static,4.244540,36.089817,361.0000
static,4.244540,36.134732,361.0000
static,4.244540,36.179648,361.0000
static,4.244540,36.224564,378.0000
static,4.244540,36.269480,403.0000
static,4.244540,36.314395,404.0000
static,4.244540,36.359311,451.0000
static,4.244540,36.404227,520.0000
static,4.244540,36.449143,563.0000
static,4.244540,36.494058,605.0000
static,4.244540,36.538974,655.0000
static,4.244540,36.583890,595.0000
static,4.244540,36.628806,574.0000
static,4.244540,36.673721,552.0000
static,4.244540,36.718637,656.0000
static,4.244540,36.763553,767.0000
static,4.244540,36.808469,803.0000
static,4.244540,36.853385,724.0000
static,4.244540,36.898300,736.0000
static,4.244540,36.943216,755.0000
static,4.244540,36.988132,823.0000
static,4.244540,37.033048,1234.0000
static,4.244540,37.077963,888.0000
static,4.244540,37.122879,793.0000
static,4.244540,37.167795,791.0000
static,4.244540,37.212711,815.0000
static,4.244540,37.257626,816.0000
static,4.244540,40.626309,844.0000
static,4.244540,40.671224,813.0000
static,4.244540,40.716140,763.0000
static,4.244540,40.761056,710.0000
static,4.244540,40.805972,548.0000
static,4.244540,40.850888,426.0000
static,4.199624,33.978776,1065.0000
static,4.199624,34.023691,944.0000
static,4.199624,34.068607,810.0000
static,4.199624,34.113523,777.0000
static,4.199624,34.158439,748.0000
static,4.199624,34.203354,723.0000
static,4.199624,34.248270,703.0000
static,4.199624,34.293186,688.0000
static,4.199624,34.338102,649.0000
static,4.199624,34.383017,637.0000
static,4.199624,34.427933,620.0000
static,4.199624,34.472849,587.0000
static,4.199624,34.517765,574.0000
static,4.199624,34.562681,560.0000
static,4.199624,34.607596,547.0000
static,4.199624,34.652512,529.0000
static,4.199624,34.697428,521.0000
static,4.199624,34.742344,515.0000
static,4.199624,34.787259,510.0000
static,4.199624,34.832175,507.0000
static,4.199624,34.877091,508.0000
static,4.199624,34.922007,508.0000
static,4.199624,34.966922,506.0000
static,4.199624,35.011838,504.0000
static,4.199624,35.056754,504.0000
static,4.199624,35.101670,507.0000
static,4.199624,35.146585,520.0000
static,4.199624,35.191501,530.0000
static,4.199624,35.236417,543.0000
static,4.199624,35.281333,557.0000
static,4.199624,35.326249,591.0000
static,4.199624,35.371164,606.0000
static,4.199624,35.416080,623.0000
static,4.199624,35.460996,652.0000
static,4.199624,35.505912,867.0000
static,4.199624,35.550827,999.0000
static,4.199624,35.595743,1058.0000
static,4.199624,35.640659,925.0000
static,4.199624,35.685575,624.0000
static,4.199624,35.730490,711.0000
static,4.199624,35.775406,732.0000
static,4.199624,35.820322,749.0000
static,4.199624,35.865238,419.0000
static,4.199624,35.910153,375.0000
static,4.199624,35.955069,361.0000
static,4.199624,35.999985,361.0000
static,4.199624,36.044901,361.0000
static,4.199624,36.089817,361.0000
static,4.199624,36.134732,361.0000
static,4.199624,36.179648,361.0000
static,4.199624,36.224564,370.0000
static,4.199624,36.269480,397.0000
static,4.199624,36.314395,460.0000
static,4.199624,36.359311,451.0000
static,4.199624,36.404227,485.0000
static,4.199624,36.449143,542.0000
static,4.199624,36.494058,563.0000
static,4.199624,36.538974,562.0000
static,4.199624,36.583890,547.0000
static,4.199624,36.628806,547.0000
static,4.199624,36.673721,583.0000
static,4.199624,36.718637,713.0000
static,4.199624,36.763553,812.0000
static,4.199624,36.808469,826.0000
static,4.199624,36.853385,739.0000
static,4.199624,36.898300,724.0000
static,4.199624,36.943216,760.0000
static,4.199624,36.988132,769.0000
static,4.199624,37.033048,857.0000
static,4.199624,37.077963,803.0000
static,4.199624,37.122879,769.0000
static,4.199624,37.167795,771.0000
static,4.199624,37.212711,778.0000
static,4.199624,37.257626,772.0000
static,4.199624,37.302542,824.0000
static,4.199624,40.536477,929.0000
static,4.199624,40.581393,905.0000
static,4.199624,40.626309,846.0000
static,4.199624,40.671224,809.0000
static,4.199624,40.716140,760.0000
static,4.199624,40.761056,744.0000
static,4.199624,40.805972,668.0000
static,4.199624,40.850888,582.0000
static,4.199624,40.895803,401.0000
static,4.154708,34.068607,946.0000
static,4.154708,34.113523,821.0000
static,4.154708,34.158439,766.0000
static,4.154708,34.203354,736.0000
static,4.154708,34.248270,714.0000
static,4.154708,34.293186,692.0000
static,4.154708,34.338102,689.0000
static,4.154708,34.383017,670.0000
static,4.154708,34.427933,631.0000
static,4.154708,34.472849,586.0000
static,4.154708,34.517765,573.0000
static,4.154708,34.562681,560.0000
static,4.154708,34.607596,548.0000
static,4.154708,34.652512,532.0000
static,4.154708,34.697428,525.0000
static,4.154708,34.742344,520.0000
static,4.154708,34.787259,514.0000
static,4.154708,34.832175,513.0000
static,4.154708,34.877091,514.0000
static,4.154708,34.922007,512.0000
static,4.154708,34.966922,510.0000
static,4.154708,35.011838,509.0000
static,4.154708,35.056754,507.0000
static,4.154708,35.101670,510.0000
static,4.154708,35.146585,524.0000
static,4.154708,35.191501,533.0000
static,4.154708,35.236417,544.0000
static,4.154708,35.281333,559.0000
static,4.154708,35.326249,592.0000
static,4.154708,35.371164,616.0000
static,4.154708,35.416080,635.0000
static,4.154708,35.460996,657.0000
static,4.154708,35.505912,891.0000
static,4.154708,35.550827,1078.0000
static,4.154708,35.595743,1139.0000
static,4.154708,35.640659,1100.0000
static,4.154708,35.685575,592.0000
static,4.154708,35.730490,616.0000
static,4.154708,35.775406,680.0000
static,4.154708,35.820322,665.0000
static,4.154708,35.865238,410.0000
static,4.154708,35.910153,376.0000
static,4.154708,35.955069,361.0000
static,4.154708,35.999985,361.0000
static,4.154708,36.044901,361.0000
static,4.154708,36.089817,361.0000
static,4.154708,36.134732,361.0000
static,4.154708,36.179648,361.0000
static,4.154708,36.224564,361.0000
static,4.154708,36.269480,435.0000
static,4.154708,36.314395,509.0000
static,4.154708,36.359311,467.0000
static,4.154708,36.404227,514.0000
static,4.154708,36.449143,540.0000
static,4.154708,36.494058,525.0000
static,4.154708,36.538974,535.0000
static,4.154708,36.583890,552.0000
static,4.154708,36.628806,603.0000
static,4.154708,36.673721,693.0000
static,4.154708,36.718637,787.0000
static,4.154708,36.763553,830.0000
static,4.154708,36.808469,801.0000
static,4.154708,36.853385,722.0000
static,4.154708,36.898300,722.0000
static,4.154708,36.943216,761.0000
static,4.154708,36.988132,732.0000
static,4.154708,37.033048,752.0000
static,4.154708,37.077963,754.0000
static,4.154708,37.122879,751.0000
static,4.154708,37.167795,755.0000
static,4.154708,37.212711,730.0000
static,4.154708,37.257626,791.0000
static,4.154708,37.302542,802.0000
static,4.154708,37.347458,800.0000
static,4.154708,37.392374,819.0000
static,4.154708,40.446646,943.0000
static,4.154708,40.491561,935.0000
static,4.154708,40.536477,916.0000
static,4.154708,40.581393,889.0000
static,4.154708,40.626309,833.0000
static,4.154708,40.671224,797.0000
static,4.154708,40.716140,768.0000
static,4.154708,40.761056,763.0000
static,4.154708,40.805972,679.0000
static,4.154708,40.850888,581.0000
static,4.154708,40.895803,445.0000
static,4.154708,40.940719,380.0000
static,4.109792,34.068607,993.0000
static,4.109792,34.113523,867.0000
static,4.109792,34.158439,786.0000
static,4.109792,34.203354,757.0000
static,4.109792,34.248270,731.0000
static,4.109792,34.293186,711.0000
static,4.109792,34.338102,777.0000
static,4.109792,34.383017,878.0000
static,4.109792,34.427933,829.0000
static,4.109792,34.472849,592.0000
static,4.109792,34.517765,571.0000
static,4.109792,34.562681,560.0000
static,4.109792,34.607596,552.0000
static,4.109792,34.652512,540.0000
static,4.109792,34.697428,535.0000
static,4.109792,34.742344,529.0000
static,4.109792,34.787259,523.0000
static,4.109792,34.832175,519.0000
static,4.109792,34.877091,519.0000
static,4.109792,34.922007,517.0000
static,4.109792,34.966922,515.0000
static,4.109792,35.011838,513.0000
static,4.109792,35.056754,511.0000
static,4.109792,35.101670,513.0000
static,4.109792,35.146585,528.0000
static,4.109792,35.191501,537.0000
static,4.109792,35.236417,547.0000
static,4.109792,35.281333,559.0000
static,4.109792,35.326249,592.0000
static,4.109792,35.371164,629.0000
static,4.109792,35.416080,653.0000
static,4.109792,35.460996,667.0000
static,4.109792,35.505912,788.0000
static,4.109792,35.550827,876.0000
static,4.109792,35.595743,1073.0000
static,4.109792,35.640659,1055.0000
static,4.109792,35.685575,575.0000
static,4.109792,35.730490,573.0000
static,4.109792,35.775406,558.0000
static,4.109792,35.820322,518.0000
static,4.109792,35.865238,406.0000
static,4.109792,35.910153,378.0000
static,4.109792,35.955069,361.0000
static,4.109792,35.999985,361.0000
static,4.109792,36.044901,361.0000
static,4.109792,36.089817,361.0000
static,4.109792,36.134732,361.0000
static,4.109792,36.179648,361.0000
static,4.109792,36.224564,368.0000
static,4.109792,36.269480,445.0000
static,4.109792,36.314395,447.0000
static,4.109792,36.359311,487.0000
static,4.109792,36.404227,527.0000
static,4.109792,36.449143,530.0000
static,4.109792,36.494058,507.0000
static,4.109792,36.538974,608.0000
static,4.109792,36.583890,660.0000
static,4.109792,36.628806,727.0000
static,4.109792,36.673721,693.0000
static,4.109792,36.718637,799.0000
static,4.109792,36.763553,790.0000
static,4.109792,36.808469,763.0000
static,4.109792,36.853385,718.0000
static,4.109792,36.898300,707.0000
static,4.109792,36.943216,733.0000
static,4.109792,36.988132,701.0000
static,4.109792,37.033048,731.0000
static,4.109792,37.077963,733.0000
static,4.109792,37.122879,762.0000
static,4.109792,37.167795,761.0000
static,4.109792,37.212711,736.0000
static,4.109792,37.257626,759.0000
static,4.109792,37.302542,779.0000
static,4.109792,37.347458,772.0000
static,4.109792,37.392374,825.0000
static,4.109792,37.437289,824.0000
static,4.109792,40.311898,969.0000
static,4.109792,40.356814,950.0000
static,4.109792,40.401730,942.0000
static,4.109792,40.446646,908.0000
static,4.109792,40.491561,908.0000
static,4.109792,40.536477,901.0000
static,4.109792,40.581393,876.0000
static,4.109792,40.626309,827.0000
static,4.109792,40.671224,795.0000
static,4.109792,40.716140,791.0000
static,4.109792,40.761056,759.0000
static,4.109792,40.805972,670.0000
static,4.109792,40.850888,657.0000
static,4.109792,40.895803,602.0000
static,4.109792,40.940719,519.0000
static,4.109792,40.985635,350.0000
static,4.109792,41.030551,394.0000
static,4.064877,34.068607,1232.0000
static,4.064877,34.113523,997.0000
static,4.064877,34.158439,845.0000
static,4.064877,34.203354,803.0000
static,4.064877,34.248270,778.0000
static,4.064877,34.293186,756.0000
static,4.064877,34.338102,885.0000
static,4.064877,34.383017,1149.0000
static,4.064877,34.427933,996.0000
static,4.064877,34.472849,929.0000
static,4.064877,34.517765,650.0000
static,4.064877,34.562681,589.0000
static,4.064877,34.607596,584.0000
static,4.064877,34.652512,568.0000
static,4.064877,34.697428,559.0000
static,4.064877,34.742344,548.0000
static,4.064877,34.787259,538.0000
static,4.064877,34.832175,531.0000
static,4.064877,34.877091,531.0000
static,4.064877,34.922007,529.0000
static,4.064877,34.966922,527.0000
static,4.064877,35.011838,521.0000
static,4.064877,35.056754,521.0000
static,4.064877,35.101670,522.0000
static,4.064877,35.146585,535.0000
static,4.064877,35.191501,545.0000
static,4.064877,35.236417,556.0000
static,4.064877,35.281333,576.0000
static,4.064877,35.326249,606.0000
static,4.064877,35.371164,630.0000
static,4.064877,35.416080,648.0000
static,4.064877,35.460996,675.0000
static,4.064877,35.505912,732.0000
static,4.064877,35.550827,770.0000
static,4.064877,35.595743,851.0000
static,4.064877,35.640659,931.0000
static,4.064877,35.685575,585.0000
static,4.064877,35.730490,598.0000
static,4.064877,35.775406,493.0000
static,4.064877,35.820322,438.0000
static,4.064877,35.865238,376.0000
static,4.064877,35.910153,361.0000
static,4.064877,35.955069,361.0000
static,4.064877,35.999985,361.0000
static,4.064877,36.044901,370.0000
static,4.064877,36.089817,361.0000
static,4.064877,36.134732,361.0000
static,4.064877,36.179648,361.0000
static,4.064877,36.224564,370.0000
static,4.064877,36.269480,391.0000
static,4.064877,36.314395,411.0000
static,4.064877,36.359311,484.0000
static,4.064877,36.404227,498.0000
static,4.064877,36.449143,500.0000
static,4.064877,36.494058,488.0000
static,4.064877,36.538974,555.0000
static,4.064877,36.583890,660.0000
static,4.064877,36.628806,730.0000
static,4.064877,36.673721,666.0000
static,4.064877,36.718637,754.0000
static,4.064877,36.763553,702.0000
static,4.064877,36.808469,694.0000
static,4.064877,36.853385,688.0000
static,4.064877,36.898300,723.0000
static,4.064877,36.943216,666.0000
static,4.064877,36.988132,694.0000
static,4.064877,37.033048,690.0000
static,4.064877,37.077963,713.0000
static,4.064877,37.122879,707.0000
static,4.064877,37.167795,709.0000
static,4.064877,37.212711,706.0000
static,4.064877,37.257626,727.0000
static,4.064877,37.302542,724.0000
static,4.064877,37.347458,747.0000
static,4.064877,37.392374,766.0000
static,4.064877,37.437289,771.0000
static,4.064877,37.482205,777.0000
static,4.064877,37.527121,767.0000
static,4.064877,40.177151,1018.0000
static,4.064877,40.222067,1039.0000
static,4.064877,40.266983,1021.0000
static,4.064877,40.311898,1000.0000
static,4.064877,40.356814,988.0000
static,4.064877,40.401730,971.0000
static,4.064877,40.446646,920.0000
static,4.064877,40.491561,898.0000
static,4.064877,40.536477,892.0000
static,4.064877,40.581393,875.0000
static,4.064877,40.626309,819.0000
static,4.064877,40.671224,798.0000
static,4.064877,40.716140,785.0000
static,4.064877,40.761056,776.0000
static,4.064877,40.805972,688.0000
static,4.064877,40.850888,629.0000
static,4.064877,40.895803,590.0000
static,4.064877,40.940719,560.0000
static,4.064877,40.985635,465.0000
static,4.064877,41.030551,372.0000
static,4.064877,41.075466,310.0000
static,4.019961,34.068607,1048.0000
static,4.019961,34.113523,966.0000
static,4.019961,34.158439,861.0000
static,4.019961,34.203354,830.0000
static,4.019961,34.248270,810.0000
static,4.019961,34.293186,786.0000
static,4.019961,34.338102,827.0000
static,4.019961,34.383017,972.0000
static,4.019961,34.427933,1004.0000
static,4.019961,34.472849,1213.0000
static,4.019961,34.517765,852.0000
static,4.019961,34.562681,609.0000
static,4.019961,34.607596,602.0000
static,4.019961,34.652512,582.0000
static,4.019961,34.697428,570.0000
static,4.019961,34.742344,558.0000
static,4.019961,34.787259,547.0000
static,4.019961,34.832175,539.0000
static,4.019961,34.877091,537.0000
static,4.019961,34.922007,533.0000
static,4.019961,34.966922,530.0000
static,4.019961,35.011838,529.0000
static,4.019961,35.056754,532.0000
static,4.019961,35.101670,532.0000
static,4.019961,35.146585,535.0000
static,4.019961,35.191501,545.0000
static,4.019961,35.236417,557.0000
static,4.019961,35.281333,572.0000
static,4.019961,35.326249,603.0000
static,4.019961,35.371164,623.0000
static,4.019961,35.416080,644.0000
static,4.019961,35.460996,668.0000
static,4.019961,35.505912,719.0000
static,4.019961,35.550827,781.0000
static,4.019961,35.595743,819.0000
static,4.019961,35.640659,900.0000
static,4.019961,35.685575,596.0000
static,4.019961,35.730490,534.0000
static,4.019961,35.775406,474.0000
static,4.019961,35.820322,424.0000
static,4.019961,35.865238,366.0000
static,4.019961,35.910153,361.0000
static,4.019961,35.955069,361.0000
static,4.019961,35.999985,361.0000
static,4.019961,36.044901,361.0000
static,4.019961,36.089817,361.0000
static,4.019961,36.134732,361.0000
static,4.019961,36.179648,361.0000
static,4.019961,36.224564,371.0000
static,4.019961,36.269480,385.0000
static,4.019961,36.314395,403.0000
static,4.019961,36.359311,463.0000
static,4.019961,36.404227,474.0000
static,4.019961,36.449143,474.0000
static,4.019961,36.494058,491.0000
static,4.019961,36.538974,557.0000
static,4.019961,36.583890,654.0000
static,4.019961,36.628806,742.0000
static,4.019961,36.673721,678.0000
static,4.019961,36.718637,718.0000
static,4.019961,36.763553,675.0000
static,4.019961,36.808469,653.0000
static,4.019961,36.853385,683.0000
static,4.019961,36.898300,681.0000
static,4.019961,36.943216,662.0000
static,4.019961,36.988132,703.0000
static,4.019961,37.033048,671.0000
static,4.019961,37.077963,680.0000
static,4.019961,37.122879,682.0000
static,4.019961,37.167795,693.0000
static,4.019961,37.212711,695.0000
static,4.019961,37.257626,696.0000
static,4.019961,37.302542,702.0000
static,4.019961,37.347458,735.0000
static,4.019961,37.392374,742.0000
static,4.019961,37.437289,748.0000
static,4.019961,37.482205,755.0000
static,4.019961,37.527121,737.0000
static,4.019961,37.572037,782.0000
static,4.019961,40.132235,931.0000
static,4.019961,40.177151,988.0000
static,4.019961,40.222067,1021.0000
static,4.019961,40.266983,1004.0000
static,4.019961,40.311898,994.0000
static,4.019961,40.356814,977.0000
static,4.019961,40.401730,952.0000
static,4.019961,40.446646,927.0000
static,4.019961,40.491561,927.0000
static,4.019961,40.536477,894.0000
static,4.019961,40.581393,873.0000
static,4.019961,40.626309,820.0000
static,4.019961,40.671224,786.0000
static,4.019961,40.716140,752.0000
static,4.019961,40.761056,730.0000
static,4.019961,40.805972,707.0000
static,4.019961,40.850888,653.0000
static,4.019961,40.895803,583.0000
static,4.019961,40.940719,515.0000
static,4.019961,40.985635,445.0000
static,4.019961,41.030551,381.0000
static,4.019961,41.075466,307.0000
static,4.019961,41.120382,396.0000
static,3.975045,34.068607,1257.0000
static,3.975045,34.113523,1103.0000
static,3.975045,34.158439,902.0000
static,3.975045,34.203354,872.0000
static,3.975045,34.248270,847.0000
static,3.975045,34.293186,823.0000
static,3.975045,34.338102,809.0000
static,3.975045,34.383017,845.0000
static,3.975045,34.427933,1061.0000
static,3.975045,34.472849,1396.0000
static,3.975045,34.517765,904.0000
static,3.975045,34.562681,633.0000
static,3.975045,34.607596,621.0000
static,3.975045,34.652512,595.0000
static,3.975045,34.697428,580.0000
static,3.975045,34.742344,566.0000
static,3.975045,34.787259,557.0000
static,3.975045,34.832175,545.0000
static,3.975045,34.877091,541.0000
static,3.975045,34.922007,538.0000
static,3.975045,34.966922,538.0000
static,3.975045,35.011838,543.0000
static,3.975045,35.056754,556.0000
static,3.975045,35.101670,554.0000
static,3.975045,35.146585,539.0000
static,3.975045,35.191501,546.0000
static,3.975045,35.236417,557.0000
static,3.975045,35.281333,570.0000
static,3.975045,35.326249,609.0000
static,3.975045,35.371164,618.0000
static,3.975045,35.416080,637.0000
static,3.975045,35.460996,659.0000
static,3.975045,35.505912,730.0000
static,3.975045,35.550827,780.0000
static,3.975045,35.595743,797.0000
static,3.975045,35.640659,898.0000
static,3.975045,35.685575,616.0000
static,3.975045,35.730490,541.0000
static,3.975045,35.775406,463.0000
static,3.975045,35.820322,411.0000
static,3.975045,35.865238,362.0000
static,3.975045,35.910153,361.0000
static,3.975045,35.955069,361.0000
static,3.975045,35.999985,361.0000
static,3.975045,36.044901,361.0000
static,3.975045,36.089817,361.0000
static,3.975045,36.134732,361.0000
static,3.975045,36.179648,362.0000
static,3.975045,36.224564,378.0000
static,3.975045,36.269480,391.0000
static,3.975045,36.314395,415.0000
static,3.975045,36.359311,455.0000
static,3.975045,36.404227,467.0000
static,3.975045,36.449143,483.0000
static,3.975045,36.494058,507.0000
static,3.975045,36.538974,584.0000
static,3.975045,36.583890,680.0000
static,3.975045,36.628806,729.0000
static,3.975045,36.673721,701.0000
static,3.975045,36.718637,712.0000
static,3.975045,36.763553,649.0000
static,3.975045,36.808469,669.0000
static,3.975045,36.853385,690.0000
static,3.975045,36.898300,647.0000
static,3.975045,36.943216,673.0000
static,3.975045,36.988132,685.0000
static,3.975045,37.033048,653.0000
static,3.975045,37.077963,662.0000
static,3.975045,37.122879,662.0000
static,3.975045,37.167795,673.0000
static,3.975045,37.212711,689.0000
static,3.975045,37.257626,674.0000
static,3.975045,37.302542,679.0000
static,3.975045,37.347458,722.0000
static,3.975045,37.392374,724.0000
static,3.975045,37.437289,731.0000
static,3.975045,37.482205,744.0000
static,3.975045,37.527121,710.0000
static,3.975045,37.572037,746.0000
static,3.975045,37.616953,772.0000
static,3.975045,37.661868,778.0000
static,3.975045,40.042404,810.0000
static,3.975045,40.087320,825.0000
static,3.975045,40.132235,891.0000
static,3.975045,40.177151,933.0000
static,3.975045,40.222067,983.0000
static,3.975045,40.266983,980.0000
static,3.975045,40.311898,974.0000
static,3.975045,40.356814,960.0000
static,3.975045,40.401730,923.0000
static,3.975045,40.446646,906.0000
static,3.975045,40.491561,925.0000
static,3.975045,40.536477,906.0000
static,3.975045,40.581393,869.0000
static,3.975045,40.626309,821.0000
static,3.975045,40.671224,791.0000
static,3.975045,40.716140,769.0000
static,3.975045,40.761056,741.0000
static,3.975045,40.805972,669.0000
static,3.975045,40.850888,642.0000
static,3.975045,40.895803,603.0000
static,3.975045,40.940719,565.0000
static,3.975045,40.985635,420.0000
static,3.975045,41.030551,374.0000
static,3.975045,41.075466,333.0000
static,3.975045,41.120382,304.0000
static,3.975045,41.165298,329.0000
static,3.975045,41.210214,306.0000
static,3.975045,41.255129,271.0000
static,3.975045,41.344961,295.0000
static,3.975045,41.389877,307.0000
static,3.975045,41.434792,278.0000
static,3.975045,41.479708,262.0000
static,3.975045,41.524624,259.0000
static,3.975045,41.569540,242.0000
static,3.975045,41.614456,233.0000
static,3.975045,41.659371,225.0000
static,3.975045,41.704287,223.0000
static,3.975045,41.749203,219.0000
static,3.975045,41.794119,219.0000
static,3.975045,41.839034,212.0000
static,3.975045,41.883950,203.0000
static,3.930129,34.113523,1293.0000
static,3.930129,34.158439,940.0000
static,3.930129,34.203354,908.0000
static,3.930129,34.248270,894.0000
static,3.930129,34.293186,899.0000
static,3.930129,34.338102,835.0000
static,3.930129,34.383017,841.0000
static,3.930129,34.427933,1058.0000
static,3.930129,34.472849,1416.0000
static,3.930129,34.517765,900.0000
static,3.930129,34.562681,656.0000
static,3.930129,34.607596,638.0000
static,3.930129,34.652512,605.0000
static,3.930129,34.697428,588.0000
static,3.930129,34.742344,574.0000
static,3.930129,34.787259,565.0000
static,3.930129,34.832175,551.0000
static,3.930129,34.877091,547.0000
static,3.930129,34.922007,548.0000
static,3.930129,34.966922,548.0000
static,3.930129,35.011838,566.0000
static,3.930129,35.056754,590.0000
static,3.930129,35.101670,601.0000
static,3.930129,35.146585,550.0000
static,3.930129,35.191501,548.0000
static,3.930129,35.236417,557.0000
static,3.930129,35.281333,569.0000
static,3.930129,35.326249,598.0000
static,3.930129,35.371164,612.0000
static,3.930129,35.416080,629.0000
static,3.930129,35.460996,650.0000
static,3.930129,35.505912,755.0000
static,3.930129,35.550827,733.0000
static,3.930129,35.595743,721.0000
static,3.930129,35.640659,775.0000
static,3.930129,35.685575,646.0000
static,3.930129,35.730490,535.0000
static,3.930129,35.775406,455.0000
static,3.930129,35.820322,402.0000
static,3.930129,35.865238,361.0000
static,3.930129,35.910153,361.0000
static,3.930129,35.955069,361.0000
static,3.930129,35.999985,361.0000
static,3.930129,36.044901,361.0000
static,3.930129,36.089817,361.0000
static,3.930129,36.134732,361.0000
static,3.930129,36.179648,372.0000
static,3.930129,36.224564,401.0000
static,3.930129,36.269480,442.0000
static,3.930129,36.314395,451.0000
static,3.930129,36.359311,439.0000
static,3.930129,36.404227,453.0000
static,3.930129,36.449143,477.0000
static,3.930129,36.494058,537.0000
static,3.930129,36.538974,621.0000
static,3.930129,36.583890,710.0000
static,3.930129,36.628806,738.0000
static,3.930129,36.673721,712.0000
static,3.930129,36.718637,699.0000
static,3.930129,36.763553,638.0000
static,3.930129,36.808469,682.0000
static,3.930129,36.853385,675.0000
static,3.930129,36.898300,629.0000
static,3.930129,36.943216,683.0000
static,3.930129,36.988132,656.0000
static,3.930129,37.033048,635.0000
static,3.930129,37.077963,642.0000
static,3.930129,37.122879,645.0000
static,3.930129,37.167795,650.0000
static,3.930129,37.212711,658.0000
static,3.930129,37.257626,647.0000
static,3.930129,37.302542,662.0000
static,3.930129,37.347458,681.0000
static,3.930129,37.392374,701.0000
static,3.930129,37.437289,716.0000
static,3.930129,37.482205,715.0000
static,3.930129,37.527121,702.0000
static,3.930129,37.572037,727.0000
static,3.930129,37.616953,754.0000
static,3.930129,37.661868,765.0000
static,3.930129,37.706784,785.0000
static,3.930129,39.952572,776.0000
static,3.930129,39.997488,775.0000
static,3.930129,40.042404,782.0000
static,3.930129,40.087320,797.0000
static,3.930129,40.132235,868.0000
static,3.930129,40.177151,906.0000
static,3.930129,40.222067,903.0000
static,3.930129,40.266983,961.0000
static,3.930129,40.311898,947.0000
static,3.930129,40.356814,935.0000
static,3.930129,40.401730,910.0000
static,3.930129,40.446646,871.0000
static,3.930129,40.491561,896.0000
static,3.930129,40.536477,903.0000
static,3.930129,40.581393,870.0000
static,3.930129,40.626309,821.0000
static,3.930129,40.671224,796.0000
static,3.930129,40.716140,770.0000
static,3.930129,40.761056,747.0000
static,3.930129,40.805972,685.0000
static,3.930129,40.850888,652.0000
static,3.930129,40.895803,619.0000
static,3.930129,40.940719,553.0000
static,3.930129,40.985635,439.0000
static,3.930129,41.030551,396.0000
static,3.930129,41.075466,385.0000
static,3.930129,41.120382,308.0000
static,3.930129,41.165298,276.0000
static,3.930129,41.210214,269.0000
static,3.930129,41.255129,270.0000
static,3.930129,41.300045,267.0000
static,3.930129,41.344961,268.0000
static,3.930129,41.389877,269.0000
static,3.930129,41.434792,273.0000
static,3.930129,41.479708,259.0000
static,3.930129,41.524624,252.0000
static,3.930129,41.569540,244.0000
static,3.930129,41.614456,238.0000
static,3.930129,41.659371,245.0000
static,3.930129,41.704287,268.0000
static,3.930129,41.749203,251.0000
static,3.930129,41.794119,225.0000
static,3.930129,41.839034,208.0000
static,3.930129,41.883950,216.0000
static,3.885214,34.068607,1362.0000
static,3.885214,34.113523,1170.0000
static,3.885214,34.158439,1088.0000
static,3.885214,34.203354,1130.0000
static,3.885214,34.248270,1085.0000
static,3.885214,34.293186,1090.0000
static,3.885214,34.338102,877.0000
static,3.885214,34.383017,821.0000
static,3.885214,34.427933,787.0000
static,3.885214,34.472849,733.0000
static,3.885214,34.517765,704.0000
static,3.885214,34.562681,684.0000
static,3.885214,34.607596,651.0000
static,3.885214,34.652512,612.0000
static,3.885214,34.697428,598.0000
static,3.885214,34.742344,585.0000
static,3.885214,34.787259,575.0000
static,3.885214,34.832175,568.0000
static,3.885214,34.877091,564.0000
static,3.885214,34.922007,571.0000
static,3.885214,34.966922,578.0000
static,3.885214,35.011838,635.0000
static,3.885214,35.056754,889.0000
static,3.885214,35.101670,828.0000
static,3.885214,35.146585,586.0000
static,3.885214,35.191501,571.0000
static,3.885214,35.236417,565.0000
static,3.885214,35.281333,578.0000
static,3.885214,35.326249,601.0000
static,3.885214,35.371164,609.0000
static,3.885214,35.416080,624.0000
static,3.885214,35.460996,649.0000
static,3.885214,35.505912,697.0000
static,3.885214,35.550827,671.0000
static,3.885214,35.595743,622.0000
static,3.885214,35.640659,616.0000
static,3.885214,35.685575,576.0000
static,3.885214,35.730490,499.0000
static,3.885214,35.775406,437.0000
static,3.885214,35.820322,410.0000
static,3.885214,35.865238,362.0000
static,3.885214,35.910153,361.0000
static,3.885214,35.955069,361.0000
static,3.885214,35.999985,361.0000
static,3.885214,36.044901,361.0000
static,3.885214,36.089817,361.0000
static,3.885214,36.134732,361.0000
static,3.885214,36.179648,361.0000
static,3.885214,36.224564,368.0000
static,3.885214,36.269480,407.0000
static,3.885214,36.314395,416.0000
static,3.885214,36.359311,422.0000
static,3.885214,36.404227,424.0000
static,3.885214,36.449143,493.0000
static,3.885214,36.494058,575.0000
static,3.885214,36.538974,687.0000
static,3.885214,36.583890,754.0000
static,3.885214,36.628806,747.0000
static,3.885214,36.673721,711.0000
static,3.885214,36.718637,626.0000
static,3.885214,36.763553,636.0000
static,3.885214,36.808469,667.0000
static,3.885214,36.853385,629.0000
static,3.885214,36.898300,626.0000
static,3.885214,36.943216,624.0000
static,3.885214,36.988132,621.0000
static,3.885214,37.033048,605.0000
static,3.885214,37.077963,604.0000
static,3.885214,37.122879,604.0000
static,3.885214,37.167795,595.0000
static,3.885214,37.212711,599.0000
static,3.885214,37.257626,611.0000
static,3.885214,37.302542,620.0000
static,3.885214,37.347458,625.0000
static,3.885214,37.392374,669.0000
static,3.885214,37.437289,679.0000
static,3.885214,37.482205,666.0000
static,3.885214,37.527121,674.0000
static,3.885214,37.572037,711.0000
static,3.885214,37.616953,724.0000
static,3.885214,37.661868,730.0000
static,3.885214,37.706784,746.0000
static,3.885214,37.751700,764.0000
static,3.885214,37.796616,757.0000
static,3.885214,39.862741,884.0000
static,3.885214,39.907656,840.0000
static,3.885214,39.952572,772.0000
static,3.885214,39.997488,750.0000
static,3.885214,40.042404,739.0000
static,3.885214,40.087320,745.0000
static,3.885214,40.132235,779.0000
static,3.885214,40.177151,801.0000
static,3.885214,40.222067,823.0000
static,3.885214,40.266983,889.0000
static,3.885214,40.311898,912.0000
static,3.885214,40.356814,896.0000
static,3.885214,40.401730,872.0000
static,3.885214,40.446646,819.0000
static,3.885214,40.491561,805.0000
static,3.885214,40.536477,812.0000
static,3.885214,40.581393,800.0000
static,3.885214,40.626309,807.0000
static,3.885214,40.671224,793.0000
static,3.885214,40.716140,771.0000
static,3.885214,40.761056,756.0000
static,3.885214,40.805972,705.0000
static,3.885214,40.850888,677.0000
static,3.885214,40.895803,648.0000
static,3.885214,40.940719,599.0000
static,3.885214,40.985635,492.0000
static,3.885214,41.030551,462.0000
static,3.885214,41.075466,436.0000
static,3.885214,41.120382,393.0000
static,3.885214,41.165298,351.0000
static,3.885214,41.210214,345.0000
static,3.885214,41.255129,334.0000
static,3.885214,41.300045,393.0000
static,3.885214,41.344961,354.0000
static,3.885214,41.389877,335.0000
static,3.885214,41.434792,315.0000
static,3.885214,41.479708,302.0000
static,3.885214,41.524624,276.0000
static,3.885214,41.569540,275.0000
static,3.885214,41.614456,267.0000
static,3.885214,41.659371,302.0000
static,3.885214,41.704287,279.0000
static,3.885214,41.749203,262.0000
static,3.885214,41.794119,238.0000
static,3.885214,41.839034,251.0000
static,3.840298,34.068607,1492.0000
static,3.840298,34.113523,1573.0000
static,3.840298,34.158439,1304.0000
static,3.840298,34.203354,1322.0000
static,3.840298,34.248270,1163.0000
static,3.840298,34.293186,1154.0000
static,3.840298,34.338102,884.0000
static,3.840298,34.383017,833.0000
static,3.840298,34.427933,806.0000
static,3.840298,34.472849,748.0000
static,3.840298,34.517765,716.0000
static,3.840298,34.562681,709.0000
static,3.840298,34.607596,650.0000
static,3.840298,34.652512,615.0000
static,3.840298,34.697428,603.0000
static,3.840298,34.742344,590.0000
static,3.840298,34.787259,579.0000
static,3.840298,34.832175,579.0000
static,3.840298,34.877091,578.0000
static,3.840298,34.922007,589.0000
static,3.840298,34.966922,618.0000
static,3.840298,35.011838,731.0000
static,3.840298,35.056754,1012.0000
static,3.840298,35.101670,797.0000
static,3.840298,35.146585,602.0000
static,3.840298,35.191501,581.0000
static,3.840298,35.236417,571.0000
static,3.840298,35.281333,585.0000
static,3.840298,35.326249,605.0000
static,3.840298,35.371164,612.0000
static,3.840298,35.416080,626.0000
static,3.840298,35.460996,654.0000
static,3.840298,35.505912,649.0000
static,3.840298,35.550827,653.0000
static,3.840298,35.595743,610.0000
static,3.840298,35.640659,584.0000
static,3.840298,35.685575,533.0000
static,3.840298,35.730490,489.0000
static,3.840298,35.775406,434.0000
static,3.840298,35.820322,410.0000
static,3.840298,35.865238,362.0000
static,3.840298,35.910153,361.0000
static,3.840298,35.955069,361.0000
static,3.840298,35.999985,361.0000
static,3.840298,36.044901,361.0000
static,3.840298,36.089817,361.0000
static,3.840298,36.134732,361.0000
static,3.840298,36.179648,361.0000
static,3.840298,36.224564,365.0000
static,3.840298,36.269480,389.0000
static,3.840298,36.314395,391.0000
static,3.840298,36.359311,396.0000
static,3.840298,36.404227,428.0000
static,3.840298,36.449143,505.0000
static,3.840298,36.494058,566.0000
static,3.840298,36.538974,717.0000
static,3.840298,36.583890,761.0000
static,3.840298,36.628806,756.0000
static,3.840298,36.673721,710.0000
static,3.840298,36.718637,619.0000
static,3.840298,36.763553,665.0000
static,3.840298,36.808469,647.0000
static,3.840298,36.853385,624.0000
static,3.840298,36.898300,646.0000
static,3.840298,36.943216,655.0000
static,3.840298,36.988132,649.0000
static,3.840298,37.033048,593.0000
static,3.840298,37.077963,585.0000
static,3.840298,37.122879,586.0000
static,3.840298,37.167795,576.0000
static,3.840298,37.212711,578.0000
static,3.840298,37.257626,587.0000
static,3.840298,37.302542,591.0000
static,3.840298,37.347458,599.0000
static,3.840298,37.392374,646.0000
static,3.840298,37.437289,657.0000
static,3.840298,37.482205,651.0000
static,3.840298,37.527121,654.0000
static,3.840298,37.572037,692.0000
static,3.840298,37.616953,704.0000
static,3.840298,37.661868,715.0000
static,3.840298,37.706784,748.0000
static,3.840298,37.751700,779.0000
static,3.840298,37.796616,784.0000
static,3.840298,37.841531,784.0000
static,3.840298,39.862741,823.0000
static,3.840298,39.907656,796.0000
static,3.840298,39.952572,749.0000
static,3.840298,39.997488,735.0000
static,3.840298,40.042404,730.0000
static,3.840298,40.087320,722.0000
static,3.840298,40.132235,748.0000
static,3.840298,40.177151,768.0000
static,3.840298,40.222067,802.0000
static,3.840298,40.266983,850.0000
static,3.840298,40.311898,882.0000
static,3.840298,40.356814,896.0000
static,3.840298,40.401730,872.0000
static,3.840298,40.446646,843.0000
static,3.840298,40.491561,816.0000
static,3.840298,40.536477,791.0000
static,3.840298,40.581393,774.0000
static,3.840298,40.626309,767.0000
static,3.840298,40.671224,747.0000
static,3.840298,40.716140,730.0000
static,3.840298,40.761056,721.0000
static,3.840298,40.805972,687.0000
static,3.840298,40.850888,668.0000
static,3.840298,40.895803,640.0000
static,3.840298,40.940719,593.0000
static,3.840298,40.985635,515.0000
static,3.840298,41.030551,491.0000
static,3.840298,41.075466,464.0000
static,3.840298,41.120382,402.0000
static,3.840298,41.165298,380.0000
static,3.840298,41.210214,363.0000
static,3.840298,41.255129,406.0000
static,3.840298,41.300045,405.0000
static,3.840298,41.344961,410.0000
static,3.840298,41.389877,414.0000
static,3.840298,41.434792,381.0000
static,3.840298,41.479708,311.0000
static,3.840298,41.524624,290.0000
static,3.840298,41.569540,303.0000
static,3.840298,41.614456,306.0000
static,3.840298,41.659371,309.0000
static,3.840298,41.704287,283.0000
static,3.840298,41.749203,278.0000
static,3.840298,41.794119,241.0000
static,3.840298,41.839034,262.0000
static,3.795382,34.158439,1201.0000
static,3.795382,34.203354,1080.0000
static,3.795382,34.248270,1023.0000
static,3.795382,34.293186,1016.0000
static,3.795382,34.338102,887.0000
static,3.795382,34.383017,850.0000
static,3.795382,34.427933,812.0000
static,3.795382,34.472849,757.0000
static,3.795382,34.517765,709.0000
static,3.795382,34.562681,694.0000
static,3.795382,34.607596,656.0000
static,3.795382,34.652512,632.0000
static,3.795382,34.697428,611.0000
static,3.795382,34.742344,598.0000
static,3.795382,34.787259,585.0000
static,3.795382,34.832175,581.0000
static,3.795382,34.877091,588.0000
static,3.795382,34.922007,603.0000
static,3.795382,34.966922,624.0000
static,3.795382,35.011838,827.0000
static,3.795382,35.056754,1340.0000
static,3.795382,35.101670,1061.0000
static,3.795382,35.146585,638.0000
static,3.795382,35.191501,589.0000
static,3.795382,35.236417,578.0000
static,3.795382,35.281333,586.0000
static,3.795382,35.326249,608.0000
static,3.795382,35.371164,622.0000
static,3.795382,35.416080,627.0000
static,3.795382,35.460996,624.0000
static,3.795382,35.505912,612.0000
static,3.795382,35.550827,612.0000
static,3.795382,35.595743,595.0000
static,3.795382,35.640659,597.0000
static,3.795382,35.685575,564.0000
static,3.795382,35.730490,513.0000
static,3.795382,35.775406,431.0000
static,3.795382,35.820322,399.0000
static,3.795382,35.865238,361.0000
static,3.795382,35.910153,361.0000
static,3.795382,35.955069,361.0000
static,3.795382,35.999985,361.0000
static,3.795382,36.044901,361.0000
static,3.795382,36.089817,361.0000
static,3.795382,36.134732,361.0000
static,3.795382,36.179648,361.0000
static,3.795382,36.224564,361.0000
static,3.795382,36.269480,371.0000
static,3.795382,36.314395,376.0000
static,3.795382,36.359311,406.0000
static,3.795382,36.404227,446.0000
static,3.795382,36.449143,512.0000
static,3.795382,36.494058,586.0000
static,3.795382,36.538974,753.0000
static,3.795382,36.583890,778.0000
static,3.795382,36.628806,754.0000
static,3.795382,36.673721,712.0000
static,3.795382,36.718637,637.0000
static,3.795382,36.763553,664.0000
static,3.795382,36.808469,649.0000
static,3.795382,36.853385,650.0000
static,3.795382,36.898300,687.0000
static,3.795382,36.943216,699.0000
static,3.795382,36.988132,675.0000
static,3.795382,37.033048,594.0000
static,3.795382,37.077963,573.0000
static,3.795382,37.122879,569.0000
static,3.795382,37.167795,565.0000
static,3.795382,37.212711,561.0000
static,3.795382,37.257626,559.0000
static,3.795382,37.302542,567.0000
static,3.795382,37.347458,573.0000
static,3.795382,37.392374,617.0000
static,3.795382,37.437289,628.0000
static,3.795382,37.482205,628.0000
static,3.795382,37.527121,635.0000
static,3.795382,37.572037,677.0000
static,3.795382,37.616953,702.0000
static,3.795382,37.661868,723.0000
static,3.795382,37.706784,770.0000
static,3.795382,37.751700,800.0000
static,3.795382,37.796616,815.0000
static,3.795382,37.841531,818.0000
static,3.795382,37.886447,860.0000
static,3.795382,37.931363,851.0000
static,3.795382,39.817825,858.0000
static,3.795382,39.862741,816.0000
static,3.795382,39.907656,788.0000
static,3.795382,39.952572,747.0000
static,3.795382,39.997488,731.0000
static,3.795382,40.042404,721.0000
static,3.795382,40.087320,717.0000
static,3.795382,40.132235,728.0000
static,3.795382,40.177151,747.0000
static,3.795382,40.222067,770.0000
static,3.795382,40.266983,823.0000
static,3.795382,40.311898,849.0000
static,3.795382,40.356814,864.0000
static,3.795382,40.401730,864.0000
static,3.795382,40.446646,846.0000
static,3.795382,40.491561,836.0000
static,3.795382,40.536477,823.0000
static,3.795382,40.581393,803.0000
static,3.795382,40.626309,763.0000
static,3.795382,40.671224,755.0000
static,3.795382,40.716140,735.0000
static,3.795382,40.761056,692.0000
static,3.795382,40.805972,678.0000
static,3.795382,40.850888,646.0000
static,3.795382,40.895803,628.0000
static,3.795382,40.940719,585.0000
static,3.795382,40.985635,521.0000
static,3.795382,41.030551,501.0000
static,3.795382,41.075466,480.0000
static,3.795382,41.120382,418.0000
static,3.795382,41.165298,396.0000
static,3.795382,41.210214,395.0000
static,3.795382,41.255129,400.0000
static,3.795382,41.300045,442.0000
static,3.795382,41.344961,622.0000
static,3.795382,41.389877,468.0000
static,3.795382,41.434792,366.0000
static,3.795382,41.479708,315.0000
static,3.795382,41.524624,315.0000
static,3.795382,41.569540,338.0000
static,3.795382,41.614456,339.0000
static,3.795382,41.659371,302.0000
static,3.795382,41.704287,290.0000
static,3.795382,41.749203,279.0000
static,3.795382,41.794119,245.0000
static,3.750466,34.158439,1578.0000
static,3.750466,34.203354,1681.0000
static,3.750466,34.248270,1614.0000
static,3.750466,34.293186,1181.0000
static,3.750466,34.338102,1025.0000
static,3.750466,34.383017,956.0000
static,3.750466,34.427933,858.0000
static,3.750466,34.472849,758.0000
static,3.750466,34.517765,720.0000
static,3.750466,34.562681,690.0000
static,3.750466,34.607596,665.0000
static,3.750466,34.652512,724.0000
static,3.750466,34.697428,674.0000
static,3.750466,34.742344,638.0000
static,3.750466,34.787259,614.0000
static,3.750466,34.832175,598.0000
static,3.750466,34.877091,606.0000
static,3.750466,34.922007,634.0000
static,3.750466,34.966922,658.0000
static,3.750466,35.011838,842.0000
static,3.750466,35.056754,1170.0000
static,3.750466,35.101670,844.0000
static,3.750466,35.146585,628.0000
static,3.750466,35.191501,600.0000
static,3.750466,35.236417,597.0000
static,3.750466,35.281333,603.0000
static,3.750466,35.326249,656.0000
static,3.750466,35.371164,662.0000
static,3.750466,35.416080,642.0000
static,3.750466,35.460996,619.0000
static,3.750466,35.505912,587.0000
static,3.750466,35.550827,582.0000
static,3.750466,35.595743,556.0000
static,3.750466,35.640659,552.0000
static,3.750466,35.685575,532.0000
static,3.750466,35.730490,512.0000
static,3.750466,35.775406,474.0000
static,3.750466,35.820322,426.0000
static,3.750466,35.865238,361.0000
static,3.750466,35.910153,361.0000
static,3.750466,35.955069,361.0000
static,3.750466,35.999985,361.0000
static,3.750466,36.044901,361.0000
static,3.750466,36.089817,361.0000
static,3.750466,36.134732,361.0000
static,3.750466,36.179648,361.0000
static,3.750466,36.224564,361.0000
static,3.750466,36.269480,363.0000
static,3.750466,36.314395,373.0000
static,3.750466,36.359311,430.0000
static,3.750466,36.404227,464.0000
static,3.750466,36.449143,532.0000
static,3.750466,36.494058,576.0000
static,3.750466,36.538974,821.0000
static,3.750466,36.583890,807.0000
static,3.750466,36.628806,767.0000
static,3.750466,36.673721,725.0000
static,3.750466,36.718637,656.0000
static,3.750466,36.763553,649.0000
static,3.750466,36.808469,639.0000
static,3.750466,36.853385,666.0000
static,3.750466,36.898300,684.0000
static,3.750466,36.943216,678.0000
static,3.750466,36.988132,654.0000
static,3.750466,37.033048,605.0000
static,3.750466,37.077963,584.0000
static,3.750466,37.122879,563.0000
static,3.750466,37.167795,549.0000
static,3.750466,37.212711,533.0000
static,3.750466,37.257626,520.0000
static,3.750466,37.302542,530.0000
static,3.750466,37.347458,535.0000
static,3.750466,37.392374,563.0000
static,3.750466,37.437289,576.0000
static,3.750466,37.482205,583.0000
static,3.750466,37.527121,613.0000
static,3.750466,37.572037,680.0000
static,3.750466,37.616953,726.0000
static,3.750466,37.661868,771.0000
static,3.750466,37.706784,841.0000
static,3.750466,37.751700,856.0000
static,3.750466,37.796616,893.0000
static,3.750466,37.841531,903.0000
static,3.750466,37.886447,940.0000
static,3.750466,37.931363,910.0000
static,3.750466,37.976279,914.0000
static,3.750466,38.021194,1069.0000
static,3.750466,39.817825,821.0000
static,3.750466,39.862741,795.0000
static,3.750466,39.907656,772.0000
static,3.750466,39.952572,734.0000
static,3.750466,39.997488,719.0000
static,3.750466,40.042404,706.0000
static,3.750466,40.087320,700.0000
static,3.750466,40.132235,694.0000
static,3.750466,40.177151,706.0000
static,3.750466,40.222067,723.0000
static,3.750466,40.266983,784.0000
static,3.750466,40.311898,818.0000
static,3.750466,40.356814,804.0000
static,3.750466,40.401730,796.0000
static,3.750466,40.446646,780.0000
static,3.750466,40.491561,796.0000
static,3.750466,40.536477,816.0000
static,3.750466,40.581393,816.0000
static,3.750466,40.626309,785.0000
static,3.750466,40.671224,763.0000
static,3.750466,40.716140,743.0000
static,3.750466,40.761056,711.0000
static,3.750466,40.805972,652.0000
static,3.750466,40.850888,621.0000
static,3.750466,40.895803,605.0000
static,3.750466,40.940719,564.0000
static,3.750466,40.985635,522.0000
static,3.750466,41.030551,506.0000
static,3.750466,41.075466,487.0000
static,3.750466,41.120382,442.0000
static,3.750466,41.165298,465.0000
static,3.750466,41.210214,489.0000
static,3.750466,41.255129,456.0000
static,3.750466,41.300045,522.0000
static,3.750466,41.344961,540.0000
static,3.750466,41.389877,475.0000
static,3.750466,41.434792,465.0000
static,3.750466,41.479708,351.0000
static,3.750466,41.524624,349.0000
static,3.750466,41.569540,343.0000
static,3.750466,41.614456,334.0000
static,3.750466,41.659371,307.0000
static,3.750466,41.704287,315.0000
static,3.750466,41.749203,320.0000
static,3.705551,34.293186,1670.0000
static,3.705551,34.338102,1289.0000
static,3.705551,34.383017,1225.0000
static,3.705551,34.427933,977.0000
static,3.705551,34.472849,783.0000
static,3.705551,34.517765,735.0000
static,3.705551,34.562681,698.0000
static,3.705551,34.607596,683.0000
static,3.705551,34.652512,769.0000
static,3.705551,34.697428,727.0000
static,3.705551,34.742344,658.0000
static,3.705551,34.787259,630.0000
static,3.705551,34.832175,605.0000
static,3.705551,34.877091,619.0000
static,3.705551,34.922007,668.0000
static,3.705551,34.966922,740.0000
static,3.705551,35.011838,839.0000
static,3.705551,35.056754,925.0000
static,3.705551,35.101670,775.0000
static,3.705551,35.146585,623.0000
static,3.705551,35.191501,607.0000
static,3.705551,35.236417,613.0000
static,3.705551,35.281333,616.0000
static,3.705551,35.326249,735.0000
static,3.705551,35.371164,751.0000
static,3.705551,35.416080,694.0000
static,3.705551,35.460996,623.0000
static,3.705551,35.505912,611.0000
static,3.705551,35.550827,619.0000
static,3.705551,35.595743,561.0000
static,3.705551,35.640659,543.0000
static,3.705551,35.685575,523.0000
static,3.705551,35.730490,492.0000
static,3.705551,35.775406,505.0000
static,3.705551,35.820322,443.0000
static,3.705551,35.865238,361.0000
static,3.705551,35.910153,361.0000
static,3.705551,35.955069,361.0000
static,3.705551,35.999985,361.0000
static,3.705551,36.044901,361.0000
static,3.705551,36.089817,361.0000
static,3.705551,36.134732,361.0000
static,3.705551,36.179648,361.0000
static,3.705551,36.224564,361.0000
static,3.705551,36.269480,375.0000
static,3.705551,36.314395,383.0000
static,3.705551,36.359311,441.0000
static,3.705551,36.404227,477.0000
static,3.705551,36.449143,544.0000
static,3.705551,36.494058,585.0000
static,3.705551,36.538974,839.0000
static,3.705551,36.583890,804.0000
static,3.705551,36.628806,763.0000
static,3.705551,36.673721,736.0000
static,3.705551,36.718637,656.0000
static,3.705551,36.763553,648.0000
static,3.705551,36.808469,644.0000
static,3.705551,36.853385,649.0000
static,3.705551,36.898300,663.0000
static,3.705551,36.943216,640.0000
static,3.705551,36.988132,618.0000
static,3.705551,37.033048,601.0000
static,3.705551,37.077963,590.0000
static,3.705551,37.122879,587.0000
static,3.705551,37.167795,556.0000
static,3.705551,37.212711,513.0000
static,3.705551,37.257626,501.0000
static,3.705551,37.302542,509.0000
static,3.705551,37.347458,516.0000
static,3.705551,37.392374,542.0000
static,3.705551,37.437289,550.0000
static,3.705551,37.482205,574.0000
static,3.705551,37.527121,608.0000
static,3.705551,37.572037,701.0000
static,3.705551,37.616953,753.0000
static,3.705551,37.661868,798.0000
static,3.705551,37.706784,892.0000
static,3.705551,37.751700,909.0000
static,3.705551,37.796616,930.0000
static,3.705551,37.841531,968.0000
static,3.705551,37.886447,995.0000
static,3.705551,37.931363,926.0000
static,3.705551,37.976279,921.0000
static,3.705551,38.021194,1134.0000
static,3.705551,39.772909,847.0000
static,3.705551,39.817825,809.0000
static,3.705551,39.862741,799.0000
static,3.705551,39.907656,793.0000
static,3.705551,39.952572,741.0000
static,3.705551,39.997488,718.0000
static,3.705551,40.042404,698.0000
static,3.705551,40.087320,689.0000
static,3.705551,40.132235,681.0000
static,3.705551,40.177151,689.0000
static,3.705551,40.222067,700.0000
static,3.705551,40.266983,756.0000
static,3.705551,40.311898,785.0000
static,3.705551,40.356814,791.0000
static,3.705551,40.401730,768.0000
static,3.705551,40.446646,754.0000
static,3.705551,40.491561,767.0000
static,3.705551,40.536477,786.0000
static,3.705551,40.581393,805.0000
static,3.705551,40.626309,763.0000
static,3.705551,40.671224,744.0000
static,3.705551,40.716140,731.0000
static,3.705551,40.761056,711.0000
static,3.705551,40.805972,675.0000
static,3.705551,40.850888,637.0000
static,3.705551,40.895803,598.0000
static,3.705551,40.940719,569.0000
static,3.705551,40.985635,526.0000
static,3.705551,41.030551,515.0000
static,3.705551,41.075466,502.0000
static,3.705551,41.120382,475.0000
static,3.705551,41.165298,524.0000
static,3.705551,41.210214,493.0000
static,3.705551,41.255129,493.0000
static,3.705551,41.300045,585.0000
static,3.705551,41.344961,509.0000
static,3.705551,41.389877,443.0000
static,3.705551,41.434792,419.0000
static,3.705551,41.479708,371.0000
static,3.705551,41.524624,360.0000
static,3.705551,41.569540,352.0000
static,3.705551,41.614456,343.0000
static,3.705551,41.659371,320.0000
static,3.705551,41.704287,327.0000
static,3.660635,34.427933,1037.0000
static,3.660635,34.472849,776.0000
static,3.660635,34.517765,736.0000
static,3.660635,34.562681,709.0000
static,3.660635,34.607596,703.0000
static,3.660635,34.652512,795.0000
static,3.660635,34.697428,717.0000
static,3.660635,34.742344,658.0000
static,3.660635,34.787259,642.0000
static,3.660635,34.832175,613.0000
static,3.660635,34.877091,637.0000
static,3.660635,34.922007,730.0000
static,3.660635,34.966922,899.0000
static,3.660635,35.011838,750.0000
static,3.660635,35.056754,731.0000
static,3.660635,35.101670,690.0000
static,3.660635,35.146585,624.0000
static,3.660635,35.191501,619.0000
static,3.660635,35.236417,626.0000
static,3.660635,35.281333,634.0000
static,3.660635,35.326249,696.0000
static,3.660635,35.371164,723.0000
static,3.660635,35.416080,664.0000
static,3.660635,35.460996,637.0000
static,3.660635,35.505912,688.0000
static,3.660635,35.550827,583.0000
static,3.660635,35.595743,544.0000
static,3.660635,35.640659,538.0000
static,3.660635,35.685575,549.0000
static,3.660635,35.730490,514.0000
static,3.660635,35.775406,555.0000
static,3.660635,35.820322,466.0000
static,3.660635,35.865238,361.0000
static,3.660635,35.910153,361.0000
static,3.660635,35.955069,361.0000
static,3.660635,35.999985,361.0000
static,3.660635,36.044901,361.0000
static,3.660635,36.089817,361.0000
static,3.660635,36.134732,361.0000
static,3.660635,36.179648,361.0000
static,3.660635,36.224564,397.0000
static,3.660635,36.269480,385.0000
static,3.660635,36.314395,402.0000
static,3.660635,36.359311,477.0000
static,3.660635,36.404227,516.0000
static,3.660635,36.449143,546.0000
static,3.660635,36.494058,592.0000
static,3.660635,36.538974,831.0000
static,3.660635,36.583890,819.0000
static,3.660635,36.628806,780.0000
static,3.660635,36.673721,744.0000
static,3.660635,36.718637,664.0000
static,3.660635,36.763553,634.0000
static,3.660635,36.808469,636.0000
static,3.660635,36.853385,614.0000
static,3.660635,36.898300,624.0000
static,3.660635,36.943216,606.0000
static,3.660635,36.988132,584.0000
static,3.660635,37.033048,571.0000
static,3.660635,37.077963,569.0000
static,3.660635,37.122879,567.0000
static,3.660635,37.167795,550.0000
static,3.660635,37.212711,488.0000
static,3.660635,37.257626,483.0000
static,3.660635,37.302542,486.0000
static,3.660635,37.347458,504.0000
static,3.660635,37.392374,523.0000
static,3.660635,37.437289,546.0000
static,3.660635,37.482205,572.0000
static,3.660635,37.527121,625.0000
static,3.660635,37.572037,720.0000
static,3.660635,37.616953,777.0000
static,3.660635,37.661868,821.0000
static,3.660635,37.706784,942.0000
static,3.660635,37.751700,980.0000
static,3.660635,37.796616,1012.0000
static,3.660635,37.841531,1091.0000
static,3.660635,37.886447,1022.0000
static,3.660635,37.931363,936.0000
static,3.660635,37.976279,902.0000
static,3.660635,38.021194,902.0000
static,3.660635,38.066110,853.0000
static,3.660635,38.111026,859.0000
static,3.660635,38.515268,1052.0000
static,3.660635,38.560184,1227.0000
static,3.660635,39.727993,887.0000
static,3.660635,39.772909,953.0000
static,3.660635,39.817825,814.0000
static,3.660635,39.862741,810.0000
static,3.660635,39.907656,857.0000
static,3.660635,39.952572,769.0000
static,3.660635,39.997488,720.0000
static,3.660635,40.042404,691.0000
static,3.660635,40.087320,680.0000
static,3.660635,40.132235,670.0000
static,3.660635,40.177151,671.0000
static,3.660635,40.222067,682.0000
static,3.660635,40.266983,722.0000
static,3.660635,40.311898,755.0000
static,3.660635,40.356814,753.0000
static,3.660635,40.401730,742.0000
static,3.660635,40.446646,740.0000
static,3.660635,40.491561,749.0000
static,3.660635,40.536477,767.0000
static,3.660635,40.581393,768.0000
static,3.660635,40.626309,745.0000
static,3.660635,40.671224,736.0000
static,3.660635,40.716140,714.0000
static,3.660635,40.761056,686.0000
static,3.660635,40.805972,644.0000
static,3.660635,40.850888,614.0000
static,3.660635,40.895803,590.0000
static,3.660635,40.940719,562.0000
static,3.660635,40.985635,532.0000
static,3.660635,41.030551,516.0000
static,3.660635,41.075466,495.0000
static,3.660635,41.120382,500.0000
static,3.660635,41.165298,531.0000
static,3.660635,41.210214,503.0000
static,3.660635,41.255129,523.0000
static,3.660635,41.300045,563.0000
static,3.660635,41.344961,488.0000
static,3.660635,41.389877,440.0000
static,3.660635,41.434792,419.0000
static,3.660635,41.479708,374.0000
static,3.660635,41.524624,359.0000
static,3.660635,41.569540,347.0000
static,3.660635,41.614456,340.0000
static,3.660635,41.659371,336.0000
static,3.660635,41.704287,345.0000
static,3.615719,34.472849,805.0000
static,3.615719,34.517765,752.0000
static,3.615719,34.562681,728.0000
static,3.615719,34.607596,714.0000
static,3.615719,34.652512,767.0000
static,3.615719,34.697428,702.0000
static,3.615719,34.742344,661.0000
static,3.615719,34.787259,647.0000
static,3.615719,34.832175,623.0000
static,3.615719,34.877091,669.0000
static,3.615719,34.922007,782.0000
static,3.615719,34.966922,975.0000
static,3.615719,35.011838,735.0000
static,3.615719,35.056754,696.0000
static,3.615719,35.101670,672.0000
static,3.615719,35.146585,632.0000
static,3.615719,35.191501,634.0000
static,3.615719,35.236417,640.0000
static,3.615719,35.281333,652.0000
static,3.615719,35.326249,638.0000
static,3.615719,35.371164,645.0000
static,3.615719,35.416080,633.0000
static,3.615719,35.460996,630.0000
static,3.615719,35.505912,631.0000
static,3.615719,35.550827,591.0000
static,3.615719,35.595743,551.0000
static,3.615719,35.640659,523.0000
static,3.615719,35.685575,559.0000
static,3.615719,35.730490,529.0000
static,3.615719,35.775406,557.0000
static,3.615719,35.820322,438.0000
static,3.615719,35.865238,361.0000
static,3.615719,35.910153,361.0000
static,3.615719,35.955069,361.0000
static,3.615719,35.999985,361.0000
static,3.615719,36.044901,361.0000
static,3.615719,36.089817,361.0000
static,3.615719,36.134732,361.0000
static,3.615719,36.179648,362.0000
static,3.615719,36.224564,488.0000
static,3.615719,36.269480,444.0000
static,3.615719,36.314395,418.0000
static,3.615719,36.359311,498.0000
static,3.615719,36.404227,534.0000
static,3.615719,36.449143,574.0000
static,3.615719,36.494058,611.0000
static,3.615719,36.538974,843.0000
static,3.615719,36.583890,847.0000
static,3.615719,36.628806,789.0000
static,3.615719,36.673721,740.0000
static,3.615719,36.718637,671.0000
static,3.615719,36.763553,623.0000
static,3.615719,36.808469,629.0000
static,3.615719,36.853385,581.0000
static,3.615719,36.898300,583.0000
static,3.615719,36.943216,563.0000
static,3.615719,36.988132,558.0000
static,3.615719,37.033048,537.0000
static,3.615719,37.077963,518.0000
static,3.615719,37.122879,483.0000
static,3.615719,37.167795,481.0000
static,3.615719,37.212711,475.0000
static,3.615719,37.257626,472.0000
static,3.615719,37.302542,476.0000
static,3.615719,37.347458,489.0000
static,3.615719,37.392374,527.0000
static,3.615719,37.437289,556.0000
static,3.615719,37.482205,591.0000
static,3.615719,37.527121,645.0000
static,3.615719,37.572037,742.0000
static,3.615719,37.616953,783.0000
static,3.615719,37.661868,829.0000
static,3.615719,37.706784,995.0000
static,3.615719,37.751700,1047.0000
static,3.615719,37.796616,1083.0000
static,3.615719,37.841531,1136.0000
static,3.615719,37.886447,994.0000
static,3.615719,37.931363,931.0000
static,3.615719,37.976279,895.0000
static,3.615719,38.021194,876.0000
static,3.615719,38.066110,869.0000
static,3.615719,38.111026,993.0000
static,3.615719,38.155942,877.0000
static,3.615719,38.200857,802.0000
static,3.615719,38.245773,768.0000
static,3.615719,38.290689,757.0000
static,3.615719,38.335605,727.0000
static,3.615719,38.380521,725.0000
static,3.615719,38.425436,767.0000
static,3.615719,38.470352,756.0000
static,3.615719,38.515268,944.0000
static,3.615719,38.560184,881.0000
static,3.615719,38.605099,832.0000
static,3.615719,38.650015,810.0000
static,3.615719,38.694931,1049.0000
static,3.615719,39.683078,899.0000
static,3.615719,39.727993,869.0000
static,3.615719,39.772909,864.0000
static,3.615719,39.817825,806.0000
static,3.615719,39.862741,795.0000
static,3.615719,39.907656,790.0000
static,3.615719,39.952572,735.0000
static,3.615719,39.997488,707.0000
static,3.615719,40.042404,682.0000
static,3.615719,40.087320,670.0000
static,3.615719,40.132235,660.0000
static,3.615719,40.177151,660.0000
static,3.615719,40.222067,662.0000
static,3.615719,40.266983,695.0000
static,3.615719,40.311898,716.0000
static,3.615719,40.356814,718.0000
static,3.615719,40.401730,724.0000
static,3.615719,40.446646,725.0000
static,3.615719,40.491561,730.0000
static,3.615719,40.536477,738.0000
static,3.615719,40.581393,743.0000
static,3.615719,40.626309,733.0000
static,3.615719,40.671224,722.0000
static,3.615719,40.716140,701.0000
static,3.615719,40.761056,675.0000
static,3.615719,40.805972,632.0000
static,3.615719,40.850888,608.0000
static,3.615719,40.895803,582.0000
static,3.615719,40.940719,561.0000
static,3.615719,40.985635,549.0000
static,3.615719,41.030551,527.0000
static,3.615719,41.075466,545.0000
static,3.615719,41.120382,529.0000
static,3.615719,41.165298,517.0000
static,3.615719,41.210214,506.0000
static,3.615719,41.255129,498.0000
static,3.615719,41.300045,549.0000
static,3.615719,41.344961,485.0000
static,3.615719,41.389877,441.0000
static,3.615719,41.434792,425.0000
static,3.615719,41.479708,372.0000
static,3.615719,41.524624,361.0000
static,3.615719,41.569540,356.0000
static,3.615719,41.614456,357.0000
static,3.615719,41.659371,357.0000
static,3.570803,34.472849,846.0000
static,3.570803,34.517765,811.0000
static,3.570803,34.562681,799.0000
static,3.570803,34.607596,753.0000
static,3.570803,34.652512,712.0000
static,3.570803,34.697428,695.0000
static,3.570803,34.742344,678.0000
static,3.570803,34.787259,658.0000
static,3.570803,34.832175,643.0000
static,3.570803,34.877091,651.0000
static,3.570803,34.922007,688.0000
static,3.570803,34.966922,845.0000
static,3.570803,35.011838,703.0000
static,3.570803,35.056754,674.0000
static,3.570803,35.101670,654.0000
static,3.570803,35.146585,659.0000
static,3.570803,35.191501,672.0000
static,3.570803,35.236417,687.0000
static,3.570803,35.281333,702.0000
static,3.570803,35.326249,669.0000
static,3.570803,35.371164,616.0000
static,3.570803,35.416080,593.0000
static,3.570803,35.460996,599.0000
static,3.570803,35.505912,591.0000
static,3.570803,35.550827,554.0000
static,3.570803,35.595743,522.0000
static,3.570803,35.640659,503.0000
static,3.570803,35.685575,524.0000
static,3.570803,35.730490,500.0000
static,3.570803,35.775406,493.0000
static,3.570803,35.820322,410.0000
static,3.570803,35.865238,371.0000
static,3.570803,35.910153,364.0000
static,3.570803,35.955069,362.0000
static,3.570803,35.999985,361.0000
static,3.570803,36.044901,361.0000
static,3.570803,36.089817,361.0000
static,3.570803,36.134732,361.0000
static,3.570803,36.179648,380.0000
static,3.570803,36.224564,589.0000
static,3.570803,36.269480,581.0000
static,3.570803,36.314395,498.0000
static,3.570803,36.359311,582.0000
static,3.570803,36.404227,583.0000
static,3.570803,36.449143,649.0000
static,3.570803,36.494058,669.0000
static,3.570803,36.538974,795.0000
static,3.570803,36.583890,825.0000
static,3.570803,36.628806,751.0000
static,3.570803,36.673721,705.0000
static,3.570803,36.718637,636.0000
static,3.570803,36.763553,616.0000
static,3.570803,36.808469,625.0000
static,3.570803,36.853385,513.0000
static,3.570803,36.898300,499.0000
static,3.570803,36.943216,490.0000
static,3.570803,36.988132,496.0000
static,3.570803,37.033048,494.0000
static,3.570803,37.077963,469.0000
static,3.570803,37.122879,452.0000
static,3.570803,37.167795,454.0000
static,3.570803,37.212711,448.0000
static,3.570803,37.257626,450.0000
static,3.570803,37.302542,459.0000
static,3.570803,37.347458,477.0000
static,3.570803,37.392374,555.0000
static,3.570803,37.437289,575.0000
static,3.570803,37.482205,618.0000
static,3.570803,37.527121,681.0000
static,3.570803,37.572037,788.0000
static,3.570803,37.616953,838.0000
static,3.570803,37.661868,915.0000
static,3.570803,37.706784,1132.0000
static,3.570803,37.751700,1159.0000
static,3.570803,37.796616,1159.0000
static,3.570803,37.841531,1138.0000
static,3.570803,37.886447,976.0000
static,3.570803,37.931363,930.0000
static,3.570803,37.976279,887.0000
static,3.570803,38.021194,861.0000
static,3.570803,38.066110,838.0000
static,3.570803,38.111026,826.0000
static,3.570803,38.155942,820.0000
static,3.570803,38.200857,803.0000
static,3.570803,38.245773,764.0000
static,3.570803,38.290689,744.0000
static,3.570803,38.335605,742.0000
static,3.570803,38.380521,719.0000
static,3.570803,38.425436,698.0000
static,3.570803,38.470352,703.0000
static,3.570803,38.515268,701.0000
static,3.570803,38.560184,703.0000
static,3.570803,38.605099,802.0000
static,3.570803,38.650015,723.0000
static,3.570803,38.694931,689.0000
static,3.570803,38.739847,688.0000
static,3.570803,38.784762,692.0000
static,3.570803,39.638162,897.0000
static,3.570803,39.683078,866.0000
static,3.570803,39.727993,844.0000
static,3.570803,39.772909,805.0000
static,3.570803,39.817825,794.0000
static,3.570803,39.862741,803.0000
static,3.570803,39.907656,787.0000
static,3.570803,39.952572,711.0000
static,3.570803,39.997488,690.0000
static,3.570803,40.042404,673.0000
static,3.570803,40.087320,656.0000
static,3.570803,40.132235,646.0000
static,3.570803,40.177151,633.0000
static,3.570803,40.222067,636.0000
static,3.570803,40.266983,683.0000
static,3.570803,40.311898,670.0000
static,3.570803,40.356814,657.0000
static,3.570803,40.401730,661.0000
static,3.570803,40.446646,662.0000
static,3.570803,40.491561,673.0000
static,3.570803,40.536477,697.0000
static,3.570803,40.581393,722.0000
static,3.570803,40.626309,726.0000
static,3.570803,40.671224,707.0000
static,3.570803,40.716140,687.0000
static,3.570803,40.761056,657.0000
static,3.570803,40.805972,614.0000
static,3.570803,40.850888,602.0000
static,3.570803,40.895803,594.0000
static,3.570803,40.940719,588.0000
static,3.570803,40.985635,608.0000
static,3.570803,41.030551,628.0000
static,3.570803,41.075466,667.0000
static,3.570803,41.120382,639.0000
static,3.570803,41.165298,547.0000
static,3.570803,41.210214,510.0000
static,3.570803,41.255129,475.0000
static,3.570803,41.300045,469.0000
static,3.570803,41.344961,468.0000
static,3.570803,41.389877,428.0000
static,3.570803,41.434792,398.0000
static,3.570803,41.479708,377.0000
static,3.570803,41.524624,386.0000
static,3.570803,41.569540,415.0000
static,3.570803,41.614456,437.0000
static,3.525887,34.427933,1160.0000
static,3.525887,34.472849,871.0000
static,3.525887,34.517765,830.0000
static,3.525887,34.562681,797.0000
static,3.525887,34.607596,768.0000
static,3.525887,34.652512,720.0000
static,3.525887,34.697428,700.0000
static,3.525887,34.742344,680.0000
static,3.525887,34.787259,664.0000
static,3.525887,34.832175,657.0000
static,3.525887,34.877091,722.0000
static,3.525887,34.922007,693.0000
static,3.525887,34.966922,922.0000
static,3.525887,35.011838,689.0000
static,3.525887,35.056754,665.0000
static,3.525887,35.101670,645.0000
static,3.525887,35.146585,661.0000
static,3.525887,35.191501,690.0000
static,3.525887,35.236417,723.0000
static,3.525887,35.281333,738.0000
static,3.525887,35.326249,646.0000
static,3.525887,35.371164,606.0000
static,3.525887,35.416080,589.0000
static,3.525887,35.460996,569.0000
static,3.525887,35.505912,563.0000
static,3.525887,35.550827,540.0000
static,3.525887,35.595743,511.0000
static,3.525887,35.640659,498.0000
static,3.525887,35.685575,499.0000
static,3.525887,35.730490,485.0000
static,3.525887,35.775406,463.0000
static,3.525887,35.820322,406.0000
static,3.525887,35.865238,373.0000
static,3.525887,35.910153,363.0000
static,3.525887,35.955069,364.0000
static,3.525887,35.999985,361.0000
static,3.525887,36.044901,363.0000
static,3.525887,36.089817,361.0000
static,3.525887,36.134732,361.0000
static,3.525887,36.179648,365.0000
static,3.525887,36.224564,540.0000
static,3.525887,36.269480,617.0000
static,3.525887,36.314395,531.0000
static,3.525887,36.359311,598.0000
static,3.525887,36.404227,606.0000
static,3.525887,36.449143,631.0000
static,3.525887,36.494058,634.0000
static,3.525887,36.538974,691.0000
static,3.525887,36.583890,742.0000
static,3.525887,36.628806,724.0000
static,3.525887,36.673721,700.0000
static,3.525887,36.718637,623.0000
static,3.525887,36.763553,586.0000
static,3.525887,36.808469,568.0000
static,3.525887,36.853385,508.0000
static,3.525887,36.898300,482.0000
static,3.525887,36.943216,461.0000
static,3.525887,36.988132,463.0000
static,3.525887,37.033048,456.0000
static,3.525887,37.077963,448.0000
static,3.525887,37.122879,438.0000
static,3.525887,37.167795,436.0000
static,3.525887,37.212711,432.0000
static,3.525887,37.257626,443.0000
static,3.525887,37.302542,454.0000
static,3.525887,37.347458,475.0000
static,3.525887,37.392374,548.0000
static,3.525887,37.437289,582.0000
static,3.525887,37.482205,626.0000
static,3.525887,37.527121,690.0000
static,3.525887,37.572037,808.0000
static,3.525887,37.616953,887.0000
static,3.525887,37.661868,993.0000
static,3.525887,37.706784,1198.0000
static,3.525887,37.751700,1232.0000
static,3.525887,37.796616,1254.0000
static,3.525887,37.841531,1159.0000
static,3.525887,37.886447,958.0000
static,3.525887,37.931363,909.0000
static,3.525887,37.976279,880.0000
static,3.525887,38.021194,853.0000
static,3.525887,38.066110,812.0000
static,3.525887,38.111026,798.0000
static,3.525887,38.155942,778.0000
static,3.525887,38.200857,783.0000
static,3.525887,38.245773,761.0000
static,3.525887,38.290689,726.0000
static,3.525887,38.335605,731.0000
static,3.525887,38.380521,722.0000
static,3.525887,38.425436,678.0000
static,3.525887,38.470352,682.0000
static,3.525887,38.515268,679.0000
static,3.525887,38.560184,682.0000
static,3.525887,38.605099,689.0000
static,3.525887,38.650015,722.0000
static,3.525887,38.694931,687.0000
static,3.525887,38.739847,668.0000
static,3.525887,38.784762,667.0000
static,3.525887,38.829678,669.0000
static,3.525887,38.874594,690.0000
static,3.525887,38.919510,755.0000
static,3.525887,38.964425,797.0000
static,3.525887,39.009341,1011.0000
static,3.525887,39.054257,1103.0000
static,3.525887,39.099173,851.0000
static,3.525887,39.144089,947.0000
static,3.525887,39.593246,969.0000
static,3.525887,39.638162,903.0000
static,3.525887,39.683078,866.0000
static,3.525887,39.727993,840.0000
static,3.525887,39.772909,800.0000
static,3.525887,39.817825,777.0000
static,3.525887,39.862741,766.0000
static,3.525887,39.907656,757.0000
static,3.525887,39.952572,713.0000
static,3.525887,39.997488,687.0000
static,3.525887,40.042404,669.0000
static,3.525887,40.087320,652.0000
static,3.525887,40.132235,634.0000
static,3.525887,40.177151,627.0000
static,3.525887,40.222067,622.0000
static,3.525887,40.266983,659.0000
static,3.525887,40.311898,650.0000
static,3.525887,40.356814,632.0000
static,3.525887,40.401730,630.0000
static,3.525887,40.446646,639.0000
static,3.525887,40.491561,647.0000
static,3.525887,40.536477,669.0000
static,3.525887,40.581393,717.0000
static,3.525887,40.626309,731.0000
static,3.525887,40.671224,708.0000
static,3.525887,40.716140,675.0000
static,3.525887,40.761056,655.0000
static,3.525887,40.805972,630.0000
static,3.525887,40.850888,621.0000
static,3.525887,40.895803,623.0000
static,3.525887,40.940719,619.0000
static,3.525887,40.985635,692.0000
static,3.525887,41.030551,785.0000
static,3.525887,41.075466,752.0000
static,3.525887,41.120382,624.0000
static,3.525887,41.165298,555.0000
static,3.525887,41.210214,500.0000
static,3.525887,41.255129,479.0000
static,3.525887,41.300045,439.0000
static,3.525887,41.344961,434.0000
static,3.525887,41.389877,410.0000
static,3.525887,41.434792,397.0000
static,3.525887,41.479708,394.0000
static,3.525887,41.524624,411.0000
static,3.525887,41.569540,448.0000
static,3.525887,41.614456,528.0000
static,3.480972,34.383017,1438.0000
static,3.480972,34.427933,1079.0000
static,3.480972,34.472849,896.0000
static,3.480972,34.517765,854.0000
static,3.480972,34.562681,807.0000
static,3.480972,34.607596,848.0000
static,3.480972,34.652512,775.0000
static,3.480972,34.697428,706.0000
static,3.480972,34.742344,689.0000
static,3.480972,34.787259,674.0000
static,3.480972,34.832175,701.0000
static,3.480972,34.877091,769.0000
static,3.480972,34.922007,738.0000
static,3.480972,34.966922,995.0000
static,3.480972,35.011838,701.0000
static,3.480972,35.056754,659.0000
static,3.480972,35.101670,637.0000
static,3.480972,35.146585,659.0000
static,3.480972,35.191501,689.0000
static,3.480972,35.236417,750.0000
static,3.480972,35.281333,812.0000
static,3.480972,35.326249,678.0000
static,3.480972,35.371164,622.0000
static,3.480972,35.416080,588.0000
static,3.480972,35.460996,569.0000
static,3.480972,35.505912,543.0000
static,3.480972,35.550827,526.0000
static,3.480972,35.595743,503.0000
static,3.480972,35.640659,489.0000
static,3.480972,35.685575,499.0000
static,3.480972,35.730490,473.0000
static,3.480972,35.775406,465.0000
static,3.480972,35.820322,406.0000
static,3.480972,35.865238,376.0000
static,3.480972,35.910153,366.0000
static,3.480972,35.955069,367.0000
static,3.480972,35.999985,365.0000
static,3.480972,36.044901,370.0000
static,3.480972,36.089817,361.0000
static,3.480972,36.134732,361.0000
static,3.480972,36.179648,361.0000
static,3.480972,36.224564,492.0000
static,3.480972,36.269480,616.0000
static,3.480972,36.314395,536.0000
static,3.480972,36.359311,587.0000
static,3.480972,36.404227,588.0000
static,3.480972,36.449143,590.0000
static,3.480972,36.494058,621.0000
static,3.480972,36.538974,695.0000
static,3.480972,36.583890,741.0000
static,3.480972,36.628806,715.0000
static,3.480972,36.673721,693.0000
static,3.480972,36.718637,625.0000
static,3.480972,36.763553,573.0000
static,3.480972,36.808469,556.0000
static,3.480972,36.853385,506.0000
static,3.480972,36.898300,476.0000
static,3.480972,36.943216,449.0000
static,3.480972,36.988132,442.0000
static,3.480972,37.033048,442.0000
static,3.480972,37.077963,435.0000
static,3.480972,37.122879,425.0000
static,3.480972,37.167795,423.0000
static,3.480972,37.212711,423.0000
static,3.480972,37.257626,431.0000
static,3.480972,37.302542,450.0000
static,3.480972,37.347458,466.0000
static,3.480972,37.392374,523.0000
static,3.480972,37.437289,585.0000
static,3.480972,37.482205,634.0000
static,3.480972,37.527121,702.0000
static,3.480972,37.572037,830.0000
static,3.480972,37.616953,942.0000
static,3.480972,37.661868,1079.0000
static,3.480972,37.706784,1255.0000
static,3.480972,37.751700,1302.0000
static,3.480972,37.796616,1253.0000
static,3.480972,37.841531,1108.0000
static,3.480972,37.886447,917.0000
static,3.480972,37.931363,877.0000
static,3.480972,37.976279,845.0000
static,3.480972,38.021194,819.0000
static,3.480972,38.066110,793.0000
static,3.480972,38.111026,774.0000
static,3.480972,38.155942,761.0000
static,3.480972,38.200857,755.0000
static,3.480972,38.245773,760.0000
static,3.480972,38.290689,722.0000
static,3.480972,38.335605,717.0000
static,3.480972,38.380521,720.0000
static,3.480972,38.425436,680.0000
static,3.480972,38.470352,664.0000
static,3.480972,38.515268,662.0000
static,3.480972,38.560184,670.0000
static,3.480972,38.605099,662.0000
static,3.480972,38.650015,667.0000
static,3.480972,38.694931,666.0000
static,3.480972,38.739847,654.0000
static,3.480972,38.784762,667.0000
static,3.480972,38.829678,646.0000
static,3.480972,38.874594,654.0000
static,3.480972,38.919510,737.0000
static,3.480972,38.964425,714.0000
static,3.480972,39.009341,858.0000
static,3.480972,39.054257,1052.0000
static,3.480972,39.099173,804.0000
static,3.480972,39.144089,802.0000
static,3.480972,39.189004,897.0000
static,3.480972,39.233920,910.0000
static,3.480972,39.278836,1040.0000
static,3.480972,39.323752,926.0000
static,3.480972,39.368667,842.0000
static,3.480972,39.413583,1092.0000
static,3.480972,39.458499,1131.0000
static,3.480972,39.503415,1075.0000
static,3.480972,39.593246,940.0000
static,3.480972,39.638162,896.0000
static,3.480972,39.683078,861.0000
static,3.480972,39.727993,844.0000
static,3.480972,39.772909,794.0000
static,3.480972,39.817825,771.0000
static,3.480972,39.862741,744.0000
static,3.480972,39.907656,733.0000
static,3.480972,39.952572,703.0000
static,3.480972,39.997488,684.0000
static,3.480972,40.042404,668.0000
static,3.480972,40.087320,652.0000
static,3.480972,40.132235,622.0000
static,3.480972,40.177151,623.0000
static,3.480972,40.222067,611.0000
static,3.480972,40.266983,619.0000
static,3.480972,40.311898,617.0000
static,3.480972,40.356814,612.0000
static,3.480972,40.401730,610.0000
static,3.480972,40.446646,622.0000
static,3.480972,40.491561,626.0000
static,3.480972,40.536477,650.0000
static,3.480972,40.581393,727.0000
static,3.480972,40.626309,744.0000
static,3.480972,40.671224,721.0000
static,3.480972,40.716140,688.0000
static,3.480972,40.761056,664.0000
static,3.480972,40.805972,671.0000
static,3.480972,40.850888,658.0000
static,3.480972,40.895803,637.0000
static,3.480972,40.940719,624.0000
static,3.480972,40.985635,687.0000
static,3.480972,41.030551,767.0000
static,3.480972,41.075466,779.0000
static,3.480972,41.120382,633.0000
static,3.480972,41.165298,550.0000
static,3.480972,41.210214,489.0000
static,3.480972,41.255129,461.0000
static,3.480972,41.300045,434.0000
static,3.480972,41.344961,419.0000
static,3.480972,41.389877,408.0000
static,3.480972,41.434792,401.0000
static,3.480972,41.479708,419.0000
static,3.480972,41.524624,464.0000
static,3.480972,41.569540,563.0000
static,3.436056,34.427933,1145.0000
static,3.436056,34.472849,918.0000
static,3.436056,34.517765,867.0000
static,3.436056,34.562681,834.0000
static,3.436056,34.607596,941.0000
static,3.436056,34.652512,990.0000
static,3.436056,34.697428,740.0000
static,3.436056,34.742344,719.0000
static,3.436056,34.787259,691.0000
static,3.436056,34.832175,776.0000
static,3.436056,34.877091,805.0000
static,3.436056,34.922007,837.0000
static,3.436056,34.966922,919.0000
static,3.436056,35.011838,763.0000
static,3.436056,35.056754,679.0000
static,3.436056,35.101670,630.0000
static,3.436056,35.146585,646.0000
static,3.436056,35.191501,674.0000
static,3.436056,35.236417,726.0000
static,3.436056,35.281333,814.0000
static,3.436056,35.326249,676.0000
static,3.436056,35.371164,634.0000
static,3.436056,35.416080,604.0000
static,3.436056,35.460996,574.0000
static,3.436056,35.505912,558.0000
static,3.436056,35.550827,541.0000
static,3.436056,35.595743,507.0000
static,3.436056,35.640659,486.0000
static,3.436056,35.685575,475.0000
static,3.436056,35.730490,467.0000
static,3.436056,35.775406,452.0000
static,3.436056,35.820322,427.0000
static,3.436056,35.865238,388.0000
static,3.436056,35.910153,377.0000
static,3.436056,35.955069,368.0000
static,3.436056,35.999985,361.0000
static,3.436056,36.044901,361.0000
static,3.436056,36.089817,361.0000
static,3.436056,36.134732,361.0000
static,3.436056,36.179648,361.0000
static,3.436056,36.224564,430.0000
static,3.436056,36.269480,572.0000
static,3.436056,36.314395,505.0000
static,3.436056,36.359311,563.0000
static,3.436056,36.404227,562.0000
static,3.436056,36.449143,582.0000
static,3.436056,36.494058,615.0000
static,3.436056,36.538974,700.0000
static,3.436056,36.583890,737.0000
static,3.436056,36.628806,717.0000
static,3.436056,36.673721,690.0000
static,3.436056,36.718637,620.0000
static,3.436056,36.763553,571.0000
static,3.436056,36.808469,545.0000
static,3.436056,36.853385,496.0000
static,3.436056,36.898300,465.0000
static,3.436056,36.943216,441.0000
static,3.436056,36.988132,431.0000
static,3.436056,37.033048,432.0000
static,3.436056,37.077963,422.0000
static,3.436056,37.122879,414.0000
static,3.436056,37.167795,412.0000
static,3.436056,37.212711,414.0000
static,3.436056,37.257626,424.0000
static,3.436056,37.302542,434.0000
static,3.436056,37.347458,448.0000
static,3.436056,37.392374,506.0000
static,3.436056,37.437289,570.0000
static,3.436056,37.482205,637.0000
static,3.436056,37.527121,711.0000
static,3.436056,37.572037,850.0000
static,3.436056,37.616953,1000.0000
static,3.436056,37.661868,1173.0000
static,3.436056,37.706784,1323.0000
static,3.436056,37.751700,1369.0000
static,3.436056,37.796616,1263.0000
static,3.436056,37.841531,1062.0000
static,3.436056,37.886447,869.0000
static,3.436056,37.931363,835.0000
static,3.436056,37.976279,793.0000
static,3.436056,38.021194,775.0000
static,3.436056,38.066110,766.0000
static,3.436056,38.111026,745.0000
static,3.436056,38.155942,737.0000
static,3.436056,38.200857,738.0000
static,3.436056,38.245773,731.0000
static,3.436056,38.290689,721.0000
static,3.436056,38.335605,702.0000
static,3.436056,38.380521,696.0000
static,3.436056,38.425436,671.0000
static,3.436056,38.470352,681.0000
static,3.436056,38.515268,655.0000
static,3.436056,38.560184,664.0000
static,3.436056,38.605099,651.0000
static,3.436056,38.650015,662.0000
static,3.436056,38.694931,661.0000
static,3.436056,38.739847,645.0000
static,3.436056,38.784762,645.0000
static,3.436056,38.829678,635.0000
static,3.436056,38.874594,641.0000
static,3.436056,38.919510,669.0000
static,3.436056,38.964425,686.0000
static,3.436056,39.009341,718.0000
static,3.436056,39.054257,903.0000
static,3.436056,39.099173,758.0000
static,3.436056,39.144089,751.0000
static,3.436056,39.189004,756.0000
static,3.436056,39.233920,771.0000
static,3.436056,39.278836,763.0000
static,3.436056,39.323752,799.0000
static,3.436056,39.368667,746.0000
static,3.436056,39.413583,872.0000
static,3.436056,39.458499,1050.0000
static,3.436056,39.503415,989.0000
static,3.436056,39.548330,965.0000
static,3.436056,39.593246,911.0000
static,3.436056,39.638162,887.0000
static,3.436056,39.683078,877.0000
static,3.436056,39.727993,849.0000
static,3.436056,39.772909,789.0000
static,3.436056,39.817825,765.0000
static,3.436056,39.862741,901.0000
static,3.436056,39.907656,771.0000
static,3.436056,39.952572,697.0000
static,3.436056,39.997488,682.0000
static,3.436056,40.042404,666.0000
static,3.436056,40.087320,653.0000
static,3.436056,40.132235,622.0000
static,3.436056,40.177151,609.0000
static,3.436056,40.222067,609.0000
static,3.436056,40.266983,600.0000
static,3.436056,40.311898,594.0000
static,3.436056,40.356814,593.0000
static,3.436056,40.401730,593.0000
static,3.436056,40.446646,604.0000
static,3.436056,40.491561,607.0000
static,3.436056,40.536477,641.0000
static,3.436056,40.581393,684.0000
static,3.436056,40.626309,710.0000
static,3.436056,40.671224,749.0000
static,3.436056,40.716140,709.0000
static,3.436056,40.761056,685.0000
static,3.436056,40.805972,694.0000
static,3.436056,40.850888,659.0000
static,3.436056,40.895803,632.0000
static,3.436056,40.940719,616.0000
static,3.436056,40.985635,633.0000
static,3.436056,41.030551,654.0000
static,3.436056,41.075466,716.0000
static,3.436056,41.120382,586.0000
static,3.436056,41.165298,509.0000
static,3.436056,41.210214,479.0000
static,3.436056,41.255129,456.0000
static,3.436056,41.300045,427.0000
static,3.436056,41.344961,418.0000
static,3.436056,41.389877,413.0000
static,3.436056,41.434792,408.0000
static,3.436056,41.479708,463.0000
static,3.436056,41.524624,559.0000
static,3.391140,34.383017,1542.0000
static,3.391140,34.427933,1065.0000
static,3.391140,34.472849,961.0000
static,3.391140,34.517765,922.0000
static,3.391140,34.562681,875.0000
static,3.391140,34.607596,877.0000
static,3.391140,34.652512,842.0000
static,3.391140,34.697428,779.0000
static,3.391140,34.742344,747.0000
static,3.391140,34.787259,717.0000
static,3.391140,34.832175,757.0000
static,3.391140,34.877091,923.0000
static,3.391140,34.922007,879.0000
static,3.391140,34.966922,1049.0000
static,3.391140,35.011838,701.0000
static,3.391140,35.056754,674.0000
static,3.391140,35.101670,629.0000
static,3.391140,35.146585,607.0000
static,3.391140,35.191501,613.0000
static,3.391140,35.236417,627.0000
static,3.391140,35.281333,635.0000
static,3.391140,35.326249,639.0000
static,3.391140,35.371164,616.0000
static,3.391140,35.416080,591.0000
static,3.391140,35.460996,566.0000
static,3.391140,35.505912,544.0000
static,3.391140,35.550827,539.0000
static,3.391140,35.595743,529.0000
static,3.391140,35.640659,512.0000
static,3.391140,35.685575,489.0000
static,3.391140,35.730490,490.0000
static,3.391140,35.775406,529.0000
static,3.391140,35.820322,498.0000
static,3.391140,35.865238,425.0000
static,3.391140,35.910153,412.0000
static,3.391140,35.955069,371.0000
static,3.391140,35.999985,361.0000
static,3.391140,36.044901,361.0000
static,3.391140,36.089817,361.0000
static,3.391140,36.134732,361.0000
static,3.391140,36.179648,361.0000
static,3.391140,36.224564,361.0000
static,3.391140,36.269480,479.0000
static,3.391140,36.314395,439.0000
static,3.391140,36.359311,500.0000
static,3.391140,36.404227,537.0000
static,3.391140,36.449143,590.0000
static,3.391140,36.494058,638.0000
static,3.391140,36.538974,691.0000
static,3.391140,36.583890,739.0000
static,3.391140,36.628806,716.0000
static,3.391140,36.673721,684.0000
static,3.391140,36.718637,609.0000
static,3.391140,36.763553,569.0000
static,3.391140,36.808469,552.0000
static,3.391140,36.853385,472.0000
static,3.391140,36.898300,452.0000
static,3.391140,36.943216,429.0000
static,3.391140,36.988132,412.0000
static,3.391140,37.033048,403.0000
static,3.391140,37.077963,400.0000
static,3.391140,37.122879,400.0000
static,3.391140,37.167795,396.0000
static,3.391140,37.212711,397.0000
static,3.391140,37.257626,397.0000
static,3.391140,37.302542,404.0000
static,3.391140,37.347458,417.0000
static,3.391140,37.392374,508.0000
static,3.391140,37.437289,549.0000
static,3.391140,37.482205,609.0000
static,3.391140,37.527121,673.0000
static,3.391140,37.572037,873.0000
static,3.391140,37.616953,1054.0000
static,3.391140,37.661868,1186.0000
static,3.391140,37.706784,1432.0000
static,3.391140,37.751700,1396.0000
static,3.391140,37.796616,1150.0000
static,3.391140,37.841531,967.0000
static,3.391140,37.886447,796.0000
static,3.391140,37.931363,758.0000
static,3.391140,37.976279,732.0000
static,3.391140,38.021194,730.0000
static,3.391140,38.066110,716.0000
static,3.391140,38.111026,702.0000
static,3.391140,38.155942,691.0000
static,3.391140,38.200857,690.0000
static,3.391140,38.245773,695.0000
static,3.391140,38.290689,698.0000
static,3.391140,38.335605,699.0000
static,3.391140,38.380521,700.0000
static,3.391140,38.425436,653.0000
static,3.391140,38.470352,642.0000
static,3.391140,38.515268,660.0000
static,3.391140,38.560184,661.0000
static,3.391140,38.605099,642.0000
static,3.391140,38.650015,653.0000
static,3.391140,38.694931,656.0000
static,3.391140,38.739847,642.0000
static,3.391140,38.784762,628.0000
static,3.391140,38.829678,619.0000
static,3.391140,38.874594,615.0000
static,3.391140,38.919510,628.0000
static,3.391140,38.964425,632.0000
static,3.391140,39.009341,642.0000
static,3.391140,39.054257,725.0000
static,3.391140,39.099173,731.0000
static,3.391140,39.144089,745.0000
static,3.391140,39.189004,705.0000
static,3.391140,39.233920,695.0000
static,3.391140,39.278836,685.0000
static,3.391140,39.323752,674.0000
static,3.391140,39.368667,693.0000
static,3.391140,39.413583,783.0000
static,3.391140,39.458499,914.0000
static,3.391140,39.503415,755.0000
static,3.391140,39.548330,900.0000
static,3.391140,39.593246,947.0000
static,3.391140,39.638162,841.0000
static,3.391140,39.683078,823.0000
static,3.391140,39.727993,805.0000
static,3.391140,39.772909,841.0000
static,3.391140,39.817825,764.0000
static,3.391140,39.862741,740.0000
static,3.391140,39.907656,707.0000
static,3.391140,39.952572,684.0000
static,3.391140,39.997488,687.0000
static,3.391140,40.042404,697.0000
static,3.391140,40.087320,650.0000
static,3.391140,40.132235,624.0000
static,3.391140,40.177151,609.0000
static,3.391140,40.222067,629.0000
static,3.391140,40.266983,581.0000
static,3.391140,40.311898,578.0000
static,3.391140,40.356814,571.0000
static,3.391140,40.401730,567.0000
static,3.391140,40.446646,582.0000
static,3.391140,40.491561,625.0000
static,3.391140,40.536477,653.0000
static,3.391140,40.581393,624.0000
static,3.391140,40.626309,631.0000
static,3.391140,40.671224,635.0000
static,3.391140,40.716140,668.0000
static,3.391140,40.761056,646.0000
static,3.391140,40.805972,648.0000
static,3.391140,40.850888,625.0000
static,3.391140,40.895803,616.0000
static,3.391140,40.940719,684.0000
static,3.391140,40.985635,641.0000
static,3.391140,41.030551,560.0000
static,3.391140,41.075466,552.0000
static,3.391140,41.120382,541.0000
static,3.391140,41.165298,507.0000
static,3.391140,41.210214,469.0000
static,3.391140,41.255129,447.0000
static,3.391140,41.300045,423.0000
static,3.391140,41.344961,420.0000
static,3.391140,41.389877,425.0000
static,3.391140,41.434792,438.0000
static,3.391140,41.479708,504.0000
static,3.391140,41.524624,523.0000
static,3.346224,34.383017,1563.0000
static,3.346224,34.427933,1293.0000
static,3.346224,34.472849,958.0000
static,3.346224,34.517765,912.0000
static,3.346224,34.562681,875.0000
static,3.346224,34.607596,858.0000
static,3.346224,34.652512,829.0000
static,3.346224,34.697428,782.0000
static,3.346224,34.742344,749.0000
static,3.346224,34.787259,728.0000
static,3.346224,34.832175,782.0000
static,3.346224,34.877091,916.0000
static,3.346224,34.922007,978.0000
static,3.346224,34.966922,1153.0000
static,3.346224,35.011838,723.0000
static,3.346224,35.056754,665.0000
static,3.346224,35.101670,634.0000
static,3.346224,35.146585,607.0000
static,3.346224,35.191501,598.0000
static,3.346224,35.236417,598.0000
static,3.346224,35.281333,598.0000
static,3.346224,35.326249,601.0000
static,3.346224,35.371164,591.0000
static,3.346224,35.416080,586.0000
static,3.346224,35.460996,563.0000
static,3.346224,35.505912,566.0000
static,3.346224,35.550827,575.0000
static,3.346224,35.595743,556.0000
static,3.346224,35.640659,526.0000
static,3.346224,35.685575,491.0000
static,3.346224,35.730490,505.0000
static,3.346224,35.775406,543.0000
static,3.346224,35.820322,519.0000
static,3.346224,35.865238,431.0000
static,3.346224,35.910153,419.0000
static,3.346224,35.955069,385.0000
static,3.346224,35.999985,361.0000
static,3.346224,36.044901,361.0000
static,3.346224,36.089817,361.0000
static,3.346224,36.134732,361.0000
static,3.346224,36.179648,361.0000
static,3.346224,36.224564,364.0000
static,3.346224,36.269480,486.0000
static,3.346224,36.314395,418.0000
static,3.346224,36.359311,480.0000
static,3.346224,36.404227,531.0000
static,3.346224,36.449143,615.0000
static,3.346224,36.494058,642.0000
static,3.346224,36.538974,654.0000
static,3.346224,36.583890,698.0000
static,3.346224,36.628806,712.0000
static,3.346224,36.673721,676.0000
static,3.346224,36.718637,613.0000
static,3.346224,36.763553,567.0000
static,3.346224,36.808469,548.0000
static,3.346224,36.853385,458.0000
static,3.346224,36.898300,444.0000
static,3.346224,36.943216,422.0000
static,3.346224,36.988132,407.0000
static,3.346224,37.033048,392.0000
static,3.346224,37.077963,387.0000
static,3.346224,37.122879,388.0000
static,3.346224,37.167795,387.0000
static,3.346224,37.212711,388.0000
static,3.346224,37.257626,388.0000
static,3.346224,37.302542,397.0000
static,3.346224,37.347458,413.0000
static,3.346224,37.392374,501.0000
static,3.346224,37.437289,548.0000
static,3.346224,37.482205,596.0000
static,3.346224,37.527121,660.0000
static,3.346224,37.572037,876.0000
static,3.346224,37.616953,1066.0000
static,3.346224,37.661868,1180.0000
static,3.346224,37.706784,1355.0000
static,3.346224,37.751700,1212.0000
static,3.346224,37.796616,1032.0000
static,3.346224,37.841531,902.0000
static,3.346224,37.886447,778.0000
static,3.346224,37.931363,738.0000
static,3.346224,37.976279,719.0000
static,3.346224,38.021194,711.0000
static,3.346224,38.066110,698.0000
static,3.346224,38.111026,685.0000
static,3.346224,38.155942,677.0000
static,3.346224,38.200857,673.0000
static,3.346224,38.245773,687.0000
static,3.346224,38.290689,680.0000
static,3.346224,38.335605,676.0000
static,3.346224,38.380521,764.0000
static,3.346224,38.425436,639.0000
static,3.346224,38.470352,629.0000
static,3.346224,38.515268,648.0000
static,3.346224,38.560184,642.0000
static,3.346224,38.605099,634.0000
static,3.346224,38.650015,647.0000
static,3.346224,38.694931,666.0000
static,3.346224,38.739847,632.0000
static,3.346224,38.784762,632.0000
static,3.346224,38.829678,614.0000
static,3.346224,38.874594,613.0000
static,3.346224,38.919510,609.0000
static,3.346224,38.964425,613.0000
static,3.346224,39.009341,621.0000
static,3.346224,39.054257,652.0000
static,3.346224,39.099173,741.0000
static,3.346224,39.144089,744.0000
static,3.346224,39.189004,694.0000
static,3.346224,39.233920,684.0000
static,3.346224,39.278836,664.0000
static,3.346224,39.323752,654.0000
static,3.346224,39.368667,659.0000
static,3.346224,39.413583,728.0000
static,3.346224,39.458499,696.0000
static,3.346224,39.503415,693.0000
static,3.346224,39.548330,758.0000
static,3.346224,39.593246,895.0000
static,3.346224,39.638162,826.0000
static,3.346224,39.683078,801.0000
static,3.346224,39.727993,779.0000
static,3.346224,39.772909,826.0000
static,3.346224,39.817825,740.0000
static,3.346224,39.862741,727.0000
static,3.346224,39.907656,691.0000
static,3.346224,39.952572,658.0000
static,3.346224,39.997488,656.0000
static,3.346224,40.042404,655.0000
static,3.346224,40.087320,636.0000
static,3.346224,40.132235,616.0000
static,3.346224,40.177151,605.0000
static,3.346224,40.222067,597.0000
static,3.346224,40.266983,571.0000
static,3.346224,40.311898,576.0000
static,3.346224,40.356814,560.0000
static,3.346224,40.401730,560.0000
static,3.346224,40.446646,576.0000
static,3.346224,40.491561,621.0000
static,3.346224,40.536477,674.0000
static,3.346224,40.581393,633.0000
static,3.346224,40.626309,588.0000
static,3.346224,40.671224,591.0000
static,3.346224,40.716140,611.0000
static,3.346224,40.761056,607.0000
static,3.346224,40.805972,594.0000
static,3.346224,40.850888,605.0000
static,3.346224,40.895803,584.0000
static,3.346224,40.940719,617.0000
static,3.346224,40.985635,602.0000
static,3.346224,41.030551,572.0000
static,3.346224,41.075466,532.0000
static,3.346224,41.120382,500.0000
static,3.346224,41.165298,485.0000
static,3.346224,41.210214,469.0000
static,3.346224,41.255129,449.0000
static,3.346224,41.300045,424.0000
static,3.346224,41.344961,424.0000
static,3.346224,41.389877,437.0000
static,3.346224,41.434792,479.0000
static,3.346224,41.479708,536.0000
static,3.301309,34.427933,1386.0000
static,3.301309,34.472849,959.0000
static,3.301309,34.517765,916.0000
static,3.301309,34.562681,884.0000
static,3.301309,34.607596,862.0000
static,3.301309,34.652512,812.0000
static,3.301309,34.697428,807.0000
static,3.301309,34.742344,781.0000
static,3.301309,34.787259,794.0000
static,3.301309,34.832175,904.0000
static,3.301309,34.877091,1069.0000
static,3.301309,34.922007,1224.0000
static,3.301309,34.966922,1199.0000
static,3.301309,35.011838,773.0000
static,3.301309,35.056754,675.0000
static,3.301309,35.101670,647.0000
static,3.301309,35.146585,628.0000
static,3.301309,35.191501,622.0000
static,3.301309,35.236417,591.0000
static,3.301309,35.281333,576.0000
static,3.301309,35.326249,573.0000
static,3.301309,35.371164,570.0000
static,3.301309,35.416080,567.0000
static,3.301309,35.460996,573.0000
static,3.301309,35.505912,589.0000
static,3.301309,35.550827,605.0000
static,3.301309,35.595743,568.0000
static,3.301309,35.640659,535.0000
static,3.301309,35.685575,503.0000
static,3.301309,35.730490,514.0000
static,3.301309,35.775406,539.0000
static,3.301309,35.820322,530.0000
static,3.301309,35.865238,440.0000
static,3.301309,35.910153,432.0000
static,3.301309,35.955069,415.0000
static,3.301309,35.999985,362.0000
static,3.301309,36.044901,361.0000
static,3.301309,36.089817,361.0000
static,3.301309,36.134732,361.0000
static,3.301309,36.179648,361.0000
static,3.301309,36.224564,366.0000
static,3.301309,36.269480,406.0000
static,3.301309,36.314395,412.0000
static,3.301309,36.359311,476.0000
static,3.301309,36.404227,520.0000
static,3.301309,36.449143,568.0000
static,3.301309,36.494058,589.0000
static,3.301309,36.538974,638.0000
static,3.301309,36.583890,672.0000
static,3.301309,36.628806,695.0000
static,3.301309,36.673721,675.0000
static,3.301309,36.718637,604.0000
static,3.301309,36.763553,563.0000
static,3.301309,36.808469,546.0000
static,3.301309,36.853385,455.0000
static,3.301309,36.898300,441.0000
static,3.301309,36.943216,421.0000
static,3.301309,36.988132,406.0000
static,3.301309,37.033048,382.0000
static,3.301309,37.077963,377.0000
static,3.301309,37.122879,378.0000
static,3.301309,37.167795,378.0000
static,3.301309,37.212711,379.0000
static,3.301309,37.257626,380.0000
static,3.301309,37.302542,391.0000
static,3.301309,37.347458,406.0000
static,3.301309,37.392374,479.0000
static,3.301309,37.437289,526.0000
static,3.301309,37.482205,572.0000
static,3.301309,37.527121,624.0000
static,3.301309,37.572037,841.0000
static,3.301309,37.616953,994.0000
static,3.301309,37.661868,1138.0000
static,3.301309,37.706784,1222.0000
static,3.301309,37.751700,1076.0000
static,3.301309,37.796616,939.0000
static,3.301309,37.841531,842.0000
static,3.301309,37.886447,751.0000
static,3.301309,37.931363,722.0000
static,3.301309,37.976279,705.0000
static,3.301309,38.021194,695.0000
static,3.301309,38.066110,684.0000
static,3.301309,38.111026,670.0000
static,3.301309,38.155942,665.0000
static,3.301309,38.200857,661.0000
static,3.301309,38.245773,675.0000
static,3.301309,38.290689,672.0000
static,3.301309,38.335605,660.0000
static,3.301309,38.380521,667.0000
static,3.301309,38.425436,636.0000
static,3.301309,38.470352,625.0000
static,3.301309,38.515268,628.0000
static,3.301309,38.560184,623.0000
static,3.301309,38.605099,634.0000
static,3.301309,38.650015,642.0000
static,3.301309,38.694931,637.0000
static,3.301309,38.739847,627.0000
static,3.301309,38.784762,632.0000
static,3.301309,38.829678,613.0000
static,3.301309,38.874594,605.0000
static,3.301309,38.919510,597.0000
static,3.301309,38.964425,598.0000
static,3.301309,39.009341,613.0000
static,3.301309,39.054257,635.0000
static,3.301309,39.099173,700.0000
static,3.301309,39.144089,672.0000
static,3.301309,39.189004,699.0000
static,3.301309,39.233920,731.0000
static,3.301309,39.278836,652.0000
static,3.301309,39.323752,639.0000
static,3.301309,39.368667,629.0000
static,3.301309,39.413583,665.0000
static,3.301309,39.458499,653.0000
static,3.301309,39.503415,664.0000
static,3.301309,39.548330,699.0000
static,3.301309,39.593246,839.0000
static,3.301309,39.638162,787.0000
static,3.301309,39.683078,765.0000
static,3.301309,39.727993,749.0000
static,3.301309,39.772909,729.0000
static,3.301309,39.817825,722.0000
static,3.301309,39.862741,711.0000
static,3.301309,39.907656,692.0000
static,3.301309,39.952572,648.0000
static,3.301309,39.997488,633.0000
static,3.301309,40.042404,627.0000
static,3.301309,40.087320,621.0000
static,3.301309,40.132235,607.0000
static,3.301309,40.177151,604.0000
static,3.301309,40.222067,609.0000
static,3.301309,40.266983,577.0000
static,3.301309,40.311898,567.0000
static,3.301309,40.356814,555.0000
static,3.301309,40.401730,554.0000
static,3.301309,40.446646,570.0000
static,3.301309,40.491561,666.0000
static,3.301309,40.536477,678.0000
static,3.301309,40.581393,637.0000
static,3.301309,40.626309,561.0000
static,3.301309,40.671224,556.0000
static,3.301309,40.716140,554.0000
static,3.301309,40.761056,557.0000
static,3.301309,40.805972,554.0000
static,3.301309,40.850888,553.0000
static,3.301309,40.895803,579.0000
static,3.301309,40.940719,683.0000
static,3.301309,40.985635,640.0000
static,3.301309,41.030551,613.0000
static,3.301309,41.075466,557.0000
static,3.301309,41.120382,492.0000
static,3.301309,41.165298,474.0000
static,3.301309,41.210214,462.0000
static,3.301309,41.255129,448.0000
static,3.301309,41.300045,425.0000
static,3.301309,41.344961,433.0000
static,3.301309,41.389877,454.0000
static,3.301309,41.434792,504.0000
static,3.256393,34.427933,1303.0000
static,3.256393,34.472849,981.0000
static,3.256393,34.517765,937.0000
static,3.256393,34.562681,902.0000
static,3.256393,34.607596,877.0000
static,3.256393,34.652512,807.0000
static,3.256393,34.697428,793.0000
static,3.256393,34.742344,800.0000
static,3.256393,34.787259,927.0000
static,3.256393,34.832175,1266.0000
static,3.256393,34.877091,1411.0000
static,3.256393,34.922007,1467.0000
static,3.256393,34.966922,1261.0000
static,3.256393,35.011838,774.0000
static,3.256393,35.056754,694.0000
static,3.256393,35.101670,669.0000
static,3.256393,35.146585,657.0000
static,3.256393,35.191501,656.0000
static,3.256393,35.236417,604.0000
static,3.256393,35.281333,580.0000
static,3.256393,35.326249,554.0000
static,3.256393,35.371164,551.0000
static,3.256393,35.416080,578.0000
static,3.256393,35.460996,639.0000
static,3.256393,35.505912,616.0000
static,3.256393,35.550827,602.0000
static,3.256393,35.595743,573.0000
static,3.256393,35.640659,549.0000
static,3.256393,35.685575,512.0000
static,3.256393,35.730490,500.0000
static,3.256393,35.775406,504.0000
static,3.256393,35.820322,508.0000
static,3.256393,35.865238,447.0000
static,3.256393,35.910153,446.0000
static,3.256393,35.955069,437.0000
static,3.256393,35.999985,379.0000
static,3.256393,36.044901,361.0000
static,3.256393,36.089817,361.0000
static,3.256393,36.134732,361.0000
static,3.256393,36.179648,361.0000
static,3.256393,36.224564,361.0000
static,3.256393,36.269480,365.0000
static,3.256393,36.314395,388.0000
static,3.256393,36.359311,465.0000
static,3.256393,36.404227,500.0000
static,3.256393,36.449143,546.0000
static,3.256393,36.494058,601.0000
static,3.256393,36.538974,662.0000
static,3.256393,36.583890,690.0000
static,3.256393,36.628806,706.0000
static,3.256393,36.673721,672.0000
static,3.256393,36.718637,621.0000
static,3.256393,36.763553,552.0000
static,3.256393,36.808469,530.0000
static,3.256393,36.853385,454.0000
static,3.256393,36.898300,433.0000
static,3.256393,36.943216,415.0000
static,3.256393,36.988132,398.0000
static,3.256393,37.033048,378.0000
static,3.256393,37.077963,375.0000
static,3.256393,37.122879,375.0000
static,3.256393,37.167795,375.0000
static,3.256393,37.212711,375.0000
static,3.256393,37.257626,375.0000
static,3.256393,37.302542,379.0000
static,3.256393,37.347458,389.0000
static,3.256393,37.392374,449.0000
static,3.256393,37.437289,500.0000
static,3.256393,37.482205,558.0000
static,3.256393,37.527121,598.0000
static,3.256393,37.572037,811.0000
static,3.256393,37.616953,930.0000
static,3.256393,37.661868,1041.0000
static,3.256393,37.706784,1080.0000
static,3.256393,37.751700,943.0000
static,3.256393,37.796616,851.0000
static,3.256393,37.841531,786.0000
static,3.256393,37.886447,718.0000
static,3.256393,37.931363,704.0000
static,3.256393,37.976279,693.0000
static,3.256393,38.021194,683.0000
static,3.256393,38.066110,672.0000
static,3.256393,38.111026,656.0000
static,3.256393,38.155942,648.0000
static,3.256393,38.200857,647.0000
static,3.256393,38.245773,652.0000
static,3.256393,38.290689,650.0000
static,3.256393,38.335605,648.0000
static,3.256393,38.380521,644.0000
static,3.256393,38.425436,627.0000
static,3.256393,38.470352,623.0000
static,3.256393,38.515268,616.0000
static,3.256393,38.560184,610.0000
static,3.256393,38.605099,625.0000
static,3.256393,38.650015,633.0000
static,3.256393,38.694931,632.0000
static,3.256393,38.739847,622.0000
static,3.256393,38.784762,631.0000
static,3.256393,38.829678,626.0000
static,3.256393,38.874594,603.0000
static,3.256393,38.919510,589.0000
static,3.256393,38.964425,596.0000
static,3.256393,39.009341,623.0000
static,3.256393,39.054257,648.0000
static,3.256393,39.099173,640.0000
static,3.256393,39.144089,670.0000
static,3.256393,39.189004,707.0000
static,3.256393,39.233920,723.0000
static,3.256393,39.278836,662.0000
static,3.256393,39.323752,644.0000
static,3.256393,39.368667,625.0000
static,3.256393,39.413583,617.0000
static,3.256393,39.458499,628.0000
static,3.256393,39.503415,642.0000
static,3.256393,39.548330,686.0000
static,3.256393,39.593246,821.0000
static,3.256393,39.638162,773.0000
static,3.256393,39.683078,737.0000
static,3.256393,39.727993,729.0000
static,3.256393,39.772909,704.0000
static,3.256393,39.817825,715.0000
static,3.256393,39.862741,697.0000
static,3.256393,39.907656,684.0000
static,3.256393,39.952572,641.0000
static,3.256393,39.997488,626.0000
static,3.256393,40.042404,613.0000
static,3.256393,40.087320,606.0000
static,3.256393,40.132235,595.0000
static,3.256393,40.177151,595.0000
static,3.256393,40.222067,616.0000
static,3.256393,40.266983,577.0000
static,3.256393,40.311898,577.0000
static,3.256393,40.356814,556.0000
static,3.256393,40.401730,546.0000
static,3.256393,40.446646,570.0000
static,3.256393,40.491561,688.0000
static,3.256393,40.536477,705.0000
static,3.256393,40.581393,637.0000
static,3.256393,40.626309,554.0000
static,3.256393,40.671224,536.0000
static,3.256393,40.716140,529.0000
static,3.256393,40.761056,527.0000
static,3.256393,40.805972,527.0000
static,3.256393,40.850888,530.0000
static,3.256393,40.895803,607.0000
static,3.256393,40.940719,700.0000
static,3.256393,40.985635,655.0000
static,3.256393,41.030551,624.0000
static,3.256393,41.075466,581.0000
static,3.256393,41.120382,486.0000
static,3.256393,41.165298,464.0000
static,3.256393,41.210214,454.0000
static,3.256393,41.255129,445.0000
static,3.256393,41.300045,425.0000
static,3.256393,41.344961,441.0000
static,3.256393,41.389877,468.0000
static,3.256393,41.434792,501.0000
static,3.211477,34.472849,1040.0000
static,3.211477,34.517765,995.0000
static,3.211477,34.562681,955.0000
static,3.211477,34.607596,902.0000
static,3.211477,34.652512,819.0000
static,3.211477,34.697428,808.0000
static,3.211477,34.742344,876.0000
static,3.211477,34.787259,952.0000
static,3.211477,34.832175,1070.0000
static,3.211477,34.877091,1274.0000
static,3.211477,34.922007,1223.0000
static,3.211477,34.966922,1420.0000
static,3.211477,35.011838,1424.0000
static,3.211477,35.056754,876.0000
static,3.211477,35.101670,809.0000
static,3.211477,35.146585,679.0000
static,3.211477,35.191501,656.0000
static,3.211477,35.236417,620.0000
static,3.211477,35.281333,599.0000
static,3.211477,35.326249,564.0000
static,3.211477,35.371164,550.0000
static,3.211477,35.416080,537.0000
static,3.211477,35.460996,528.0000
static,3.211477,35.505912,627.0000
static,3.211477,35.550827,563.0000
static,3.211477,35.595743,625.0000
static,3.211477,35.640659,533.0000
static,3.211477,35.685575,503.0000
static,3.211477,35.730490,500.0000
static,3.211477,35.775406,487.0000
static,3.211477,35.820322,484.0000
static,3.211477,35.865238,459.0000
static,3.211477,35.910153,456.0000
static,3.211477,35.955069,450.0000
static,3.211477,35.999985,399.0000
static,3.211477,36.044901,380.0000
static,3.211477,36.089817,373.0000
static,3.211477,36.134732,367.0000
static,3.211477,36.179648,361.0000
static,3.211477,36.224564,361.0000
static,3.211477,36.269480,361.0000
static,3.211477,36.314395,373.0000
static,3.211477,36.359311,411.0000
static,3.211477,36.404227,455.0000
static,3.211477,36.449143,527.0000
static,3.211477,36.494058,565.0000
static,3.211477,36.538974,652.0000
static,3.211477,36.583890,692.0000
static,3.211477,36.628806,698.0000
static,3.211477,36.673721,688.0000
static,3.211477,36.718637,609.0000
static,3.211477,36.763553,528.0000
static,3.211477,36.808469,510.0000
static,3.211477,36.853385,457.0000
static,3.211477,36.898300,439.0000
static,3.211477,36.943216,421.0000
static,3.211477,36.988132,407.0000
static,3.211477,37.033048,382.0000
static,3.211477,37.077963,376.0000
static,3.211477,37.122879,375.0000
static,3.211477,37.167795,382.0000
static,3.211477,37.212711,394.0000
static,3.211477,37.257626,371.0000
static,3.211477,37.302542,371.0000
static,3.211477,37.347458,375.0000
static,3.211477,37.392374,407.0000
static,3.211477,37.437289,453.0000
static,3.211477,37.482205,486.0000
static,3.211477,37.527121,562.0000
static,3.211477,37.572037,685.0000
static,3.211477,37.616953,753.0000
static,3.211477,37.661868,812.0000
static,3.211477,37.706784,786.0000
static,3.211477,37.751700,715.0000
static,3.211477,37.796616,689.0000
static,3.211477,37.841531,681.0000
static,3.211477,37.886447,640.0000
static,3.211477,37.931363,639.0000
static,3.211477,37.976279,645.0000
static,3.211477,38.021194,638.0000
static,3.211477,38.066110,641.0000
static,3.211477,38.111026,640.0000
static,3.211477,38.155942,635.0000
static,3.211477,38.200857,621.0000
static,3.211477,38.245773,623.0000
static,3.211477,38.290689,614.0000
static,3.211477,38.335605,612.0000
static,3.211477,38.380521,616.0000
static,3.211477,38.425436,617.0000
static,3.211477,38.470352,614.0000
static,3.211477,38.515268,608.0000
static,3.211477,38.560184,594.0000
static,3.211477,38.605099,607.0000
static,3.211477,38.650015,611.0000
static,3.211477,38.694931,616.0000
static,3.211477,38.739847,600.0000
static,3.211477,38.784762,588.0000
static,3.211477,38.829678,595.0000
static,3.211477,38.874594,591.0000
static,3.211477,38.919510,578.0000
static,3.211477,38.964425,585.0000
static,3.211477,39.009341,604.0000
static,3.211477,39.054257,612.0000
static,3.211477,39.099173,614.0000
static,3.211477,39.144089,627.0000
static,3.211477,39.189004,644.0000
static,3.211477,39.233920,680.0000
static,3.211477,39.278836,720.0000
static,3.211477,39.323752,655.0000
static,3.211477,39.368667,621.0000
static,3.211477,39.413583,603.0000
static,3.211477,39.458499,627.0000
static,3.211477,39.503415,605.0000
static,3.211477,39.548330,629.0000
static,3.211477,39.593246,678.0000
static,3.211477,39.638162,702.0000
static,3.211477,39.683078,695.0000
static,3.211477,39.727993,683.0000
static,3.211477,39.772909,664.0000
static,3.211477,39.817825,679.0000
static,3.211477,39.862741,689.0000
static,3.211477,39.907656,667.0000
static,3.211477,39.952572,641.0000
static,3.211477,39.997488,632.0000
static,3.211477,40.042404,599.0000
static,3.211477,40.087320,583.0000
static,3.211477,40.132235,571.0000
static,3.211477,40.177151,567.0000
static,3.211477,40.222067,569.0000
static,3.211477,40.266983,550.0000
static,3.211477,40.311898,552.0000
static,3.211477,40.356814,582.0000
static,3.211477,40.401730,554.0000
static,3.211477,40.446646,539.0000
static,3.211477,40.491561,576.0000
static,3.211477,40.536477,631.0000
static,3.211477,40.581393,638.0000
static,3.211477,40.626309,544.0000
static,3.211477,40.671224,520.0000
static,3.211477,40.716140,504.0000
static,3.211477,40.761056,494.0000
static,3.211477,40.805972,486.0000
static,3.211477,40.850888,490.0000
static,3.211477,40.895803,515.0000
static,3.211477,40.940719,539.0000
static,3.211477,40.985635,603.0000
static,3.211477,41.030551,570.0000
static,3.211477,41.075466,535.0000
static,3.211477,41.120382,468.0000
static,3.211477,41.165298,445.0000
static,3.211477,41.210214,432.0000
static,3.211477,41.255129,425.0000
static,3.211477,41.300045,412.0000
static,3.211477,41.344961,422.0000
static,3.211477,41.389877,453.0000
static,3.166561,34.472849,1095.0000
static,3.166561,34.517765,1066.0000
static,3.166561,34.562681,1012.0000
static,3.166561,34.607596,963.0000
static,3.166561,34.652512,839.0000
static,3.166561,34.697428,877.0000
static,3.166561,34.742344,943.0000
static,3.166561,34.787259,966.0000
static,3.166561,34.832175,1158.0000
static,3.166561,34.877091,1307.0000
static,3.166561,34.922007,1304.0000
static,3.166561,34.966922,1473.0000
static,3.166561,35.011838,1853.0000
static,3.166561,35.056754,1504.0000
static,3.166561,35.101670,809.0000
static,3.166561,35.146585,677.0000
static,3.166561,35.191501,667.0000
static,3.166561,35.236417,621.0000
static,3.166561,35.281333,601.0000
static,3.166561,35.326249,568.0000
static,3.166561,35.371164,555.0000
static,3.166561,35.416080,541.0000
static,3.166561,35.460996,526.0000
static,3.166561,35.505912,511.0000
static,3.166561,35.550827,529.0000
static,3.166561,35.595743,569.0000
static,3.166561,35.640659,516.0000
static,3.166561,35.685575,486.0000
static,3.166561,35.730490,481.0000
static,3.166561,35.775406,470.0000
static,3.166561,35.820322,464.0000
static,3.166561,35.865238,457.0000
static,3.166561,35.910153,455.0000
static,3.166561,35.955069,451.0000
static,3.166561,35.999985,401.0000
static,3.166561,36.044901,389.0000
static,3.166561,36.089817,381.0000
static,3.166561,36.134732,372.0000
static,3.166561,36.179648,361.0000
static,3.166561,36.224564,361.0000
static,3.166561,36.269480,361.0000
static,3.166561,36.314395,361.0000
static,3.166561,36.359311,390.0000
static,3.166561,36.404227,434.0000
static,3.166561,36.449143,538.0000
static,3.166561,36.494058,599.0000
static,3.166561,36.538974,632.0000
static,3.166561,36.583890,648.0000
static,3.166561,36.628806,668.0000
static,3.166561,36.673721,660.0000
static,3.166561,36.718637,598.0000
static,3.166561,36.763553,515.0000
static,3.166561,36.808469,499.0000
static,3.166561,36.853385,458.0000
static,3.166561,36.898300,440.0000
static,3.166561,36.943216,424.0000
static,3.166561,36.988132,409.0000
static,3.166561,37.033048,395.0000
static,3.166561,37.077963,387.0000
static,3.166561,37.122879,396.0000
static,3.166561,37.167795,413.0000
static,3.166561,37.212711,409.0000
static,3.166561,37.257626,370.0000
static,3.166561,37.302542,369.0000
static,3.166561,37.347458,371.0000
static,3.166561,37.392374,392.0000
static,3.166561,37.437289,419.0000
static,3.166561,37.482205,470.0000
static,3.166561,37.527121,537.0000
static,3.166561,37.572037,688.0000
static,3.166561,37.616953,696.0000
static,3.166561,37.661868,714.0000
static,3.166561,37.706784,682.0000
static,3.166561,37.751700,649.0000
static,3.166561,37.796616,630.0000
static,3.166561,37.841531,643.0000
static,3.166561,37.886447,603.0000
static,3.166561,37.931363,608.0000
static,3.166561,37.976279,619.0000
static,3.166561,38.021194,616.0000
static,3.166561,38.066110,617.0000
static,3.166561,38.111026,619.0000
static,3.166561,38.155942,627.0000
static,3.166561,38.200857,622.0000
static,3.166561,38.245773,613.0000
static,3.166561,38.290689,607.0000
static,3.166561,38.335605,599.0000
static,3.166561,38.380521,599.0000
static,3.166561,38.425436,604.0000
static,3.166561,38.470352,602.0000
static,3.166561,38.515268,601.0000
static,3.166561,38.560184,583.0000
static,3.166561,38.605099,600.0000
static,3.166561,38.650015,601.0000
static,3.166561,38.694931,609.0000
static,3.166561,38.739847,589.0000
static,3.166561,38.784762,578.0000
static,3.166561,38.829678,570.0000
static,3.166561,38.874594,571.0000
static,3.166561,38.919510,573.0000
static,3.166561,38.964425,578.0000
static,3.166561,39.009341,587.0000
static,3.166561,39.054257,602.0000
static,3.166561,39.099173,607.0000
static,3.166561,39.144089,613.0000
static,3.166561,39.189004,623.0000
static,3.166561,39.233920,637.0000
static,3.166561,39.278836,736.0000
static,3.166561,39.323752,659.0000
static,3.166561,39.368667,622.0000
static,3.166561,39.413583,581.0000
static,3.166561,39.458499,591.0000
static,3.166561,39.503415,603.0000
static,3.166561,39.548330,621.0000
static,3.166561,39.593246,666.0000
static,3.166561,39.638162,716.0000
static,3.166561,39.683078,676.0000
static,3.166561,39.727993,660.0000
static,3.166561,39.772909,649.0000
static,3.166561,39.817825,652.0000
static,3.166561,39.862741,649.0000
static,3.166561,39.907656,635.0000
static,3.166561,39.952572,609.0000
static,3.166561,39.997488,599.0000
static,3.166561,40.042404,583.0000
static,3.166561,40.087320,573.0000
static,3.166561,40.132235,562.0000
static,3.166561,40.177151,556.0000
static,3.166561,40.222067,549.0000
static,3.166561,40.266983,533.0000
static,3.166561,40.311898,553.0000
static,3.166561,40.356814,566.0000
static,3.166561,40.401730,533.0000
static,3.166561,40.446646,521.0000
static,3.166561,40.491561,546.0000
static,3.166561,40.536477,618.0000
static,3.166561,40.581393,649.0000
static,3.166561,40.626309,531.0000
static,3.166561,40.671224,509.0000
static,3.166561,40.716140,493.0000
static,3.166561,40.761056,482.0000
static,3.166561,40.805972,469.0000
static,3.166561,40.850888,473.0000
static,3.166561,40.895803,481.0000
static,3.166561,40.940719,501.0000
static,3.166561,40.985635,546.0000
static,3.166561,41.030551,508.0000
static,3.166561,41.075466,506.0000
static,3.166561,41.120382,446.0000
static,3.166561,41.165298,429.0000
static,3.166561,41.210214,420.0000
static,3.166561,41.255129,415.0000
static,3.166561,41.300045,402.0000
static,3.166561,41.344961,411.0000
static,3.121646,34.472849,1283.0000
static,3.121646,34.517765,1204.0000
static,3.121646,34.562681,1084.0000
static,3.121646,34.607596,996.0000
static,3.121646,34.652512,865.0000
static,3.121646,34.697428,861.0000
static,3.121646,34.742344,955.0000
static,3.121646,34.787259,1076.0000
static,3.121646,34.832175,1237.0000
static,3.121646,34.877091,1392.0000
static,3.121646,34.922007,1533.0000
static,3.121646,34.966922,1633.0000
static,3.121646,35.011838,2075.0000
static,3.121646,35.056754,1823.0000
static,3.121646,35.101670,1067.0000
static,3.121646,35.146585,802.0000
static,3.121646,35.191501,662.0000
static,3.121646,35.236417,629.0000
static,3.121646,35.281333,608.0000
static,3.121646,35.326249,573.0000
static,3.121646,35.371164,558.0000
static,3.121646,35.416080,543.0000
static,3.121646,35.460996,528.0000
static,3.121646,35.505912,511.0000
static,3.121646,35.550827,505.0000
static,3.121646,35.595743,507.0000
static,3.121646,35.640659,497.0000
static,3.121646,35.685575,482.0000
static,3.121646,35.730490,480.0000
static,3.121646,35.775406,488.0000
static,3.121646,35.820322,484.0000
static,3.121646,35.865238,454.0000
static,3.121646,35.910153,439.0000
static,3.121646,35.955069,437.0000
static,3.121646,35.999985,411.0000
static,3.121646,36.044901,395.0000
static,3.121646,36.089817,387.0000
static,3.121646,36.134732,375.0000
static,3.121646,36.179648,361.0000
static,3.121646,36.224564,361.0000
static,3.121646,36.269480,361.0000
static,3.121646,36.314395,361.0000
static,3.121646,36.359311,369.0000
static,3.121646,36.404227,419.0000
static,3.121646,36.449143,503.0000
static,3.121646,36.494058,567.0000
static,3.121646,36.538974,588.0000
static,3.121646,36.583890,603.0000
static,3.121646,36.628806,647.0000
static,3.121646,36.673721,641.0000
static,3.121646,36.718637,564.0000
static,3.121646,36.763553,518.0000
static,3.121646,36.808469,493.0000
static,3.121646,36.853385,453.0000
static,3.121646,36.898300,445.0000
static,3.121646,36.943216,435.0000
static,3.121646,36.988132,416.0000
static,3.121646,37.033048,410.0000
static,3.121646,37.077963,413.0000
static,3.121646,37.122879,439.0000
static,3.121646,37.167795,482.0000
static,3.121646,37.212711,407.0000
static,3.121646,37.257626,371.0000
static,3.121646,37.302542,368.0000
static,3.121646,37.347458,368.0000
static,3.121646,37.392374,374.0000
static,3.121646,37.437289,402.0000
static,3.121646,37.482205,459.0000
static,3.121646,37.527121,513.0000
static,3.121646,37.572037,641.0000
static,3.121646,37.616953,650.0000
static,3.121646,37.661868,650.0000
static,3.121646,37.706784,615.0000
static,3.121646,37.751700,588.0000
static,3.121646,37.796616,582.0000
static,3.121646,37.841531,589.0000
static,3.121646,37.886447,571.0000
static,3.121646,37.931363,578.0000
static,3.121646,37.976279,589.0000
static,3.121646,38.021194,597.0000
static,3.121646,38.066110,605.0000
static,3.121646,38.111026,602.0000
static,3.121646,38.155942,603.0000
static,3.121646,38.200857,610.0000
static,3.121646,38.245773,613.0000
static,3.121646,38.290689,610.0000
static,3.121646,38.335605,599.0000
static,3.121646,38.380521,599.0000
static,3.121646,38.425436,590.0000
static,3.121646,38.470352,587.0000
static,3.121646,38.515268,591.0000
static,3.121646,38.560184,576.0000
static,3.121646,38.605099,577.0000
static,3.121646,38.650015,593.0000
static,3.121646,38.694931,608.0000
static,3.121646,38.739847,567.0000
static,3.121646,38.784762,569.0000
static,3.121646,38.829678,562.0000
static,3.121646,38.874594,558.0000
static,3.121646,38.919510,565.0000
static,3.121646,38.964425,577.0000
static,3.121646,39.009341,587.0000
static,3.121646,39.054257,594.0000
static,3.121646,39.099173,593.0000
static,3.121646,39.144089,597.0000
static,3.121646,39.189004,603.0000
static,3.121646,39.233920,612.0000
static,3.121646,39.278836,658.0000
static,3.121646,39.323752,640.0000
static,3.121646,39.368667,618.0000
static,3.121646,39.413583,571.0000
static,3.121646,39.458499,580.0000
static,3.121646,39.503415,593.0000
static,3.121646,39.548330,609.0000
static,3.121646,39.593246,634.0000
static,3.121646,39.638162,662.0000
static,3.121646,39.683078,649.0000
static,3.121646,39.727993,638.0000
static,3.121646,39.772909,637.0000
static,3.121646,39.817825,629.0000
static,3.121646,39.862741,621.0000
static,3.121646,39.907656,613.0000
static,3.121646,39.952572,594.0000
static,3.121646,39.997488,580.0000
static,3.121646,40.042404,568.0000
static,3.121646,40.087320,563.0000
static,3.121646,40.132235,553.0000
static,3.121646,40.177151,545.0000
static,3.121646,40.222067,541.0000
static,3.121646,40.266983,522.0000
static,3.121646,40.311898,526.0000
static,3.121646,40.356814,518.0000
static,3.121646,40.401730,515.0000
static,3.121646,40.446646,511.0000
static,3.121646,40.491561,526.0000
static,3.121646,40.536477,592.0000
static,3.121646,40.581393,639.0000
static,3.121646,40.626309,520.0000
static,3.121646,40.671224,497.0000
static,3.121646,40.716140,482.0000
static,3.121646,40.761056,470.0000
static,3.121646,40.805972,457.0000
static,3.121646,40.850888,459.0000
static,3.121646,40.895803,463.0000
static,3.121646,40.940719,466.0000
static,3.121646,40.985635,474.0000
static,3.121646,41.030551,474.0000
static,3.121646,41.075466,464.0000
static,3.121646,41.120382,428.0000
static,3.121646,41.165298,416.0000
static,3.121646,41.210214,409.0000
static,3.121646,41.255129,403.0000
static,3.121646,41.300045,395.0000
static,3.076730,34.562681,1201.0000
static,3.076730,34.607596,1048.0000
static,3.076730,34.652512,888.0000
static,3.076730,34.697428,909.0000
static,3.076730,34.742344,1085.0000
static,3.076730,34.787259,1284.0000
static,3.076730,34.832175,1298.0000
static,3.076730,34.877091,1392.0000
static,3.076730,34.922007,1453.0000
static,3.076730,34.966922,1596.0000
static,3.076730,35.011838,2043.0000
static,3.076730,35.056754,1468.0000
static,3.076730,35.101670,1094.0000
static,3.076730,35.146585,783.0000
static,3.076730,35.191501,676.0000
static,3.076730,35.236417,641.0000
static,3.076730,35.281333,617.0000
static,3.076730,35.326249,577.0000
static,3.076730,35.371164,561.0000
static,3.076730,35.416080,545.0000
static,3.076730,35.460996,530.0000
static,3.076730,35.505912,519.0000
static,3.076730,35.550827,510.0000
static,3.076730,35.595743,520.0000
static,3.076730,35.640659,516.0000
static,3.076730,35.685575,492.0000
static,3.076730,35.730490,491.0000
static,3.076730,35.775406,510.0000
static,3.076730,35.820322,525.0000
static,3.076730,35.865238,460.0000
static,3.076730,35.910153,450.0000
static,3.076730,35.955069,442.0000
static,3.076730,35.999985,411.0000
static,3.076730,36.044901,399.0000
static,3.076730,36.089817,385.0000
static,3.076730,36.134732,375.0000
static,3.076730,36.179648,361.0000
static,3.076730,36.224564,361.0000
static,3.076730,36.269480,361.0000
static,3.076730,36.314395,361.0000
static,3.076730,36.359311,362.0000
static,3.076730,36.404227,393.0000
static,3.076730,36.449143,482.0000
static,3.076730,36.494058,561.0000
static,3.076730,36.538974,572.0000
static,3.076730,36.583890,560.0000
static,3.076730,36.628806,594.0000
static,3.076730,36.673721,638.0000
static,3.076730,36.718637,549.0000
static,3.076730,36.763553,521.0000
static,3.076730,36.808469,507.0000
static,3.076730,36.853385,457.0000
static,3.076730,36.898300,474.0000
static,3.076730,36.943216,457.0000
static,3.076730,36.988132,431.0000
static,3.076730,37.033048,442.0000
static,3.076730,37.077963,460.0000
static,3.076730,37.122879,514.0000
static,3.076730,37.167795,569.0000
static,3.076730,37.212711,436.0000
static,3.076730,37.257626,377.0000
static,3.076730,37.302542,368.0000
static,3.076730,37.347458,368.0000
static,3.076730,37.392374,372.0000
static,3.076730,37.437289,405.0000
static,3.076730,37.482205,458.0000
static,3.076730,37.527121,491.0000
static,3.076730,37.572037,571.0000
static,3.076730,37.616953,559.0000
static,3.076730,37.661868,570.0000
static,3.076730,37.706784,553.0000
static,3.076730,37.751700,540.0000
static,3.076730,37.796616,547.0000
static,3.076730,37.841531,538.0000
static,3.076730,37.886447,551.0000
static,3.076730,37.931363,558.0000
static,3.076730,37.976279,572.0000
static,3.076730,38.021194,584.0000
static,3.076730,38.066110,591.0000
static,3.076730,38.111026,591.0000
static,3.076730,38.155942,590.0000
static,3.076730,38.200857,595.0000
static,3.076730,38.245773,608.0000
static,3.076730,38.290689,602.0000
static,3.076730,38.335605,599.0000
static,3.076730,38.380521,597.0000
static,3.076730,38.425436,584.0000
static,3.076730,38.470352,579.0000
static,3.076730,38.515268,580.0000
static,3.076730,38.560184,581.0000
static,3.076730,38.605099,579.0000
static,3.076730,38.650015,576.0000
static,3.076730,38.694931,604.0000
static,3.076730,38.739847,567.0000
static,3.076730,38.784762,552.0000
static,3.076730,38.829678,553.0000
static,3.076730,38.874594,545.0000
static,3.076730,38.919510,561.0000
static,3.076730,38.964425,569.0000
static,3.076730,39.009341,578.0000
static,3.076730,39.054257,591.0000
static,3.076730,39.099173,583.0000
static,3.076730,39.144089,588.0000
static,3.076730,39.189004,583.0000
static,3.076730,39.233920,594.0000
static,3.076730,39.278836,611.0000
static,3.076730,39.323752,616.0000
static,3.076730,39.368667,607.0000
static,3.076730,39.413583,565.0000
static,3.076730,39.458499,573.0000
static,3.076730,39.503415,580.0000
static,3.076730,39.548330,593.0000
static,3.076730,39.593246,607.0000
static,3.076730,39.638162,639.0000
static,3.076730,39.683078,637.0000
static,3.076730,39.727993,617.0000
static,3.076730,39.772909,631.0000
static,3.076730,39.817825,620.0000
static,3.076730,39.862741,604.0000
static,3.076730,39.907656,594.0000
static,3.076730,39.952572,580.0000
static,3.076730,39.997488,571.0000
static,3.076730,40.042404,556.0000
static,3.076730,40.087320,551.0000
static,3.076730,40.132235,544.0000
static,3.076730,40.177151,536.0000
static,3.076730,40.222067,532.0000
static,3.076730,40.266983,513.0000
static,3.076730,40.311898,520.0000
static,3.076730,40.356814,526.0000
static,3.076730,40.401730,506.0000
static,3.076730,40.446646,504.0000
static,3.076730,40.491561,512.0000
static,3.076730,40.536477,543.0000
static,3.076730,40.581393,562.0000
static,3.076730,40.626309,504.0000
static,3.076730,40.671224,483.0000
static,3.076730,40.716140,471.0000
static,3.076730,40.761056,459.0000
static,3.076730,40.805972,445.0000
static,3.076730,40.850888,444.0000
static,3.076730,40.895803,446.0000
static,3.076730,40.940719,447.0000
static,3.076730,40.985635,444.0000
static,3.076730,41.030551,441.0000
static,3.076730,41.075466,433.0000
static,3.076730,41.120382,412.0000
static,3.076730,41.165298,403.0000
static,3.076730,41.210214,397.0000
static,3.076730,41.255129,393.0000
static,3.031814,34.562681,1317.0000
static,3.031814,34.607596,1051.0000
static,3.031814,34.652512,975.0000
static,3.031814,34.697428,954.0000
static,3.031814,34.742344,1061.0000
static,3.031814,34.787259,1335.0000
static,3.031814,34.832175,1340.0000
static,3.031814,34.877091,1469.0000
static,3.031814,34.922007,1330.0000
static,3.031814,34.966922,1211.0000
static,3.031814,35.011838,1608.0000
static,3.031814,35.056754,1323.0000
static,3.031814,35.101670,934.0000
static,3.031814,35.146585,720.0000
static,3.031814,35.191501,682.0000
static,3.031814,35.236417,647.0000
static,3.031814,35.281333,623.0000
static,3.031814,35.326249,583.0000
static,3.031814,35.371164,565.0000
static,3.031814,35.416080,549.0000
static,3.031814,35.460996,534.0000
static,3.031814,35.505912,537.0000
static,3.031814,35.550827,545.0000
static,3.031814,35.595743,541.0000
static,3.031814,35.640659,530.0000
static,3.031814,35.685575,495.0000
static,3.031814,35.730490,484.0000
static,3.031814,35.775406,493.0000
static,3.031814,35.820322,518.0000
static,3.031814,35.865238,463.0000
static,3.031814,35.910153,445.0000
static,3.031814,35.955069,434.0000
static,3.031814,35.999985,411.0000
static,3.031814,36.044901,387.0000
static,3.031814,36.089817,373.0000
static,3.031814,36.134732,365.0000
static,3.031814,36.179648,361.0000
static,3.031814,36.224564,361.0000
static,3.031814,36.269480,361.0000
static,3.031814,36.314395,361.0000
static,3.031814,36.359311,361.0000
static,3.031814,36.404227,373.0000
static,3.031814,36.449143,451.0000
static,3.031814,36.494058,486.0000
static,3.031814,36.538974,566.0000
static,3.031814,36.583890,506.0000
static,3.031814,36.628806,527.0000
static,3.031814,36.673721,573.0000
static,3.031814,36.718637,554.0000
static,3.031814,36.763553,540.0000
static,3.031814,36.808469,526.0000
static,3.031814,36.853385,509.0000
static,3.031814,36.898300,501.0000
static,3.031814,36.943216,501.0000
static,3.031814,36.988132,488.0000
static,3.031814,37.033048,538.0000
static,3.031814,37.077963,615.0000
static,3.031814,37.122879,723.0000
static,3.031814,37.167795,705.0000
static,3.031814,37.212711,438.0000
static,3.031814,37.257626,396.0000
static,3.031814,37.302542,385.0000
static,3.031814,37.347458,373.0000
static,3.031814,37.392374,368.0000
static,3.031814,37.437289,377.0000
static,3.031814,37.482205,424.0000
static,3.031814,37.527121,450.0000
static,3.031814,37.572037,466.0000
static,3.031814,37.616953,476.0000
static,3.031814,37.661868,466.0000
static,3.031814,37.706784,477.0000
static,3.031814,37.751700,478.0000
static,3.031814,37.796616,479.0000
static,3.031814,37.841531,482.0000
static,3.031814,37.886447,501.0000
static,3.031814,37.931363,518.0000
static,3.031814,37.976279,536.0000
static,3.031814,38.021194,557.0000
static,3.031814,38.066110,561.0000
static,3.031814,38.111026,561.0000
static,3.031814,38.155942,560.0000
static,3.031814,38.200857,565.0000
static,3.031814,38.245773,580.0000
static,3.031814,38.290689,577.0000
static,3.031814,38.335605,571.0000
static,3.031814,38.380521,578.0000
static,3.031814,38.425436,576.0000
static,3.031814,38.470352,581.0000
static,3.031814,38.515268,609.0000
static,3.031814,38.560184,587.0000
static,3.031814,38.605099,578.0000
static,3.031814,38.650015,562.0000
static,3.031814,38.694931,553.0000
static,3.031814,38.739847,573.0000
static,3.031814,38.784762,547.0000
static,3.031814,38.829678,536.0000
static,3.031814,38.874594,529.0000
static,3.031814,38.919510,545.0000
static,3.031814,38.964425,548.0000
static,3.031814,39.009341,574.0000
static,3.031814,39.054257,575.0000
static,3.031814,39.099173,552.0000
static,3.031814,39.144089,563.0000
static,3.031814,39.189004,554.0000
static,3.031814,39.233920,558.0000
static,3.031814,39.278836,571.0000
static,3.031814,39.323752,590.0000
static,3.031814,39.368667,585.0000
static,3.031814,39.413583,549.0000
static,3.031814,39.458499,548.0000
static,3.031814,39.503415,553.0000
static,3.031814,39.548330,557.0000
static,3.031814,39.593246,565.0000
static,3.031814,39.638162,575.0000
static,3.031814,39.683078,583.0000
static,3.031814,39.727993,600.0000
static,3.031814,39.772909,643.0000
static,3.031814,39.817825,631.0000
static,3.031814,39.862741,612.0000
static,3.031814,39.907656,591.0000
static,3.031814,39.952572,562.0000
static,3.031814,39.997488,550.0000
static,3.031814,40.042404,541.0000
static,3.031814,40.087320,538.0000
static,3.031814,40.132235,526.0000
static,3.031814,40.177151,520.0000
static,3.031814,40.222067,514.0000
static,3.031814,40.266983,504.0000
static,3.031814,40.311898,506.0000
static,3.031814,40.356814,494.0000
static,3.031814,40.401730,491.0000
static,3.031814,40.446646,488.0000
static,3.031814,40.491561,487.0000
static,3.031814,40.536477,520.0000
static,3.031814,40.581393,507.0000
static,3.031814,40.626309,468.0000
static,3.031814,40.671224,457.0000
static,3.031814,40.716140,447.0000
static,3.031814,40.761056,438.0000
static,3.031814,40.805972,423.0000
static,3.031814,40.850888,417.0000
static,3.031814,40.895803,416.0000
static,3.031814,40.940719,414.0000
static,3.031814,40.985635,411.0000
static,3.031814,41.030551,408.0000
static,3.031814,41.075466,402.0000
static,3.031814,41.120382,385.0000
static,3.031814,41.165298,380.0000
static,3.031814,41.210214,378.0000
static,2.986898,34.562681,1278.0000
static,2.986898,34.607596,1104.0000
static,2.986898,34.652512,1036.0000
static,2.986898,34.697428,962.0000
static,2.986898,34.742344,982.0000
static,2.986898,34.787259,1075.0000
static,2.986898,34.832175,1310.0000
static,2.986898,34.877091,1464.0000
static,2.986898,34.922007,1575.0000
static,2.986898,34.966922,1149.0000
static,2.986898,35.011838,1275.0000
static,2.986898,35.056754,1130.0000
static,2.986898,35.101670,853.0000
static,2.986898,35.146585,738.0000
static,2.986898,35.191501,688.0000
static,2.986898,35.236417,644.0000
static,2.986898,35.281333,618.0000
static,2.986898,35.326249,582.0000
static,2.986898,35.371164,566.0000
static,2.986898,35.416080,551.0000
static,2.986898,35.460996,543.0000
static,2.986898,35.505912,557.0000
static,2.986898,35.550827,561.0000
static,2.986898,35.595743,554.0000
static,2.986898,35.640659,542.0000
static,2.986898,35.685575,505.0000
static,2.986898,35.730490,490.0000
static,2.986898,35.775406,492.0000
static,2.986898,35.820322,505.0000
static,2.986898,35.865238,470.0000
static,2.986898,35.910153,449.0000
static,2.986898,35.955069,431.0000
static,2.986898,35.999985,405.0000
static,2.986898,36.044901,392.0000
static,2.986898,36.089817,373.0000
static,2.986898,36.134732,366.0000
static,2.986898,36.179648,362.0000
static,2.986898,36.224564,361.0000
static,2.986898,36.269480,361.0000
static,2.986898,36.314395,361.0000
static,2.986898,36.359311,361.0000
static,2.986898,36.404227,364.0000
static,2.986898,36.449143,398.0000
static,2.986898,36.494058,462.0000
static,2.986898,36.538974,523.0000
static,2.986898,36.583890,492.0000
static,2.986898,36.628806,467.0000
static,2.986898,36.673721,492.0000
static,2.986898,36.718637,559.0000
static,2.986898,36.763553,569.0000
static,2.986898,36.808469,553.0000
static,2.986898,36.853385,535.0000
static,2.986898,36.898300,524.0000
static,2.986898,36.943216,537.0000
static,2.986898,36.988132,532.0000
static,2.986898,37.033048,614.0000
static,2.986898,37.077963,715.0000
static,2.986898,37.122879,850.0000
static,2.986898,37.167795,789.0000
static,2.986898,37.212711,438.0000
static,2.986898,37.257626,407.0000
static,2.986898,37.302542,392.0000
static,2.986898,37.347458,376.0000
static,2.986898,37.392374,368.0000
static,2.986898,37.437289,370.0000
static,2.986898,37.482205,413.0000
static,2.986898,37.527121,423.0000
static,2.986898,37.572037,441.0000
static,2.986898,37.616953,434.0000
static,2.986898,37.661868,427.0000
static,2.986898,37.706784,443.0000
static,2.986898,37.751700,454.0000
static,2.986898,37.796616,461.0000
static,2.986898,37.841531,470.0000
static,2.986898,37.886447,493.0000
static,2.986898,37.931363,496.0000
static,2.986898,37.976279,513.0000
static,2.986898,38.021194,534.0000
static,2.986898,38.066110,554.0000
static,2.986898,38.111026,551.0000
static,2.986898,38.155942,546.0000
static,2.986898,38.200857,549.0000
static,2.986898,38.245773,568.0000
static,2.986898,38.290689,562.0000
static,2.986898,38.335605,558.0000
static,2.986898,38.380521,562.0000
static,2.986898,38.425436,566.0000
static,2.986898,38.470352,578.0000
static,2.986898,38.515268,595.0000
static,2.986898,38.560184,592.0000
static,2.986898,38.605099,581.0000
static,2.986898,38.650015,561.0000
static,2.986898,38.694931,545.0000
static,2.986898,38.739847,542.0000
static,2.986898,38.784762,551.0000
static,2.986898,38.829678,531.0000
static,2.986898,38.874594,525.0000
static,2.986898,38.919510,536.0000
static,2.986898,38.964425,540.0000
static,2.986898,39.009341,553.0000
static,2.986898,39.054257,566.0000
static,2.986898,39.099173,544.0000
static,2.986898,39.144089,554.0000
static,2.986898,39.189004,544.0000
static,2.986898,39.233920,547.0000
static,2.986898,39.278836,553.0000
static,2.986898,39.323752,626.0000
static,2.986898,39.368667,570.0000
static,2.986898,39.413583,542.0000
static,2.986898,39.458499,539.0000
static,2.986898,39.503415,539.0000
static,2.986898,39.548330,541.0000
static,2.986898,39.593246,556.0000
static,2.986898,39.638162,565.0000
static,2.986898,39.683078,584.0000
static,2.986898,39.727993,630.0000
static,2.986898,39.772909,758.0000
static,2.986898,39.817825,677.0000
static,2.986898,39.862741,630.0000
static,2.986898,39.907656,601.0000
static,2.986898,39.952572,565.0000
static,2.986898,39.997488,550.0000
static,2.986898,40.042404,537.0000
static,2.986898,40.087320,525.0000
static,2.986898,40.132235,519.0000
static,2.986898,40.177151,514.0000
static,2.986898,40.222067,507.0000
static,2.986898,40.266983,494.0000
static,2.986898,40.311898,486.0000
static,2.986898,40.356814,484.0000
static,2.986898,40.401730,483.0000
static,2.986898,40.446646,478.0000
static,2.986898,40.491561,479.0000
static,2.986898,40.536477,497.0000
static,2.986898,40.581393,503.0000
static,2.986898,40.626309,457.0000
static,2.986898,40.671224,447.0000
static,2.986898,40.716140,438.0000
static,2.986898,40.761056,429.0000
static,2.986898,40.805972,412.0000
static,2.986898,40.850888,406.0000
static,2.986898,40.895803,405.0000
static,2.986898,40.940719,402.0000
static,2.986898,40.985635,398.0000
static,2.986898,41.030551,396.0000
static,2.986898,41.075466,391.0000
static,2.986898,41.120382,377.0000
static,2.986898,41.165298,371.0000
static,2.941983,34.607596,1129.0000
static,2.941983,34.652512,1070.0000
static,2.941983,34.697428,997.0000
static,2.941983,34.742344,1006.0000
static,2.941983,34.787259,1042.0000
static,2.941983,34.832175,1450.0000
static,2.941983,34.877091,1579.0000
static,2.941983,34.922007,1516.0000
static,2.941983,34.966922,1047.0000
static,2.941983,35.011838,884.0000
static,2.941983,35.056754,843.0000
static,2.941983,35.101670,794.0000
static,2.941983,35.146585,721.0000
static,2.941983,35.191501,680.0000
static,2.941983,35.236417,644.0000
static,2.941983,35.281333,623.0000
static,2.941983,35.326249,584.0000
static,2.941983,35.371164,569.0000
static,2.941983,35.416080,557.0000
static,2.941983,35.460996,555.0000
static,2.941983,35.505912,576.0000
static,2.941983,35.550827,584.0000
static,2.941983,35.595743,574.0000
static,2.941983,35.640659,559.0000
static,2.941983,35.685575,514.0000
static,2.941983,35.730490,496.0000
static,2.941983,35.775406,492.0000
static,2.941983,35.820322,493.0000
static,2.941983,35.865238,526.0000
static,2.941983,35.910153,449.0000
static,2.941983,35.955069,429.0000
static,2.941983,35.999985,414.0000
static,2.941983,36.044901,404.0000
static,2.941983,36.089817,372.0000
static,2.941983,36.134732,369.0000
static,2.941983,36.179648,370.0000
static,2.941983,36.224564,369.0000
static,2.941983,36.269480,363.0000
static,2.941983,36.314395,361.0000
static,2.941983,36.359311,361.0000
static,2.941983,36.404227,361.0000
static,2.941983,36.449143,363.0000
static,2.941983,36.494058,391.0000
static,2.941983,36.538974,496.0000
static,2.941983,36.583890,481.0000
static,2.941983,36.628806,435.0000
static,2.941983,36.673721,423.0000
static,2.941983,36.718637,539.0000
static,2.941983,36.763553,610.0000
static,2.941983,36.808469,579.0000
static,2.941983,36.853385,574.0000
static,2.941983,36.898300,581.0000
static,2.941983,36.943216,605.0000
static,2.941983,36.988132,595.0000
static,2.941983,37.033048,678.0000
static,2.941983,37.077963,775.0000
static,2.941983,37.122879,882.0000
static,2.941983,37.167795,812.0000
static,2.941983,37.212711,466.0000
static,2.941983,37.257626,423.0000
static,2.941983,37.302542,395.0000
static,2.941983,37.347458,388.0000
static,2.941983,37.392374,369.0000
static,2.941983,37.437289,368.0000
static,2.941983,37.482205,372.0000
static,2.941983,37.527121,399.0000
static,2.941983,37.572037,404.0000
static,2.941983,37.616953,408.0000
static,2.941983,37.661868,407.0000
static,2.941983,37.706784,428.0000
static,2.941983,37.751700,441.0000
static,2.941983,37.796616,451.0000
static,2.941983,37.841531,460.0000
static,2.941983,37.886447,480.0000
static,2.941983,37.931363,483.0000
static,2.941983,37.976279,497.0000
static,2.941983,38.021194,516.0000
static,2.941983,38.066110,536.0000
static,2.941983,38.111026,541.0000
static,2.941983,38.155942,534.0000
static,2.941983,38.200857,536.0000
static,2.941983,38.245773,555.0000
static,2.941983,38.290689,546.0000
static,2.941983,38.335605,546.0000
static,2.941983,38.380521,548.0000
static,2.941983,38.425436,559.0000
static,2.941983,38.470352,565.0000
static,2.941983,38.515268,574.0000
static,2.941983,38.560184,578.0000
static,2.941983,38.605099,573.0000
static,2.941983,38.650015,557.0000
static,2.941983,38.694931,549.0000
static,2.941983,38.739847,531.0000
static,2.941983,38.784762,549.0000
static,2.941983,38.829678,557.0000
static,2.941983,38.874594,533.0000
static,2.941983,38.919510,528.0000
static,2.941983,38.964425,529.0000
static,2.941983,39.009341,547.0000
static,2.941983,39.054257,549.0000
static,2.941983,39.099173,538.0000
static,2.941983,39.144089,552.0000
static,2.941983,39.189004,539.0000
static,2.941983,39.233920,531.0000
static,2.941983,39.278836,536.0000
static,2.941983,39.323752,538.0000
static,2.941983,39.368667,536.0000
static,2.941983,39.413583,536.0000
static,2.941983,39.458499,531.0000
static,2.941983,39.503415,528.0000
static,2.941983,39.548330,530.0000
static,2.941983,39.593246,548.0000
static,2.941983,39.638162,558.0000
static,2.941983,39.683078,609.0000
static,2.941983,39.727993,767.0000
static,2.941983,39.772909,745.0000
static,2.941983,39.817825,676.0000
static,2.941983,39.862741,633.0000
static,2.941983,39.907656,607.0000
static,2.941983,39.952572,571.0000
static,2.941983,39.997488,562.0000
static,2.941983,40.042404,548.0000
static,2.941983,40.087320,527.0000
static,2.941983,40.132235,511.0000
static,2.941983,40.177151,509.0000
static,2.941983,40.222067,508.0000
static,2.941983,40.266983,513.0000
static,2.941983,40.311898,486.0000
static,2.941983,40.356814,476.0000
static,2.941983,40.401730,475.0000
static,2.941983,40.446646,471.0000
static,2.941983,40.491561,469.0000
static,2.941983,40.536477,478.0000
static,2.941983,40.581393,500.0000
static,2.941983,40.626309,455.0000
static,2.941983,40.671224,442.0000
static,2.941983,40.716140,433.0000
static,2.941983,40.761056,421.0000
static,2.941983,40.805972,402.0000
static,2.941983,40.850888,399.0000
static,2.941983,40.895803,397.0000
static,2.941983,40.940719,394.0000
static,2.941983,40.985635,391.0000
static,2.941983,41.030551,393.0000
static,2.941983,41.075466,388.0000
static,2.941983,41.120382,373.0000
static,2.897067,34.607596,1337.0000
static,2.897067,34.652512,1141.0000
static,2.897067,34.697428,1109.0000
static,2.897067,34.742344,1083.0000
static,2.897067,34.787259,1159.0000
static,2.897067,34.832175,1089.0000
static,2.897067,34.877091,1022.0000
static,2.897067,34.922007,1004.0000
static,2.897067,34.966922,958.0000
static,2.897067,35.011838,760.0000
static,2.897067,35.056754,731.0000
static,2.897067,35.101670,705.0000
static,2.897067,35.146585,667.0000
static,2.897067,35.191501,648.0000
static,2.897067,35.236417,631.0000
static,2.897067,35.281333,619.0000
static,2.897067,35.326249,588.0000
static,2.897067,35.371164,570.0000
static,2.897067,35.416080,573.0000
static,2.897067,35.460996,599.0000
static,2.897067,35.505912,624.0000
static,2.897067,35.550827,624.0000
static,2.897067,35.595743,612.0000
static,2.897067,35.640659,599.0000
static,2.897067,35.685575,533.0000
static,2.897067,35.730490,512.0000
static,2.897067,35.775406,496.0000
static,2.897067,35.820322,494.0000
static,2.897067,35.865238,572.0000
static,2.897067,35.910153,486.0000
static,2.897067,35.955069,447.0000
static,2.897067,35.999985,442.0000
static,2.897067,36.044901,449.0000
static,2.897067,36.089817,393.0000
static,2.897067,36.134732,384.0000
static,2.897067,36.179648,384.0000
static,2.897067,36.224564,385.0000
static,2.897067,36.269480,381.0000
static,2.897067,36.314395,371.0000
static,2.897067,36.359311,361.0000
static,2.897067,36.404227,361.0000
static,2.897067,36.449143,361.0000
static,2.897067,36.494058,361.0000
static,2.897067,36.538974,362.0000
static,2.897067,36.583890,364.0000
static,2.897067,36.628806,364.0000
static,2.897067,36.673721,362.0000
static,2.897067,36.718637,456.0000
static,2.897067,36.763553,591.0000
static,2.897067,36.808469,647.0000
static,2.897067,36.853385,766.0000
static,2.897067,36.898300,894.0000
static,2.897067,36.943216,891.0000
static,2.897067,36.988132,829.0000
static,2.897067,37.033048,727.0000
static,2.897067,37.077963,816.0000
static,2.897067,37.122879,792.0000
static,2.897067,37.167795,654.0000
static,2.897067,37.212711,430.0000
static,2.897067,37.257626,415.0000
static,2.897067,37.302542,409.0000
static,2.897067,37.347458,402.0000
static,2.897067,37.392374,377.0000
static,2.897067,37.437289,367.0000
static,2.897067,37.482205,367.0000
static,2.897067,37.527121,367.0000
static,2.897067,37.572037,366.0000
static,2.897067,37.616953,368.0000
static,2.897067,37.661868,383.0000
static,2.897067,37.706784,421.0000
static,2.897067,37.751700,431.0000
static,2.897067,37.796616,439.0000
static,2.897067,37.841531,450.0000
static,2.897067,37.886447,478.0000
static,2.897067,37.931363,487.0000
static,2.897067,37.976279,498.0000
static,2.897067,38.021194,502.0000
static,2.897067,38.066110,508.0000
static,2.897067,38.111026,514.0000
static,2.897067,38.155942,518.0000
static,2.897067,38.200857,523.0000
static,2.897067,38.245773,526.0000
static,2.897067,38.290689,527.0000
static,2.897067,38.335605,526.0000
static,2.897067,38.380521,530.0000
static,2.897067,38.425436,545.0000
static,2.897067,38.470352,566.0000
static,2.897067,38.515268,576.0000
static,2.897067,38.560184,560.0000
static,2.897067,38.605099,559.0000
static,2.897067,38.650015,554.0000
static,2.897067,38.694931,546.0000
static,2.897067,38.739847,522.0000
static,2.897067,38.784762,521.0000
static,2.897067,38.829678,526.0000
static,2.897067,38.874594,523.0000
static,2.897067,38.919510,507.0000
static,2.897067,38.964425,513.0000
static,2.897067,39.009341,522.0000
static,2.897067,39.054257,519.0000
static,2.897067,39.099173,511.0000
static,2.897067,39.144089,523.0000
static,2.897067,39.189004,515.0000
static,2.897067,39.233920,510.0000
static,2.897067,39.278836,518.0000
static,2.897067,39.323752,527.0000
static,2.897067,39.368667,537.0000
static,2.897067,39.413583,514.0000
static,2.897067,39.458499,514.0000
static,2.897067,39.503415,509.0000
static,2.897067,39.548330,515.0000
static,2.897067,39.593246,530.0000
static,2.897067,39.638162,549.0000
static,2.897067,39.683078,572.0000
static,2.897067,39.727993,595.0000
static,2.897067,39.772909,669.0000
static,2.897067,39.817825,685.0000
static,2.897067,39.862741,655.0000
static,2.897067,39.907656,621.0000
static,2.897067,39.952572,567.0000
static,2.897067,39.997488,555.0000
static,2.897067,40.042404,553.0000
static,2.897067,40.087320,531.0000
static,2.897067,40.132235,504.0000
static,2.897067,40.177151,504.0000
static,2.897067,40.222067,523.0000
static,2.897067,40.266983,550.0000
static,2.897067,40.311898,524.0000
static,2.897067,40.356814,488.0000
static,2.897067,40.401730,465.0000
static,2.897067,40.446646,457.0000
static,2.897067,40.491561,455.0000
static,2.897067,40.536477,455.0000
static,2.897067,40.581393,472.0000
static,2.897067,40.626309,475.0000
static,2.897067,40.671224,454.0000
static,2.897067,40.716140,436.0000
static,2.897067,40.761056,419.0000
static,2.897067,40.805972,394.0000
static,2.897067,40.850888,392.0000
static,2.897067,40.895803,391.0000
static,2.897067,40.940719,390.0000
static,2.897067,40.985635,388.0000
static,2.897067,41.030551,388.0000
static,2.897067,41.075466,395.0000
static,2.852151,34.652512,1196.0000
static,2.852151,34.697428,1210.0000
static,2.852151,34.742344,1193.0000
static,2.852151,34.787259,1179.0000
static,2.852151,34.832175,1007.0000
static,2.852151,34.877091,968.0000
static,2.852151,34.922007,941.0000
static,2.852151,34.966922,961.0000
static,2.852151,35.011838,746.0000
static,2.852151,35.056754,728.0000
static,2.852151,35.101670,702.0000
static,2.852151,35.146585,671.0000
static,2.852151,35.191501,655.0000
static,2.852151,35.236417,642.0000
static,2.852151,35.281333,633.0000
static,2.852151,35.326249,594.0000
static,2.852151,35.371164,579.0000
static,2.852151,35.416080,586.0000
static,2.852151,35.460996,633.0000
static,2.852151,35.505912,655.0000
static,2.852151,35.550827,650.0000
static,2.852151,35.595743,641.0000
static,2.852151,35.640659,638.0000
static,2.852151,35.685575,554.0000
static,2.852151,35.730490,527.0000
static,2.852151,35.775406,510.0000
static,2.852151,35.820322,504.0000
static,2.852151,35.865238,507.0000
static,2.852151,35.910153,495.0000
static,2.852151,35.955069,465.0000
static,2.852151,35.999985,457.0000
static,2.852151,36.044901,442.0000
static,2.852151,36.089817,407.0000
static,2.852151,36.134732,400.0000
static,2.852151,36.179648,394.0000
static,2.852151,36.224564,393.0000
static,2.852151,36.269480,390.0000
static,2.852151,36.314395,396.0000
static,2.852151,36.359311,380.0000
static,2.852151,36.404227,361.0000
static,2.852151,36.449143,361.0000
static,2.852151,36.494058,361.0000
static,2.852151,36.538974,361.0000
static,2.852151,36.583890,361.0000
static,2.852151,36.628806,361.0000
static,2.852151,36.673721,361.0000
static,2.852151,36.718637,447.0000
static,2.852151,36.763553,533.0000
static,2.852151,36.808469,620.0000
static,2.852151,36.853385,893.0000
static,2.852151,36.898300,1161.0000
static,2.852151,36.943216,1176.0000
static,2.852151,36.988132,985.0000
static,2.852151,37.033048,743.0000
static,2.852151,37.077963,767.0000
static,2.852151,37.122879,711.0000
static,2.852151,37.167795,598.0000
static,2.852151,37.212711,434.0000
static,2.852151,37.257626,423.0000
static,2.852151,37.302542,417.0000
static,2.852151,37.347458,411.0000
static,2.852151,37.392374,393.0000
static,2.852151,37.437289,368.0000
static,2.852151,37.482205,367.0000
static,2.852151,37.527121,367.0000
static,2.852151,37.572037,367.0000
static,2.852151,37.616953,366.0000
static,2.852151,37.661868,376.0000
static,2.852151,37.706784,429.0000
static,2.852151,37.751700,432.0000
static,2.852151,37.796616,439.0000
static,2.852151,37.841531,448.0000
static,2.852151,37.886447,468.0000
static,2.852151,37.931363,480.0000
static,2.852151,37.976279,504.0000
static,2.852151,38.021194,513.0000
static,2.852151,38.066110,505.0000
static,2.852151,38.111026,512.0000
static,2.852151,38.155942,522.0000
static,2.852151,38.200857,534.0000
static,2.852151,38.245773,523.0000
static,2.852151,38.290689,521.0000
static,2.852151,38.335605,530.0000
static,2.852151,38.380521,530.0000
static,2.852151,38.425436,552.0000
static,2.852151,38.470352,570.0000
static,2.852151,38.515268,596.0000
static,2.852151,38.560184,552.0000
static,2.852151,38.605099,554.0000
static,2.852151,38.650015,548.0000
static,2.852151,38.694931,540.0000
static,2.852151,38.739847,519.0000
static,2.852151,38.784762,509.0000
static,2.852151,38.829678,511.0000
static,2.852151,38.874594,513.0000
static,2.852151,38.919510,497.0000
static,2.852151,38.964425,506.0000
static,2.852151,39.009341,515.0000
static,2.852151,39.054257,512.0000
static,2.852151,39.099173,504.0000
static,2.852151,39.144089,517.0000
static,2.852151,39.189004,507.0000
static,2.852151,39.233920,493.0000
static,2.852151,39.278836,513.0000
static,2.852151,39.323752,520.0000
static,2.852151,39.368667,524.0000
static,2.852151,39.413583,506.0000
static,2.852151,39.458499,506.0000
static,2.852151,39.503415,501.0000
static,2.852151,39.548330,506.0000
static,2.852151,39.593246,521.0000
static,2.852151,39.638162,541.0000
static,2.852151,39.683078,574.0000
static,2.852151,39.727993,612.0000
static,2.852151,39.772909,755.0000
static,2.852151,39.817825,723.0000
static,2.852151,39.862741,693.0000
static,2.852151,39.907656,624.0000
static,2.852151,39.952572,563.0000
static,2.852151,39.997488,539.0000
static,2.852151,40.042404,530.0000
static,2.852151,40.087320,518.0000
static,2.852151,40.132235,508.0000
static,2.852151,40.177151,506.0000
static,2.852151,40.222067,514.0000
static,2.852151,40.266983,535.0000
static,2.852151,40.311898,545.0000
static,2.852151,40.356814,521.0000
static,2.852151,40.401730,474.0000
static,2.852151,40.446646,449.0000
static,2.852151,40.491561,447.0000
static,2.852151,40.536477,446.0000
static,2.852151,40.581393,450.0000
static,2.852151,40.626309,502.0000
static,2.852151,40.671224,482.0000
static,2.852151,40.716140,447.0000
static,2.852151,40.761056,423.0000
static,2.852151,40.805972,392.0000
static,2.852151,40.850888,391.0000
static,2.852151,40.895803,390.0000
static,2.852151,40.940719,387.0000
static,2.852151,40.985635,385.0000
static,2.852151,41.030551,387.0000
static,2.807235,34.742344,1369.0000
static,2.807235,34.787259,1159.0000
static,2.807235,34.832175,940.0000
static,2.807235,34.877091,898.0000
static,2.807235,34.922007,904.0000
static,2.807235,34.966922,827.0000
static,2.807235,35.011838,789.0000
static,2.807235,35.056754,776.0000
static,2.807235,35.101670,713.0000
static,2.807235,35.146585,685.0000
static,2.807235,35.191501,671.0000
static,2.807235,35.236417,658.0000
static,2.807235,35.281333,647.0000
static,2.807235,35.326249,602.0000
static,2.807235,35.371164,583.0000
static,2.807235,35.416080,600.0000
static,2.807235,35.460996,667.0000
static,2.807235,35.505912,689.0000
static,2.807235,35.550827,684.0000
static,2.807235,35.595743,683.0000
static,2.807235,35.640659,667.0000
static,2.807235,35.685575,580.0000
static,2.807235,35.730490,547.0000
static,2.807235,35.775406,529.0000
static,2.807235,35.820322,518.0000
static,2.807235,35.865238,513.0000
static,2.807235,35.910153,543.0000
static,2.807235,35.955069,491.0000
static,2.807235,35.999985,465.0000
static,2.807235,36.044901,446.0000
static,2.807235,36.089817,423.0000
static,2.807235,36.134732,415.0000
static,2.807235,36.179648,404.0000
static,2.807235,36.224564,400.0000
static,2.807235,36.269480,400.0000
static,2.807235,36.314395,403.0000
static,2.807235,36.359311,514.0000
static,2.807235,36.404227,365.0000
static,2.807235,36.449143,361.0000
static,2.807235,36.494058,361.0000
static,2.807235,36.538974,361.0000
static,2.807235,36.583890,361.0000
static,2.807235,36.628806,361.0000
static,2.807235,36.673721,361.0000
static,2.807235,36.718637,420.0000
static,2.807235,36.763553,500.0000
static,2.807235,36.808469,574.0000
static,2.807235,36.853385,919.0000
static,2.807235,36.898300,1411.0000
static,2.807235,36.943216,1500.0000
static,2.807235,36.988132,1080.0000
static,2.807235,37.033048,742.0000
static,2.807235,37.077963,736.0000
static,2.807235,37.122879,675.0000
static,2.807235,37.167795,561.0000
static,2.807235,37.212711,441.0000
static,2.807235,37.257626,432.0000
static,2.807235,37.302542,426.0000
static,2.807235,37.347458,419.0000
static,2.807235,37.392374,406.0000
static,2.807235,37.437289,389.0000
static,2.807235,37.482205,374.0000
static,2.807235,37.527121,367.0000
static,2.807235,37.572037,367.0000
static,2.807235,37.616953,367.0000
static,2.807235,37.661868,375.0000
static,2.807235,37.706784,421.0000
static,2.807235,37.751700,434.0000
static,2.807235,37.796616,446.0000
static,2.807235,37.841531,466.0000
static,2.807235,37.886447,475.0000
static,2.807235,37.931363,487.0000
static,2.807235,37.976279,500.0000
static,2.807235,38.021194,516.0000
static,2.807235,38.066110,516.0000
static,2.807235,38.111026,526.0000
static,2.807235,38.155942,537.0000
static,2.807235,38.200857,538.0000
static,2.807235,38.245773,539.0000
static,2.807235,38.290689,540.0000
static,2.807235,38.335605,545.0000
static,2.807235,38.380521,545.0000
static,2.807235,38.425436,581.0000
static,2.807235,38.470352,562.0000
static,2.807235,38.515268,572.0000
static,2.807235,38.560184,548.0000
static,2.807235,38.605099,554.0000
static,2.807235,38.650015,561.0000
static,2.807235,38.694931,552.0000
static,2.807235,38.739847,545.0000
static,2.807235,38.784762,509.0000
static,2.807235,38.829678,502.0000
static,2.807235,38.874594,505.0000
static,2.807235,38.919510,492.0000
static,2.807235,38.964425,502.0000
static,2.807235,39.009341,508.0000
static,2.807235,39.054257,510.0000
static,2.807235,39.099173,503.0000
static,2.807235,39.144089,514.0000
static,2.807235,39.189004,500.0000
static,2.807235,39.233920,484.0000
static,2.807235,39.278836,502.0000
static,2.807235,39.323752,503.0000
static,2.807235,39.368667,520.0000
static,2.807235,39.413583,498.0000
static,2.807235,39.458499,500.0000
static,2.807235,39.503415,493.0000
static,2.807235,39.548330,496.0000
static,2.807235,39.593246,511.0000
static,2.807235,39.638162,554.0000
static,2.807235,39.683078,567.0000
static,2.807235,39.727993,573.0000
static,2.807235,39.772909,648.0000
static,2.807235,39.817825,678.0000
static,2.807235,39.862741,740.0000
static,2.807235,39.907656,623.0000
static,2.807235,39.952572,552.0000
static,2.807235,39.997488,530.0000
static,2.807235,40.042404,514.0000
static,2.807235,40.087320,502.0000
static,2.807235,40.132235,503.0000
static,2.807235,40.177151,502.0000
static,2.807235,40.222067,498.0000
static,2.807235,40.266983,539.0000
static,2.807235,40.311898,511.0000
static,2.807235,40.356814,511.0000
static,2.807235,40.401730,480.0000
static,2.807235,40.446646,442.0000
static,2.807235,40.491561,439.0000
static,2.807235,40.536477,438.0000
static,2.807235,40.581393,436.0000
static,2.807235,40.626309,477.0000
static,2.807235,40.671224,511.0000
static,2.807235,40.716140,469.0000
static,2.807235,40.761056,428.0000
static,2.807235,40.805972,393.0000
static,2.807235,40.850888,390.0000
static,2.807235,40.895803,390.0000
static,2.807235,40.940719,386.0000
static,2.807235,40.985635,384.0000
static,2.762319,34.787259,1148.0000
static,2.762319,34.832175,931.0000
static,2.762319,34.877091,899.0000
static,2.762319,34.922007,837.0000
static,2.762319,34.966922,807.0000
static,2.762319,35.011838,757.0000
static,2.762319,35.056754,743.0000
static,2.762319,35.101670,743.0000
static,2.762319,35.146585,702.0000
static,2.762319,35.191501,685.0000
static,2.762319,35.236417,669.0000
static,2.762319,35.281333,649.0000
static,2.762319,35.326249,608.0000
static,2.762319,35.371164,589.0000
static,2.762319,35.416080,614.0000
static,2.762319,35.460996,660.0000
static,2.762319,35.505912,716.0000
static,2.762319,35.550827,729.0000
static,2.762319,35.595743,744.0000
static,2.762319,35.640659,697.0000
static,2.762319,35.685575,606.0000
static,2.762319,35.730490,571.0000
static,2.762319,35.775406,550.0000
static,2.762319,35.820322,532.0000
static,2.762319,35.865238,513.0000
static,2.762319,35.910153,552.0000
static,2.762319,35.955069,525.0000
static,2.762319,35.999985,491.0000
static,2.762319,36.044901,460.0000
static,2.762319,36.089817,435.0000
static,2.762319,36.134732,432.0000
static,2.762319,36.179648,414.0000
static,2.762319,36.224564,411.0000
static,2.762319,36.269480,415.0000
static,2.762319,36.314395,417.0000
static,2.762319,36.359311,609.0000
static,2.762319,36.404227,418.0000
static,2.762319,36.449143,361.0000
static,2.762319,36.494058,361.0000
static,2.762319,36.538974,361.0000
static,2.762319,36.583890,361.0000
static,2.762319,36.628806,361.0000
static,2.762319,36.673721,361.0000
static,2.762319,36.718637,411.0000
static,2.762319,36.763553,501.0000
static,2.762319,36.808469,565.0000
static,2.762319,36.853385,913.0000
static,2.762319,36.898300,1456.0000
static,2.762319,36.943216,1691.0000
static,2.762319,36.988132,1101.0000
static,2.762319,37.033048,714.0000
static,2.762319,37.077963,719.0000
static,2.762319,37.122879,632.0000
static,2.762319,37.167795,527.0000
static,2.762319,37.212711,448.0000
static,2.762319,37.257626,443.0000
static,2.762319,37.302542,436.0000
static,2.762319,37.347458,428.0000
static,2.762319,37.392374,412.0000
static,2.762319,37.437289,401.0000
static,2.762319,37.482205,389.0000
static,2.762319,37.527121,373.0000
static,2.762319,37.572037,367.0000
static,2.762319,37.616953,367.0000
static,2.762319,37.661868,372.0000
static,2.762319,37.706784,419.0000
static,2.762319,37.751700,432.0000
static,2.762319,37.796616,452.0000
static,2.762319,37.841531,476.0000
static,2.762319,37.886447,495.0000
static,2.762319,37.931363,498.0000
static,2.762319,37.976279,508.0000
static,2.762319,38.021194,526.0000
static,2.762319,38.066110,530.0000
static,2.762319,38.111026,549.0000
static,2.762319,38.155942,555.0000
static,2.762319,38.200857,556.0000
static,2.762319,38.245773,552.0000
static,2.762319,38.290689,547.0000
static,2.762319,38.335605,566.0000
static,2.762319,38.380521,565.0000
static,2.762319,38.425436,549.0000
static,2.762319,38.470352,541.0000
static,2.762319,38.515268,532.0000
static,2.762319,38.560184,536.0000
static,2.762319,38.605099,571.0000
static,2.762319,38.650015,615.0000
static,2.762319,38.694931,548.0000
static,2.762319,38.739847,533.0000
static,2.762319,38.784762,511.0000
static,2.762319,38.829678,498.0000
static,2.762319,38.874594,492.0000
static,2.762319,38.919510,489.0000
static,2.762319,38.964425,501.0000
static,2.762319,39.009341,511.0000
static,2.762319,39.054257,505.0000
static,2.762319,39.099173,511.0000
static,2.762319,39.144089,504.0000
static,2.762319,39.189004,492.0000
static,2.762319,39.233920,478.0000
static,2.762319,39.278836,486.0000
static,2.762319,39.323752,490.0000
static,2.762319,39.368667,505.0000
static,2.762319,39.413583,491.0000
static,2.762319,39.458499,503.0000
static,2.762319,39.503415,502.0000
static,2.762319,39.548330,485.0000
static,2.762319,39.593246,497.0000
static,2.762319,39.638162,507.0000
static,2.762319,39.683078,536.0000
static,2.762319,39.727993,546.0000
static,2.762319,39.772909,592.0000
static,2.762319,39.817825,617.0000
static,2.762319,39.862741,624.0000
static,2.762319,39.907656,653.0000
static,2.762319,39.952572,537.0000
static,2.762319,39.997488,518.0000
static,2.762319,40.042404,502.0000
static,2.762319,40.087320,493.0000
static,2.762319,40.132235,481.0000
static,2.762319,40.177151,482.0000
static,2.762319,40.222067,486.0000
static,2.762319,40.266983,556.0000
static,2.762319,40.311898,504.0000
static,2.762319,40.356814,483.0000
static,2.762319,40.401730,460.0000
static,2.762319,40.446646,435.0000
static,2.762319,40.491561,432.0000
static,2.762319,40.536477,428.0000
static,2.762319,40.581393,426.0000
static,2.762319,40.626309,441.0000
static,2.762319,40.671224,464.0000
static,2.762319,40.716140,461.0000
static,2.762319,40.761056,429.0000
static,2.762319,40.805972,393.0000
static,2.762319,40.850888,390.0000
static,2.762319,40.895803,390.0000
static,2.762319,40.940719,389.0000
static,2.762319,40.985635,388.0000
static,2.717404,34.787259,1125.0000
static,2.717404,34.832175,959.0000
static,2.717404,34.877091,939.0000
static,2.717404,34.922007,937.0000
static,2.717404,34.966922,873.0000
static,2.717404,35.011838,816.0000
static,2.717404,35.056754,783.0000
static,2.717404,35.101670,765.0000
static,2.717404,35.146585,729.0000
static,2.717404,35.191501,708.0000
static,2.717404,35.236417,683.0000
static,2.717404,35.281333,660.0000
static,2.717404,35.326249,613.0000
static,2.717404,35.371164,598.0000
static,2.717404,35.416080,627.0000
static,2.717404,35.460996,695.0000
static,2.717404,35.505912,768.0000
static,2.717404,35.550827,824.0000
static,2.717404,35.595743,802.0000
static,2.717404,35.640659,743.0000
static,2.717404,35.685575,645.0000
static,2.717404,35.730490,611.0000
static,2.717404,35.775406,584.0000
static,2.717404,35.820322,561.0000
static,2.717404,35.865238,546.0000
static,2.717404,35.910153,582.0000
static,2.717404,35.955069,593.0000
static,2.717404,35.999985,555.0000
static,2.717404,36.044901,502.0000
static,2.717404,36.089817,457.0000
static,2.717404,36.134732,449.0000
static,2.717404,36.179648,444.0000
static,2.717404,36.224564,442.0000
static,2.717404,36.269480,432.0000
static,2.717404,36.314395,445.0000
static,2.717404,36.359311,554.0000
static,2.717404,36.404227,537.0000
static,2.717404,36.449143,398.0000
static,2.717404,36.494058,361.0000
static,2.717404,36.538974,361.0000
static,2.717404,36.583890,362.0000
static,2.717404,36.628806,361.0000
static,2.717404,36.673721,361.0000
static,2.717404,36.718637,434.0000
static,2.717404,36.763553,495.0000
static,2.717404,36.808469,554.0000
static,2.717404,36.853385,924.0000
static,2.717404,36.898300,1445.0000
static,2.717404,36.943216,1789.0000
static,2.717404,36.988132,1109.0000
static,2.717404,37.033048,651.0000
static,2.717404,37.077963,599.0000
static,2.717404,37.122879,543.0000
static,2.717404,37.167795,508.0000
static,2.717404,37.212711,472.0000
static,2.717404,37.257626,463.0000
static,2.717404,37.302542,454.0000
static,2.717404,37.347458,442.0000
static,2.717404,37.392374,427.0000
static,2.717404,37.437289,420.0000
static,2.717404,37.482205,405.0000
static,2.717404,37.527121,393.0000
static,2.717404,37.572037,372.0000
static,2.717404,37.616953,369.0000
static,2.717404,37.661868,368.0000
static,2.717404,37.706784,431.0000
static,2.717404,37.751700,451.0000
static,2.717404,37.796616,463.0000
static,2.717404,37.841531,489.0000
static,2.717404,37.886447,545.0000
static,2.717404,37.931363,555.0000
static,2.717404,37.976279,569.0000
static,2.717404,38.021194,575.0000
static,2.717404,38.066110,575.0000
static,2.717404,38.111026,582.0000
static,2.717404,38.155942,597.0000
static,2.717404,38.200857,601.0000
static,2.717404,38.245773,582.0000
static,2.717404,38.290689,569.0000
static,2.717404,38.335605,554.0000
static,2.717404,38.380521,554.0000
static,2.717404,38.425436,540.0000
static,2.717404,38.470352,523.0000
static,2.717404,38.515268,506.0000
static,2.717404,38.560184,502.0000
static,2.717404,38.605099,533.0000
static,2.717404,38.650015,533.0000
static,2.717404,38.694931,506.0000
static,2.717404,38.739847,511.0000
static,2.717404,38.784762,497.0000
static,2.717404,38.829678,485.0000
static,2.717404,38.874594,479.0000
static,2.717404,38.919510,482.0000
static,2.717404,38.964425,508.0000
static,2.717404,39.009341,515.0000
static,2.717404,39.054257,495.0000
static,2.717404,39.099173,483.0000
static,2.717404,39.144089,473.0000
static,2.717404,39.189004,462.0000
static,2.717404,39.233920,461.0000
static,2.717404,39.278836,464.0000
static,2.717404,39.323752,478.0000
static,2.717404,39.368667,483.0000
static,2.717404,39.413583,475.0000
static,2.717404,39.458499,477.0000
static,2.717404,39.503415,469.0000
static,2.717404,39.548330,464.0000
static,2.717404,39.593246,476.0000
static,2.717404,39.638162,512.0000
static,2.717404,39.683078,552.0000
static,2.717404,39.727993,523.0000
static,2.717404,39.772909,542.0000
static,2.717404,39.817825,531.0000
static,2.717404,39.862741,535.0000
static,2.717404,39.907656,553.0000
static,2.717404,39.952572,505.0000
static,2.717404,39.997488,516.0000
static,2.717404,40.042404,492.0000
static,2.717404,40.087320,472.0000
static,2.717404,40.132235,460.0000
static,2.717404,40.177151,471.0000
static,2.717404,40.222067,490.0000
static,2.717404,40.266983,546.0000
static,2.717404,40.311898,517.0000
static,2.717404,40.356814,500.0000
static,2.717404,40.401730,489.0000
static,2.717404,40.446646,430.0000
static,2.717404,40.491561,418.0000
static,2.717404,40.536477,412.0000
static,2.717404,40.581393,409.0000
static,2.717404,40.626309,401.0000
static,2.717404,40.671224,405.0000
static,2.717404,40.716140,417.0000
static,2.717404,40.761056,442.0000
static,2.717404,40.805972,423.0000
static,2.717404,40.850888,410.0000
static,2.717404,40.895803,401.0000
static,2.717404,40.940719,396.0000
static,2.717404,40.985635,398.0000
static,2.672488,34.787259,1164.0000
static,2.672488,34.832175,974.0000
static,2.672488,34.877091,945.0000
static,2.672488,34.922007,932.0000
static,2.672488,34.966922,874.0000
static,2.672488,35.011838,819.0000
static,2.672488,35.056754,801.0000
static,2.672488,35.101670,782.0000
static,2.672488,35.146585,744.0000
static,2.672488,35.191501,717.0000
static,2.672488,35.236417,690.0000
static,2.672488,35.281333,665.0000
static,2.672488,35.326249,615.0000
static,2.672488,35.371164,607.0000
static,2.672488,35.416080,643.0000
static,2.672488,35.460996,692.0000
static,2.672488,35.505912,792.0000
static,2.672488,35.550827,911.0000
static,2.672488,35.595743,872.0000
static,2.672488,35.640659,756.0000
static,2.672488,35.685575,663.0000
static,2.672488,35.730490,624.0000
static,2.672488,35.775406,596.0000
static,2.672488,35.820322,573.0000
static,2.672488,35.865238,574.0000
static,2.672488,35.910153,660.0000
static,2.672488,35.955069,688.0000
static,2.672488,35.999985,591.0000
static,2.672488,36.044901,516.0000
static,2.672488,36.089817,471.0000
static,2.672488,36.134732,460.0000
static,2.672488,36.179648,450.0000
static,2.672488,36.224564,450.0000
static,2.672488,36.269480,439.0000
static,2.672488,36.314395,452.0000
static,2.672488,36.359311,572.0000
static,2.672488,36.404227,657.0000
static,2.672488,36.449143,386.0000
static,2.672488,36.494058,361.0000
static,2.672488,36.538974,361.0000
static,2.672488,36.583890,418.0000
static,2.672488,36.628806,371.0000
static,2.672488,36.673721,361.0000
static,2.672488,36.718637,573.0000
static,2.672488,36.763553,635.0000
static,2.672488,36.808469,578.0000
static,2.672488,36.853385,956.0000
static,2.672488,36.898300,1373.0000
static,2.672488,36.943216,1826.0000
static,2.672488,36.988132,1163.0000
static,2.672488,37.033048,638.0000
static,2.672488,37.077963,581.0000
static,2.672488,37.122879,544.0000
static,2.672488,37.167795,513.0000
static,2.672488,37.212711,482.0000
static,2.672488,37.257626,487.0000
static,2.672488,37.302542,460.0000
static,2.672488,37.347458,449.0000
static,2.672488,37.392374,439.0000
static,2.672488,37.437289,437.0000
static,2.672488,37.482205,430.0000
static,2.672488,37.527121,404.0000
static,2.672488,37.572037,375.0000
static,2.672488,37.616953,369.0000
static,2.672488,37.661868,369.0000
static,2.672488,37.706784,437.0000
static,2.672488,37.751700,457.0000
static,2.672488,37.796616,474.0000
static,2.672488,37.841531,507.0000
static,2.672488,37.886447,564.0000
static,2.672488,37.931363,586.0000
static,2.672488,37.976279,594.0000
static,2.672488,38.021194,604.0000
static,2.672488,38.066110,607.0000
static,2.672488,38.111026,609.0000
static,2.672488,38.155942,628.0000
static,2.672488,38.200857,632.0000
static,2.672488,38.245773,605.0000
static,2.672488,38.290689,578.0000
static,2.672488,38.335605,556.0000
static,2.672488,38.380521,548.0000
static,2.672488,38.425436,538.0000
static,2.672488,38.470352,516.0000
static,2.672488,38.515268,514.0000
static,2.672488,38.560184,487.0000
static,2.672488,38.605099,490.0000
static,2.672488,38.650015,501.0000
static,2.672488,38.694931,486.0000
static,2.672488,38.739847,494.0000
static,2.672488,38.784762,486.0000
static,2.672488,38.829678,480.0000
static,2.672488,38.874594,475.0000
static,2.672488,38.919510,488.0000
static,2.672488,38.964425,520.0000
static,2.672488,39.009341,509.0000
static,2.672488,39.054257,486.0000
static,2.672488,39.099173,469.0000
static,2.672488,39.144089,459.0000
static,2.672488,39.189004,448.0000
static,2.672488,39.233920,448.0000
static,2.672488,39.278836,463.0000
static,2.672488,39.323752,478.0000
static,2.672488,39.368667,472.0000
static,2.672488,39.413583,470.0000
static,2.672488,39.458499,463.0000
static,2.672488,39.503415,458.0000
static,2.672488,39.548330,455.0000
static,2.672488,39.593246,474.0000
static,2.672488,39.638162,503.0000
static,2.672488,39.683078,595.0000
static,2.672488,39.727993,527.0000
static,2.672488,39.772909,504.0000
static,2.672488,39.817825,504.0000
static,2.672488,39.862741,505.0000
static,2.672488,39.907656,495.0000
static,2.672488,39.952572,530.0000
static,2.672488,39.997488,607.0000
static,2.672488,40.042404,491.0000
static,2.672488,40.087320,464.0000
static,2.672488,40.132235,461.0000
static,2.672488,40.177151,480.0000
static,2.672488,40.222067,503.0000
static,2.672488,40.266983,565.0000
static,2.672488,40.311898,535.0000
static,2.672488,40.356814,535.0000
static,2.672488,40.401730,538.0000
static,2.672488,40.446646,436.0000
static,2.672488,40.491561,416.0000
static,2.672488,40.536477,404.0000
static,2.672488,40.581393,402.0000
static,2.672488,40.626309,394.0000
static,2.672488,40.671224,393.0000
static,2.672488,40.716140,401.0000
static,2.672488,40.761056,423.0000
static,2.672488,40.805972,451.0000
static,2.672488,40.850888,436.0000
static,2.672488,40.895803,423.0000
static,2.672488,40.940719,413.0000
static,2.672488,40.985635,420.0000
static,2.627572,34.787259,1401.0000
static,2.627572,34.832175,1041.0000
static,2.627572,34.877091,1108.0000
static,2.627572,34.922007,1036.0000
static,2.627572,34.966922,910.0000
static,2.627572,35.011838,832.0000
static,2.627572,35.056754,819.0000
static,2.627572,35.101670,799.0000
static,2.627572,35.146585,778.0000
static,2.627572,35.191501,740.0000
static,2.627572,35.236417,702.0000
static,2.627572,35.281333,670.0000
static,2.627572,35.326249,616.0000
static,2.627572,35.371164,611.0000
static,2.627572,35.416080,640.0000
static,2.627572,35.460996,735.0000
static,2.627572,35.505912,811.0000
static,2.627572,35.550827,983.0000
static,2.627572,35.595743,905.0000
static,2.627572,35.640659,772.0000
static,2.627572,35.685575,672.0000
static,2.627572,35.730490,634.0000
static,2.627572,35.775406,605.0000
static,2.627572,35.820322,581.0000
static,2.627572,35.865238,593.0000
static,2.627572,35.910153,734.0000
static,2.627572,35.955069,810.0000
static,2.627572,35.999985,667.0000
static,2.627572,36.044901,550.0000
static,2.627572,36.089817,487.0000
static,2.627572,36.134732,474.0000
static,2.627572,36.179648,456.0000
static,2.627572,36.224564,454.0000
static,2.627572,36.269480,447.0000
static,2.627572,36.314395,458.0000
static,2.627572,36.359311,581.0000
static,2.627572,36.404227,744.0000
static,2.627572,36.449143,454.0000
static,2.627572,36.494058,361.0000
static,2.627572,36.538974,361.0000
static,2.627572,36.583890,524.0000
static,2.627572,36.628806,392.0000
static,2.627572,36.673721,361.0000
static,2.627572,36.718637,734.0000
static,2.627572,36.763553,878.0000
static,2.627572,36.808469,719.0000
static,2.627572,36.853385,979.0000
static,2.627572,36.898300,1282.0000
static,2.627572,36.943216,1565.0000
static,2.627572,36.988132,1195.0000
static,2.627572,37.033048,625.0000
static,2.627572,37.077963,563.0000
static,2.627572,37.122879,534.0000
static,2.627572,37.167795,515.0000
static,2.627572,37.212711,493.0000
static,2.627572,37.257626,496.0000
static,2.627572,37.302542,477.0000
static,2.627572,37.347458,461.0000
static,2.627572,37.392374,465.0000
static,2.627572,37.437289,470.0000
static,2.627572,37.482205,466.0000
static,2.627572,37.527121,427.0000
static,2.627572,37.572037,386.0000
static,2.627572,37.616953,377.0000
static,2.627572,37.661868,375.0000
static,2.627572,37.706784,439.0000
static,2.627572,37.751700,467.0000
static,2.627572,37.796616,502.0000
static,2.627572,37.841531,534.0000
static,2.627572,37.886447,606.0000
static,2.627572,37.931363,612.0000
static,2.627572,37.976279,610.0000
static,2.627572,38.021194,623.0000
static,2.627572,38.066110,643.0000
static,2.627572,38.111026,647.0000
static,2.627572,38.155942,650.0000
static,2.627572,38.200857,659.0000
static,2.627572,38.245773,632.0000
static,2.627572,38.290689,597.0000
static,2.627572,38.335605,564.0000
static,2.627572,38.380521,545.0000
static,2.627572,38.425436,525.0000
static,2.627572,38.470352,510.0000
static,2.627572,38.515268,507.0000
static,2.627572,38.560184,487.0000
static,2.627572,38.605099,469.0000
static,2.627572,38.650015,483.0000
static,2.627572,38.694931,473.0000
static,2.627572,38.739847,481.0000
static,2.627572,38.784762,470.0000
static,2.627572,38.829678,462.0000
static,2.627572,38.874594,460.0000
static,2.627572,38.919510,478.0000
static,2.627572,38.964425,480.0000
static,2.627572,39.009341,485.0000
static,2.627572,39.054257,479.0000
static,2.627572,39.099173,452.0000
static,2.627572,39.144089,445.0000
static,2.627572,39.189004,439.0000
static,2.627572,39.233920,452.0000
static,2.627572,39.278836,467.0000
static,2.627572,39.323752,469.0000
static,2.627572,39.368667,461.0000
static,2.627572,39.413583,455.0000
static,2.627572,39.458499,452.0000
static,2.627572,39.503415,446.0000
static,2.627572,39.548330,448.0000
static,2.627572,39.593246,461.0000
static,2.627572,39.638162,487.0000
static,2.627572,39.683078,540.0000
static,2.627572,39.727993,534.0000
static,2.627572,39.772909,483.0000
static,2.627572,39.817825,488.0000
static,2.627572,39.862741,482.0000
static,2.627572,39.907656,475.0000
static,2.627572,39.952572,506.0000
static,2.627572,39.997488,551.0000
static,2.627572,40.042404,474.0000
static,2.627572,40.087320,451.0000
static,2.627572,40.132235,466.0000
static,2.627572,40.177151,489.0000
static,2.627572,40.222067,512.0000
static,2.627572,40.266983,569.0000
static,2.627572,40.311898,581.0000
static,2.627572,40.356814,575.0000
static,2.627572,40.401730,563.0000
static,2.627572,40.446646,446.0000
static,2.627572,40.491561,416.0000
static,2.627572,40.536477,398.0000
static,2.627572,40.581393,394.0000
static,2.627572,40.626309,389.0000
static,2.627572,40.671224,387.0000
static,2.627572,40.716140,390.0000
static,2.627572,40.761056,403.0000
static,2.627572,40.805972,466.0000
static,2.627572,40.850888,468.0000
static,2.627572,40.895803,448.0000
static,2.627572,40.940719,448.0000
static,2.627572,40.985635,462.0000
static,2.582656,34.832175,1145.0000
static,2.582656,34.877091,1108.0000
static,2.582656,34.922007,1037.0000
static,2.582656,34.966922,942.0000
static,2.582656,35.011838,873.0000
static,2.582656,35.056754,836.0000
static,2.582656,35.101670,821.0000
static,2.582656,35.146585,833.0000
static,2.582656,35.191501,799.0000
static,2.582656,35.236417,719.0000
static,2.582656,35.281333,679.0000
static,2.582656,35.326249,624.0000
static,2.582656,35.371164,618.0000
static,2.582656,35.416080,647.0000
static,2.582656,35.460996,795.0000
static,2.582656,35.505912,841.0000
static,2.582656,35.550827,907.0000
static,2.582656,35.595743,838.0000
static,2.582656,35.640659,777.0000
static,2.582656,35.685575,674.0000
static,2.582656,35.730490,639.0000
static,2.582656,35.775406,611.0000
static,2.582656,35.820322,588.0000
static,2.582656,35.865238,617.0000
static,2.582656,35.910153,667.0000
static,2.582656,35.955069,746.0000
static,2.582656,35.999985,647.0000
static,2.582656,36.044901,558.0000
static,2.582656,36.089817,508.0000
static,2.582656,36.134732,490.0000
static,2.582656,36.179648,463.0000
static,2.582656,36.224564,460.0000
static,2.582656,36.269480,455.0000
static,2.582656,36.314395,463.0000
static,2.582656,36.359311,640.0000
static,2.582656,36.404227,801.0000
static,2.582656,36.449143,679.0000
static,2.582656,36.494058,442.0000
static,2.582656,36.538974,361.0000
static,2.582656,36.583890,427.0000
static,2.582656,36.628806,365.0000
static,2.582656,36.673721,361.0000
static,2.582656,36.718637,645.0000
static,2.582656,36.763553,898.0000
static,2.582656,36.808469,799.0000
static,2.582656,36.853385,938.0000
static,2.582656,36.898300,1143.0000
static,2.582656,36.943216,1252.0000
static,2.582656,36.988132,1055.0000
static,2.582656,37.033048,620.0000
static,2.582656,37.077963,556.0000
static,2.582656,37.122879,543.0000
static,2.582656,37.167795,532.0000
static,2.582656,37.212711,506.0000
static,2.582656,37.257626,491.0000
static,2.582656,37.302542,478.0000
static,2.582656,37.347458,473.0000
static,2.582656,37.392374,477.0000
static,2.582656,37.437289,484.0000
static,2.582656,37.482205,468.0000
static,2.582656,37.527121,445.0000
static,2.582656,37.572037,395.0000
static,2.582656,37.616953,383.0000
static,2.582656,37.661868,399.0000
static,2.582656,37.706784,446.0000
static,2.582656,37.751700,470.0000
static,2.582656,37.796616,510.0000
static,2.582656,37.841531,555.0000
static,2.582656,37.886447,634.0000
static,2.582656,37.931363,632.0000
static,2.582656,37.976279,641.0000
static,2.582656,38.021194,647.0000
static,2.582656,38.066110,691.0000
static,2.582656,38.111026,706.0000
static,2.582656,38.155942,719.0000
static,2.582656,38.200857,699.0000
static,2.582656,38.245773,632.0000
static,2.582656,38.290689,606.0000
static,2.582656,38.335605,577.0000
static,2.582656,38.380521,542.0000
static,2.582656,38.425436,505.0000
static,2.582656,38.470352,497.0000
static,2.582656,38.515268,501.0000
static,2.582656,38.560184,466.0000
static,2.582656,38.605099,464.0000
static,2.582656,38.650015,465.0000
static,2.582656,38.694931,462.0000
static,2.582656,38.739847,464.0000
static,2.582656,38.784762,455.0000
static,2.582656,38.829678,448.0000
static,2.582656,38.874594,444.0000
static,2.582656,38.919510,450.0000
static,2.582656,38.964425,456.0000
static,2.582656,39.009341,458.0000
static,2.582656,39.054257,463.0000
static,2.582656,39.099173,438.0000
static,2.582656,39.144089,432.0000
static,2.582656,39.189004,436.0000
static,2.582656,39.233920,450.0000
static,2.582656,39.278836,457.0000
static,2.582656,39.323752,451.0000
static,2.582656,39.368667,450.0000
static,2.582656,39.413583,447.0000
static,2.582656,39.458499,442.0000
static,2.582656,39.503415,437.0000
static,2.582656,39.548330,442.0000
static,2.582656,39.593246,447.0000
static,2.582656,39.638162,461.0000
static,2.582656,39.683078,479.0000
static,2.582656,39.727993,521.0000
static,2.582656,39.772909,465.0000
static,2.582656,39.817825,463.0000
static,2.582656,39.862741,461.0000
static,2.582656,39.907656,458.0000
static,2.582656,39.952572,489.0000
static,2.582656,39.997488,521.0000
static,2.582656,40.042404,451.0000
static,2.582656,40.087320,441.0000
static,2.582656,40.132235,468.0000
static,2.582656,40.177151,494.0000
static,2.582656,40.222067,522.0000
static,2.582656,40.266983,605.0000
static,2.582656,40.311898,599.0000
static,2.582656,40.356814,584.0000
static,2.582656,40.401730,555.0000
static,2.582656,40.446646,453.0000
static,2.582656,40.491561,417.0000
static,2.582656,40.536477,394.0000
static,2.582656,40.581393,385.0000
static,2.582656,40.626309,381.0000
static,2.582656,40.671224,386.0000
static,2.582656,40.716140,399.0000
static,2.582656,40.761056,395.0000
static,2.582656,40.805972,439.0000
static,2.582656,40.850888,477.0000
static,2.582656,40.895803,500.0000
static,2.582656,40.940719,467.0000
static,2.582656,40.985635,486.0000
static,2.537741,34.922007,997.0000
static,2.537741,34.966922,992.0000
static,2.537741,35.011838,1013.0000
static,2.537741,35.056754,920.0000
static,2.537741,35.101670,953.0000
static,2.537741,35.146585,1000.0000
static,2.537741,35.191501,789.0000
static,2.537741,35.236417,736.0000
static,2.537741,35.281333,704.0000
static,2.537741,35.326249,649.0000
static,2.537741,35.371164,633.0000
static,2.537741,35.416080,650.0000
static,2.537741,35.460996,801.0000
static,2.537741,35.505912,805.0000
static,2.537741,35.550827,827.0000
static,2.537741,35.595743,804.0000
static,2.537741,35.640659,768.0000
static,2.537741,35.685575,689.0000
static,2.537741,35.730490,658.0000
static,2.537741,35.775406,635.0000
static,2.537741,35.820322,613.0000
static,2.537741,35.865238,636.0000
static,2.537741,35.910153,670.0000
static,2.537741,35.955069,686.0000
static,2.537741,35.999985,588.0000
static,2.537741,36.044901,574.0000
static,2.537741,36.089817,535.0000
static,2.537741,36.134732,508.0000
static,2.537741,36.179648,482.0000
static,2.537741,36.224564,472.0000
static,2.537741,36.269480,467.0000
static,2.537741,36.314395,471.0000
static,2.537741,36.359311,682.0000
static,2.537741,36.404227,901.0000
static,2.537741,36.449143,926.0000
static,2.537741,36.494058,912.0000
static,2.537741,36.538974,361.0000
static,2.537741,36.583890,361.0000
static,2.537741,36.628806,361.0000
static,2.537741,36.673721,361.0000
static,2.537741,36.718637,602.0000
static,2.537741,36.763553,651.0000
static,2.537741,36.808469,689.0000
static,2.537741,36.853385,821.0000
static,2.537741,36.898300,874.0000
static,2.537741,36.943216,882.0000
static,2.537741,36.988132,811.0000
static,2.537741,37.033048,619.0000
static,2.537741,37.077963,592.0000
static,2.537741,37.122879,575.0000
static,2.537741,37.167795,560.0000
static,2.537741,37.212711,524.0000
static,2.537741,37.257626,510.0000
static,2.537741,37.302542,498.0000
static,2.537741,37.347458,486.0000
static,2.537741,37.392374,501.0000
static,2.537741,37.437289,483.0000
static,2.537741,37.482205,495.0000
static,2.537741,37.527121,447.0000
static,2.537741,37.572037,415.0000
static,2.537741,37.616953,404.0000
static,2.537741,37.661868,425.0000
static,2.537741,37.706784,489.0000
static,2.537741,37.751700,522.0000
static,2.537741,37.796616,538.0000
static,2.537741,37.841531,577.0000
static,2.537741,37.886447,662.0000
static,2.537741,37.931363,700.0000
static,2.537741,37.976279,718.0000
static,2.537741,38.021194,766.0000
static,2.537741,38.066110,853.0000
static,2.537741,38.111026,833.0000
static,2.537741,38.155942,815.0000
static,2.537741,38.200857,768.0000
static,2.537741,38.245773,640.0000
static,2.537741,38.290689,597.0000
static,2.537741,38.335605,565.0000
static,2.537741,38.380521,529.0000
static,2.537741,38.425436,480.0000
static,2.537741,38.470352,464.0000
static,2.537741,38.515268,457.0000
static,2.537741,38.560184,445.0000
static,2.537741,38.605099,439.0000
static,2.537741,38.650015,444.0000
static,2.537741,38.694931,437.0000
static,2.537741,38.739847,432.0000
static,2.537741,38.784762,429.0000
static,2.537741,38.829678,423.0000
static,2.537741,38.874594,424.0000
static,2.537741,38.919510,425.0000
static,2.537741,38.964425,424.0000
static,2.537741,39.009341,433.0000
static,2.537741,39.054257,439.0000
static,2.537741,39.099173,420.0000
static,2.537741,39.144089,418.0000
static,2.537741,39.189004,422.0000
static,2.537741,39.233920,430.0000
static,2.537741,39.278836,435.0000
static,2.537741,39.323752,433.0000
static,2.537741,39.368667,434.0000
static,2.537741,39.413583,432.0000
static,2.537741,39.458499,429.0000
static,2.537741,39.503415,425.0000
static,2.537741,39.548330,445.0000
static,2.537741,39.593246,421.0000
static,2.537741,39.638162,431.0000
static,2.537741,39.683078,450.0000
static,2.537741,39.727993,459.0000
static,2.537741,39.772909,435.0000
static,2.537741,39.817825,435.0000
static,2.537741,39.862741,448.0000
static,2.537741,39.907656,487.0000
static,2.537741,39.952572,427.0000
static,2.537741,39.997488,460.0000
static,2.537741,40.042404,446.0000
static,2.537741,40.087320,436.0000
static,2.537741,40.132235,467.0000
static,2.537741,40.177151,494.0000
static,2.537741,40.222067,543.0000
static,2.537741,40.266983,568.0000
static,2.537741,40.311898,541.0000
static,2.537741,40.356814,511.0000
static,2.537741,40.401730,488.0000
static,2.537741,40.446646,435.0000
static,2.537741,40.491561,409.0000
static,2.537741,40.536477,390.0000
static,2.537741,40.581393,375.0000
static,2.537741,40.626309,365.0000
static,2.537741,40.671224,364.0000
static,2.537741,40.716140,392.0000
static,2.537741,40.761056,371.0000
static,2.537741,40.805972,379.0000
static,2.537741,40.850888,413.0000
static,2.537741,40.895803,417.0000
static,2.537741,40.940719,529.0000
static,2.537741,40.985635,432.0000
static,2.492825,34.922007,1070.0000
static,2.492825,34.966922,1033.0000
static,2.492825,35.011838,1177.0000
static,2.492825,35.056754,993.0000
static,2.492825,35.101670,959.0000
static,2.492825,35.146585,955.0000
static,2.492825,35.191501,820.0000
static,2.492825,35.236417,749.0000
static,2.492825,35.281333,711.0000
static,2.492825,35.326249,656.0000
static,2.492825,35.371164,644.0000
static,2.492825,35.416080,650.0000
static,2.492825,35.460996,759.0000
static,2.492825,35.505912,789.0000
static,2.492825,35.550827,878.0000
static,2.492825,35.595743,828.0000
static,2.492825,35.640659,796.0000
static,2.492825,35.685575,692.0000
static,2.492825,35.730490,661.0000
static,2.492825,35.775406,637.0000
static,2.492825,35.820322,620.0000
static,2.492825,35.865238,649.0000
static,2.492825,35.910153,694.0000
static,2.492825,35.955069,632.0000
static,2.492825,35.999985,591.0000
static,2.492825,36.044901,554.0000
static,2.492825,36.089817,529.0000
static,2.492825,36.134732,509.0000
static,2.492825,36.179648,485.0000
static,2.492825,36.224564,474.0000
static,2.492825,36.269480,474.0000
static,2.492825,36.314395,486.0000
static,2.492825,36.359311,768.0000
static,2.492825,36.404227,915.0000
static,2.492825,36.449143,917.0000
static,2.492825,36.494058,939.0000
static,2.492825,36.538974,361.0000
static,2.492825,36.583890,361.0000
static,2.492825,36.628806,361.0000
static,2.492825,36.673721,361.0000
static,2.492825,36.718637,633.0000
static,2.492825,36.763553,688.0000
static,2.492825,36.808469,734.0000
static,2.492825,36.853385,784.0000
static,2.492825,36.898300,806.0000
static,2.492825,36.943216,779.0000
static,2.492825,36.988132,734.0000
static,2.492825,37.033048,622.0000
static,2.492825,37.077963,607.0000
static,2.492825,37.122879,590.0000
static,2.492825,37.167795,570.0000
static,2.492825,37.212711,532.0000
static,2.492825,37.257626,518.0000
static,2.492825,37.302542,506.0000
static,2.492825,37.347458,493.0000
static,2.492825,37.392374,471.0000
static,2.492825,37.437289,461.0000
static,2.492825,37.482205,450.0000
static,2.492825,37.527121,438.0000
static,2.492825,37.572037,418.0000
static,2.492825,37.616953,419.0000
static,2.492825,37.661868,441.0000
static,2.492825,37.706784,521.0000
static,2.492825,37.751700,560.0000
static,2.492825,37.796616,577.0000
static,2.492825,37.841531,619.0000
static,2.492825,37.886447,698.0000
static,2.492825,37.931363,746.0000
static,2.492825,37.976279,773.0000
static,2.492825,38.021194,831.0000
static,2.492825,38.066110,892.0000
static,2.492825,38.111026,878.0000
static,2.492825,38.155942,840.0000
static,2.492825,38.200857,777.0000
static,2.492825,38.245773,627.0000
static,2.492825,38.290689,577.0000
static,2.492825,38.335605,545.0000
static,2.492825,38.380521,518.0000
static,2.492825,38.425436,472.0000
static,2.492825,38.470352,452.0000
static,2.492825,38.515268,441.0000
static,2.492825,38.560184,441.0000
static,2.492825,38.605099,462.0000
static,2.492825,38.650015,465.0000
static,2.492825,38.694931,440.0000
static,2.492825,38.739847,422.0000
static,2.492825,38.784762,419.0000
static,2.492825,38.829678,418.0000
static,2.492825,38.874594,416.0000
static,2.492825,38.919510,416.0000
static,2.492825,38.964425,416.0000
static,2.492825,39.009341,421.0000
static,2.492825,39.054257,433.0000
static,2.492825,39.099173,413.0000
static,2.492825,39.144089,410.0000
static,2.492825,39.189004,414.0000
static,2.492825,39.233920,419.0000
static,2.492825,39.278836,427.0000
static,2.492825,39.323752,426.0000
static,2.492825,39.368667,427.0000
static,2.492825,39.413583,425.0000
static,2.492825,39.458499,422.0000
static,2.492825,39.503415,417.0000
static,2.492825,39.548330,414.0000
static,2.492825,39.593246,415.0000
static,2.492825,39.638162,419.0000
static,2.492825,39.683078,426.0000
static,2.492825,39.727993,431.0000
static,2.492825,39.772909,422.0000
static,2.492825,39.817825,433.0000
static,2.492825,39.862741,463.0000
static,2.492825,39.907656,475.0000
static,2.492825,39.952572,439.0000
static,2.492825,39.997488,449.0000
static,2.492825,40.042404,445.0000
static,2.492825,40.087320,434.0000
static,2.492825,40.132235,468.0000
static,2.492825,40.177151,490.0000
static,2.492825,40.222067,530.0000
static,2.492825,40.266983,531.0000
static,2.492825,40.311898,513.0000
static,2.492825,40.356814,491.0000
static,2.492825,40.401730,474.0000
static,2.492825,40.446646,431.0000
static,2.492825,40.491561,409.0000
static,2.492825,40.536477,390.0000
static,2.492825,40.581393,373.0000
static,2.492825,40.626309,358.0000
static,2.492825,40.671224,355.0000
static,2.492825,40.716140,354.0000
static,2.492825,40.761056,354.0000
static,2.492825,40.805972,363.0000
static,2.492825,40.850888,367.0000
static,2.492825,40.895803,414.0000
static,2.492825,40.940719,549.0000
static,2.492825,40.985635,436.0000
static,2.447909,34.922007,1252.0000
static,2.447909,34.966922,1215.0000
static,2.447909,35.011838,1322.0000
static,2.447909,35.056754,1146.0000
static,2.447909,35.101670,1008.0000
static,2.447909,35.146585,1092.0000
static,2.447909,35.191501,846.0000
static,2.447909,35.236417,745.0000
static,2.447909,35.281333,712.0000
static,2.447909,35.326249,667.0000
static,2.447909,35.371164,650.0000
static,2.447909,35.416080,660.0000
static,2.447909,35.460996,701.0000
static,2.447909,35.505912,772.0000
static,2.447909,35.550827,837.0000
static,2.447909,35.595743,840.0000
static,2.447909,35.640659,828.0000
static,2.447909,35.685575,706.0000
static,2.447909,35.730490,672.0000
static,2.447909,35.775406,649.0000
static,2.447909,35.820322,631.0000
static,2.447909,35.865238,643.0000
static,2.447909,35.910153,702.0000
static,2.447909,35.955069,635.0000
static,2.447909,35.999985,603.0000
static,2.447909,36.044901,553.0000
static,2.447909,36.089817,525.0000
static,2.447909,36.134732,524.0000
static,2.447909,36.179648,503.0000
static,2.447909,36.224564,496.0000
static,2.447909,36.269480,499.0000
static,2.447909,36.314395,517.0000
static,2.447909,36.359311,865.0000
static,2.447909,36.404227,954.0000
static,2.447909,36.449143,893.0000
static,2.447909,36.494058,923.0000
static,2.447909,36.538974,361.0000
static,2.447909,36.583890,361.0000
static,2.447909,36.628806,361.0000
static,2.447909,36.673721,363.0000
static,2.447909,36.718637,653.0000
static,2.447909,36.763553,784.0000
static,2.447909,36.808469,836.0000
static,2.447909,36.853385,748.0000
static,2.447909,36.898300,717.0000
static,2.447909,36.943216,704.0000
static,2.447909,36.988132,676.0000
static,2.447909,37.033048,637.0000
static,2.447909,37.077963,620.0000
static,2.447909,37.122879,600.0000
static,2.447909,37.167795,578.0000
static,2.447909,37.212711,540.0000
static,2.447909,37.257626,525.0000
static,2.447909,37.302542,513.0000
static,2.447909,37.347458,500.0000
static,2.447909,37.392374,476.0000
static,2.447909,37.437289,462.0000
static,2.447909,37.482205,450.0000
static,2.447909,37.527121,440.0000
static,2.447909,37.572037,437.0000
static,2.447909,37.616953,434.0000
static,2.447909,37.661868,453.0000
static,2.447909,37.706784,548.0000
static,2.447909,37.751700,599.0000
static,2.447909,37.796616,650.0000
static,2.447909,37.841531,691.0000
static,2.447909,37.886447,745.0000
static,2.447909,37.931363,802.0000
static,2.447909,37.976279,886.0000
static,2.447909,38.021194,948.0000
static,2.447909,38.066110,966.0000
static,2.447909,38.111026,922.0000
static,2.447909,38.155942,837.0000
static,2.447909,38.200857,755.0000
static,2.447909,38.245773,620.0000
static,2.447909,38.290689,571.0000
static,2.447909,38.335605,539.0000
static,2.447909,38.380521,507.0000
static,2.447909,38.425436,465.0000
static,2.447909,38.470352,437.0000
static,2.447909,38.515268,429.0000
static,2.447909,38.560184,440.0000
static,2.447909,38.605099,448.0000
static,2.447909,38.650015,460.0000
static,2.447909,38.694931,438.0000
static,2.447909,38.739847,412.0000
static,2.447909,38.784762,410.0000
static,2.447909,38.829678,412.0000
static,2.447909,38.874594,411.0000
static,2.447909,38.919510,407.0000
static,2.447909,38.964425,409.0000
static,2.447909,39.009341,409.0000
static,2.447909,39.054257,422.0000
static,2.447909,39.099173,406.0000
static,2.447909,39.144089,401.0000
static,2.447909,39.189004,407.0000
static,2.447909,39.233920,407.0000
static,2.447909,39.278836,418.0000
static,2.447909,39.323752,419.0000
static,2.447909,39.368667,419.0000
static,2.447909,39.413583,416.0000
static,2.447909,39.458499,415.0000
static,2.447909,39.503415,411.0000
static,2.447909,39.548330,407.0000
static,2.447909,39.593246,409.0000
static,2.447909,39.638162,406.0000
static,2.447909,39.683078,412.0000
static,2.447909,39.727993,411.0000
static,2.447909,39.772909,417.0000
static,2.447909,39.817825,432.0000
static,2.447909,39.862741,449.0000
static,2.447909,39.907656,435.0000
static,2.447909,39.952572,418.0000
static,2.447909,39.997488,439.0000
static,2.447909,40.042404,423.0000
static,2.447909,40.087320,431.0000
static,2.447909,40.132235,465.0000
static,2.447909,40.177151,495.0000
static,2.447909,40.222067,526.0000
static,2.447909,40.266983,540.0000
static,2.447909,40.311898,543.0000
static,2.447909,40.356814,513.0000
static,2.447909,40.401730,479.0000
static,2.447909,40.446646,446.0000
static,2.447909,40.491561,413.0000
static,2.447909,40.536477,390.0000
static,2.447909,40.581393,369.0000
static,2.447909,40.626309,349.0000
static,2.447909,40.671224,348.0000
static,2.447909,40.716140,344.0000
static,2.447909,40.761056,343.0000
static,2.447909,40.805972,347.0000
static,2.447909,40.850888,352.0000
static,2.447909,40.895803,391.0000
static,2.447909,40.940719,467.0000
static,2.447909,40.985635,461.0000
static,2.402993,34.922007,1346.0000
static,2.402993,34.966922,1491.0000
static,2.402993,35.011838,1537.0000
static,2.402993,35.056754,1344.0000
static,2.402993,35.101670,1216.0000
static,2.402993,35.146585,1493.0000
static,2.402993,35.191501,969.0000
static,2.402993,35.236417,762.0000
static,2.402993,35.281333,723.0000
static,2.402993,35.326249,677.0000
static,2.402993,35.371164,658.0000
static,2.402993,35.416080,658.0000
static,2.402993,35.460996,688.0000
static,2.402993,35.505912,759.0000
static,2.402993,35.550827,798.0000
static,2.402993,35.595743,825.0000
static,2.402993,35.640659,804.0000
static,2.402993,35.685575,716.0000
static,2.402993,35.730490,685.0000
static,2.402993,35.775406,660.0000
static,2.402993,35.820322,642.0000
static,2.402993,35.865238,636.0000
static,2.402993,35.910153,632.0000
static,2.402993,35.955069,617.0000
static,2.402993,35.999985,588.0000
static,2.402993,36.044901,551.0000
static,2.402993,36.089817,534.0000
static,2.402993,36.134732,540.0000
static,2.402993,36.179648,535.0000
static,2.402993,36.224564,535.0000
static,2.402993,36.269480,547.0000
static,2.402993,36.314395,554.0000
static,2.402993,36.359311,993.0000
static,2.402993,36.404227,1025.0000
static,2.402993,36.449143,915.0000
static,2.402993,36.494058,916.0000
static,2.402993,36.538974,365.0000
static,2.402993,36.583890,377.0000
static,2.402993,36.628806,374.0000
static,2.402993,36.673721,405.0000
static,2.402993,36.718637,683.0000
static,2.402993,36.763553,922.0000
static,2.402993,36.808469,920.0000
static,2.402993,36.853385,765.0000
static,2.402993,36.898300,735.0000
static,2.402993,36.943216,710.0000
static,2.402993,36.988132,693.0000
static,2.402993,37.033048,653.0000
static,2.402993,37.077963,630.0000
static,2.402993,37.122879,607.0000
static,2.402993,37.167795,585.0000
static,2.402993,37.212711,549.0000
static,2.402993,37.257626,534.0000
static,2.402993,37.302542,519.0000
static,2.402993,37.347458,505.0000
static,2.402993,37.392374,479.0000
static,2.402993,37.437289,466.0000
static,2.402993,37.482205,455.0000
static,2.402993,37.527121,447.0000
static,2.402993,37.572037,453.0000
static,2.402993,37.616953,461.0000
static,2.402993,37.661868,494.0000
static,2.402993,37.706784,604.0000
static,2.402993,37.751700,657.0000
static,2.402993,37.796616,703.0000
static,2.402993,37.841531,722.0000
static,2.402993,37.886447,822.0000
static,2.402993,37.931363,898.0000
static,2.402993,37.976279,999.0000
static,2.402993,38.021194,1099.0000
static,2.402993,38.066110,1026.0000
static,2.402993,38.111026,914.0000
static,2.402993,38.155942,815.0000
static,2.402993,38.200857,724.0000
static,2.402993,38.245773,593.0000
static,2.402993,38.290689,552.0000
static,2.402993,38.335605,524.0000
static,2.402993,38.380521,504.0000
static,2.402993,38.425436,443.0000
static,2.402993,38.470352,428.0000
static,2.402993,38.515268,421.0000
static,2.402993,38.560184,428.0000
static,2.402993,38.605099,425.0000
static,2.402993,38.650015,429.0000
static,2.402993,38.694931,424.0000
static,2.402993,38.739847,405.0000
static,2.402993,38.784762,407.0000
static,2.402993,38.829678,403.0000
static,2.402993,38.874594,405.0000
static,2.402993,38.919510,402.0000
static,2.402993,38.964425,401.0000
static,2.402993,39.009341,399.0000
static,2.402993,39.054257,415.0000
static,2.402993,39.099173,397.0000
static,2.402993,39.144089,395.0000
static,2.402993,39.189004,396.0000
static,2.402993,39.233920,399.0000
static,2.402993,39.278836,411.0000
static,2.402993,39.323752,411.0000
static,2.402993,39.368667,412.0000
static,2.402993,39.413583,408.0000
static,2.402993,39.458499,407.0000
static,2.402993,39.503415,405.0000
static,2.402993,39.548330,401.0000
static,2.402993,39.593246,403.0000
static,2.402993,39.638162,394.0000
static,2.402993,39.683078,398.0000
static,2.402993,39.727993,400.0000
static,2.402993,39.772909,400.0000
static,2.402993,39.817825,404.0000
static,2.402993,39.862741,407.0000
static,2.402993,39.907656,405.0000
static,2.402993,39.952572,409.0000
static,2.402993,39.997488,423.0000
static,2.402993,40.042404,413.0000
static,2.402993,40.087320,425.0000
static,2.402993,40.132235,466.0000
static,2.402993,40.177151,503.0000
static,2.402993,40.222067,537.0000
static,2.402993,40.266983,567.0000
static,2.402993,40.311898,542.0000
static,2.402993,40.356814,509.0000
static,2.402993,40.401730,480.0000
static,2.402993,40.446646,444.0000
static,2.402993,40.491561,410.0000
static,2.402993,40.536477,389.0000
static,2.402993,40.581393,367.0000
static,2.402993,40.626309,345.0000
static,2.402993,40.671224,338.0000
static,2.402993,40.716140,338.0000
static,2.402993,40.761056,334.0000
static,2.402993,40.805972,336.0000
static,2.402993,40.850888,339.0000
static,2.402993,40.895803,362.0000
static,2.402993,40.940719,370.0000
static,2.402993,40.985635,446.0000
static,2.358078,34.922007,1566.0000
static,2.358078,34.966922,1655.0000
static,2.358078,35.011838,2076.0000
static,2.358078,35.056754,2115.0000
static,2.358078,35.101670,1397.0000
static,2.358078,35.146585,1090.0000
static,2.358078,35.191501,1042.0000
static,2.358078,35.236417,779.0000
static,2.358078,35.281333,740.0000
static,2.358078,35.326249,702.0000
static,2.358078,35.371164,680.0000
static,2.358078,35.416080,673.0000
static,2.358078,35.460996,690.0000
static,2.358078,35.505912,751.0000
static,2.358078,35.550827,792.0000
static,2.358078,35.595743,820.0000
static,2.358078,35.640659,805.0000
static,2.358078,35.685575,721.0000
static,2.358078,35.730490,686.0000
static,2.358078,35.775406,659.0000
static,2.358078,35.820322,639.0000
static,2.358078,35.865238,610.0000
static,2.358078,35.910153,595.0000
static,2.358078,35.955069,582.0000
static,2.358078,35.999985,562.0000
static,2.358078,36.044901,567.0000
static,2.358078,36.089817,594.0000
static,2.358078,36.134732,600.0000
static,2.358078,36.179648,544.0000
static,2.358078,36.224564,584.0000
static,2.358078,36.269480,643.0000
static,2.358078,36.314395,743.0000
static,2.358078,36.359311,1203.0000
static,2.358078,36.404227,1115.0000
static,2.358078,36.449143,965.0000
static,2.358078,36.494058,965.0000
static,2.358078,36.538974,717.0000
static,2.358078,36.583890,761.0000
static,2.358078,36.628806,826.0000
static,2.358078,36.673721,854.0000
static,2.358078,36.718637,1054.0000
static,2.358078,36.763553,1153.0000
static,2.358078,36.808469,1087.0000
static,2.358078,36.853385,862.0000
static,2.358078,36.898300,784.0000
static,2.358078,36.943216,755.0000
static,2.358078,36.988132,734.0000
static,2.358078,37.033048,668.0000
static,2.358078,37.077963,639.0000
static,2.358078,37.122879,615.0000
static,2.358078,37.167795,598.0000
static,2.358078,37.212711,567.0000
static,2.358078,37.257626,550.0000
static,2.358078,37.302542,534.0000
static,2.358078,37.347458,518.0000
static,2.358078,37.392374,491.0000
static,2.358078,37.437289,480.0000
static,2.358078,37.482205,467.0000
static,2.358078,37.527121,469.0000
static,2.358078,37.572037,490.0000
static,2.358078,37.616953,512.0000
static,2.358078,37.661868,545.0000
static,2.358078,37.706784,706.0000
static,2.358078,37.751700,747.0000
static,2.358078,37.796616,788.0000
static,2.358078,37.841531,850.0000
static,2.358078,37.886447,996.0000
static,2.358078,37.931363,1154.0000
static,2.358078,37.976279,1335.0000
static,2.358078,38.021194,1307.0000
static,2.358078,38.066110,1015.0000
static,2.358078,38.111026,840.0000
static,2.358078,38.155942,710.0000
static,2.358078,38.200857,633.0000
static,2.358078,38.245773,562.0000
static,2.358078,38.290689,524.0000
static,2.358078,38.335605,501.0000
static,2.358078,38.380521,479.0000
static,2.358078,38.425436,436.0000
static,2.358078,38.470352,424.0000
static,2.358078,38.515268,418.0000
static,2.358078,38.560184,408.0000
static,2.358078,38.605099,406.0000
static,2.358078,38.650015,407.0000
static,2.358078,38.694931,398.0000
static,2.358078,38.739847,396.0000
static,2.358078,38.784762,391.0000
static,2.358078,38.829678,392.0000
static,2.358078,38.874594,392.0000
static,2.358078,38.919510,392.0000
static,2.358078,38.964425,390.0000
static,2.358078,39.009341,387.0000
static,2.358078,39.054257,390.0000
static,2.358078,39.099173,386.0000
static,2.358078,39.144089,382.0000
static,2.358078,39.189004,384.0000
static,2.358078,39.233920,388.0000
static,2.358078,39.278836,395.0000
static,2.358078,39.323752,396.0000
static,2.358078,39.368667,396.0000
static,2.358078,39.413583,394.0000
static,2.358078,39.458499,393.0000
static,2.358078,39.503415,390.0000
static,2.358078,39.548330,386.0000
static,2.358078,39.593246,382.0000
static,2.358078,39.638162,376.0000
static,2.358078,39.683078,379.0000
static,2.358078,39.727993,382.0000
static,2.358078,39.772909,378.0000
static,2.358078,39.817825,374.0000
static,2.358078,39.862741,373.0000
static,2.358078,39.907656,377.0000
static,2.358078,39.952572,383.0000
static,2.358078,39.997488,392.0000
static,2.358078,40.042404,406.0000
static,2.358078,40.087320,423.0000
static,2.358078,40.132235,462.0000
static,2.358078,40.177151,483.0000
static,2.358078,40.222067,510.0000
static,2.358078,40.266983,561.0000
static,2.358078,40.311898,504.0000
static,2.358078,40.356814,470.0000
static,2.358078,40.401730,450.0000
static,2.358078,40.446646,417.0000
static,2.358078,40.491561,407.0000
static,2.358078,40.536477,380.0000
static,2.358078,40.581393,361.0000
static,2.358078,40.626309,339.0000
static,2.358078,40.671224,332.0000
static,2.358078,40.716140,324.0000
static,2.358078,40.761056,322.0000
static,2.358078,40.805972,314.0000
static,2.358078,40.850888,321.0000
static,2.358078,40.895803,332.0000
static,2.358078,40.940719,347.0000
static,2.358078,40.985635,346.0000
static,2.313162,34.922007,1547.0000
static,2.313162,34.966922,1704.0000
static,2.313162,35.011838,1770.0000
static,2.313162,35.056754,2183.0000
static,2.313162,35.101670,1697.0000
static,2.313162,35.146585,1244.0000
static,2.313162,35.191501,1075.0000
static,2.313162,35.236417,793.0000
static,2.313162,35.281333,756.0000
static,2.313162,35.326249,707.0000
static,2.313162,35.371164,686.0000
static,2.313162,35.416080,679.0000
static,2.313162,35.460996,696.0000
static,2.313162,35.505912,758.0000
static,2.313162,35.550827,814.0000
static,2.313162,35.595743,866.0000
static,2.313162,35.640659,847.0000
static,2.313162,35.685575,733.0000
static,2.313162,35.730490,690.0000
static,2.313162,35.775406,661.0000
static,2.313162,35.820322,640.0000
static,2.313162,35.865238,615.0000
static,2.313162,35.910153,608.0000
static,2.313162,35.955069,591.0000
static,2.313162,35.999985,577.0000
static,2.313162,36.044901,578.0000
static,2.313162,36.089817,593.0000
static,2.313162,36.134732,599.0000
static,2.313162,36.179648,576.0000
static,2.313162,36.224564,583.0000
static,2.313162,36.269480,660.0000
static,2.313162,36.314395,830.0000
static,2.313162,36.359311,1186.0000
static,2.313162,36.404227,1084.0000
static,2.313162,36.449143,869.0000
static,2.313162,36.494058,711.0000
static,2.313162,36.538974,785.0000
static,2.313162,36.583890,818.0000
static,2.313162,36.628806,907.0000
static,2.313162,36.673721,862.0000
static,2.313162,36.718637,1275.0000
static,2.313162,36.763553,1269.0000
static,2.313162,36.808469,1139.0000
static,2.313162,36.853385,863.0000
static,2.313162,36.898300,799.0000
static,2.313162,36.943216,795.0000
static,2.313162,36.988132,766.0000
static,2.313162,37.033048,664.0000
static,2.313162,37.077963,639.0000
static,2.313162,37.122879,628.0000
static,2.313162,37.167795,615.0000
static,2.313162,37.212711,579.0000
static,2.313162,37.257626,564.0000
static,2.313162,37.302542,547.0000
static,2.313162,37.347458,531.0000
static,2.313162,37.392374,501.0000
static,2.313162,37.437289,488.0000
static,2.313162,37.482205,474.0000
static,2.313162,37.527121,476.0000
static,2.313162,37.572037,504.0000
static,2.313162,37.616953,531.0000
static,2.313162,37.661868,572.0000
static,2.313162,37.706784,733.0000
static,2.313162,37.751700,800.0000
static,2.313162,37.796616,850.0000
static,2.313162,37.841531,894.0000
static,2.313162,37.886447,1134.0000
static,2.313162,37.931363,1358.0000
static,2.313162,37.976279,1466.0000
static,2.313162,38.021194,1260.0000
static,2.313162,38.066110,942.0000
static,2.313162,38.111026,791.0000
static,2.313162,38.155942,695.0000
static,2.313162,38.200857,612.0000
static,2.313162,38.245773,535.0000
static,2.313162,38.290689,498.0000
static,2.313162,38.335605,475.0000
static,2.313162,38.380521,465.0000
static,2.313162,38.425436,444.0000
static,2.313162,38.470352,425.0000
static,2.313162,38.515268,418.0000
static,2.313162,38.560184,405.0000
static,2.313162,38.605099,396.0000
static,2.313162,38.650015,400.0000
static,2.313162,38.694931,389.0000
static,2.313162,38.739847,385.0000
static,2.313162,38.784762,386.0000
static,2.313162,38.829678,386.0000
static,2.313162,38.874594,384.0000
static,2.313162,38.919510,385.0000
static,2.313162,38.964425,384.0000
static,2.313162,39.009341,382.0000
static,2.313162,39.054257,381.0000
static,2.313162,39.099173,387.0000
static,2.313162,39.144089,376.0000
static,2.313162,39.189004,378.0000
static,2.313162,39.233920,382.0000
static,2.313162,39.278836,387.0000
static,2.313162,39.323752,387.0000
static,2.313162,39.368667,388.0000
static,2.313162,39.413583,386.0000
static,2.313162,39.458499,385.0000
static,2.313162,39.503415,383.0000
static,2.313162,39.548330,380.0000
static,2.313162,39.593246,373.0000
static,2.313162,39.638162,367.0000
static,2.313162,39.683078,372.0000
static,2.313162,39.727993,372.0000
static,2.313162,39.772909,369.0000
static,2.313162,39.817825,366.0000
static,2.313162,39.862741,366.0000
static,2.313162,39.907656,370.0000
static,2.313162,39.952572,378.0000
static,2.313162,39.997488,389.0000
static,2.313162,40.042404,403.0000
static,2.313162,40.087320,418.0000
static,2.313162,40.132235,451.0000
static,2.313162,40.177151,473.0000
static,2.313162,40.222067,495.0000
static,2.313162,40.266983,529.0000
static,2.313162,40.311898,491.0000
static,2.313162,40.356814,461.0000
static,2.313162,40.401730,440.0000
static,2.313162,40.446646,399.0000
static,2.313162,40.491561,389.0000
static,2.313162,40.536477,371.0000
static,2.313162,40.581393,358.0000
static,2.313162,40.626309,336.0000
static,2.313162,40.671224,329.0000
static,2.313162,40.716140,322.0000
static,2.313162,40.761056,315.0000
static,2.313162,40.805972,308.0000
static,2.313162,40.850888,307.0000
static,2.313162,40.895803,314.0000
static,2.313162,40.940719,316.0000
static,2.313162,40.985635,308.0000
static,2.268246,34.922007,1509.0000
static,2.268246,34.966922,1640.0000
static,2.268246,35.011838,1626.0000
static,2.268246,35.056754,1831.0000
static,2.268246,35.101670,2226.0000
static,2.268246,35.146585,1427.0000
static,2.268246,35.191501,990.0000
static,2.268246,35.236417,849.0000
static,2.268246,35.281333,764.0000
static,2.268246,35.326249,711.0000
static,2.268246,35.371164,692.0000
static,2.268246,35.416080,685.0000
static,2.268246,35.460996,702.0000
static,2.268246,35.505912,769.0000
static,2.268246,35.550827,814.0000
static,2.268246,35.595743,944.0000
static,2.268246,35.640659,865.0000
static,2.268246,35.685575,753.0000
static,2.268246,35.730490,708.0000
static,2.268246,35.775406,678.0000
static,2.268246,35.820322,655.0000
static,2.268246,35.865238,652.0000
static,2.268246,35.910153,621.0000
static,2.268246,35.955069,602.0000
static,2.268246,35.999985,576.0000
static,2.268246,36.044901,565.0000
static,2.268246,36.089817,551.0000
static,2.268246,36.134732,544.0000
static,2.268246,36.179648,540.0000
static,2.268246,36.224564,582.0000
static,2.268246,36.269480,667.0000
static,2.268246,36.314395,829.0000
static,2.268246,36.359311,1164.0000
static,2.268246,36.404227,1109.0000
static,2.268246,36.449143,721.0000
static,2.268246,36.494058,428.0000
static,2.268246,36.538974,457.0000
static,2.268246,36.583890,559.0000
static,2.268246,36.628806,647.0000
static,2.268246,36.673721,659.0000
static,2.268246,36.718637,1398.0000
static,2.268246,36.763553,1371.0000
static,2.268246,36.808469,1452.0000
static,2.268246,36.853385,903.0000
static,2.268246,36.898300,861.0000
static,2.268246,36.943216,942.0000
static,2.268246,36.988132,867.0000
static,2.268246,37.033048,717.0000
static,2.268246,37.077963,663.0000
static,2.268246,37.122879,654.0000
static,2.268246,37.167795,637.0000
static,2.268246,37.212711,599.0000
static,2.268246,37.257626,580.0000
static,2.268246,37.302542,561.0000
static,2.268246,37.347458,543.0000
static,2.268246,37.392374,511.0000
static,2.268246,37.437289,496.0000
static,2.268246,37.482205,481.0000
static,2.268246,37.527121,476.0000
static,2.268246,37.572037,519.0000
static,2.268246,37.616953,546.0000
static,2.268246,37.661868,610.0000
static,2.268246,37.706784,739.0000
static,2.268246,37.751700,839.0000
static,2.268246,37.796616,903.0000
static,2.268246,37.841531,944.0000
static,2.268246,37.886447,1236.0000
static,2.268246,37.931363,1402.0000
static,2.268246,37.976279,1307.0000
static,2.268246,38.021194,1133.0000
static,2.268246,38.066110,867.0000
static,2.268246,38.111026,751.0000
static,2.268246,38.155942,672.0000
static,2.268246,38.200857,605.0000
static,2.268246,38.245773,506.0000
static,2.268246,38.290689,481.0000
static,2.268246,38.335605,451.0000
static,2.268246,38.380521,444.0000
static,2.268246,38.425436,438.0000
static,2.268246,38.470352,415.0000
static,2.268246,38.515268,407.0000
static,2.268246,38.560184,393.0000
static,2.268246,38.605099,393.0000
static,2.268246,38.650015,387.0000
static,2.268246,38.694931,385.0000
static,2.268246,38.739847,378.0000
static,2.268246,38.784762,380.0000
static,2.268246,38.829678,380.0000
static,2.268246,38.874594,379.0000
static,2.268246,38.919510,379.0000
static,2.268246,38.964425,378.0000
static,2.268246,39.009341,376.0000
static,2.268246,39.054257,375.0000
static,2.268246,39.099173,380.0000
static,2.268246,39.144089,372.0000
static,2.268246,39.189004,372.0000
static,2.268246,39.233920,375.0000
static,2.268246,39.278836,379.0000
static,2.268246,39.323752,380.0000
static,2.268246,39.368667,381.0000
static,2.268246,39.413583,379.0000
static,2.268246,39.458499,377.0000
static,2.268246,39.503415,376.0000
static,2.268246,39.548330,374.0000
static,2.268246,39.593246,368.0000
static,2.268246,39.638162,362.0000
static,2.268246,39.683078,363.0000
static,2.268246,39.727993,363.0000
static,2.268246,39.772909,360.0000
static,2.268246,39.817825,358.0000
static,2.268246,39.862741,360.0000
static,2.268246,39.907656,363.0000
static,2.268246,39.952572,373.0000
static,2.268246,39.997488,386.0000
static,2.268246,40.042404,400.0000
static,2.268246,40.087320,414.0000
static,2.268246,40.132235,450.0000
static,2.268246,40.177151,471.0000
static,2.268246,40.222067,475.0000
static,2.268246,40.266983,509.0000
static,2.268246,40.311898,478.0000
static,2.268246,40.356814,463.0000
static,2.268246,40.401730,437.0000
static,2.268246,40.446646,397.0000
static,2.268246,40.491561,378.0000
static,2.268246,40.536477,364.0000
static,2.268246,40.581393,355.0000
static,2.268246,40.626309,337.0000
static,2.268246,40.671224,327.0000
static,2.268246,40.716140,319.0000
static,2.268246,40.761056,313.0000
static,2.268246,40.805972,301.0000
static,2.268246,40.850888,298.0000
static,2.268246,40.895803,303.0000
static,2.268246,40.940719,302.0000
static,2.268246,40.985635,292.0000
static,2.223330,34.922007,1482.0000
static,2.223330,34.966922,1577.0000
static,2.223330,35.011838,1582.0000
static,2.223330,35.056754,1627.0000
static,2.223330,35.101670,1739.0000
static,2.223330,35.146585,1392.0000
static,2.223330,35.191501,1160.0000
static,2.223330,35.236417,1006.0000
static,2.223330,35.281333,783.0000
static,2.223330,35.326249,723.0000
static,2.223330,35.371164,703.0000
static,2.223330,35.416080,693.0000
static,2.223330,35.460996,706.0000
static,2.223330,35.505912,775.0000
static,2.223330,35.550827,823.0000
static,2.223330,35.595743,893.0000
static,2.223330,35.640659,936.0000
static,2.223330,35.685575,779.0000
static,2.223330,35.730490,736.0000
static,2.223330,35.775406,701.0000
static,2.223330,35.820322,673.0000
static,2.223330,35.865238,776.0000
static,2.223330,35.910153,638.0000
static,2.223330,35.955069,616.0000
static,2.223330,35.999985,594.0000
static,2.223330,36.044901,608.0000
static,2.223330,36.089817,565.0000
static,2.223330,36.134732,528.0000
static,2.223330,36.179648,554.0000
static,2.223330,36.224564,603.0000
static,2.223330,36.269480,720.0000
static,2.223330,36.314395,941.0000
static,2.223330,36.359311,1113.0000
static,2.223330,36.404227,944.0000
static,2.223330,36.449143,541.0000
static,2.223330,36.494058,329.0000
static,2.223330,36.538974,277.0000
static,2.223330,36.583890,329.0000
static,2.223330,36.628806,515.0000
static,2.223330,36.673721,592.0000
static,2.223330,36.718637,1211.0000
static,2.223330,36.763553,1448.0000
static,2.223330,36.808469,1937.0000
static,2.223330,36.853385,980.0000
static,2.223330,36.898300,897.0000
static,2.223330,36.943216,1068.0000
static,2.223330,36.988132,1237.0000
static,2.223330,37.033048,824.0000
static,2.223330,37.077963,699.0000
static,2.223330,37.122879,679.0000
static,2.223330,37.167795,660.0000
static,2.223330,37.212711,617.0000
static,2.223330,37.257626,595.0000
static,2.223330,37.302542,576.0000
static,2.223330,37.347458,558.0000
static,2.223330,37.392374,520.0000
static,2.223330,37.437289,501.0000
static,2.223330,37.482205,487.0000
static,2.223330,37.527121,478.0000
static,2.223330,37.572037,539.0000
static,2.223330,37.616953,571.0000
static,2.223330,37.661868,626.0000
static,2.223330,37.706784,767.0000
static,2.223330,37.751700,838.0000
static,2.223330,37.796616,917.0000
static,2.223330,37.841531,1001.0000
static,2.223330,37.886447,1200.0000
static,2.223330,37.931363,1210.0000
static,2.223330,37.976279,1100.0000
static,2.223330,38.021194,988.0000
static,2.223330,38.066110,771.0000
static,2.223330,38.111026,689.0000
static,2.223330,38.155942,624.0000
static,2.223330,38.200857,581.0000
static,2.223330,38.245773,480.0000
static,2.223330,38.290689,458.0000
static,2.223330,38.335605,431.0000
static,2.223330,38.380521,421.0000
static,2.223330,38.425436,417.0000
static,2.223330,38.470352,401.0000
static,2.223330,38.515268,392.0000
static,2.223330,38.560184,383.0000
static,2.223330,38.605099,380.0000
static,2.223330,38.650015,377.0000
static,2.223330,38.694931,372.0000
static,2.223330,38.739847,373.0000
static,2.223330,38.784762,374.0000
static,2.223330,38.829678,375.0000
static,2.223330,38.874594,373.0000
static,2.223330,38.919510,373.0000
static,2.223330,38.964425,371.0000
static,2.223330,39.009341,369.0000
static,2.223330,39.054257,368.0000
static,2.223330,39.099173,367.0000
static,2.223330,39.144089,367.0000
static,2.223330,39.189004,366.0000
static,2.223330,39.233920,369.0000
static,2.223330,39.278836,371.0000
static,2.223330,39.323752,373.0000
static,2.223330,39.368667,373.0000
static,2.223330,39.413583,371.0000
static,2.223330,39.458499,369.0000
static,2.223330,39.503415,369.0000
static,2.223330,39.548330,368.0000
static,2.223330,39.593246,361.0000
static,2.223330,39.638162,358.0000
static,2.223330,39.683078,356.0000
static,2.223330,39.727993,356.0000
static,2.223330,39.772909,351.0000
static,2.223330,39.817825,350.0000
static,2.223330,39.862741,353.0000
static,2.223330,39.907656,356.0000
static,2.223330,39.952572,367.0000
static,2.223330,39.997488,379.0000
static,2.223330,40.042404,392.0000
static,2.223330,40.087320,404.0000
static,2.223330,40.132235,437.0000
static,2.223330,40.177151,451.0000
static,2.223330,40.222067,452.0000
static,2.223330,40.266983,482.0000
static,2.223330,40.311898,468.0000
static,2.223330,40.356814,456.0000
static,2.223330,40.401730,432.0000
static,2.223330,40.446646,399.0000
static,2.223330,40.491561,380.0000
static,2.223330,40.536477,358.0000
static,2.223330,40.581393,346.0000
static,2.223330,40.626309,330.0000
static,2.223330,40.671224,324.0000
static,2.223330,40.716140,316.0000
static,2.223330,40.761056,309.0000
static,2.223330,40.805972,298.0000
static,2.223330,40.850888,293.0000
static,2.223330,40.895803,294.0000
static,2.223330,40.940719,293.0000
static,2.223330,40.985635,299.0000
static,2.178415,34.966922,1457.0000
static,2.178415,35.011838,1622.0000
static,2.178415,35.056754,1537.0000
static,2.178415,35.101670,1456.0000
static,2.178415,35.146585,1199.0000
static,2.178415,35.191501,1329.0000
static,2.178415,35.236417,1104.0000
static,2.178415,35.281333,876.0000
static,2.178415,35.326249,767.0000
static,2.178415,35.371164,735.0000
static,2.178415,35.416080,710.0000
static,2.178415,35.460996,716.0000
static,2.178415,35.505912,759.0000
static,2.178415,35.550827,803.0000
static,2.178415,35.595743,869.0000
static,2.178415,35.640659,1047.0000
static,2.178415,35.685575,920.0000
static,2.178415,35.730490,825.0000
static,2.178415,35.775406,757.0000
static,2.178415,35.820322,715.0000
static,2.178415,35.865238,743.0000
static,2.178415,35.910153,675.0000
static,2.178415,35.955069,688.0000
static,2.178415,35.999985,700.0000
static,2.178415,36.044901,655.0000
static,2.178415,36.089817,563.0000
static,2.178415,36.134732,538.0000
static,2.178415,36.179648,599.0000
static,2.178415,36.224564,696.0000
static,2.178415,36.269480,754.0000
static,2.178415,36.314395,756.0000
static,2.178415,36.359311,880.0000
static,2.178415,36.404227,499.0000
static,2.178415,36.449143,329.0000
static,2.178415,36.494058,284.0000
static,2.178415,36.538974,279.0000
static,2.178415,36.583890,353.0000
static,2.178415,36.628806,456.0000
static,2.178415,36.673721,546.0000
static,2.178415,36.718637,1296.0000
static,2.178415,36.763553,1407.0000
static,2.178415,36.808469,2082.0000
static,2.178415,36.853385,1702.0000
static,2.178415,36.898300,983.0000
static,2.178415,36.943216,1387.0000
static,2.178415,36.988132,1239.0000
static,2.178415,37.033048,802.0000
static,2.178415,37.077963,759.0000
static,2.178415,37.122879,730.0000
static,2.178415,37.167795,699.0000
static,2.178415,37.212711,645.0000
static,2.178415,37.257626,630.0000
static,2.178415,37.302542,603.0000
static,2.178415,37.347458,582.0000
static,2.178415,37.392374,539.0000
static,2.178415,37.437289,521.0000
static,2.178415,37.482205,503.0000
static,2.178415,37.527121,495.0000
static,2.178415,37.572037,539.0000
static,2.178415,37.616953,597.0000
static,2.178415,37.661868,660.0000
static,2.178415,37.706784,759.0000
static,2.178415,37.751700,798.0000
static,2.178415,37.796616,881.0000
static,2.178415,37.841531,949.0000
static,2.178415,37.886447,946.0000
static,2.178415,37.931363,900.0000
static,2.178415,37.976279,845.0000
static,2.178415,38.021194,749.0000
static,2.178415,38.066110,638.0000
static,2.178415,38.111026,575.0000
static,2.178415,38.155942,525.0000
static,2.178415,38.200857,488.0000
static,2.178415,38.245773,427.0000
static,2.178415,38.290689,423.0000
static,2.178415,38.335605,402.0000
static,2.178415,38.380521,393.0000
static,2.178415,38.425436,369.0000
static,2.178415,38.470352,373.0000
static,2.178415,38.515268,368.0000
static,2.178415,38.560184,370.0000
static,2.178415,38.605099,368.0000
static,2.178415,38.650015,365.0000
static,2.178415,38.694931,365.0000
static,2.178415,38.739847,363.0000
static,2.178415,38.784762,365.0000
static,2.178415,38.829678,364.0000
static,2.178415,38.874594,364.0000
static,2.178415,38.919510,361.0000
static,2.178415,38.964425,360.0000
static,2.178415,39.009341,359.0000
static,2.178415,39.054257,357.0000
static,2.178415,39.099173,355.0000
static,2.178415,39.144089,354.0000
static,2.178415,39.189004,355.0000
static,2.178415,39.233920,356.0000
static,2.178415,39.278836,358.0000
static,2.178415,39.323752,357.0000
static,2.178415,39.368667,357.0000
static,2.178415,39.413583,357.0000
static,2.178415,39.458499,355.0000
static,2.178415,39.503415,353.0000
static,2.178415,39.548330,353.0000
static,2.178415,39.593246,349.0000
static,2.178415,39.638162,345.0000
static,2.178415,39.683078,341.0000
static,2.178415,39.727993,341.0000
static,2.178415,39.772909,336.0000
static,2.178415,39.817825,339.0000
static,2.178415,39.862741,342.0000
static,2.178415,39.907656,342.0000
static,2.178415,39.952572,351.0000
static,2.178415,39.997488,361.0000
static,2.178415,40.042404,372.0000
static,2.178415,40.087320,384.0000
static,2.178415,40.132235,429.0000
static,2.178415,40.177151,417.0000
static,2.178415,40.222067,424.0000
static,2.178415,40.266983,472.0000
static,2.178415,40.311898,436.0000
static,2.178415,40.356814,419.0000
static,2.178415,40.401730,406.0000
static,2.178415,40.446646,388.0000
static,2.178415,40.491561,369.0000
static,2.178415,40.536477,348.0000
static,2.178415,40.581393,338.0000
static,2.178415,40.626309,322.0000
static,2.178415,40.671224,312.0000
static,2.178415,40.716140,304.0000
static,2.178415,40.761056,298.0000
static,2.178415,40.805972,289.0000
static,2.178415,40.850888,286.0000
static,2.178415,40.895803,282.0000
static,2.178415,40.940719,279.0000
static,2.178415,40.985635,301.0000
static,2.133499,34.966922,1416.0000
static,2.133499,35.011838,1669.0000
static,2.133499,35.056754,1645.0000
static,2.133499,35.101670,1497.0000
static,2.133499,35.146585,1835.0000
static,2.133499,35.191501,1385.0000
static,2.133499,35.236417,1260.0000
static,2.133499,35.281333,965.0000
static,2.133499,35.326249,778.0000
static,2.133499,35.371164,743.0000
static,2.133499,35.416080,722.0000
static,2.133499,35.460996,726.0000
static,2.133499,35.505912,754.0000
static,2.133499,35.550827,796.0000
static,2.133499,35.595743,854.0000
static,2.133499,35.640659,1024.0000
static,2.133499,35.685575,1063.0000
static,2.133499,35.730490,1050.0000
static,2.133499,35.775406,811.0000
static,2.133499,35.820322,751.0000
static,2.133499,35.865238,762.0000
static,2.133499,35.910153,714.0000
static,2.133499,35.955069,856.0000
static,2.133499,35.999985,709.0000
static,2.133499,36.044901,611.0000
static,2.133499,36.089817,583.0000
static,2.133499,36.134732,547.0000
static,2.133499,36.179648,616.0000
static,2.133499,36.224564,639.0000
static,2.133499,36.269480,644.0000
static,2.133499,36.314395,654.0000
static,2.133499,36.359311,816.0000
static,2.133499,36.404227,400.0000
static,2.133499,36.449143,293.0000
static,2.133499,36.494058,278.0000
static,2.133499,36.538974,287.0000
static,2.133499,36.583890,357.0000
static,2.133499,36.628806,447.0000
static,2.133499,36.673721,635.0000
static,2.133499,36.718637,1352.0000
static,2.133499,36.763553,1384.0000
static,2.133499,36.808469,1911.0000
static,2.133499,36.853385,2192.0000
static,2.133499,36.898300,1223.0000
static,2.133499,36.943216,1325.0000
static,2.133499,36.988132,1065.0000
static,2.133499,37.033048,810.0000
static,2.133499,37.077963,779.0000
static,2.133499,37.122879,748.0000
static,2.133499,37.167795,715.0000
static,2.133499,37.212711,663.0000
static,2.133499,37.257626,662.0000
static,2.133499,37.302542,619.0000
static,2.133499,37.347458,594.0000
static,2.133499,37.392374,549.0000
static,2.133499,37.437289,529.0000
static,2.133499,37.482205,511.0000
static,2.133499,37.527121,504.0000
static,2.133499,37.572037,543.0000
static,2.133499,37.616953,590.0000
static,2.133499,37.661868,654.0000
static,2.133499,37.706784,743.0000
static,2.133499,37.751700,806.0000
static,2.133499,37.796616,838.0000
static,2.133499,37.841531,873.0000
static,2.133499,37.886447,837.0000
static,2.133499,37.931363,810.0000
static,2.133499,37.976279,738.0000
static,2.133499,38.021194,681.0000
static,2.133499,38.066110,596.0000
static,2.133499,38.111026,524.0000
static,2.133499,38.155942,474.0000
static,2.133499,38.200857,454.0000
static,2.133499,38.245773,407.0000
static,2.133499,38.290689,394.0000
static,2.133499,38.335605,384.0000
static,2.133499,38.380521,375.0000
static,2.133499,38.425436,360.0000
static,2.133499,38.470352,358.0000
static,2.133499,38.515268,359.0000
static,2.133499,38.560184,355.0000
static,2.133499,38.605099,364.0000
static,2.133499,38.650015,364.0000
static,2.133499,38.694931,364.0000
static,2.133499,38.739847,359.0000
static,2.133499,38.784762,360.0000
static,2.133499,38.829678,359.0000
static,2.133499,38.874594,359.0000
static,2.133499,38.919510,355.0000
static,2.133499,38.964425,354.0000
static,2.133499,39.009341,353.0000
static,2.133499,39.054257,352.0000
static,2.133499,39.099173,348.0000
static,2.133499,39.144089,348.0000
static,2.133499,39.189004,348.0000
static,2.133499,39.233920,349.0000
static,2.133499,39.278836,352.0000
static,2.133499,39.323752,351.0000
static,2.133499,39.368667,351.0000
static,2.133499,39.413583,349.0000
static,2.133499,39.458499,349.0000
static,2.133499,39.503415,346.0000
static,2.133499,39.548330,346.0000
static,2.133499,39.593246,341.0000
static,2.133499,39.638162,339.0000
static,2.133499,39.683078,335.0000
static,2.133499,39.727993,333.0000
static,2.133499,39.772909,331.0000
static,2.133499,39.817825,334.0000
static,2.133499,39.862741,335.0000
static,2.133499,39.907656,335.0000
static,2.133499,39.952572,342.0000
static,2.133499,39.997488,352.0000
static,2.133499,40.042404,362.0000
static,2.133499,40.087320,372.0000
static,2.133499,40.132235,401.0000
static,2.133499,40.177151,400.0000
static,2.133499,40.222067,404.0000
static,2.133499,40.266983,439.0000
static,2.133499,40.311898,411.0000
static,2.133499,40.356814,393.0000
static,2.133499,40.401730,387.0000
static,2.133499,40.446646,372.0000
static,2.133499,40.491561,360.0000
static,2.133499,40.536477,342.0000
static,2.133499,40.581393,331.0000
static,2.133499,40.626309,320.0000
static,2.133499,40.671224,311.0000
static,2.133499,40.716140,301.0000
static,2.133499,40.761056,292.0000
static,2.133499,40.805972,284.0000
static,2.133499,40.850888,284.0000
static,2.133499,40.895803,279.0000
static,2.133499,40.940719,271.0000
static,2.133499,40.985635,288.0000
static,2.088583,34.966922,1373.0000
static,2.088583,35.011838,1606.0000
static,2.088583,35.056754,1574.0000
static,2.088583,35.101670,1453.0000
static,2.088583,35.146585,1752.0000
static,2.088583,35.191501,1509.0000
static,2.088583,35.236417,1371.0000
static,2.088583,35.281333,1170.0000
static,2.088583,35.326249,789.0000
static,2.088583,35.371164,761.0000
static,2.088583,35.416080,734.0000
static,2.088583,35.460996,735.0000
static,2.088583,35.505912,760.0000
static,2.088583,35.550827,789.0000
static,2.088583,35.595743,846.0000
static,2.088583,35.640659,1015.0000
static,2.088583,35.685575,1080.0000
static,2.088583,35.730490,1171.0000
static,2.088583,35.775406,912.0000
static,2.088583,35.820322,804.0000
static,2.088583,35.865238,730.0000
static,2.088583,35.910153,695.0000
static,2.088583,35.955069,686.0000
static,2.088583,35.999985,623.0000
static,2.088583,36.044901,593.0000
static,2.088583,36.089817,575.0000
static,2.088583,36.134732,552.0000
static,2.088583,36.179648,589.0000
static,2.088583,36.224564,650.0000
static,2.088583,36.269480,582.0000
static,2.088583,36.314395,594.0000
static,2.088583,36.359311,743.0000
static,2.088583,36.404227,372.0000
static,2.088583,36.449143,290.0000
static,2.088583,36.494058,278.0000
static,2.088583,36.538974,291.0000
static,2.088583,36.583890,391.0000
static,2.088583,36.628806,504.0000
static,2.088583,36.673721,799.0000
static,2.088583,36.718637,1323.0000
static,2.088583,36.763553,1363.0000
static,2.088583,36.808469,1646.0000
static,2.088583,36.853385,1952.0000
static,2.088583,36.898300,1154.0000
static,2.088583,36.943216,1280.0000
static,2.088583,36.988132,1105.0000
static,2.088583,37.033048,832.0000
static,2.088583,37.077963,800.0000
static,2.088583,37.122879,767.0000
static,2.088583,37.167795,729.0000
static,2.088583,37.212711,682.0000
static,2.088583,37.257626,682.0000
static,2.088583,37.302542,649.0000
static,2.088583,37.347458,632.0000
static,2.088583,37.392374,558.0000
static,2.088583,37.437289,537.0000
static,2.088583,37.482205,522.0000
static,2.088583,37.527121,508.0000
static,2.088583,37.572037,546.0000
static,2.088583,37.616953,584.0000
static,2.088583,37.661868,631.0000
static,2.088583,37.706784,720.0000
static,2.088583,37.751700,735.0000
static,2.088583,37.796616,777.0000
static,2.088583,37.841531,800.0000
static,2.088583,37.886447,765.0000
static,2.088583,37.931363,710.0000
static,2.088583,37.976279,691.0000
static,2.088583,38.021194,620.0000
static,2.088583,38.066110,518.0000
static,2.088583,38.111026,485.0000
static,2.088583,38.155942,447.0000
static,2.088583,38.200857,418.0000
static,2.088583,38.245773,395.0000
static,2.088583,38.290689,386.0000
static,2.088583,38.335605,375.0000
static,2.088583,38.380521,367.0000
static,2.088583,38.425436,357.0000
static,2.088583,38.470352,353.0000
static,2.088583,38.515268,349.0000
static,2.088583,38.560184,346.0000
static,2.088583,38.605099,354.0000
static,2.088583,38.650015,362.0000
static,2.088583,38.694931,363.0000
static,2.088583,38.739847,354.0000
static,2.088583,38.784762,355.0000
static,2.088583,38.829678,354.0000
static,2.088583,38.874594,354.0000
static,2.088583,38.919510,351.0000
static,2.088583,38.964425,349.0000
static,2.088583,39.009341,348.0000
static,2.088583,39.054257,347.0000
static,2.088583,39.099173,343.0000
static,2.088583,39.144089,342.0000
static,2.088583,39.189004,342.0000
static,2.088583,39.233920,343.0000
static,2.088583,39.278836,346.0000
static,2.088583,39.323752,344.0000
static,2.088583,39.368667,344.0000
static,2.088583,39.413583,343.0000
static,2.088583,39.458499,342.0000
static,2.088583,39.503415,339.0000
static,2.088583,39.548330,338.0000
static,2.088583,39.593246,333.0000
static,2.088583,39.638162,332.0000
static,2.088583,39.683078,330.0000
static,2.088583,39.727993,326.0000
static,2.088583,39.772909,327.0000
static,2.088583,39.817825,327.0000
static,2.088583,39.862741,327.0000
static,2.088583,39.907656,328.0000
static,2.088583,39.952572,334.0000
static,2.088583,39.997488,342.0000
static,2.088583,40.042404,350.0000
static,2.088583,40.087320,359.0000
static,2.088583,40.132235,381.0000
static,2.088583,40.177151,383.0000
static,2.088583,40.222067,384.0000
static,2.088583,40.266983,416.0000
static,2.088583,40.311898,394.0000
static,2.088583,40.356814,378.0000
static,2.088583,40.401730,365.0000
static,2.088583,40.446646,356.0000
static,2.088583,40.491561,355.0000
static,2.088583,40.536477,336.0000
static,2.088583,40.581393,324.0000
static,2.088583,40.626309,312.0000
static,2.088583,40.671224,304.0000
static,2.088583,40.716140,296.0000
static,2.088583,40.761056,288.0000
static,2.088583,40.805972,278.0000
static,2.088583,40.850888,277.0000
static,2.088583,40.895803,273.0000
static,2.088583,40.940719,266.0000
static,2.088583,40.985635,272.0000
static,2.043667,34.966922,1309.0000
static,2.043667,35.011838,1400.0000
static,2.043667,35.056754,1538.0000
static,2.043667,35.101670,1532.0000
static,2.043667,35.146585,1926.0000
static,2.043667,35.191501,1703.0000
static,2.043667,35.236417,1817.0000
static,2.043667,35.281333,1241.0000
static,2.043667,35.326249,831.0000
static,2.043667,35.371164,789.0000
static,2.043667,35.416080,755.0000
static,2.043667,35.460996,744.0000
static,2.043667,35.505912,796.0000
static,2.043667,35.550827,803.0000
static,2.043667,35.595743,844.0000
static,2.043667,35.640659,922.0000
static,2.043667,35.685575,1028.0000
static,2.043667,35.730490,1056.0000
static,2.043667,35.775406,1056.0000
static,2.043667,35.820322,994.0000
static,2.043667,35.865238,820.0000
static,2.043667,35.910153,746.0000
static,2.043667,35.955069,690.0000
static,2.043667,35.999985,617.0000
static,2.043667,36.044901,596.0000
static,2.043667,36.089817,571.0000
static,2.043667,36.134732,561.0000
static,2.043667,36.179648,559.0000
static,2.043667,36.224564,557.0000
static,2.043667,36.269480,554.0000
static,2.043667,36.314395,591.0000
static,2.043667,36.359311,585.0000
static,2.043667,36.404227,430.0000
static,2.043667,36.449143,332.0000
static,2.043667,36.494058,280.0000
static,2.043667,36.538974,398.0000
static,2.043667,36.583890,637.0000
static,2.043667,36.628806,772.0000
static,2.043667,36.673721,1001.0000
static,2.043667,36.718637,1357.0000
static,2.043667,36.763553,1359.0000
static,2.043667,36.808469,1528.0000
static,2.043667,36.853385,1443.0000
static,2.043667,36.898300,1117.0000
static,2.043667,36.943216,1068.0000
static,2.043667,36.988132,951.0000
static,2.043667,37.033048,896.0000
static,2.043667,37.077963,828.0000
static,2.043667,37.122879,790.0000
static,2.043667,37.167795,764.0000
static,2.043667,37.212711,758.0000
static,2.043667,37.257626,724.0000
static,2.043667,37.302542,669.0000
static,2.043667,37.347458,631.0000
static,2.043667,37.392374,583.0000
static,2.043667,37.437289,585.0000
static,2.043667,37.482205,575.0000
static,2.043667,37.527121,529.0000
static,2.043667,37.572037,511.0000
static,2.043667,37.616953,524.0000
static,2.043667,37.661868,544.0000
static,2.043667,37.706784,600.0000
static,2.043667,37.751700,595.0000
static,2.043667,37.796616,596.0000
static,2.043667,37.841531,596.0000
static,2.043667,37.886447,563.0000
static,2.043667,37.931363,541.0000
static,2.043667,37.976279,474.0000
static,2.043667,38.021194,441.0000
static,2.043667,38.066110,461.0000
static,2.043667,38.111026,488.0000
static,2.043667,38.155942,409.0000
static,2.043667,38.200857,392.0000
static,2.043667,38.245773,380.0000
static,2.043667,38.290689,373.0000
static,2.043667,38.335605,367.0000
static,2.043667,38.380521,361.0000
static,2.043667,38.425436,350.0000
static,2.043667,38.470352,346.0000
static,2.043667,38.515268,343.0000
static,2.043667,38.560184,342.0000
static,2.043667,38.605099,338.0000
static,2.043667,38.650015,342.0000
static,2.043667,38.694931,349.0000
static,2.043667,38.739847,346.0000
static,2.043667,38.784762,345.0000
static,2.043667,38.829678,344.0000
static,2.043667,38.874594,344.0000
static,2.043667,38.919510,343.0000
static,2.043667,38.964425,340.0000
static,2.043667,39.009341,338.0000
static,2.043667,39.054257,337.0000
static,2.043667,39.099173,333.0000
static,2.043667,39.144089,332.0000
static,2.043667,39.189004,332.0000
static,2.043667,39.233920,333.0000
static,2.043667,39.278836,333.0000
static,2.043667,39.323752,331.0000
static,2.043667,39.368667,331.0000
static,2.043667,39.413583,331.0000
static,2.043667,39.458499,329.0000
static,2.043667,39.503415,327.0000
static,2.043667,39.548330,326.0000
static,2.043667,39.593246,321.0000
static,2.043667,39.638162,318.0000
static,2.043667,39.683078,318.0000
static,2.043667,39.727993,315.0000
static,2.043667,39.772909,313.0000
static,2.043667,39.817825,313.0000
static,2.043667,39.862741,314.0000
static,2.043667,39.907656,313.0000
static,2.043667,39.952572,319.0000
static,2.043667,39.997488,323.0000
static,2.043667,40.042404,330.0000
static,2.043667,40.087320,338.0000
static,2.043667,40.132235,353.0000
static,2.043667,40.177151,355.0000
static,2.043667,40.222067,350.0000
static,2.043667,40.266983,358.0000
static,2.043667,40.311898,352.0000
static,2.043667,40.356814,339.0000
static,2.043667,40.401730,335.0000
static,2.043667,40.446646,333.0000
static,2.043667,40.491561,333.0000
static,2.043667,40.536477,334.0000
static,2.043667,40.581393,330.0000
static,2.043667,40.626309,299.0000
static,2.043667,40.671224,293.0000
static,2.043667,40.716140,288.0000
static,2.043667,40.761056,281.0000
static,2.043667,40.805972,267.0000
static,2.043667,40.850888,260.0000
static,2.043667,40.895803,257.0000
static,2.043667,40.940719,253.0000
static,2.043667,40.985635,241.0000
static,1.998752,34.966922,1275.0000
static,1.998752,35.011838,1338.0000
static,1.998752,35.056754,1575.0000
static,1.998752,35.101670,1608.0000
static,1.998752,35.146585,1707.0000
static,1.998752,35.191501,1699.0000
static,1.998752,35.236417,1988.0000
static,1.998752,35.281333,1416.0000
static,1.998752,35.326249,855.0000
static,1.998752,35.371164,785.0000
static,1.998752,35.416080,758.0000
static,1.998752,35.460996,754.0000
static,1.998752,35.505912,806.0000
static,1.998752,35.550827,818.0000
static,1.998752,35.595743,852.0000
static,1.998752,35.640659,894.0000
static,1.998752,35.685575,1000.0000
static,1.998752,35.730490,1085.0000
static,1.998752,35.775406,1031.0000
static,1.998752,35.820322,967.0000
static,1.998752,35.865238,824.0000
static,1.998752,35.910153,761.0000
static,1.998752,35.955069,689.0000
static,1.998752,35.999985,618.0000
static,1.998752,36.044901,595.0000
static,1.998752,36.089817,574.0000
static,1.998752,36.134732,574.0000
static,1.998752,36.179648,590.0000
static,1.998752,36.224564,579.0000
static,1.998752,36.269480,574.0000
static,1.998752,36.314395,678.0000
static,1.998752,36.359311,630.0000
static,1.998752,36.404227,567.0000
static,1.998752,36.449143,466.0000
static,1.998752,36.494058,285.0000
static,1.998752,36.538974,582.0000
static,1.998752,36.583890,841.0000
static,1.998752,36.628806,902.0000
static,1.998752,36.673721,949.0000
static,1.998752,36.718637,1350.0000
static,1.998752,36.763553,1344.0000
static,1.998752,36.808469,1361.0000
static,1.998752,36.853385,1256.0000
static,1.998752,36.898300,1160.0000
static,1.998752,36.943216,1099.0000
static,1.998752,36.988132,1002.0000
static,1.998752,37.033048,896.0000
static,1.998752,37.077963,853.0000
static,1.998752,37.122879,818.0000
static,1.998752,37.167795,821.0000
static,1.998752,37.212711,771.0000
static,1.998752,37.257626,721.0000
static,1.998752,37.302542,667.0000
static,1.998752,37.347458,639.0000
static,1.998752,37.392374,593.0000
static,1.998752,37.437289,583.0000
static,1.998752,37.482205,578.0000
static,1.998752,37.527121,541.0000
static,1.998752,37.572037,507.0000
static,1.998752,37.616953,511.0000
static,1.998752,37.661868,527.0000
static,1.998752,37.706784,566.0000
static,1.998752,37.751700,559.0000
static,1.998752,37.796616,545.0000
static,1.998752,37.841531,526.0000
static,1.998752,37.886447,478.0000
static,1.998752,37.931363,475.0000
static,1.998752,37.976279,452.0000
static,1.998752,38.021194,431.0000
static,1.998752,38.066110,467.0000
static,1.998752,38.111026,462.0000
static,1.998752,38.155942,403.0000
static,1.998752,38.200857,390.0000
static,1.998752,38.245773,383.0000
static,1.998752,38.290689,372.0000
static,1.998752,38.335605,364.0000
static,1.998752,38.380521,358.0000
static,1.998752,38.425436,349.0000
static,1.998752,38.470352,345.0000
static,1.998752,38.515268,341.0000
static,1.998752,38.560184,339.0000
static,1.998752,38.605099,338.0000
static,1.998752,38.650015,338.0000
static,1.998752,38.694931,339.0000
static,1.998752,38.739847,342.0000
static,1.998752,38.784762,341.0000
static,1.998752,38.829678,340.0000
static,1.998752,38.874594,339.0000
static,1.998752,38.919510,338.0000
static,1.998752,38.964425,336.0000
static,1.998752,39.009341,333.0000
static,1.998752,39.054257,331.0000
static,1.998752,39.099173,330.0000
static,1.998752,39.144089,327.0000
static,1.998752,39.189004,326.0000
static,1.998752,39.233920,327.0000
static,1.998752,39.278836,327.0000
static,1.998752,39.323752,326.0000
static,1.998752,39.368667,324.0000
static,1.998752,39.413583,324.0000
static,1.998752,39.458499,322.0000
static,1.998752,39.503415,322.0000
static,1.998752,39.548330,320.0000
static,1.998752,39.593246,315.0000
static,1.998752,39.638162,313.0000
static,1.998752,39.683078,310.0000
static,1.998752,39.727993,309.0000
static,1.998752,39.772909,306.0000
static,1.998752,39.817825,305.0000
static,1.998752,39.862741,306.0000
static,1.998752,39.907656,306.0000
static,1.998752,39.952572,310.0000
static,1.998752,39.997488,316.0000
static,1.998752,40.042404,322.0000
static,1.998752,40.087320,328.0000
static,1.998752,40.132235,339.0000
static,1.998752,40.177151,342.0000
static,1.998752,40.222067,337.0000
static,1.998752,40.266983,343.0000
static,1.998752,40.311898,330.0000
static,1.998752,40.356814,331.0000
static,1.998752,40.401730,335.0000
static,1.998752,40.446646,331.0000
static,1.998752,40.491561,320.0000
static,1.998752,40.536477,318.0000
static,1.998752,40.581393,310.0000
static,1.998752,40.626309,293.0000
static,1.998752,40.671224,289.0000
static,1.998752,40.716140,282.0000
static,1.998752,40.761056,274.0000
static,1.998752,40.805972,258.0000
static,1.998752,40.850888,253.0000
static,1.998752,40.895803,249.0000
static,1.998752,40.940719,246.0000
static,1.998752,40.985635,234.0000
static,1.953836,35.011838,1299.0000
static,1.953836,35.056754,1366.0000
static,1.953836,35.101670,1544.0000
static,1.953836,35.146585,1450.0000
static,1.953836,35.191501,2005.0000
static,1.953836,35.236417,1978.0000
static,1.953836,35.281333,1725.0000
static,1.953836,35.326249,984.0000
static,1.953836,35.371164,777.0000
static,1.953836,35.416080,769.0000
static,1.953836,35.460996,763.0000
static,1.953836,35.505912,817.0000
static,1.953836,35.550827,827.0000
static,1.953836,35.595743,858.0000
static,1.953836,35.640659,893.0000
static,1.953836,35.685575,1038.0000
static,1.953836,35.730490,1130.0000
static,1.953836,35.775406,1067.0000
static,1.953836,35.820322,1027.0000
static,1.953836,35.865238,827.0000
static,1.953836,35.910153,743.0000
static,1.953836,35.955069,683.0000
static,1.953836,35.999985,606.0000
static,1.953836,36.044901,600.0000
static,1.953836,36.089817,586.0000
static,1.953836,36.134732,591.0000
static,1.953836,36.179648,641.0000
static,1.953836,36.224564,589.0000
static,1.953836,36.269480,592.0000
static,1.953836,36.314395,696.0000
static,1.953836,36.359311,626.0000
static,1.953836,36.404227,542.0000
static,1.953836,36.449143,466.0000
static,1.953836,36.494058,333.0000
static,1.953836,36.538974,771.0000
static,1.953836,36.583890,987.0000
static,1.953836,36.628806,965.0000
static,1.953836,36.673721,1037.0000
static,1.953836,36.718637,1305.0000
static,1.953836,36.763553,1339.0000
static,1.953836,36.808469,1515.0000
static,1.953836,36.853385,1362.0000
static,1.953836,36.898300,1372.0000
static,1.953836,36.943216,1228.0000
static,1.953836,36.988132,1138.0000
static,1.953836,37.033048,923.0000
static,1.953836,37.077963,879.0000
static,1.953836,37.122879,853.0000
static,1.953836,37.167795,851.0000
static,1.953836,37.212711,750.0000
static,1.953836,37.257626,764.0000
static,1.953836,37.302542,656.0000
static,1.953836,37.347458,633.0000
static,1.953836,37.392374,588.0000
static,1.953836,37.437289,568.0000
static,1.953836,37.482205,552.0000
static,1.953836,37.527121,530.0000
static,1.953836,37.572037,503.0000
static,1.953836,37.616953,503.0000
static,1.953836,37.661868,511.0000
static,1.953836,37.706784,540.0000
static,1.953836,37.751700,520.0000
static,1.953836,37.796616,501.0000
static,1.953836,37.841531,487.0000
static,1.953836,37.886447,454.0000
static,1.953836,37.931363,449.0000
static,1.953836,37.976279,440.0000
static,1.953836,38.021194,431.0000
static,1.953836,38.066110,416.0000
static,1.953836,38.111026,411.0000
static,1.953836,38.155942,402.0000
static,1.953836,38.200857,394.0000
static,1.953836,38.245773,397.0000
static,1.953836,38.290689,375.0000
static,1.953836,38.335605,363.0000
static,1.953836,38.380521,359.0000
static,1.953836,38.425436,349.0000
static,1.953836,38.470352,345.0000
static,1.953836,38.515268,340.0000
static,1.953836,38.560184,336.0000
static,1.953836,38.605099,335.0000
static,1.953836,38.650015,333.0000
static,1.953836,38.694931,335.0000
static,1.953836,38.739847,338.0000
static,1.953836,38.784762,337.0000
static,1.953836,38.829678,335.0000
static,1.953836,38.874594,334.0000
static,1.953836,38.919510,333.0000
static,1.953836,38.964425,332.0000
static,1.953836,39.009341,330.0000
static,1.953836,39.054257,328.0000
static,1.953836,39.099173,325.0000
static,1.953836,39.144089,323.0000
static,1.953836,39.189004,322.0000
static,1.953836,39.233920,322.0000
static,1.953836,39.278836,321.0000
static,1.953836,39.323752,321.0000
static,1.953836,39.368667,318.0000
static,1.953836,39.413583,317.0000
static,1.953836,39.458499,316.0000
static,1.953836,39.503415,315.0000
static,1.953836,39.548330,314.0000
static,1.953836,39.593246,310.0000
static,1.953836,39.638162,307.0000
static,1.953836,39.683078,305.0000
static,1.953836,39.727993,303.0000
static,1.953836,39.772909,298.0000
static,1.953836,39.817825,299.0000
static,1.953836,39.862741,298.0000
static,1.953836,39.907656,299.0000
static,1.953836,39.952572,303.0000
static,1.953836,39.997488,308.0000
static,1.953836,40.042404,312.0000
static,1.953836,40.087320,317.0000
static,1.953836,40.132235,326.0000
static,1.953836,40.177151,326.0000
static,1.953836,40.222067,324.0000
static,1.953836,40.266983,316.0000
static,1.953836,40.311898,320.0000
static,1.953836,40.356814,345.0000
static,1.953836,40.401730,341.0000
static,1.953836,40.446646,324.0000
static,1.953836,40.491561,310.0000
static,1.953836,40.536477,298.0000
static,1.953836,40.581393,291.0000
static,1.953836,40.626309,281.0000
static,1.953836,40.671224,276.0000
static,1.953836,40.716140,273.0000
static,1.953836,40.761056,267.0000
static,1.953836,40.805972,252.0000
static,1.953836,40.850888,246.0000
static,1.953836,40.895803,241.0000
static,1.953836,40.940719,239.0000
static,1.953836,40.985635,228.0000
static,1.908920,35.011838,1269.0000
static,1.908920,35.056754,1357.0000
static,1.908920,35.101670,1484.0000
static,1.908920,35.146585,1334.0000
static,1.908920,35.191501,1757.0000
static,1.908920,35.236417,1872.0000
static,1.908920,35.281333,1720.0000
static,1.908920,35.326249,1108.0000
static,1.908920,35.371164,788.0000
static,1.908920,35.416080,787.0000
static,1.908920,35.460996,772.0000
static,1.908920,35.505912,824.0000
static,1.908920,35.550827,840.0000
static,1.908920,35.595743,862.0000
static,1.908920,35.640659,901.0000
static,1.908920,35.685575,1013.0000
static,1.908920,35.730490,1156.0000
static,1.908920,35.775406,1175.0000
static,1.908920,35.820322,1295.0000
static,1.908920,35.865238,804.0000
static,1.908920,35.910153,751.0000
static,1.908920,35.955069,709.0000
static,1.908920,35.999985,631.0000
static,1.908920,36.044901,631.0000
static,1.908920,36.089817,619.0000
static,1.908920,36.134732,604.0000
static,1.908920,36.179648,635.0000
static,1.908920,36.224564,604.0000
static,1.908920,36.269480,621.0000
static,1.908920,36.314395,679.0000
static,1.908920,36.359311,490.0000
static,1.908920,36.404227,434.0000
static,1.908920,36.449143,354.0000
static,1.908920,36.494058,294.0000
static,1.908920,36.538974,937.0000
static,1.908920,36.583890,1110.0000
static,1.908920,36.628806,1013.0000
static,1.908920,36.673721,1090.0000
static,1.908920,36.718637,1208.0000
static,1.908920,36.763553,1378.0000
static,1.908920,36.808469,1459.0000
static,1.908920,36.853385,1396.0000
static,1.908920,36.898300,1451.0000
static,1.908920,36.943216,1311.0000
static,1.908920,36.988132,1162.0000
static,1.908920,37.033048,985.0000
static,1.908920,37.077963,924.0000
static,1.908920,37.122879,973.0000
static,1.908920,37.167795,911.0000
static,1.908920,37.212711,801.0000
static,1.908920,37.257626,794.0000
static,1.908920,37.302542,658.0000
static,1.908920,37.347458,643.0000
static,1.908920,37.392374,593.0000
static,1.908920,37.437289,568.0000
static,1.908920,37.482205,550.0000
static,1.908920,37.527121,533.0000
static,1.908920,37.572037,504.0000
static,1.908920,37.616953,504.0000
static,1.908920,37.661868,508.0000
static,1.908920,37.706784,522.0000
static,1.908920,37.751700,492.0000
static,1.908920,37.796616,482.0000
static,1.908920,37.841531,471.0000
static,1.908920,37.886447,455.0000
static,1.908920,37.931363,447.0000
static,1.908920,37.976279,439.0000
static,1.908920,38.021194,432.0000
static,1.908920,38.066110,415.0000
static,1.908920,38.111026,408.0000
static,1.908920,38.155942,401.0000
static,1.908920,38.200857,394.0000
static,1.908920,38.245773,386.0000
static,1.908920,38.290689,376.0000
static,1.908920,38.335605,367.0000
static,1.908920,38.380521,361.0000
static,1.908920,38.425436,349.0000
static,1.908920,38.470352,344.0000
static,1.908920,38.515268,338.0000
static,1.908920,38.560184,331.0000
static,1.908920,38.605099,332.0000
static,1.908920,38.650015,331.0000
static,1.908920,38.694931,331.0000
static,1.908920,38.739847,334.0000
static,1.908920,38.784762,333.0000
static,1.908920,38.829678,331.0000
static,1.908920,38.874594,330.0000
static,1.908920,38.919510,329.0000
static,1.908920,38.964425,328.0000
static,1.908920,39.009341,326.0000
static,1.908920,39.054257,324.0000
static,1.908920,39.099173,321.0000
static,1.908920,39.144089,319.0000
static,1.908920,39.189004,317.0000
static,1.908920,39.233920,317.0000
static,1.908920,39.278836,316.0000
static,1.908920,39.323752,315.0000
static,1.908920,39.368667,314.0000
static,1.908920,39.413583,312.0000
static,1.908920,39.458499,310.0000
static,1.908920,39.503415,309.0000
static,1.908920,39.548330,307.0000
static,1.908920,39.593246,304.0000
static,1.908920,39.638162,301.0000
static,1.908920,39.683078,300.0000
static,1.908920,39.727993,298.0000
static,1.908920,39.772909,291.0000
static,1.908920,39.817825,291.0000
static,1.908920,39.862741,292.0000
static,1.908920,39.907656,292.0000
static,1.908920,39.952572,295.0000
static,1.908920,39.997488,299.0000
static,1.908920,40.042404,304.0000
static,1.908920,40.087320,309.0000
static,1.908920,40.132235,313.0000
static,1.908920,40.177151,312.0000
static,1.908920,40.222067,311.0000
static,1.908920,40.266983,301.0000
static,1.908920,40.311898,315.0000
static,1.908920,40.356814,339.0000
static,1.908920,40.401730,338.0000
static,1.908920,40.446646,307.0000
static,1.908920,40.491561,296.0000
static,1.908920,40.536477,282.0000
static,1.908920,40.581393,272.0000
static,1.908920,40.626309,263.0000
static,1.908920,40.671224,260.0000
static,1.908920,40.716140,258.0000
static,1.908920,40.761056,251.0000
static,1.908920,40.805972,245.0000
static,1.908920,40.850888,241.0000
static,1.908920,40.895803,233.0000
static,1.908920,40.940719,231.0000
static,1.908920,40.985635,223.0000
static,1.864004,35.011838,1207.0000
static,1.864004,35.056754,1218.0000
static,1.864004,35.101670,1286.0000
static,1.864004,35.146585,1238.0000
static,1.864004,35.191501,1229.0000
static,1.864004,35.236417,1191.0000
static,1.864004,35.281333,1176.0000
static,1.864004,35.326249,1317.0000
static,1.864004,35.371164,1015.0000
static,1.864004,35.416080,831.0000
static,1.864004,35.460996,798.0000
static,1.864004,35.505912,842.0000
static,1.864004,35.550827,889.0000
static,1.864004,35.595743,885.0000
static,1.864004,35.640659,923.0000
static,1.864004,35.685575,1027.0000
static,1.864004,35.730490,1147.0000
static,1.864004,35.775406,1318.0000
static,1.864004,35.820322,1107.0000
static,1.864004,35.865238,794.0000
static,1.864004,35.910153,745.0000
static,1.864004,35.955069,682.0000
static,1.864004,35.999985,672.0000
static,1.864004,36.044901,643.0000
static,1.864004,36.089817,608.0000
static,1.864004,36.134732,614.0000
static,1.864004,36.179648,662.0000
static,1.864004,36.224564,703.0000
static,1.864004,36.269480,762.0000
static,1.864004,36.314395,584.0000
static,1.864004,36.359311,337.0000
static,1.864004,36.404227,312.0000
static,1.864004,36.449143,298.0000
static,1.864004,36.494058,294.0000
static,1.864004,36.538974,1054.0000
static,1.864004,36.583890,1063.0000
static,1.864004,36.628806,1178.0000
static,1.864004,36.673721,1246.0000
static,1.864004,36.718637,1239.0000
static,1.864004,36.763553,1261.0000
static,1.864004,36.808469,1311.0000
static,1.864004,36.853385,1360.0000
static,1.864004,36.898300,1393.0000
static,1.864004,36.943216,1439.0000
static,1.864004,36.988132,1576.0000
static,1.864004,37.033048,1525.0000
static,1.864004,37.077963,1189.0000
static,1.864004,37.122879,1253.0000
static,1.864004,37.167795,1059.0000
static,1.864004,37.212711,995.0000
static,1.864004,37.257626,764.0000
static,1.864004,37.302542,707.0000
static,1.864004,37.347458,661.0000
static,1.864004,37.392374,612.0000
static,1.864004,37.437289,592.0000
static,1.864004,37.482205,572.0000
static,1.864004,37.527121,548.0000
static,1.864004,37.572037,517.0000
static,1.864004,37.616953,529.0000
static,1.864004,37.661868,522.0000
static,1.864004,37.706784,505.0000
static,1.864004,37.751700,495.0000
static,1.864004,37.796616,486.0000
static,1.864004,37.841531,478.0000
static,1.864004,37.886447,463.0000
static,1.864004,37.931363,451.0000
static,1.864004,37.976279,441.0000
static,1.864004,38.021194,432.0000
static,1.864004,38.066110,417.0000
static,1.864004,38.111026,409.0000
static,1.864004,38.155942,401.0000
static,1.864004,38.200857,394.0000
static,1.864004,38.245773,380.0000
static,1.864004,38.290689,374.0000
static,1.864004,38.335605,367.0000
static,1.864004,38.380521,360.0000
static,1.864004,38.425436,347.0000
static,1.864004,38.470352,341.0000
static,1.864004,38.515268,336.0000
static,1.864004,38.560184,326.0000
static,1.864004,38.605099,323.0000
static,1.864004,38.650015,321.0000
static,1.864004,38.694931,322.0000
static,1.864004,38.739847,321.0000
static,1.864004,38.784762,324.0000
static,1.864004,38.829678,326.0000
static,1.864004,38.874594,326.0000
static,1.864004,38.919510,324.0000
static,1.864004,38.964425,321.0000
static,1.864004,39.009341,319.0000
static,1.864004,39.054257,317.0000
static,1.864004,39.099173,311.0000
static,1.864004,39.144089,309.0000
static,1.864004,39.189004,308.0000
static,1.864004,39.233920,305.0000
static,1.864004,39.278836,305.0000
static,1.864004,39.323752,305.0000
static,1.864004,39.368667,304.0000
static,1.864004,39.413583,301.0000
static,1.864004,39.458499,298.0000
static,1.864004,39.503415,297.0000
static,1.864004,39.548330,295.0000
static,1.864004,39.593246,292.0000
static,1.864004,39.638162,289.0000
static,1.864004,39.683078,288.0000
static,1.864004,39.727993,287.0000
static,1.864004,39.772909,282.0000
static,1.864004,39.817825,279.0000
static,1.864004,39.862741,279.0000
static,1.864004,39.907656,279.0000
static,1.864004,39.952572,281.0000
static,1.864004,39.997488,282.0000
static,1.864004,40.042404,284.0000
static,1.864004,40.087320,287.0000
static,1.864004,40.132235,286.0000
static,1.864004,40.177151,287.0000
static,1.864004,40.222067,286.0000
static,1.864004,40.266983,281.0000
static,1.864004,40.311898,286.0000
static,1.864004,40.356814,305.0000
static,1.864004,40.401730,304.0000
static,1.864004,40.446646,281.0000
static,1.864004,40.491561,267.0000
static,1.864004,40.536477,256.0000
static,1.864004,40.581393,247.0000
static,1.864004,40.626309,234.0000
static,1.864004,40.671224,231.0000
static,1.864004,40.716140,228.0000
static,1.864004,40.761056,228.0000
static,1.864004,40.805972,226.0000
static,1.864004,40.850888,225.0000
static,1.864004,40.895803,219.0000
static,1.864004,40.940719,214.0000
static,1.864004,40.985635,211.0000
static,1.819088,35.011838,1219.0000
static,1.819088,35.056754,1189.0000
static,1.819088,35.101670,1241.0000
static,1.819088,35.146585,1194.0000
static,1.819088,35.191501,1164.0000
static,1.819088,35.236417,1173.0000
static,1.819088,35.281333,1217.0000
static,1.819088,35.326249,1362.0000
static,1.819088,35.371164,1021.0000
static,1.819088,35.416080,904.0000
static,1.819088,35.460996,824.0000
static,1.819088,35.505912,844.0000
static,1.819088,35.550827,878.0000
static,1.819088,35.595743,895.0000
static,1.819088,35.640659,933.0000
static,1.819088,35.685575,1103.0000
static,1.819088,35.730490,1068.0000
static,1.819088,35.775406,1028.0000
static,1.819088,35.820322,901.0000
static,1.819088,35.865238,779.0000
static,1.819088,35.910153,701.0000
static,1.819088,35.955069,666.0000
static,1.819088,35.999985,665.0000
static,1.819088,36.044901,628.0000
static,1.819088,36.089817,611.0000
static,1.819088,36.134732,631.0000
static,1.819088,36.179648,701.0000
static,1.819088,36.224564,703.0000
static,1.819088,36.269480,768.0000
static,1.819088,36.314395,513.0000
static,1.819088,36.359311,320.0000
static,1.819088,36.404227,306.0000
static,1.819088,36.449143,301.0000
static,1.819088,36.494058,306.0000
static,1.819088,36.538974,853.0000
static,1.819088,36.583890,1018.0000
static,1.819088,36.628806,1150.0000
static,1.819088,36.673721,1212.0000
static,1.819088,36.718637,1209.0000
static,1.819088,36.763553,1246.0000
static,1.819088,36.808469,1286.0000
static,1.819088,36.853385,1334.0000
static,1.819088,36.898300,1371.0000
static,1.819088,36.943216,1449.0000
static,1.819088,36.988132,1724.0000
static,1.819088,37.033048,1843.0000
static,1.819088,37.077963,1526.0000
static,1.819088,37.122879,1559.0000
static,1.819088,37.167795,1330.0000
static,1.819088,37.212711,1160.0000
static,1.819088,37.257626,1025.0000
static,1.819088,37.302542,739.0000
static,1.819088,37.347458,725.0000
static,1.819088,37.392374,630.0000
static,1.819088,37.437289,610.0000
static,1.819088,37.482205,591.0000
static,1.819088,37.527121,567.0000
static,1.819088,37.572037,530.0000
static,1.819088,37.616953,551.0000
static,1.819088,37.661868,570.0000
static,1.819088,37.706784,508.0000
static,1.819088,37.751700,499.0000
static,1.819088,37.796616,492.0000
static,1.819088,37.841531,485.0000
static,1.819088,37.886447,463.0000
static,1.819088,37.931363,453.0000
static,1.819088,37.976279,444.0000
static,1.819088,38.021194,434.0000
static,1.819088,38.066110,417.0000
static,1.819088,38.111026,409.0000
static,1.819088,38.155942,401.0000
static,1.819088,38.200857,393.0000
static,1.819088,38.245773,379.0000
static,1.819088,38.290689,372.0000
static,1.819088,38.335605,367.0000
static,1.819088,38.380521,361.0000
static,1.819088,38.425436,348.0000
static,1.819088,38.470352,342.0000
static,1.819088,38.515268,335.0000
static,1.819088,38.560184,325.0000
static,1.819088,38.605099,320.0000
static,1.819088,38.650015,318.0000
static,1.819088,38.694931,318.0000
static,1.819088,38.739847,317.0000
static,1.819088,38.784762,319.0000
static,1.819088,38.829678,326.0000
static,1.819088,38.874594,329.0000
static,1.819088,38.919510,324.0000
static,1.819088,38.964425,319.0000
static,1.819088,39.009341,317.0000
static,1.819088,39.054257,313.0000
static,1.819088,39.099173,308.0000
static,1.819088,39.144089,305.0000
static,1.819088,39.189004,302.0000
static,1.819088,39.233920,300.0000
static,1.819088,39.278836,301.0000
static,1.819088,39.323752,300.0000
static,1.819088,39.368667,299.0000
static,1.819088,39.413583,296.0000
static,1.819088,39.458499,293.0000
static,1.819088,39.503415,291.0000
static,1.819088,39.548330,289.0000
static,1.819088,39.593246,286.0000
static,1.819088,39.638162,283.0000
static,1.819088,39.683078,282.0000
static,1.819088,39.727993,280.0000
static,1.819088,39.772909,277.0000
static,1.819088,39.817825,274.0000
static,1.819088,39.862741,273.0000
static,1.819088,39.907656,274.0000
static,1.819088,39.952572,275.0000
static,1.819088,39.997488,274.0000
static,1.819088,40.042404,275.0000
static,1.819088,40.087320,276.0000
static,1.819088,40.132235,274.0000
static,1.819088,40.177151,274.0000
static,1.819088,40.222067,276.0000
static,1.819088,40.266983,271.0000
static,1.819088,40.311898,272.0000
static,1.819088,40.356814,281.0000
static,1.819088,40.401730,283.0000
static,1.819088,40.446646,264.0000
static,1.819088,40.491561,253.0000
static,1.819088,40.536477,245.0000
static,1.819088,40.581393,235.0000
static,1.819088,40.626309,224.0000
static,1.819088,40.671224,222.0000
static,1.819088,40.716140,221.0000
static,1.819088,40.761056,222.0000
static,1.819088,40.805972,220.0000
static,1.819088,40.850888,217.0000
static,1.819088,40.895803,212.0000
static,1.819088,40.940719,205.0000
static,1.819088,40.985635,204.0000
static,1.774173,35.011838,1196.0000
static,1.774173,35.056754,1191.0000
static,1.774173,35.101670,1180.0000
static,1.774173,35.146585,1170.0000
static,1.774173,35.191501,1195.0000
static,1.774173,35.236417,1229.0000
static,1.774173,35.281333,1385.0000
static,1.774173,35.326249,1455.0000
static,1.774173,35.371164,1297.0000
static,1.774173,35.416080,1446.0000
static,1.774173,35.460996,937.0000
static,1.774173,35.505912,838.0000
static,1.774173,35.550827,863.0000
static,1.774173,35.595743,897.0000
static,1.774173,35.640659,939.0000
static,1.774173,35.685575,1333.0000
static,1.774173,35.730490,1081.0000
static,1.774173,35.775406,903.0000
static,1.774173,35.820322,848.0000
static,1.774173,35.865238,751.0000
static,1.774173,35.910153,690.0000
static,1.774173,35.955069,710.0000
static,1.774173,35.999985,644.0000
static,1.774173,36.044901,606.0000
static,1.774173,36.089817,596.0000
static,1.774173,36.134732,582.0000
static,1.774173,36.179648,646.0000
static,1.774173,36.224564,666.0000
static,1.774173,36.269480,682.0000
static,1.774173,36.314395,439.0000
static,1.774173,36.359311,318.0000
static,1.774173,36.404227,314.0000
static,1.774173,36.449143,314.0000
static,1.774173,36.494058,337.0000
static,1.774173,36.538974,782.0000
static,1.774173,36.583890,971.0000
static,1.774173,36.628806,1088.0000
static,1.774173,36.673721,1162.0000
static,1.774173,36.718637,1216.0000
static,1.774173,36.763553,1266.0000
static,1.774173,36.808469,1274.0000
static,1.774173,36.853385,1353.0000
static,1.774173,36.898300,1382.0000
static,1.774173,36.943216,1449.0000
static,1.774173,36.988132,1624.0000
static,1.774173,37.033048,1546.0000
static,1.774173,37.077963,1518.0000
static,1.774173,37.122879,2172.0000
static,1.774173,37.167795,1742.0000
static,1.774173,37.212711,1199.0000
static,1.774173,37.257626,970.0000
static,1.774173,37.302542,748.0000
static,1.774173,37.347458,709.0000
static,1.774173,37.392374,635.0000
static,1.774173,37.437289,607.0000
static,1.774173,37.482205,676.0000
static,1.774173,37.527121,741.0000
static,1.774173,37.572037,559.0000
static,1.774173,37.616953,543.0000
static,1.774173,37.661868,534.0000
static,1.774173,37.706784,514.0000
static,1.774173,37.751700,505.0000
static,1.774173,37.796616,497.0000
static,1.774173,37.841531,499.0000
static,1.774173,37.886447,475.0000
static,1.774173,37.931363,470.0000
static,1.774173,37.976279,462.0000
static,1.774173,38.021194,440.0000
static,1.774173,38.066110,417.0000
static,1.774173,38.111026,407.0000
static,1.774173,38.155942,399.0000
static,1.774173,38.200857,391.0000
static,1.774173,38.245773,376.0000
static,1.774173,38.290689,371.0000
static,1.774173,38.335605,364.0000
static,1.774173,38.380521,358.0000
static,1.774173,38.425436,347.0000
static,1.774173,38.470352,341.0000
static,1.774173,38.515268,334.0000
static,1.774173,38.560184,323.0000
static,1.774173,38.605099,318.0000
static,1.774173,38.650015,314.0000
static,1.774173,38.694931,315.0000
static,1.774173,38.739847,313.0000
static,1.774173,38.784762,315.0000
static,1.774173,38.829678,323.0000
static,1.774173,38.874594,333.0000
static,1.774173,38.919510,331.0000
static,1.774173,38.964425,320.0000
static,1.774173,39.009341,314.0000
static,1.774173,39.054257,311.0000
static,1.774173,39.099173,305.0000
static,1.774173,39.144089,302.0000
static,1.774173,39.189004,298.0000
static,1.774173,39.233920,295.0000
static,1.774173,39.278836,294.0000
static,1.774173,39.323752,295.0000
static,1.774173,39.368667,293.0000
static,1.774173,39.413583,290.0000
static,1.774173,39.458499,288.0000
static,1.774173,39.503415,286.0000
static,1.774173,39.548330,283.0000
static,1.774173,39.593246,280.0000
static,1.774173,39.638162,279.0000
static,1.774173,39.683078,277.0000
static,1.774173,39.727993,275.0000
static,1.774173,39.772909,271.0000
static,1.774173,39.817825,269.0000
static,1.774173,39.862741,267.0000
static,1.774173,39.907656,268.0000
static,1.774173,39.952572,268.0000
static,1.774173,39.997488,267.0000
static,1.774173,40.042404,267.0000
static,1.774173,40.087320,265.0000
static,1.774173,40.132235,265.0000
static,1.774173,40.177151,265.0000
static,1.774173,40.222067,266.0000
static,1.774173,40.266983,261.0000
static,1.774173,40.311898,259.0000
static,1.774173,40.356814,257.0000
static,1.774173,40.401730,254.0000
static,1.774173,40.446646,248.0000
static,1.774173,40.491561,240.0000
static,1.774173,40.536477,232.0000
static,1.774173,40.581393,225.0000
static,1.774173,40.626309,216.0000
static,1.774173,40.671224,215.0000
static,1.774173,40.716140,216.0000
static,1.774173,40.761056,215.0000
static,1.774173,40.805972,212.0000
static,1.774173,40.850888,210.0000
static,1.774173,40.895803,207.0000
static,1.774173,40.940719,198.0000
static,1.774173,40.985635,199.0000
static,1.729257,35.011838,1222.0000
static,1.729257,35.056754,1208.0000
static,1.729257,35.101670,1211.0000
static,1.729257,35.146585,1207.0000
static,1.729257,35.191501,1348.0000
static,1.729257,35.236417,1416.0000
static,1.729257,35.281333,1360.0000
static,1.729257,35.326249,1610.0000
static,1.729257,35.371164,1759.0000
static,1.729257,35.416080,2047.0000
static,1.729257,35.460996,1291.0000
static,1.729257,35.505912,833.0000
static,1.729257,35.550827,865.0000
static,1.729257,35.595743,903.0000
static,1.729257,35.640659,943.0000
static,1.729257,35.685575,1285.0000
static,1.729257,35.730490,1367.0000
static,1.729257,35.775406,891.0000
static,1.729257,35.820322,850.0000
static,1.729257,35.865238,788.0000
static,1.729257,35.910153,748.0000
static,1.729257,35.955069,742.0000
static,1.729257,35.999985,655.0000
static,1.729257,36.044901,616.0000
static,1.729257,36.089817,585.0000
static,1.729257,36.134732,553.0000
static,1.729257,36.179648,559.0000
static,1.729257,36.224564,623.0000
static,1.729257,36.269480,523.0000
static,1.729257,36.314395,385.0000
static,1.729257,36.359311,325.0000
static,1.729257,36.404227,327.0000
static,1.729257,36.449143,331.0000
static,1.729257,36.494058,375.0000
static,1.729257,36.538974,718.0000
static,1.729257,36.583890,916.0000
static,1.729257,36.628806,1040.0000
static,1.729257,36.673721,1135.0000
static,1.729257,36.718637,1210.0000
static,1.729257,36.763553,1279.0000
static,1.729257,36.808469,1302.0000
static,1.729257,36.853385,1399.0000
static,1.729257,36.898300,1419.0000
static,1.729257,36.943216,1450.0000
static,1.729257,36.988132,1539.0000
static,1.729257,37.033048,1655.0000
static,1.729257,37.077963,1302.0000
static,1.729257,37.122879,1535.0000
static,1.729257,37.167795,1853.0000
static,1.729257,37.212711,1597.0000
static,1.729257,37.257626,1237.0000
static,1.729257,37.302542,823.0000
static,1.729257,37.347458,757.0000
static,1.729257,37.392374,678.0000
static,1.729257,37.437289,601.0000
static,1.729257,37.482205,597.0000
static,1.729257,37.527121,748.0000
static,1.729257,37.572037,574.0000
static,1.729257,37.616953,548.0000
static,1.729257,37.661868,537.0000
static,1.729257,37.706784,522.0000
static,1.729257,37.751700,509.0000
static,1.729257,37.796616,503.0000
static,1.729257,37.841531,534.0000
static,1.729257,37.886447,500.0000
static,1.729257,37.931363,503.0000
static,1.729257,37.976279,512.0000
static,1.729257,38.021194,480.0000
static,1.729257,38.066110,420.0000
static,1.729257,38.111026,408.0000
static,1.729257,38.155942,396.0000
static,1.729257,38.200857,388.0000
static,1.729257,38.245773,375.0000
static,1.729257,38.290689,368.0000
static,1.729257,38.335605,362.0000
static,1.729257,38.380521,356.0000
static,1.729257,38.425436,343.0000
static,1.729257,38.470352,338.0000
static,1.729257,38.515268,331.0000
static,1.729257,38.560184,321.0000
static,1.729257,38.605099,316.0000
static,1.729257,38.650015,313.0000
static,1.729257,38.694931,311.0000
static,1.729257,38.739847,309.0000
static,1.729257,38.784762,312.0000
static,1.729257,38.829678,317.0000
static,1.729257,38.874594,329.0000
static,1.729257,38.919510,335.0000
static,1.729257,38.964425,327.0000
static,1.729257,39.009341,309.0000
static,1.729257,39.054257,307.0000
static,1.729257,39.099173,302.0000
static,1.729257,39.144089,299.0000
static,1.729257,39.189004,296.0000
static,1.729257,39.233920,292.0000
static,1.729257,39.278836,288.0000
static,1.729257,39.323752,288.0000
static,1.729257,39.368667,287.0000
static,1.729257,39.413583,285.0000
static,1.729257,39.458499,283.0000
static,1.729257,39.503415,281.0000
static,1.729257,39.548330,279.0000
static,1.729257,39.593246,275.0000
static,1.729257,39.638162,273.0000
static,1.729257,39.683078,272.0000
static,1.729257,39.727993,270.0000
static,1.729257,39.772909,266.0000
static,1.729257,39.817825,264.0000
static,1.729257,39.862741,262.0000
static,1.729257,39.907656,263.0000
static,1.729257,39.952572,262.0000
static,1.729257,39.997488,261.0000
static,1.729257,40.042404,259.0000
static,1.729257,40.087320,257.0000
static,1.729257,40.132235,257.0000
static,1.729257,40.177151,257.0000
static,1.729257,40.222067,255.0000
static,1.729257,40.266983,252.0000
static,1.729257,40.311898,248.0000
static,1.729257,40.356814,241.0000
static,1.729257,40.401730,236.0000
static,1.729257,40.446646,232.0000
static,1.729257,40.491561,227.0000
static,1.729257,40.536477,222.0000
static,1.729257,40.581393,215.0000
static,1.729257,40.626309,207.0000
static,1.729257,40.671224,209.0000
static,1.729257,40.716140,209.0000
static,1.729257,40.761056,208.0000
static,1.729257,40.805972,205.0000
static,1.729257,40.850888,204.0000
static,1.729257,40.895803,201.0000
static,1.729257,40.940719,194.0000
static,1.729257,40.985635,192.0000
static,1.684341,35.011838,1262.0000
static,1.684341,35.056754,1266.0000
static,1.684341,35.101670,1226.0000
static,1.684341,35.146585,1261.0000
static,1.684341,35.191501,1411.0000
static,1.684341,35.236417,1760.0000
static,1.684341,35.281333,1617.0000
static,1.684341,35.326249,2114.0000
static,1.684341,35.371164,2646.0000
static,1.684341,35.416080,2001.0000
static,1.684341,35.460996,1468.0000
static,1.684341,35.505912,853.0000
static,1.684341,35.550827,874.0000
static,1.684341,35.595743,919.0000
static,1.684341,35.640659,987.0000
static,1.684341,35.685575,1179.0000
static,1.684341,35.730490,938.0000
static,1.684341,35.775406,867.0000
static,1.684341,35.820322,895.0000
static,1.684341,35.865238,882.0000
static,1.684341,35.910153,855.0000
static,1.684341,35.955069,808.0000
static,1.684341,35.999985,719.0000
static,1.684341,36.044901,639.0000
static,1.684341,36.089817,597.0000
static,1.684341,36.134732,561.0000
static,1.684341,36.179648,554.0000
static,1.684341,36.224564,515.0000
static,1.684341,36.269480,407.0000
static,1.684341,36.314395,372.0000
static,1.684341,36.359311,345.0000
static,1.684341,36.404227,360.0000
static,1.684341,36.449143,376.0000
static,1.684341,36.494058,487.0000
static,1.684341,36.538974,881.0000
static,1.684341,36.583890,910.0000
static,1.684341,36.628806,1070.0000
static,1.684341,36.673721,1287.0000
static,1.684341,36.718637,1370.0000
static,1.684341,36.763553,1304.0000
static,1.684341,36.808469,1343.0000
static,1.684341,36.853385,1366.0000
static,1.684341,36.898300,1330.0000
static,1.684341,36.943216,1333.0000
static,1.684341,36.988132,1368.0000
static,1.684341,37.033048,1200.0000
static,1.684341,37.077963,1026.0000
static,1.684341,37.122879,1003.0000
static,1.684341,37.167795,1050.0000
static,1.684341,37.212711,1785.0000
static,1.684341,37.257626,1445.0000
static,1.684341,37.302542,954.0000
static,1.684341,37.347458,849.0000
static,1.684341,37.392374,742.0000
static,1.684341,37.437289,684.0000
static,1.684341,37.482205,740.0000
static,1.684341,37.527121,704.0000
static,1.684341,37.572037,576.0000
static,1.684341,37.616953,576.0000
static,1.684341,37.661868,609.0000
static,1.684341,37.706784,636.0000
static,1.684341,37.751700,528.0000
static,1.684341,37.796616,525.0000
static,1.684341,37.841531,562.0000
static,1.684341,37.886447,561.0000
static,1.684341,37.931363,551.0000
static,1.684341,37.976279,543.0000
static,1.684341,38.021194,489.0000
static,1.684341,38.066110,448.0000
static,1.684341,38.111026,436.0000
static,1.684341,38.155942,410.0000
static,1.684341,38.200857,399.0000
static,1.684341,38.245773,384.0000
static,1.684341,38.290689,375.0000
static,1.684341,38.335605,367.0000
static,1.684341,38.380521,357.0000
static,1.684341,38.425436,342.0000
static,1.684341,38.470352,334.0000
static,1.684341,38.515268,327.0000
static,1.684341,38.560184,316.0000
static,1.684341,38.605099,311.0000
static,1.684341,38.650015,307.0000
static,1.684341,38.694931,303.0000
static,1.684341,38.739847,308.0000
static,1.684341,38.784762,312.0000
static,1.684341,38.829678,319.0000
static,1.684341,38.874594,324.0000
static,1.684341,38.919510,333.0000
static,1.684341,38.964425,322.0000
static,1.684341,39.009341,296.0000
static,1.684341,39.054257,317.0000
static,1.684341,39.099173,303.0000
static,1.684341,39.144089,295.0000
static,1.684341,39.189004,291.0000
static,1.684341,39.233920,287.0000
static,1.684341,39.278836,279.0000
static,1.684341,39.323752,277.0000
static,1.684341,39.368667,275.0000
static,1.684341,39.413583,274.0000
static,1.684341,39.458499,272.0000
static,1.684341,39.503415,270.0000
static,1.684341,39.548330,269.0000
static,1.684341,39.593246,265.0000
static,1.684341,39.638162,265.0000
static,1.684341,39.683078,262.0000
static,1.684341,39.727993,260.0000
static,1.684341,39.772909,256.0000
static,1.684341,39.817825,255.0000
static,1.684341,39.862741,253.0000
static,1.684341,39.907656,250.0000
static,1.684341,39.952572,247.0000
static,1.684341,39.997488,246.0000
static,1.684341,40.042404,244.0000
static,1.684341,40.087320,245.0000
static,1.684341,40.132235,242.0000
static,1.684341,40.177151,239.0000
static,1.684341,40.222067,238.0000
static,1.684341,40.266983,230.0000
static,1.684341,40.311898,232.0000
static,1.684341,40.356814,229.0000
static,1.684341,40.401730,221.0000
static,1.684341,40.446646,209.0000
static,1.684341,40.491561,207.0000
static,1.684341,40.536477,205.0000
static,1.684341,40.581393,202.0000
static,1.684341,40.626309,197.0000
static,1.684341,40.671224,199.0000
static,1.684341,40.716140,197.0000
static,1.684341,40.761056,195.0000
static,1.684341,40.805972,193.0000
static,1.684341,40.850888,191.0000
static,1.684341,40.895803,189.0000
static,1.684341,40.940719,183.0000
static,1.684341,40.985635,180.0000
static,1.639425,34.966922,1274.0000
static,1.639425,35.011838,1298.0000
static,1.639425,35.056754,1292.0000
static,1.639425,35.101670,1262.0000
static,1.639425,35.146585,1242.0000
static,1.639425,35.191501,1411.0000
static,1.639425,35.236417,1895.0000
static,1.639425,35.281333,1936.0000
static,1.639425,35.326249,1986.0000
static,1.639425,35.371164,2407.0000
static,1.639425,35.416080,2046.0000
static,1.639425,35.460996,1363.0000
static,1.639425,35.505912,871.0000
static,1.639425,35.550827,885.0000
static,1.639425,35.595743,930.0000
static,1.639425,35.640659,998.0000
static,1.639425,35.685575,1401.0000
static,1.639425,35.730490,1040.0000
static,1.639425,35.775406,870.0000
static,1.639425,35.820322,911.0000
static,1.639425,35.865238,887.0000
static,1.639425,35.910153,860.0000
static,1.639425,35.955069,889.0000
static,1.639425,35.999985,734.0000
static,1.639425,36.044901,689.0000
static,1.639425,36.089817,622.0000
static,1.639425,36.134732,613.0000
static,1.639425,36.179648,624.0000
static,1.639425,36.224564,486.0000
static,1.639425,36.269480,391.0000
static,1.639425,36.314395,375.0000
static,1.639425,36.359311,363.0000
static,1.639425,36.404227,390.0000
static,1.639425,36.449143,412.0000
static,1.639425,36.494058,579.0000
static,1.639425,36.538974,922.0000
static,1.639425,36.583890,1016.0000
static,1.639425,36.628806,1143.0000
static,1.639425,36.673721,1381.0000
static,1.639425,36.718637,1438.0000
static,1.639425,36.763553,1354.0000
static,1.639425,36.808469,1337.0000
static,1.639425,36.853385,1333.0000
static,1.639425,36.898300,1280.0000
static,1.639425,36.943216,1254.0000
static,1.639425,36.988132,1301.0000
static,1.639425,37.033048,1150.0000
static,1.639425,37.077963,1030.0000
static,1.639425,37.122879,944.0000
static,1.639425,37.167795,1099.0000
static,1.639425,37.212711,1212.0000
static,1.639425,37.257626,1030.0000
static,1.639425,37.302542,857.0000
static,1.639425,37.347458,769.0000
static,1.639425,37.392374,649.0000
static,1.639425,37.437289,687.0000
static,1.639425,37.482205,754.0000
static,1.639425,37.527121,727.0000
static,1.639425,37.572037,612.0000
static,1.639425,37.616953,599.0000
static,1.639425,37.661868,608.0000
static,1.639425,37.706784,621.0000
static,1.639425,37.751700,548.0000
static,1.639425,37.796616,542.0000
static,1.639425,37.841531,552.0000
static,1.639425,37.886447,539.0000
static,1.639425,37.931363,540.0000
static,1.639425,37.976279,508.0000
static,1.639425,38.021194,488.0000
static,1.639425,38.066110,456.0000
static,1.639425,38.111026,425.0000
static,1.639425,38.155942,408.0000
static,1.639425,38.200857,404.0000
static,1.639425,38.245773,387.0000
static,1.639425,38.290689,380.0000
static,1.639425,38.335605,367.0000
static,1.639425,38.380521,358.0000
static,1.639425,38.425436,341.0000
static,1.639425,38.470352,331.0000
static,1.639425,38.515268,324.0000
static,1.639425,38.560184,313.0000
static,1.639425,38.605099,308.0000
static,1.639425,38.650015,303.0000
static,1.639425,38.694931,298.0000
static,1.639425,38.739847,306.0000
static,1.639425,38.784762,316.0000
static,1.639425,38.829678,324.0000
static,1.639425,38.874594,329.0000
static,1.639425,38.919510,337.0000
static,1.639425,38.964425,324.0000
static,1.639425,39.009341,278.0000
static,1.639425,39.054257,295.0000
static,1.639425,39.099173,315.0000
static,1.639425,39.144089,309.0000
static,1.639425,39.189004,301.0000
static,1.639425,39.233920,293.0000
static,1.639425,39.278836,278.0000
static,1.639425,39.323752,274.0000
static,1.639425,39.368667,272.0000
static,1.639425,39.413583,268.0000
static,1.639425,39.458499,267.0000
static,1.639425,39.503415,265.0000
static,1.639425,39.548330,264.0000
static,1.639425,39.593246,261.0000
static,1.639425,39.638162,260.0000
static,1.639425,39.683078,257.0000
static,1.639425,39.727993,256.0000
static,1.639425,39.772909,251.0000
static,1.639425,39.817825,251.0000
static,1.639425,39.862741,250.0000
static,1.639425,39.907656,247.0000
static,1.639425,39.952572,240.0000
static,1.639425,39.997488,239.0000
static,1.639425,40.042404,238.0000
static,1.639425,40.087320,237.0000
static,1.639425,40.132235,233.0000
static,1.639425,40.177151,232.0000
static,1.639425,40.222067,231.0000
static,1.639425,40.266983,221.0000
static,1.639425,40.311898,217.0000
static,1.639425,40.356814,217.0000
static,1.639425,40.401730,212.0000
static,1.639425,40.446646,202.0000
static,1.639425,40.491561,200.0000
static,1.639425,40.536477,199.0000
static,1.639425,40.581393,198.0000
static,1.639425,40.626309,192.0000
static,1.639425,40.671224,193.0000
static,1.639425,40.716140,190.0000
static,1.639425,40.761056,189.0000
static,1.639425,40.805972,187.0000
static,1.639425,40.850888,185.0000
static,1.639425,40.895803,182.0000
static,1.639425,40.940719,180.0000
static,1.639425,40.985635,175.0000
static,1.594510,34.966922,1312.0000
static,1.594510,35.011838,1299.0000
static,1.594510,35.056754,1264.0000
static,1.594510,35.101670,1238.0000
static,1.594510,35.146585,1256.0000
static,1.594510,35.191501,1349.0000
static,1.594510,35.236417,1840.0000
static,1.594510,35.281333,1999.0000
static,1.594510,35.326249,1601.0000
static,1.594510,35.371164,2199.0000
static,1.594510,35.416080,1823.0000
static,1.594510,35.460996,1056.0000
static,1.594510,35.505912,890.0000
static,1.594510,35.550827,890.0000
static,1.594510,35.595743,940.0000
static,1.594510,35.640659,1018.0000
static,1.594510,35.685575,1457.0000
static,1.594510,35.730490,1089.0000
static,1.594510,35.775406,886.0000
static,1.594510,35.820322,892.0000
static,1.594510,35.865238,930.0000
static,1.594510,35.910153,920.0000
static,1.594510,35.955069,1034.0000
static,1.594510,35.999985,726.0000
static,1.594510,36.044901,702.0000
static,1.594510,36.089817,648.0000
static,1.594510,36.134732,637.0000
static,1.594510,36.179648,621.0000
static,1.594510,36.224564,501.0000
static,1.594510,36.269480,416.0000
static,1.594510,36.314395,408.0000
static,1.594510,36.359311,409.0000
static,1.594510,36.404227,431.0000
static,1.594510,36.449143,541.0000
static,1.594510,36.494058,679.0000
static,1.594510,36.538974,970.0000
static,1.594510,36.583890,1157.0000
static,1.594510,36.628806,1269.0000
static,1.594510,36.673721,1325.0000
static,1.594510,36.718637,1475.0000
static,1.594510,36.763553,1367.0000
static,1.594510,36.808469,1302.0000
static,1.594510,36.853385,1266.0000
static,1.594510,36.898300,1231.0000
static,1.594510,36.943216,1170.0000
static,1.594510,36.988132,1212.0000
static,1.594510,37.033048,1121.0000
static,1.594510,37.077963,1035.0000
static,1.594510,37.122879,908.0000
static,1.594510,37.167795,977.0000
static,1.594510,37.212711,1113.0000
static,1.594510,37.257626,794.0000
static,1.594510,37.302542,742.0000
static,1.594510,37.347458,708.0000
static,1.594510,37.392374,717.0000
static,1.594510,37.437289,804.0000
static,1.594510,37.482205,768.0000
static,1.594510,37.527121,772.0000
static,1.594510,37.572037,692.0000
static,1.594510,37.616953,644.0000
static,1.594510,37.661868,624.0000
static,1.594510,37.706784,674.0000
static,1.594510,37.751700,577.0000
static,1.594510,37.796616,593.0000
static,1.594510,37.841531,549.0000
static,1.594510,37.886447,557.0000
static,1.594510,37.931363,545.0000
static,1.594510,37.976279,538.0000
static,1.594510,38.021194,525.0000
static,1.594510,38.066110,467.0000
static,1.594510,38.111026,432.0000
static,1.594510,38.155942,420.0000
static,1.594510,38.200857,428.0000
static,1.594510,38.245773,386.0000
static,1.594510,38.290689,380.0000
static,1.594510,38.335605,367.0000
static,1.594510,38.380521,358.0000
static,1.594510,38.425436,338.0000
static,1.594510,38.470352,329.0000
static,1.594510,38.515268,322.0000
static,1.594510,38.560184,310.0000
static,1.594510,38.605099,304.0000
static,1.594510,38.650015,299.0000
static,1.594510,38.694931,295.0000
static,1.594510,38.739847,289.0000
static,1.594510,38.784762,293.0000
static,1.594510,38.829678,308.0000
static,1.594510,38.874594,323.0000
static,1.594510,38.919510,306.0000
static,1.594510,38.964425,271.0000
static,1.594510,39.009341,275.0000
static,1.594510,39.054257,294.0000
static,1.594510,39.099173,310.0000
static,1.594510,39.144089,309.0000
static,1.594510,39.189004,303.0000
static,1.594510,39.233920,293.0000
static,1.594510,39.278836,277.0000
static,1.594510,39.323752,273.0000
static,1.594510,39.368667,269.0000
static,1.594510,39.413583,264.0000
static,1.594510,39.458499,262.0000
static,1.594510,39.503415,260.0000
static,1.594510,39.548330,259.0000
static,1.594510,39.593246,256.0000
static,1.594510,39.638162,255.0000
static,1.594510,39.683078,253.0000
static,1.594510,39.727993,252.0000
static,1.594510,39.772909,247.0000
static,1.594510,39.817825,246.0000
static,1.594510,39.862741,245.0000
static,1.594510,39.907656,243.0000
static,1.594510,39.952572,234.0000
static,1.594510,39.997488,232.0000
static,1.594510,40.042404,230.0000
static,1.594510,40.087320,228.0000
static,1.594510,40.132235,225.0000
static,1.594510,40.177151,225.0000
static,1.594510,40.222067,224.0000
static,1.594510,40.266983,216.0000
static,1.594510,40.311898,209.0000
static,1.594510,40.356814,206.0000
static,1.594510,40.401730,204.0000
static,1.594510,40.446646,194.0000
static,1.594510,40.491561,194.0000
static,1.594510,40.536477,195.0000
static,1.594510,40.581393,192.0000
static,1.594510,40.626309,185.0000
static,1.594510,40.671224,187.0000
static,1.594510,40.716140,184.0000
static,1.594510,40.761056,182.0000
static,1.594510,40.805972,181.0000
static,1.594510,40.850888,180.0000
static,1.594510,40.895803,176.0000
static,1.594510,40.940719,174.0000
static,1.594510,40.985635,170.0000
static,1.549594,34.877091,1354.0000
static,1.549594,34.922007,1388.0000
static,1.549594,34.966922,1366.0000
static,1.549594,35.011838,1300.0000
static,1.549594,35.056754,1268.0000
static,1.549594,35.101670,1242.0000
static,1.549594,35.146585,1288.0000
static,1.549594,35.191501,1365.0000
static,1.549594,35.236417,1828.0000
static,1.549594,35.281333,1675.0000
static,1.549594,35.326249,1461.0000
static,1.549594,35.371164,1691.0000
static,1.549594,35.416080,1645.0000
static,1.549594,35.460996,1070.0000
static,1.549594,35.505912,903.0000
static,1.549594,35.550827,900.0000
static,1.549594,35.595743,946.0000
static,1.549594,35.640659,1007.0000
static,1.549594,35.685575,1202.0000
static,1.549594,35.730490,963.0000
static,1.549594,35.775406,890.0000
static,1.549594,35.820322,983.0000
static,1.549594,35.865238,981.0000
static,1.549594,35.910153,1014.0000
static,1.549594,35.955069,1020.0000
static,1.549594,35.999985,786.0000
static,1.549594,36.044901,750.0000
static,1.549594,36.089817,707.0000
static,1.549594,36.134732,665.0000
static,1.549594,36.179648,639.0000
static,1.549594,36.224564,524.0000
static,1.549594,36.269480,464.0000
static,1.549594,36.314395,540.0000
static,1.549594,36.359311,575.0000
static,1.549594,36.404227,514.0000
static,1.549594,36.449143,713.0000
static,1.549594,36.494058,895.0000
static,1.549594,36.538974,893.0000
static,1.549594,36.583890,1131.0000
static,1.549594,36.628806,1208.0000
static,1.549594,36.673721,1376.0000
static,1.549594,36.718637,1491.0000
static,1.549594,36.763553,1409.0000
static,1.549594,36.808469,1282.0000
static,1.549594,36.853385,1207.0000
static,1.549594,36.898300,1135.0000
static,1.549594,36.943216,1084.0000
static,1.549594,36.988132,1108.0000
static,1.549594,37.033048,1063.0000
static,1.549594,37.077963,987.0000
static,1.549594,37.122879,875.0000
static,1.549594,37.167795,930.0000
static,1.549594,37.212711,1109.0000
static,1.549594,37.257626,833.0000
static,1.549594,37.302542,761.0000
static,1.549594,37.347458,728.0000
static,1.549594,37.392374,746.0000
static,1.549594,37.437289,822.0000
static,1.549594,37.482205,946.0000
static,1.549594,37.527121,813.0000
static,1.549594,37.572037,714.0000
static,1.549594,37.616953,677.0000
static,1.549594,37.661868,656.0000
static,1.549594,37.706784,634.0000
static,1.549594,37.751700,602.0000
static,1.549594,37.796616,589.0000
static,1.549594,37.841531,551.0000
static,1.549594,37.886447,588.0000
static,1.549594,37.931363,581.0000
static,1.549594,37.976279,573.0000
static,1.549594,38.021194,542.0000
static,1.549594,38.066110,485.0000
static,1.549594,38.111026,439.0000
static,1.549594,38.155942,453.0000
static,1.549594,38.200857,466.0000
static,1.549594,38.245773,378.0000
static,1.549594,38.290689,372.0000
static,1.549594,38.335605,390.0000
static,1.549594,38.380521,355.0000
static,1.549594,38.425436,336.0000
static,1.549594,38.470352,329.0000
static,1.549594,38.515268,322.0000
static,1.549594,38.560184,308.0000
static,1.549594,38.605099,301.0000
static,1.549594,38.650015,296.0000
static,1.549594,38.694931,292.0000
static,1.549594,38.739847,285.0000
static,1.549594,38.784762,283.0000
static,1.549594,38.829678,281.0000
static,1.549594,38.874594,284.0000
static,1.549594,38.919510,267.0000
static,1.549594,38.964425,262.0000
static,1.549594,39.009341,264.0000
static,1.549594,39.054257,277.0000
static,1.549594,39.099173,295.0000
static,1.549594,39.144089,308.0000
static,1.549594,39.189004,309.0000
static,1.549594,39.233920,302.0000
static,1.549594,39.278836,282.0000
static,1.549594,39.323752,276.0000
static,1.549594,39.368667,272.0000
static,1.549594,39.413583,262.0000
static,1.549594,39.458499,259.0000
static,1.549594,39.503415,257.0000
static,1.549594,39.548330,253.0000
static,1.549594,39.593246,251.0000
static,1.549594,39.638162,251.0000
static,1.549594,39.683078,250.0000
static,1.549594,39.727993,248.0000
static,1.549594,39.772909,245.0000
static,1.549594,39.817825,242.0000
static,1.549594,39.862741,240.0000
static,1.549594,39.907656,238.0000
static,1.549594,39.952572,231.0000
static,1.549594,39.997488,226.0000
static,1.549594,40.042404,223.0000
static,1.549594,40.087320,220.0000
static,1.549594,40.132235,218.0000
static,1.549594,40.177151,216.0000
static,1.549594,40.222067,214.0000
static,1.549594,40.266983,208.0000
static,1.549594,40.311898,204.0000
static,1.549594,40.356814,198.0000
static,1.549594,40.401730,197.0000
static,1.549594,40.446646,187.0000
static,1.549594,40.491561,189.0000
static,1.549594,40.536477,191.0000
static,1.549594,40.581393,187.0000
static,1.549594,40.626309,179.0000
static,1.549594,40.671224,182.0000
static,1.549594,40.716140,179.0000
static,1.549594,40.761056,176.0000
static,1.549594,40.805972,175.0000
static,1.549594,40.850888,173.0000
static,1.549594,40.895803,171.0000
static,1.549594,40.940719,169.0000
static,1.549594,40.985635,164.0000
static,1.504678,34.877091,1387.0000
static,1.504678,34.922007,1339.0000
static,1.504678,34.966922,1316.0000
static,1.504678,35.011838,1294.0000
static,1.504678,35.056754,1268.0000
static,1.504678,35.101670,1355.0000
static,1.504678,35.146585,1512.0000
static,1.504678,35.191501,1597.0000
static,1.504678,35.236417,1609.0000
static,1.504678,35.281333,1493.0000
static,1.504678,35.326249,1644.0000
static,1.504678,35.371164,1644.0000
static,1.504678,35.416080,1513.0000
static,1.504678,35.460996,1323.0000
static,1.504678,35.505912,928.0000
static,1.504678,35.550827,924.0000
static,1.504678,35.595743,930.0000
static,1.504678,35.640659,968.0000
static,1.504678,35.685575,952.0000
static,1.504678,35.730490,901.0000
static,1.504678,35.775406,909.0000
static,1.504678,35.820322,947.0000
static,1.504678,35.865238,1178.0000
static,1.504678,35.910153,1210.0000
static,1.504678,35.955069,1249.0000
static,1.504678,35.999985,1066.0000
static,1.504678,36.044901,1077.0000
static,1.504678,36.089817,877.0000
static,1.504678,36.134732,759.0000
static,1.504678,36.179648,754.0000
static,1.504678,36.224564,597.0000
static,1.504678,36.269480,673.0000
static,1.504678,36.314395,903.0000
static,1.504678,36.359311,1078.0000
static,1.504678,36.404227,993.0000
static,1.504678,36.449143,1117.0000
static,1.504678,36.494058,1192.0000
static,1.504678,36.538974,1003.0000
static,1.504678,36.583890,1378.0000
static,1.504678,36.628806,1315.0000
static,1.504678,36.673721,1392.0000
static,1.504678,36.718637,1599.0000
static,1.504678,36.763553,1593.0000
static,1.504678,36.808469,1501.0000
static,1.504678,36.853385,1143.0000
static,1.504678,36.898300,1103.0000
static,1.504678,36.943216,1043.0000
static,1.504678,36.988132,951.0000
static,1.504678,37.033048,912.0000
static,1.504678,37.077963,834.0000
static,1.504678,37.122879,820.0000
static,1.504678,37.167795,909.0000
static,1.504678,37.212711,1160.0000
static,1.504678,37.257626,1027.0000
static,1.504678,37.302542,857.0000
static,1.504678,37.347458,831.0000
static,1.504678,37.392374,794.0000
static,1.504678,37.437289,776.0000
static,1.504678,37.482205,812.0000
static,1.504678,37.527121,851.0000
static,1.504678,37.572037,841.0000
static,1.504678,37.616953,793.0000
static,1.504678,37.661868,694.0000
static,1.504678,37.706784,645.0000
static,1.504678,37.751700,661.0000
static,1.504678,37.796616,606.0000
static,1.504678,37.841531,569.0000
static,1.504678,37.886447,511.0000
static,1.504678,37.931363,544.0000
static,1.504678,37.976279,525.0000
static,1.504678,38.021194,503.0000
static,1.504678,38.066110,477.0000
static,1.504678,38.111026,479.0000
static,1.504678,38.155942,484.0000
static,1.504678,38.200857,371.0000
static,1.504678,38.245773,362.0000
static,1.504678,38.290689,357.0000
static,1.504678,38.335605,351.0000
static,1.504678,38.380521,344.0000
static,1.504678,38.425436,328.0000
static,1.504678,38.470352,321.0000
static,1.504678,38.515268,315.0000
static,1.504678,38.560184,302.0000
static,1.504678,38.605099,296.0000
static,1.504678,38.650015,290.0000
static,1.504678,38.694931,285.0000
static,1.504678,38.739847,279.0000
static,1.504678,38.784762,276.0000
static,1.504678,38.829678,274.0000
static,1.504678,38.874594,270.0000
static,1.504678,38.919510,263.0000
static,1.504678,38.964425,260.0000
static,1.504678,39.009341,256.0000
static,1.504678,39.054257,253.0000
static,1.504678,39.099173,260.0000
static,1.504678,39.144089,271.0000
static,1.504678,39.189004,280.0000
static,1.504678,39.233920,285.0000
static,1.504678,39.278836,300.0000
static,1.504678,39.323752,297.0000
static,1.504678,39.368667,294.0000
static,1.504678,39.413583,275.0000
static,1.504678,39.458499,265.0000
static,1.504678,39.503415,257.0000
static,1.504678,39.548330,252.0000
static,1.504678,39.593246,245.0000
static,1.504678,39.638162,242.0000
static,1.504678,39.683078,241.0000
static,1.504678,39.727993,240.0000
static,1.504678,39.772909,238.0000
static,1.504678,39.817825,236.0000
static,1.504678,39.862741,232.0000
static,1.504678,39.907656,230.0000
static,1.504678,39.952572,224.0000
static,1.504678,39.997488,221.0000
static,1.504678,40.042404,217.0000
static,1.504678,40.087320,213.0000
static,1.504678,40.132235,206.0000
static,1.504678,40.177151,204.0000
static,1.504678,40.222067,202.0000
static,1.504678,40.266983,195.0000
static,1.504678,40.311898,190.0000
static,1.504678,40.356814,184.0000
static,1.504678,40.401730,187.0000
static,1.504678,40.446646,177.0000
static,1.504678,40.491561,182.0000
static,1.504678,40.536477,181.0000
static,1.504678,40.581393,178.0000
static,1.504678,40.626309,172.0000
static,1.504678,40.671224,173.0000
static,1.504678,40.716140,171.0000
static,1.504678,40.761056,166.0000
static,1.504678,40.805972,164.0000
static,1.504678,40.850888,161.0000
static,1.504678,40.895803,159.0000
static,1.504678,40.940719,158.0000
static,1.504678,40.985635,155.0000
static,1.459762,34.832175,1425.0000
static,1.459762,34.877091,1386.0000
static,1.459762,34.922007,1343.0000
static,1.459762,34.966922,1310.0000
static,1.459762,35.011838,1298.0000
static,1.459762,35.056754,1315.0000
static,1.459762,35.101670,1591.0000
static,1.459762,35.146585,1597.0000
static,1.459762,35.191501,1564.0000
static,1.459762,35.236417,1512.0000
static,1.459762,35.281333,1535.0000
static,1.459762,35.326249,1556.0000
static,1.459762,35.371164,1568.0000
static,1.459762,35.416080,2009.0000
static,1.459762,35.460996,1591.0000
static,1.459762,35.505912,976.0000
static,1.459762,35.550827,953.0000
static,1.459762,35.595743,948.0000
static,1.459762,35.640659,945.0000
static,1.459762,35.685575,923.0000
static,1.459762,35.730490,909.0000
static,1.459762,35.775406,936.0000
static,1.459762,35.820322,977.0000
static,1.459762,35.865238,1183.0000
static,1.459762,35.910153,1333.0000
static,1.459762,35.955069,1316.0000
static,1.459762,35.999985,1217.0000
static,1.459762,36.044901,1145.0000
static,1.459762,36.089817,834.0000
static,1.459762,36.134732,777.0000
static,1.459762,36.179648,742.0000
static,1.459762,36.224564,613.0000
static,1.459762,36.269480,651.0000
static,1.459762,36.314395,761.0000
static,1.459762,36.359311,977.0000
static,1.459762,36.404227,981.0000
static,1.459762,36.449143,1238.0000
static,1.459762,36.494058,1272.0000
static,1.459762,36.538974,1104.0000
static,1.459762,36.583890,1285.0000
static,1.459762,36.628806,1341.0000
static,1.459762,36.673721,1515.0000
static,1.459762,36.718637,1615.0000
static,1.459762,36.763553,1521.0000
static,1.459762,36.808469,1292.0000
static,1.459762,36.853385,1103.0000
static,1.459762,36.898300,1053.0000
static,1.459762,36.943216,1102.0000
static,1.459762,36.988132,991.0000
static,1.459762,37.033048,1026.0000
static,1.459762,37.077963,878.0000
static,1.459762,37.122879,908.0000
static,1.459762,37.167795,1062.0000
static,1.459762,37.212711,1784.0000
static,1.459762,37.257626,1576.0000
static,1.459762,37.302542,1127.0000
static,1.459762,37.347458,1188.0000
static,1.459762,37.392374,864.0000
static,1.459762,37.437289,775.0000
static,1.459762,37.482205,794.0000
static,1.459762,37.527121,805.0000
static,1.459762,37.572037,822.0000
static,1.459762,37.616953,738.0000
static,1.459762,37.661868,674.0000
static,1.459762,37.706784,627.0000
static,1.459762,37.751700,657.0000
static,1.459762,37.796616,613.0000
static,1.459762,37.841531,557.0000
static,1.459762,37.886447,516.0000
static,1.459762,37.931363,506.0000
static,1.459762,37.976279,493.0000
static,1.459762,38.021194,483.0000
static,1.459762,38.066110,549.0000
static,1.459762,38.111026,543.0000
static,1.459762,38.155942,495.0000
static,1.459762,38.200857,372.0000
static,1.459762,38.245773,356.0000
static,1.459762,38.290689,351.0000
static,1.459762,38.335605,347.0000
static,1.459762,38.380521,339.0000
static,1.459762,38.425436,324.0000
static,1.459762,38.470352,318.0000
static,1.459762,38.515268,310.0000
static,1.459762,38.560184,299.0000
static,1.459762,38.605099,292.0000
static,1.459762,38.650015,288.0000
static,1.459762,38.694931,283.0000
static,1.459762,38.739847,275.0000
static,1.459762,38.784762,271.0000
static,1.459762,38.829678,269.0000
static,1.459762,38.874594,267.0000
static,1.459762,38.919510,260.0000
static,1.459762,38.964425,258.0000
static,1.459762,39.009341,253.0000
static,1.459762,39.054257,250.0000
static,1.459762,39.099173,247.0000
static,1.459762,39.144089,252.0000
static,1.459762,39.189004,259.0000
static,1.459762,39.233920,270.0000
static,1.459762,39.278836,295.0000
static,1.459762,39.323752,302.0000
static,1.459762,39.368667,305.0000
static,1.459762,39.413583,284.0000
static,1.459762,39.458499,275.0000
static,1.459762,39.503415,265.0000
static,1.459762,39.548330,257.0000
static,1.459762,39.593246,244.0000
static,1.459762,39.638162,241.0000
static,1.459762,39.683078,243.0000
static,1.459762,39.727993,239.0000
static,1.459762,39.772909,233.0000
static,1.459762,39.817825,232.0000
static,1.459762,39.862741,230.0000
static,1.459762,39.907656,227.0000
static,1.459762,39.952572,222.0000
static,1.459762,39.997488,219.0000
static,1.459762,40.042404,215.0000
static,1.459762,40.087320,211.0000
static,1.459762,40.132235,203.0000
static,1.459762,40.177151,199.0000
static,1.459762,40.222067,197.0000
static,1.459762,40.266983,190.0000
static,1.459762,40.311898,186.0000
static,1.459762,40.356814,182.0000
static,1.459762,40.401730,181.0000
static,1.459762,40.446646,172.0000
static,1.459762,40.491561,179.0000
static,1.459762,40.536477,176.0000
static,1.459762,40.581393,173.0000
static,1.459762,40.626309,167.0000
static,1.459762,40.671224,167.0000
static,1.459762,40.716140,166.0000
static,1.459762,40.761056,163.0000
static,1.459762,40.805972,158.0000
static,1.459762,40.850888,157.0000
static,1.459762,40.895803,156.0000
static,1.459762,40.940719,153.0000
static,1.459762,40.985635,150.0000
static,1.414847,34.787259,1325.0000
static,1.414847,34.832175,1437.0000
static,1.414847,34.877091,1386.0000
static,1.414847,34.922007,1339.0000
static,1.414847,34.966922,1326.0000
static,1.414847,35.011838,1339.0000
static,1.414847,35.056754,1351.0000
static,1.414847,35.101670,1689.0000
static,1.414847,35.146585,1571.0000
static,1.414847,35.191501,1567.0000
static,1.414847,35.236417,1543.0000
static,1.414847,35.281333,1644.0000
static,1.414847,35.326249,1533.0000
static,1.414847,35.371164,1879.0000
static,1.414847,35.416080,2682.0000
static,1.414847,35.460996,1620.0000
static,1.414847,35.505912,1272.0000
static,1.414847,35.550827,997.0000
static,1.414847,35.595743,968.0000
static,1.414847,35.640659,947.0000
static,1.414847,35.685575,916.0000
static,1.414847,35.730490,928.0000
static,1.414847,35.775406,964.0000
static,1.414847,35.820322,1028.0000
static,1.414847,35.865238,1333.0000
static,1.414847,35.910153,1404.0000
static,1.414847,35.955069,1286.0000
static,1.414847,35.999985,1020.0000
static,1.414847,36.044901,945.0000
static,1.414847,36.089817,827.0000
static,1.414847,36.134732,814.0000
static,1.414847,36.179648,711.0000
static,1.414847,36.224564,623.0000
static,1.414847,36.269480,632.0000
static,1.414847,36.314395,650.0000
static,1.414847,36.359311,744.0000
static,1.414847,36.404227,990.0000
static,1.414847,36.449143,1110.0000
static,1.414847,36.494058,1161.0000
static,1.414847,36.538974,1160.0000
static,1.414847,36.583890,1397.0000
static,1.414847,36.628806,1580.0000
static,1.414847,36.673721,1689.0000
static,1.414847,36.718637,1563.0000
static,1.414847,36.763553,1483.0000
static,1.414847,36.808469,1283.0000
static,1.414847,36.853385,1173.0000
static,1.414847,36.898300,1099.0000
static,1.414847,36.943216,985.0000
static,1.414847,36.988132,1069.0000
static,1.414847,37.033048,1138.0000
static,1.414847,37.077963,933.0000
static,1.414847,37.122879,873.0000
static,1.414847,37.167795,989.0000
static,1.414847,37.212711,1666.0000
static,1.414847,37.257626,1686.0000
static,1.414847,37.302542,1018.0000
static,1.414847,37.347458,1097.0000
static,1.414847,37.392374,889.0000
static,1.414847,37.437289,763.0000
static,1.414847,37.482205,776.0000
static,1.414847,37.527121,775.0000
static,1.414847,37.572037,790.0000
static,1.414847,37.616953,724.0000
static,1.414847,37.661868,662.0000
static,1.414847,37.706784,606.0000
static,1.414847,37.751700,595.0000
static,1.414847,37.796616,582.0000
static,1.414847,37.841531,560.0000
static,1.414847,37.886447,572.0000
static,1.414847,37.931363,551.0000
static,1.414847,37.976279,525.0000
static,1.414847,38.021194,521.0000
static,1.414847,38.066110,534.0000
static,1.414847,38.111026,581.0000
static,1.414847,38.155942,561.0000
static,1.414847,38.200857,396.0000
static,1.414847,38.245773,366.0000
static,1.414847,38.290689,354.0000
static,1.414847,38.335605,343.0000
static,1.414847,38.380521,334.0000
static,1.414847,38.425436,321.0000
static,1.414847,38.470352,314.0000
static,1.414847,38.515268,308.0000
static,1.414847,38.560184,296.0000
static,1.414847,38.605099,291.0000
static,1.414847,38.650015,286.0000
static,1.414847,38.694931,282.0000
static,1.414847,38.739847,273.0000
static,1.414847,38.784762,269.0000
static,1.414847,38.829678,266.0000
static,1.414847,38.874594,263.0000
static,1.414847,38.919510,257.0000
static,1.414847,38.964425,254.0000
static,1.414847,39.009341,251.0000
static,1.414847,39.054257,247.0000
static,1.414847,39.099173,242.0000
static,1.414847,39.144089,241.0000
static,1.414847,39.189004,244.0000
static,1.414847,39.233920,251.0000
static,1.414847,39.278836,272.0000
static,1.414847,39.323752,281.0000
static,1.414847,39.368667,295.0000
static,1.414847,39.413583,297.0000
static,1.414847,39.458499,290.0000
static,1.414847,39.503415,277.0000
static,1.414847,39.548330,262.0000
static,1.414847,39.593246,247.0000
static,1.414847,39.638162,241.0000
static,1.414847,39.683078,239.0000
static,1.414847,39.727993,239.0000
static,1.414847,39.772909,230.0000
static,1.414847,39.817825,228.0000
static,1.414847,39.862741,227.0000
static,1.414847,39.907656,224.0000
static,1.414847,39.952572,220.0000
static,1.414847,39.997488,217.0000
static,1.414847,40.042404,214.0000
static,1.414847,40.087320,211.0000
static,1.414847,40.132235,201.0000
static,1.414847,40.177151,196.0000
static,1.414847,40.222067,191.0000
static,1.414847,40.266983,185.0000
static,1.414847,40.311898,180.0000
static,1.414847,40.356814,180.0000
static,1.414847,40.401730,172.0000
static,1.414847,40.446646,166.0000
static,1.414847,40.491561,174.0000
static,1.414847,40.536477,171.0000
static,1.414847,40.581393,168.0000
static,1.414847,40.626309,163.0000
static,1.414847,40.671224,162.0000
static,1.414847,40.716140,161.0000
static,1.414847,40.761056,158.0000
static,1.414847,40.805972,153.0000
static,1.414847,40.850888,153.0000
static,1.414847,40.895803,150.0000
static,1.414847,40.940719,148.0000
static,1.414847,40.985635,145.0000
static,1.369931,34.787259,1446.0000
static,1.369931,34.832175,1522.0000
static,1.369931,34.877091,1395.0000
static,1.369931,34.922007,1348.0000
static,1.369931,34.966922,1361.0000
static,1.369931,35.011838,1375.0000
static,1.369931,35.056754,1379.0000
static,1.369931,35.101670,1644.0000
static,1.369931,35.146585,1598.0000
static,1.369931,35.191501,1609.0000
static,1.369931,35.236417,1607.0000
static,1.369931,35.281333,1664.0000
static,1.369931,35.326249,1614.0000
static,1.369931,35.371164,2193.0000
static,1.369931,35.416080,2944.0000
static,1.369931,35.460996,1872.0000
static,1.369931,35.505912,1798.0000
static,1.369931,35.550827,1198.0000
static,1.369931,35.595743,1160.0000
static,1.369931,35.640659,973.0000
static,1.369931,35.685575,918.0000
static,1.369931,35.730490,937.0000
static,1.369931,35.775406,985.0000
static,1.369931,35.820322,1031.0000
static,1.369931,35.865238,1256.0000
static,1.369931,35.910153,1512.0000
static,1.369931,35.955069,1396.0000
static,1.369931,35.999985,974.0000
static,1.369931,36.044901,878.0000
static,1.369931,36.089817,848.0000
static,1.369931,36.134732,775.0000
static,1.369931,36.179648,658.0000
static,1.369931,36.224564,633.0000
static,1.369931,36.269480,632.0000
static,1.369931,36.314395,637.0000
static,1.369931,36.359311,694.0000
static,1.369931,36.404227,843.0000
static,1.369931,36.449143,928.0000
static,1.369931,36.494058,1027.0000
static,1.369931,36.538974,1213.0000
static,1.369931,36.583890,1353.0000
static,1.369931,36.628806,1854.0000
static,1.369931,36.673721,1794.0000
static,1.369931,36.718637,1562.0000
static,1.369931,36.763553,1402.0000
static,1.369931,36.808469,1265.0000
static,1.369931,36.853385,1135.0000
static,1.369931,36.898300,1055.0000
static,1.369931,36.943216,1039.0000
static,1.369931,36.988132,1194.0000
static,1.369931,37.033048,1191.0000
static,1.369931,37.077963,967.0000
static,1.369931,37.122879,867.0000
static,1.369931,37.167795,1073.0000
static,1.369931,37.212711,1417.0000
static,1.369931,37.257626,1607.0000
static,1.369931,37.302542,955.0000
static,1.369931,37.347458,875.0000
static,1.369931,37.392374,784.0000
static,1.369931,37.437289,758.0000
static,1.369931,37.482205,734.0000
static,1.369931,37.527121,715.0000
static,1.369931,37.572037,708.0000
static,1.369931,37.616953,682.0000
static,1.369931,37.661868,655.0000
static,1.369931,37.706784,612.0000
static,1.369931,37.751700,609.0000
static,1.369931,37.796616,596.0000
static,1.369931,37.841531,566.0000
static,1.369931,37.886447,635.0000
static,1.369931,37.931363,586.0000
static,1.369931,37.976279,563.0000
static,1.369931,38.021194,560.0000
static,1.369931,38.066110,540.0000
static,1.369931,38.111026,497.0000
static,1.369931,38.155942,466.0000
static,1.369931,38.200857,415.0000
static,1.369931,38.245773,374.0000
static,1.369931,38.290689,359.0000
static,1.369931,38.335605,347.0000
static,1.369931,38.380521,337.0000
static,1.369931,38.425436,321.0000
static,1.369931,38.470352,318.0000
static,1.369931,38.515268,313.0000
static,1.369931,38.560184,297.0000
static,1.369931,38.605099,297.0000
static,1.369931,38.650015,290.0000
static,1.369931,38.694931,281.0000
static,1.369931,38.739847,272.0000
static,1.369931,38.784762,267.0000
static,1.369931,38.829678,264.0000
static,1.369931,38.874594,260.0000
static,1.369931,38.919510,255.0000
static,1.369931,38.964425,252.0000
static,1.369931,39.009341,249.0000
static,1.369931,39.054257,246.0000
static,1.369931,39.099173,239.0000
static,1.369931,39.144089,237.0000
static,1.369931,39.189004,235.0000
static,1.369931,39.233920,236.0000
static,1.369931,39.278836,250.0000
static,1.369931,39.323752,263.0000
static,1.369931,39.368667,278.0000
static,1.369931,39.413583,305.0000
static,1.369931,39.458499,301.0000
static,1.369931,39.503415,285.0000
static,1.369931,39.548330,268.0000
static,1.369931,39.593246,250.0000
static,1.369931,39.638162,243.0000
static,1.369931,39.683078,237.0000
static,1.369931,39.727993,232.0000
static,1.369931,39.772909,230.0000
static,1.369931,39.817825,226.0000
static,1.369931,39.862741,223.0000
static,1.369931,39.907656,221.0000
static,1.369931,39.952572,217.0000
static,1.369931,39.997488,215.0000
static,1.369931,40.042404,212.0000
static,1.369931,40.087320,209.0000
static,1.369931,40.132235,200.0000
static,1.369931,40.177151,196.0000
static,1.369931,40.222067,191.0000
static,1.369931,40.266983,182.0000
static,1.369931,40.311898,178.0000
static,1.369931,40.356814,174.0000
static,1.369931,40.401730,171.0000
static,1.369931,40.446646,161.0000
static,1.369931,40.491561,160.0000
static,1.369931,40.536477,162.0000
static,1.369931,40.581393,162.0000
static,1.369931,40.626309,156.0000
static,1.369931,40.671224,157.0000
static,1.369931,40.716140,155.0000
static,1.369931,40.761056,153.0000
static,1.369931,40.805972,149.0000
static,1.369931,40.850888,147.0000
static,1.369931,40.895803,145.0000
static,1.369931,40.940719,144.0000
static,1.369931,40.985635,140.0000
static,1.325015,34.787259,1821.0000
static,1.325015,34.832175,1568.0000
static,1.325015,34.877091,1558.0000
static,1.325015,34.922007,1543.0000
static,1.325015,34.966922,1444.0000
static,1.325015,35.011838,1503.0000
static,1.325015,35.056754,1776.0000
static,1.325015,35.101670,1977.0000
static,1.325015,35.146585,1871.0000
static,1.325015,35.191501,1720.0000
static,1.325015,35.236417,1724.0000
static,1.325015,35.281333,1747.0000
static,1.325015,35.326249,2133.0000
static,1.325015,35.371164,2252.0000
static,1.325015,35.416080,2847.0000
static,1.325015,35.460996,2443.0000
static,1.325015,35.505912,2557.0000
static,1.325015,35.550827,2497.0000
static,1.325015,35.595743,1935.0000
static,1.325015,35.640659,1101.0000
static,1.325015,35.685575,925.0000
static,1.325015,35.730490,952.0000
static,1.325015,35.775406,993.0000
static,1.325015,35.820322,1045.0000
static,1.325015,35.865238,1306.0000
static,1.325015,35.910153,1623.0000
static,1.325015,35.955069,1748.0000
static,1.325015,35.999985,1178.0000
static,1.325015,36.044901,944.0000
static,1.325015,36.089817,808.0000
static,1.325015,36.134732,715.0000
static,1.325015,36.179648,657.0000
static,1.325015,36.224564,661.0000
static,1.325015,36.269480,646.0000
static,1.325015,36.314395,666.0000
static,1.325015,36.359311,745.0000
static,1.325015,36.404227,974.0000
static,1.325015,36.449143,1223.0000
static,1.325015,36.494058,1183.0000
static,1.325015,36.538974,1419.0000
static,1.325015,36.583890,1656.0000
static,1.325015,36.628806,2068.0000
static,1.325015,36.673721,2068.0000
static,1.325015,36.718637,1544.0000
static,1.325015,36.763553,1379.0000
static,1.325015,36.808469,1282.0000
static,1.325015,36.853385,1162.0000
static,1.325015,36.898300,1248.0000
static,1.325015,36.943216,1161.0000
static,1.325015,36.988132,1267.0000
static,1.325015,37.033048,1183.0000
static,1.325015,37.077963,1028.0000
static,1.325015,37.122879,919.0000
static,1.325015,37.167795,1255.0000
static,1.325015,37.212711,1486.0000
static,1.325015,37.257626,1858.0000
static,1.325015,37.302542,1585.0000
static,1.325015,37.347458,955.0000
static,1.325015,37.392374,828.0000
static,1.325015,37.437289,790.0000
static,1.325015,37.482205,757.0000
static,1.325015,37.527121,730.0000
static,1.325015,37.572037,727.0000
static,1.325015,37.616953,718.0000
static,1.325015,37.661868,690.0000
static,1.325015,37.706784,660.0000
static,1.325015,37.751700,667.0000
static,1.325015,37.796616,637.0000
static,1.325015,37.841531,599.0000
static,1.325015,37.886447,697.0000
static,1.325015,37.931363,634.0000
static,1.325015,37.976279,618.0000
static,1.325015,38.021194,618.0000
static,1.325015,38.066110,633.0000
static,1.325015,38.111026,557.0000
static,1.325015,38.155942,451.0000
static,1.325015,38.200857,433.0000
static,1.325015,38.245773,396.0000
static,1.325015,38.290689,381.0000
static,1.325015,38.335605,368.0000
static,1.325015,38.380521,357.0000
static,1.325015,38.425436,340.0000
static,1.325015,38.470352,332.0000
static,1.325015,38.515268,325.0000
static,1.325015,38.560184,320.0000
static,1.325015,38.605099,326.0000
static,1.325015,38.650015,312.0000
static,1.325015,38.694931,301.0000
static,1.325015,38.739847,273.0000
static,1.325015,38.784762,263.0000
static,1.325015,38.829678,259.0000
static,1.325015,38.874594,256.0000
static,1.325015,38.919510,249.0000
static,1.325015,38.964425,246.0000
static,1.325015,39.009341,243.0000
static,1.325015,39.054257,240.0000
static,1.325015,39.099173,236.0000
static,1.325015,39.144089,233.0000
static,1.325015,39.189004,231.0000
static,1.325015,39.233920,228.0000
static,1.325015,39.278836,226.0000
static,1.325015,39.323752,236.0000
static,1.325015,39.368667,250.0000
static,1.325015,39.413583,285.0000
static,1.325015,39.458499,297.0000
static,1.325015,39.503415,289.0000
static,1.325015,39.548330,276.0000
static,1.325015,39.593246,273.0000
static,1.325015,39.638162,263.0000
static,1.325015,39.683078,247.0000
static,1.325015,39.727993,235.0000
static,1.325015,39.772909,226.0000
static,1.325015,39.817825,224.0000
static,1.325015,39.862741,221.0000
static,1.325015,39.907656,218.0000
static,1.325015,39.952572,211.0000
static,1.325015,39.997488,208.0000
static,1.325015,40.042404,207.0000
static,1.325015,40.087320,205.0000
static,1.325015,40.132235,200.0000
static,1.325015,40.177151,196.0000
static,1.325015,40.222067,193.0000
static,1.325015,40.266983,186.0000
static,1.325015,40.311898,181.0000
static,1.325015,40.356814,177.0000
static,1.325015,40.401730,173.0000
static,1.325015,40.446646,165.0000
static,1.325015,40.491561,161.0000
static,1.325015,40.536477,156.0000
static,1.325015,40.581393,152.0000
static,1.325015,40.626309,140.0000
static,1.325015,40.671224,143.0000
static,1.325015,40.716140,146.0000
static,1.325015,40.761056,145.0000
static,1.325015,40.805972,140.0000
static,1.325015,40.850888,137.0000
static,1.325015,40.895803,135.0000
static,1.325015,40.940719,133.0000
static,1.325015,40.985635,128.0000
static,1.280099,34.832175,1750.0000
static,1.280099,34.877091,1702.0000
static,1.280099,34.922007,1704.0000
static,1.280099,34.966922,1541.0000
static,1.280099,35.011838,1567.0000
static,1.280099,35.056754,1957.0000
static,1.280099,35.101670,2060.0000
static,1.280099,35.146585,2053.0000
static,1.280099,35.191501,1943.0000
static,1.280099,35.236417,2086.0000
static,1.280099,35.281333,1988.0000
static,1.280099,35.326249,2204.0000
static,1.280099,35.371164,2720.0000
static,1.280099,35.416080,3126.0000
static,1.280099,35.460996,2845.0000
static,1.280099,35.505912,3109.0000
static,1.280099,35.550827,2908.0000
static,1.280099,35.595743,1725.0000
static,1.280099,35.640659,1104.0000
static,1.280099,35.685575,935.0000
static,1.280099,35.730490,954.0000
static,1.280099,35.775406,984.0000
static,1.280099,35.820322,1024.0000
static,1.280099,35.865238,1225.0000
static,1.280099,35.910153,1508.0000
static,1.280099,35.955069,1741.0000
static,1.280099,35.999985,1117.0000
static,1.280099,36.044901,1039.0000
static,1.280099,36.089817,812.0000
static,1.280099,36.134732,688.0000
static,1.280099,36.179648,693.0000
static,1.280099,36.224564,681.0000
static,1.280099,36.269480,691.0000
static,1.280099,36.314395,725.0000
static,1.280099,36.359311,817.0000
static,1.280099,36.404227,971.0000
static,1.280099,36.449143,1059.0000
static,1.280099,36.494058,1247.0000
static,1.280099,36.538974,1803.0000
static,1.280099,36.583890,1844.0000
static,1.280099,36.628806,2165.0000
static,1.280099,36.673721,2212.0000
static,1.280099,36.718637,1546.0000
static,1.280099,36.763553,1372.0000
static,1.280099,36.808469,1309.0000
static,1.280099,36.853385,1217.0000
static,1.280099,36.898300,1244.0000
static,1.280099,36.943216,1276.0000
static,1.280099,36.988132,1352.0000
static,1.280099,37.033048,1178.0000
static,1.280099,37.077963,1025.0000
static,1.280099,37.122879,922.0000
static,1.280099,37.167795,1289.0000
static,1.280099,37.212711,1884.0000
static,1.280099,37.257626,2081.0000
static,1.280099,37.302542,1720.0000
static,1.280099,37.347458,1202.0000
static,1.280099,37.392374,1005.0000
static,1.280099,37.437289,812.0000
static,1.280099,37.482205,777.0000
static,1.280099,37.527121,750.0000
static,1.280099,37.572037,749.0000
static,1.280099,37.616953,728.0000
static,1.280099,37.661868,710.0000
static,1.280099,37.706784,684.0000
static,1.280099,37.751700,684.0000
static,1.280099,37.796616,630.0000
static,1.280099,37.841531,696.0000
static,1.280099,37.886447,715.0000
static,1.280099,37.931363,667.0000
static,1.280099,37.976279,671.0000
static,1.280099,38.021194,686.0000
static,1.280099,38.066110,610.0000
static,1.280099,38.111026,506.0000
static,1.280099,38.155942,467.0000
static,1.280099,38.200857,449.0000
static,1.280099,38.245773,409.0000
static,1.280099,38.290689,395.0000
static,1.280099,38.335605,380.0000
static,1.280099,38.380521,367.0000
static,1.280099,38.425436,349.0000
static,1.280099,38.470352,342.0000
static,1.280099,38.515268,334.0000
static,1.280099,38.560184,332.0000
static,1.280099,38.605099,334.0000
static,1.280099,38.650015,320.0000
static,1.280099,38.694931,304.0000
static,1.280099,38.739847,277.0000
static,1.280099,38.784762,266.0000
static,1.280099,38.829678,257.0000
static,1.280099,38.874594,254.0000
static,1.280099,38.919510,248.0000
static,1.280099,38.964425,245.0000
static,1.280099,39.009341,242.0000
static,1.280099,39.054257,238.0000
static,1.280099,39.099173,233.0000
static,1.280099,39.144089,231.0000
static,1.280099,39.189004,229.0000
static,1.280099,39.233920,227.0000
static,1.280099,39.278836,223.0000
static,1.280099,39.323752,228.0000
static,1.280099,39.368667,236.0000
static,1.280099,39.413583,271.0000
static,1.280099,39.458499,287.0000
static,1.280099,39.503415,289.0000
static,1.280099,39.548330,287.0000
static,1.280099,39.593246,290.0000
static,1.280099,39.638162,279.0000
static,1.280099,39.683078,262.0000
static,1.280099,39.727993,244.0000
static,1.280099,39.772909,231.0000
static,1.280099,39.817825,228.0000
static,1.280099,39.862741,220.0000
static,1.280099,39.907656,217.0000
static,1.280099,39.952572,209.0000
static,1.280099,39.997488,206.0000
static,1.280099,40.042404,204.0000
static,1.280099,40.087320,202.0000
static,1.280099,40.132235,200.0000
static,1.280099,40.177151,196.0000
static,1.280099,40.222067,193.0000
static,1.280099,40.266983,185.0000
static,1.280099,40.311898,182.0000
static,1.280099,40.356814,178.0000
static,1.280099,40.401730,173.0000
static,1.280099,40.446646,165.0000
static,1.280099,40.491561,160.0000
static,1.280099,40.536477,156.0000
static,1.280099,40.581393,153.0000
static,1.280099,40.626309,144.0000
static,1.280099,40.671224,136.0000
static,1.280099,40.716140,139.0000
static,1.280099,40.761056,140.0000
static,1.280099,40.805972,136.0000
static,1.280099,40.850888,133.0000
static,1.280099,40.895803,131.0000
static,1.280099,40.940719,128.0000
static,1.280099,40.985635,122.0000
static,1.235184,34.742344,2104.0000
static,1.235184,34.787259,1993.0000
static,1.235184,34.832175,1838.0000
static,1.235184,34.877091,1793.0000
static,1.235184,34.922007,1862.0000
static,1.235184,34.966922,1838.0000
static,1.235184,35.011838,1822.0000
static,1.235184,35.056754,1941.0000
static,1.235184,35.101670,2038.0000
static,1.235184,35.146585,2185.0000
static,1.235184,35.191501,2313.0000
static,1.235184,35.236417,2395.0000
static,1.235184,35.281333,2306.0000
static,1.235184,35.326249,2436.0000
static,1.235184,35.371164,2594.0000
static,1.235184,35.416080,2980.0000
static,1.235184,35.460996,3195.0000
static,1.235184,35.505912,3241.0000
static,1.235184,35.550827,2927.0000
static,1.235184,35.595743,1971.0000
static,1.235184,35.640659,1384.0000
static,1.235184,35.685575,942.0000
static,1.235184,35.730490,956.0000
static,1.235184,35.775406,994.0000
static,1.235184,35.820322,1024.0000
static,1.235184,35.865238,1143.0000
static,1.235184,35.910153,1307.0000
static,1.235184,35.955069,1500.0000
static,1.235184,35.999985,1237.0000
static,1.235184,36.044901,1177.0000
static,1.235184,36.089817,874.0000
static,1.235184,36.134732,693.0000
static,1.235184,36.179648,820.0000
static,1.235184,36.224564,848.0000
static,1.235184,36.269480,839.0000
static,1.235184,36.314395,825.0000
static,1.235184,36.359311,910.0000
static,1.235184,36.404227,963.0000
static,1.235184,36.449143,1051.0000
static,1.235184,36.494058,1410.0000
static,1.235184,36.538974,2089.0000
static,1.235184,36.583890,2215.0000
static,1.235184,36.628806,2390.0000
static,1.235184,36.673721,2442.0000
static,1.235184,36.718637,1771.0000
static,1.235184,36.763553,1472.0000
static,1.235184,36.808469,1383.0000
static,1.235184,36.853385,1279.0000
static,1.235184,36.898300,1256.0000
static,1.235184,36.943216,1313.0000
static,1.235184,36.988132,1349.0000
static,1.235184,37.033048,1143.0000
static,1.235184,37.077963,1039.0000
static,1.235184,37.122879,945.0000
static,1.235184,37.167795,1194.0000
static,1.235184,37.212711,1867.0000
static,1.235184,37.257626,1999.0000
static,1.235184,37.302542,1593.0000
static,1.235184,37.347458,1768.0000
static,1.235184,37.392374,898.0000
static,1.235184,37.437289,827.0000
static,1.235184,37.482205,796.0000
static,1.235184,37.527121,773.0000
static,1.235184,37.572037,753.0000
static,1.235184,37.616953,740.0000
static,1.235184,37.661868,734.0000
static,1.235184,37.706784,718.0000
static,1.235184,37.751700,721.0000
static,1.235184,37.796616,704.0000
static,1.235184,37.841531,769.0000
static,1.235184,37.886447,761.0000
static,1.235184,37.931363,696.0000
static,1.235184,37.976279,707.0000
static,1.235184,38.021194,717.0000
static,1.235184,38.066110,581.0000
static,1.235184,38.111026,507.0000
static,1.235184,38.155942,483.0000
static,1.235184,38.200857,458.0000
static,1.235184,38.245773,422.0000
static,1.235184,38.290689,408.0000
static,1.235184,38.335605,392.0000
static,1.235184,38.380521,376.0000
static,1.235184,38.425436,360.0000
static,1.235184,38.470352,353.0000
static,1.235184,38.515268,342.0000
static,1.235184,38.560184,341.0000
static,1.235184,38.605099,335.0000
static,1.235184,38.650015,322.0000
static,1.235184,38.694931,308.0000
static,1.235184,38.739847,286.0000
static,1.235184,38.784762,271.0000
static,1.235184,38.829678,258.0000
static,1.235184,38.874594,253.0000
static,1.235184,38.919510,248.0000
static,1.235184,38.964425,245.0000
static,1.235184,39.009341,242.0000
static,1.235184,39.054257,239.0000
static,1.235184,39.099173,233.0000
static,1.235184,39.144089,229.0000
static,1.235184,39.189004,227.0000
static,1.235184,39.233920,226.0000
static,1.235184,39.278836,221.0000
static,1.235184,39.323752,220.0000
static,1.235184,39.368667,227.0000
static,1.235184,39.413583,258.0000
static,1.235184,39.458499,278.0000
static,1.235184,39.503415,298.0000
static,1.235184,39.548330,303.0000
static,1.235184,39.593246,302.0000
static,1.235184,39.638162,288.0000
static,1.235184,39.683078,266.0000
static,1.235184,39.727993,251.0000
static,1.235184,39.772909,226.0000
static,1.235184,39.817825,223.0000
static,1.235184,39.862741,222.0000
static,1.235184,39.907656,215.0000
static,1.235184,39.952572,208.0000
static,1.235184,39.997488,204.0000
static,1.235184,40.042404,202.0000
static,1.235184,40.087320,200.0000
static,1.235184,40.132235,198.0000
static,1.235184,40.177151,196.0000
static,1.235184,40.222067,193.0000
static,1.235184,40.266983,184.0000
static,1.235184,40.311898,181.0000
static,1.235184,40.356814,177.0000
static,1.235184,40.401730,172.0000
static,1.235184,40.446646,164.0000
static,1.235184,40.491561,160.0000
static,1.235184,40.536477,156.0000
static,1.235184,40.581393,153.0000
static,1.235184,40.626309,143.0000
static,1.235184,40.671224,137.0000
static,1.235184,40.716140,133.0000
static,1.235184,40.761056,134.0000
static,1.235184,40.805972,132.0000
static,1.235184,40.850888,128.0000
static,1.235184,40.895803,125.0000
static,1.235184,40.940719,122.0000
static,1.235184,40.985635,117.0000
static,1.190268,34.652512,2964.0000
static,1.190268,34.697428,2621.0000
static,1.190268,34.742344,2353.0000
static,1.190268,34.787259,2225.0000
static,1.190268,34.832175,1903.0000
static,1.190268,34.877091,1867.0000
static,1.190268,34.922007,1858.0000
static,1.190268,34.966922,1881.0000
static,1.190268,35.011838,1958.0000
static,1.190268,35.056754,1923.0000
static,1.190268,35.101670,1918.0000
static,1.190268,35.146585,2146.0000
static,1.190268,35.191501,2197.0000
static,1.190268,35.236417,2292.0000
static,1.190268,35.281333,2384.0000
static,1.190268,35.326249,2782.0000
static,1.190268,35.371164,2871.0000
static,1.190268,35.416080,2945.0000
static,1.190268,35.460996,3117.0000
static,1.190268,35.505912,3151.0000
static,1.190268,35.550827,2732.0000
static,1.190268,35.595743,2606.0000
static,1.190268,35.640659,1765.0000
static,1.190268,35.685575,962.0000
static,1.190268,35.730490,976.0000
static,1.190268,35.775406,1004.0000
static,1.190268,35.820322,1038.0000
static,1.190268,35.865238,1148.0000
static,1.190268,35.910153,1373.0000
static,1.190268,35.955069,1452.0000
static,1.190268,35.999985,1076.0000
static,1.190268,36.044901,908.0000
static,1.190268,36.089817,757.0000
static,1.190268,36.134732,785.0000
static,1.190268,36.179648,1200.0000
static,1.190268,36.224564,1079.0000
static,1.190268,36.269480,1158.0000
static,1.190268,36.314395,1002.0000
static,1.190268,36.359311,972.0000
static,1.190268,36.404227,1260.0000
static,1.190268,36.449143,1276.0000
static,1.190268,36.494058,1484.0000
static,1.190268,36.538974,2282.0000
static,1.190268,36.583890,2339.0000
static,1.190268,36.628806,2297.0000
static,1.190268,36.673721,2300.0000
static,1.190268,36.718637,2133.0000
static,1.190268,36.763553,1971.0000
static,1.190268,36.808469,1688.0000
static,1.190268,36.853385,1471.0000
static,1.190268,36.898300,1343.0000
static,1.190268,36.943216,1298.0000
static,1.190268,36.988132,1271.0000
static,1.190268,37.033048,1190.0000
static,1.190268,37.077963,1098.0000
static,1.190268,37.122879,1022.0000
static,1.190268,37.167795,1255.0000
static,1.190268,37.212711,1369.0000
static,1.190268,37.257626,1301.0000
static,1.190268,37.302542,1386.0000
static,1.190268,37.347458,1489.0000
static,1.190268,37.392374,1284.0000
static,1.190268,37.437289,1127.0000
static,1.190268,37.482205,871.0000
static,1.190268,37.527121,816.0000
static,1.190268,37.572037,770.0000
static,1.190268,37.616953,746.0000
static,1.190268,37.661868,715.0000
static,1.190268,37.706784,683.0000
static,1.190268,37.751700,671.0000
static,1.190268,37.796616,762.0000
static,1.190268,37.841531,753.0000
static,1.190268,37.886447,702.0000
static,1.190268,37.931363,660.0000
static,1.190268,37.976279,642.0000
static,1.190268,38.021194,617.0000
static,1.190268,38.066110,578.0000
static,1.190268,38.111026,557.0000
static,1.190268,38.155942,511.0000
static,1.190268,38.200857,488.0000
static,1.190268,38.245773,448.0000
static,1.190268,38.290689,429.0000
static,1.190268,38.335605,410.0000
static,1.190268,38.380521,398.0000
static,1.190268,38.425436,385.0000
static,1.190268,38.470352,374.0000
static,1.190268,38.515268,360.0000
static,1.190268,38.560184,324.0000
static,1.190268,38.605099,310.0000
static,1.190268,38.650015,297.0000
static,1.190268,38.694931,285.0000
static,1.190268,38.739847,270.0000
static,1.190268,38.784762,265.0000
static,1.190268,38.829678,261.0000
static,1.190268,38.874594,257.0000
static,1.190268,38.919510,250.0000
static,1.190268,38.964425,247.0000
static,1.190268,39.009341,244.0000
static,1.190268,39.054257,240.0000
static,1.190268,39.099173,233.0000
static,1.190268,39.144089,230.0000
static,1.190268,39.189004,226.0000
static,1.190268,39.233920,223.0000
static,1.190268,39.278836,218.0000
static,1.190268,39.323752,215.0000
static,1.190268,39.368667,215.0000
static,1.190268,39.413583,248.0000
static,1.190268,39.458499,266.0000
static,1.190268,39.503415,284.0000
static,1.190268,39.548330,306.0000
static,1.190268,39.593246,282.0000
static,1.190268,39.638162,271.0000
static,1.190268,39.683078,258.0000
static,1.190268,39.727993,243.0000
static,1.190268,39.772909,224.0000
static,1.190268,39.817825,219.0000
static,1.190268,39.862741,216.0000
static,1.190268,39.907656,215.0000
static,1.190268,39.952572,205.0000
static,1.190268,39.997488,201.0000
static,1.190268,40.042404,199.0000
static,1.190268,40.087320,195.0000
static,1.190268,40.132235,191.0000
static,1.190268,40.177151,190.0000
static,1.190268,40.222067,187.0000
static,1.190268,40.266983,180.0000
static,1.190268,40.311898,177.0000
static,1.190268,40.356814,174.0000
static,1.190268,40.401730,171.0000
static,1.190268,40.446646,162.0000
static,1.190268,40.491561,158.0000
static,1.190268,40.536477,154.0000
static,1.190268,40.581393,149.0000
static,1.190268,40.626309,142.0000
static,1.190268,40.671224,138.0000
static,1.190268,40.716140,134.0000
static,1.190268,40.761056,129.0000
static,1.190268,40.805972,124.0000
static,1.190268,40.850888,120.0000
static,1.190268,40.895803,115.0000
static,1.190268,40.940719,112.0000
static,1.190268,40.985635,106.0000
static,1.145352,34.562681,3790.0000
static,1.145352,34.607596,3780.0000
static,1.145352,34.652512,3163.0000
static,1.145352,34.697428,2806.0000
static,1.145352,34.742344,2531.0000
static,1.145352,34.787259,2261.0000
static,1.145352,34.832175,1898.0000
static,1.145352,34.877091,1851.0000
static,1.145352,34.922007,1841.0000
static,1.145352,34.966922,1847.0000
static,1.145352,35.011838,1901.0000
static,1.145352,35.056754,1927.0000
static,1.145352,35.101670,1905.0000
static,1.145352,35.146585,1966.0000
static,1.145352,35.191501,2153.0000
static,1.145352,35.236417,2234.0000
static,1.145352,35.281333,2351.0000
static,1.145352,35.326249,2712.0000
static,1.145352,35.371164,2844.0000
static,1.145352,35.416080,2841.0000
static,1.145352,35.460996,3009.0000
static,1.145352,35.505912,2938.0000
static,1.145352,35.550827,2914.0000
static,1.145352,35.595743,2585.0000
static,1.145352,35.640659,1565.0000
static,1.145352,35.685575,967.0000
static,1.145352,35.730490,981.0000
static,1.145352,35.775406,1064.0000
static,1.145352,35.820322,1085.0000
static,1.145352,35.865238,1235.0000
static,1.145352,35.910153,1402.0000
static,1.145352,35.955069,1338.0000
static,1.145352,35.999985,1055.0000
static,1.145352,36.044901,924.0000
static,1.145352,36.089817,781.0000
static,1.145352,36.134732,810.0000
static,1.145352,36.179648,1233.0000
static,1.145352,36.224564,1136.0000
static,1.145352,36.269480,1130.0000
static,1.145352,36.314395,1003.0000
static,1.145352,36.359311,967.0000
static,1.145352,36.404227,1025.0000
static,1.145352,36.449143,1347.0000
static,1.145352,36.494058,1612.0000
static,1.145352,36.538974,2208.0000
static,1.145352,36.583890,2228.0000
static,1.145352,36.628806,2193.0000
static,1.145352,36.673721,2173.0000
static,1.145352,36.718637,2047.0000
static,1.145352,36.763553,2082.0000
static,1.145352,36.808469,1900.0000
static,1.145352,36.853385,1615.0000
static,1.145352,36.898300,1334.0000
static,1.145352,36.943216,1286.0000
static,1.145352,36.988132,1245.0000
static,1.145352,37.033048,1114.0000
static,1.145352,37.077963,1066.0000
static,1.145352,37.122879,1057.0000
static,1.145352,37.167795,1205.0000
static,1.145352,37.212711,1244.0000
static,1.145352,37.257626,1374.0000
static,1.145352,37.302542,1575.0000
static,1.145352,37.347458,1903.0000
static,1.145352,37.392374,1084.0000
static,1.145352,37.437289,1169.0000
static,1.145352,37.482205,900.0000
static,1.145352,37.527121,806.0000
static,1.145352,37.572037,750.0000
static,1.145352,37.616953,732.0000
static,1.145352,37.661868,725.0000
static,1.145352,37.706784,710.0000
static,1.145352,37.751700,725.0000
static,1.145352,37.796616,726.0000
static,1.145352,37.841531,745.0000
static,1.145352,37.886447,696.0000
static,1.145352,37.931363,681.0000
static,1.145352,37.976279,661.0000
static,1.145352,38.021194,643.0000
static,1.145352,38.066110,606.0000
static,1.145352,38.111026,558.0000
static,1.145352,38.155942,521.0000
static,1.145352,38.200857,499.0000
static,1.145352,38.245773,454.0000
static,1.145352,38.290689,434.0000
static,1.145352,38.335605,422.0000
static,1.145352,38.380521,417.0000
static,1.145352,38.425436,403.0000
static,1.145352,38.470352,390.0000
static,1.145352,38.515268,374.0000
static,1.145352,38.560184,332.0000
static,1.145352,38.605099,311.0000
static,1.145352,38.650015,294.0000
static,1.145352,38.694931,281.0000
static,1.145352,38.739847,270.0000
static,1.145352,38.784762,266.0000
static,1.145352,38.829678,263.0000
static,1.145352,38.874594,259.0000
static,1.145352,38.919510,250.0000
static,1.145352,38.964425,246.0000
static,1.145352,39.009341,243.0000
static,1.145352,39.054257,239.0000
static,1.145352,39.099173,232.0000
static,1.145352,39.144089,230.0000
static,1.145352,39.189004,226.0000
static,1.145352,39.233920,222.0000
static,1.145352,39.278836,216.0000
static,1.145352,39.323752,214.0000
static,1.145352,39.368667,212.0000
static,1.145352,39.413583,239.0000
static,1.145352,39.458499,266.0000
static,1.145352,39.503415,285.0000
static,1.145352,39.548330,294.0000
static,1.145352,39.593246,270.0000
static,1.145352,39.638162,258.0000
static,1.145352,39.683078,252.0000
static,1.145352,39.727993,240.0000
static,1.145352,39.772909,227.0000
static,1.145352,39.817825,223.0000
static,1.145352,39.862741,217.0000
static,1.145352,39.907656,214.0000
static,1.145352,39.952572,209.0000
static,1.145352,39.997488,202.0000
static,1.145352,40.042404,196.0000
static,1.145352,40.087320,193.0000
static,1.145352,40.132235,188.0000
static,1.145352,40.177151,185.0000
static,1.145352,40.222067,183.0000
static,1.145352,40.266983,178.0000
static,1.145352,40.311898,175.0000
static,1.145352,40.356814,171.0000
static,1.145352,40.401730,168.0000
static,1.145352,40.446646,161.0000
static,1.145352,40.491561,157.0000
static,1.145352,40.536477,153.0000
static,1.145352,40.581393,148.0000
static,1.145352,40.626309,139.0000
static,1.145352,40.671224,134.0000
static,1.145352,40.716140,131.0000
static,1.145352,40.761056,128.0000
static,1.145352,40.805972,119.0000
static,1.145352,40.850888,119.0000
static,1.145352,40.895803,113.0000
static,1.145352,40.940719,109.0000
static,1.145352,40.985635,102.0000
static,1.100436,34.517765,4027.0000
static,1.100436,34.562681,4075.0000
static,1.100436,34.607596,3948.0000
static,1.100436,34.652512,3180.0000
static,1.100436,34.697428,2815.0000
static,1.100436,34.742344,2484.0000
static,1.100436,34.787259,2191.0000
static,1.100436,34.832175,1882.0000
static,1.100436,34.877091,1851.0000
static,1.100436,34.922007,1842.0000
static,1.100436,34.966922,1847.0000
static,1.100436,35.011838,1847.0000
static,1.100436,35.056754,1916.0000
static,1.100436,35.101670,1898.0000
static,1.100436,35.146585,1894.0000
static,1.100436,35.191501,2032.0000
static,1.100436,35.236417,2119.0000
static,1.100436,35.281333,2243.0000
static,1.100436,35.326249,2523.0000
static,1.100436,35.371164,2751.0000
static,1.100436,35.416080,2891.0000
static,1.100436,35.460996,2874.0000
static,1.100436,35.505912,2804.0000
static,1.100436,35.550827,2685.0000
static,1.100436,35.595743,2442.0000
static,1.100436,35.640659,1416.0000
static,1.100436,35.685575,971.0000
static,1.100436,35.730490,999.0000
static,1.100436,35.775406,1132.0000
static,1.100436,35.820322,1235.0000
static,1.100436,35.865238,1214.0000
static,1.100436,35.910153,1282.0000
static,1.100436,35.955069,1286.0000
static,1.100436,35.999985,1038.0000
static,1.100436,36.044901,885.0000
static,1.100436,36.089817,772.0000
static,1.100436,36.134732,793.0000
static,1.100436,36.179648,1004.0000
static,1.100436,36.224564,1054.0000
static,1.100436,36.269480,1040.0000
static,1.100436,36.314395,1011.0000
static,1.100436,36.359311,985.0000
static,1.100436,36.404227,1136.0000
static,1.100436,36.449143,1394.0000
static,1.100436,36.494058,1646.0000
static,1.100436,36.538974,2141.0000
static,1.100436,36.583890,2127.0000
static,1.100436,36.628806,2120.0000
static,1.100436,36.673721,2094.0000
static,1.100436,36.718637,1995.0000
static,1.100436,36.763553,2072.0000
static,1.100436,36.808469,2186.0000
static,1.100436,36.853385,1839.0000
static,1.100436,36.898300,1409.0000
static,1.100436,36.943216,1287.0000
static,1.100436,36.988132,1212.0000
static,1.100436,37.033048,1087.0000
static,1.100436,37.077963,1138.0000
static,1.100436,37.122879,1115.0000
static,1.100436,37.167795,1115.0000
static,1.100436,37.212711,1239.0000
static,1.100436,37.257626,1372.0000
static,1.100436,37.302542,1513.0000
static,1.100436,37.347458,1664.0000
static,1.100436,37.392374,992.0000
static,1.100436,37.437289,852.0000
static,1.100436,37.482205,816.0000
static,1.100436,37.527121,787.0000
static,1.100436,37.572037,760.0000
static,1.100436,37.616953,742.0000
static,1.100436,37.661868,765.0000
static,1.100436,37.706784,731.0000
static,1.100436,37.751700,781.0000
static,1.100436,37.796616,753.0000
static,1.100436,37.841531,761.0000
static,1.100436,37.886447,706.0000
static,1.100436,37.931363,678.0000
static,1.100436,37.976279,658.0000
static,1.100436,38.021194,641.0000
static,1.100436,38.066110,587.0000
static,1.100436,38.111026,564.0000
static,1.100436,38.155942,542.0000
static,1.100436,38.200857,521.0000
static,1.100436,38.245773,470.0000
static,1.100436,38.290689,454.0000
static,1.100436,38.335605,445.0000
static,1.100436,38.380521,429.0000
static,1.100436,38.425436,427.0000
static,1.100436,38.470352,428.0000
static,1.100436,38.515268,386.0000
static,1.100436,38.560184,349.0000
static,1.100436,38.605099,318.0000
static,1.100436,38.650015,293.0000
static,1.100436,38.694931,280.0000
static,1.100436,38.739847,272.0000
static,1.100436,38.784762,269.0000
static,1.100436,38.829678,264.0000
static,1.100436,38.874594,259.0000
static,1.100436,38.919510,251.0000
static,1.100436,38.964425,247.0000
static,1.100436,39.009341,243.0000
static,1.100436,39.054257,239.0000
static,1.100436,39.099173,232.0000
static,1.100436,39.144089,228.0000
static,1.100436,39.189004,225.0000
static,1.100436,39.233920,221.0000
static,1.100436,39.278836,215.0000
static,1.100436,39.323752,213.0000
static,1.100436,39.368667,210.0000
static,1.100436,39.413583,223.0000
static,1.100436,39.458499,240.0000
static,1.100436,39.503415,252.0000
static,1.100436,39.548330,269.0000
static,1.100436,39.593246,262.0000
static,1.100436,39.638162,256.0000
static,1.100436,39.683078,250.0000
static,1.100436,39.727993,241.0000
static,1.100436,39.772909,239.0000
static,1.100436,39.817825,231.0000
static,1.100436,39.862741,222.0000
static,1.100436,39.907656,214.0000
static,1.100436,39.952572,208.0000
static,1.100436,39.997488,204.0000
static,1.100436,40.042404,200.0000
static,1.100436,40.087320,195.0000
static,1.100436,40.132235,190.0000
static,1.100436,40.177151,186.0000
static,1.100436,40.222067,183.0000
static,1.100436,40.266983,174.0000
static,1.100436,40.311898,170.0000
static,1.100436,40.356814,169.0000
static,1.100436,40.401730,166.0000
static,1.100436,40.446646,158.0000
static,1.100436,40.491561,155.0000
static,1.100436,40.536477,151.0000
static,1.100436,40.581393,147.0000
static,1.100436,40.626309,139.0000
static,1.100436,40.671224,134.0000
static,1.100436,40.716140,128.0000
static,1.100436,40.761056,124.0000
static,1.100436,40.805972,115.0000
static,1.100436,40.850888,115.0000
static,1.100436,40.895803,112.0000
static,1.100436,40.940719,108.0000
static,1.100436,40.985635,99.0000
static,1.055520,34.517765,3655.0000
static,1.055520,34.562681,3698.0000
static,1.055520,34.607596,3594.0000
static,1.055520,34.652512,3071.0000
static,1.055520,34.697428,2808.0000
static,1.055520,34.742344,2602.0000
static,1.055520,34.787259,2252.0000
static,1.055520,34.832175,1906.0000
static,1.055520,34.877091,1875.0000
static,1.055520,34.922007,1854.0000
static,1.055520,34.966922,1844.0000
static,1.055520,35.011838,1831.0000
static,1.055520,35.056754,1851.0000
static,1.055520,35.101670,1897.0000
static,1.055520,35.146585,1883.0000
static,1.055520,35.191501,1921.0000
static,1.055520,35.236417,2024.0000
static,1.055520,35.281333,2129.0000
static,1.055520,35.326249,2394.0000
static,1.055520,35.371164,2591.0000
static,1.055520,35.416080,2911.0000
static,1.055520,35.460996,2858.0000
static,1.055520,35.505912,2833.0000
static,1.055520,35.550827,2499.0000
static,1.055520,35.595743,2135.0000
static,1.055520,35.640659,1283.0000
static,1.055520,35.685575,985.0000
static,1.055520,35.730490,1025.0000
static,1.055520,35.775406,1100.0000
static,1.055520,35.820322,1277.0000
static,1.055520,35.865238,1145.0000
static,1.055520,35.910153,1103.0000
static,1.055520,35.955069,1175.0000
static,1.055520,35.999985,868.0000
static,1.055520,36.044901,798.0000
static,1.055520,36.089817,778.0000
static,1.055520,36.134732,791.0000
static,1.055520,36.179648,893.0000
static,1.055520,36.224564,924.0000
static,1.055520,36.269480,960.0000
static,1.055520,36.314395,982.0000
static,1.055520,36.359311,1141.0000
static,1.055520,36.404227,1357.0000
static,1.055520,36.449143,1338.0000
static,1.055520,36.494058,1563.0000
static,1.055520,36.538974,2014.0000
static,1.055520,36.583890,2090.0000
static,1.055520,36.628806,2043.0000
static,1.055520,36.673721,2014.0000
static,1.055520,36.718637,1963.0000
static,1.055520,36.763553,2115.0000
static,1.055520,36.808469,2173.0000
static,1.055520,36.853385,1753.0000
static,1.055520,36.898300,1404.0000
static,1.055520,36.943216,1284.0000
static,1.055520,36.988132,1246.0000
static,1.055520,37.033048,1126.0000
static,1.055520,37.077963,1189.0000
static,1.055520,37.122879,1197.0000
static,1.055520,37.167795,1197.0000
static,1.055520,37.212711,1291.0000
static,1.055520,37.257626,1336.0000
static,1.055520,37.302542,1469.0000
static,1.055520,37.347458,1426.0000
static,1.055520,37.392374,892.0000
static,1.055520,37.437289,834.0000
static,1.055520,37.482205,836.0000
static,1.055520,37.527121,830.0000
static,1.055520,37.572037,780.0000
static,1.055520,37.616953,776.0000
static,1.055520,37.661868,811.0000
static,1.055520,37.706784,748.0000
static,1.055520,37.751700,780.0000
static,1.055520,37.796616,800.0000
static,1.055520,37.841531,776.0000
static,1.055520,37.886447,703.0000
static,1.055520,37.931363,690.0000
static,1.055520,37.976279,673.0000
static,1.055520,38.021194,643.0000
static,1.055520,38.066110,611.0000
static,1.055520,38.111026,593.0000
static,1.055520,38.155942,557.0000
static,1.055520,38.200857,556.0000
static,1.055520,38.245773,504.0000
static,1.055520,38.290689,487.0000
static,1.055520,38.335605,461.0000
static,1.055520,38.380521,442.0000
static,1.055520,38.425436,481.0000
static,1.055520,38.470352,495.0000
static,1.055520,38.515268,476.0000
static,1.055520,38.560184,391.0000
static,1.055520,38.605099,329.0000
static,1.055520,38.650015,315.0000
static,1.055520,38.694931,286.0000
static,1.055520,38.739847,274.0000
static,1.055520,38.784762,270.0000
static,1.055520,38.829678,265.0000
static,1.055520,38.874594,260.0000
static,1.055520,38.919510,252.0000
static,1.055520,38.964425,248.0000
static,1.055520,39.009341,244.0000
static,1.055520,39.054257,239.0000
static,1.055520,39.099173,231.0000
static,1.055520,39.144089,227.0000
static,1.055520,39.189004,224.0000
static,1.055520,39.233920,220.0000
static,1.055520,39.278836,214.0000
static,1.055520,39.323752,212.0000
static,1.055520,39.368667,209.0000
static,1.055520,39.413583,209.0000
static,1.055520,39.458499,221.0000
static,1.055520,39.503415,234.0000
static,1.055520,39.548330,247.0000
static,1.055520,39.593246,256.0000
static,1.055520,39.638162,258.0000
static,1.055520,39.683078,256.0000
static,1.055520,39.727993,247.0000
static,1.055520,39.772909,259.0000
static,1.055520,39.817825,245.0000
static,1.055520,39.862741,228.0000
static,1.055520,39.907656,215.0000
static,1.055520,39.952572,203.0000
static,1.055520,39.997488,199.0000
static,1.055520,40.042404,199.0000
static,1.055520,40.087320,199.0000
static,1.055520,40.132235,191.0000
static,1.055520,40.177151,191.0000
static,1.055520,40.222067,188.0000
static,1.055520,40.266983,181.0000
static,1.055520,40.311898,173.0000
static,1.055520,40.356814,168.0000
static,1.055520,40.401730,162.0000
static,1.055520,40.446646,156.0000
static,1.055520,40.491561,154.0000
static,1.055520,40.536477,151.0000
static,1.055520,40.581393,146.0000
static,1.055520,40.626309,138.0000
static,1.055520,40.671224,134.0000
static,1.055520,40.716140,130.0000
static,1.055520,40.761056,124.0000
static,1.055520,40.805972,115.0000
static,1.055520,40.850888,111.0000
static,1.055520,40.895803,111.0000
static,1.055520,40.940719,106.0000
static,1.055520,40.985635,99.0000
static,1.010605,34.472849,2939.0000
static,1.010605,34.517765,3031.0000
static,1.010605,34.562681,3153.0000
static,1.010605,34.607596,3046.0000
static,1.010605,34.652512,2856.0000
static,1.010605,34.697428,2655.0000
static,1.010605,34.742344,2396.0000
static,1.010605,34.787259,2209.0000
static,1.010605,34.832175,1876.0000
static,1.010605,34.877091,1806.0000
static,1.010605,34.922007,1791.0000
static,1.010605,34.966922,1802.0000
static,1.010605,35.011838,1877.0000
static,1.010605,35.056754,1840.0000
static,1.010605,35.101670,1844.0000
static,1.010605,35.146585,1869.0000
static,1.010605,35.191501,1875.0000
static,1.010605,35.236417,1910.0000
static,1.010605,35.281333,2005.0000
static,1.010605,35.326249,2233.0000
static,1.010605,35.371164,2435.0000
static,1.010605,35.416080,2652.0000
static,1.010605,35.460996,2717.0000
static,1.010605,35.505912,2579.0000
static,1.010605,35.550827,2309.0000
static,1.010605,35.595743,1945.0000
static,1.010605,35.640659,1055.0000
static,1.010605,35.685575,1090.0000
static,1.010605,35.730490,1102.0000
static,1.010605,35.775406,1151.0000
static,1.010605,35.820322,1322.0000
static,1.010605,35.865238,1136.0000
static,1.010605,35.910153,1037.0000
static,1.010605,35.955069,956.0000
static,1.010605,35.999985,854.0000
static,1.010605,36.044901,857.0000
static,1.010605,36.089817,816.0000
static,1.010605,36.134732,855.0000
static,1.010605,36.179648,893.0000
static,1.010605,36.224564,917.0000
static,1.010605,36.269480,1026.0000
static,1.010605,36.314395,1137.0000
static,1.010605,36.359311,1211.0000
static,1.010605,36.404227,1331.0000
static,1.010605,36.449143,1397.0000
static,1.010605,36.494058,1453.0000
static,1.010605,36.538974,1951.0000
static,1.010605,36.583890,2006.0000
static,1.010605,36.628806,1959.0000
static,1.010605,36.673721,1880.0000
static,1.010605,36.718637,1834.0000
static,1.010605,36.763553,1859.0000
static,1.010605,36.808469,1826.0000
static,1.010605,36.853385,2031.0000
static,1.010605,36.898300,1667.0000
static,1.010605,36.943216,1314.0000
static,1.010605,36.988132,1263.0000
static,1.010605,37.033048,1358.0000
static,1.010605,37.077963,1319.0000
static,1.010605,37.122879,1270.0000
static,1.010605,37.167795,1261.0000
static,1.010605,37.212711,1231.0000
static,1.010605,37.257626,1238.0000
static,1.010605,37.302542,1264.0000
static,1.010605,37.347458,1339.0000
static,1.010605,37.392374,1062.0000
static,1.010605,37.437289,948.0000
static,1.010605,37.482205,1006.0000
static,1.010605,37.527121,980.0000
static,1.010605,37.572037,847.0000
static,1.010605,37.616953,842.0000
static,1.010605,37.661868,883.0000
static,1.010605,37.706784,801.0000
static,1.010605,37.751700,810.0000
static,1.010605,37.796616,810.0000
static,1.010605,37.841531,786.0000
static,1.010605,37.886447,731.0000
static,1.010605,37.931363,730.0000
static,1.010605,37.976279,698.0000
static,1.010605,38.021194,695.0000
static,1.010605,38.066110,652.0000
static,1.010605,38.111026,634.0000
static,1.010605,38.155942,605.0000
static,1.010605,38.200857,564.0000
static,1.010605,38.245773,517.0000
static,1.010605,38.290689,500.0000
static,1.010605,38.335605,475.0000
static,1.010605,38.380521,470.0000
static,1.010605,38.425436,516.0000
static,1.010605,38.470352,480.0000
static,1.010605,38.515268,394.0000
static,1.010605,38.560184,312.0000
static,1.010605,38.605099,305.0000
static,1.010605,38.650015,298.0000
static,1.010605,38.694931,293.0000
static,1.010605,38.739847,282.0000
static,1.010605,38.784762,276.0000
static,1.010605,38.829678,271.0000
static,1.010605,38.874594,265.0000
static,1.010605,38.919510,260.0000
static,1.010605,38.964425,254.0000
static,1.010605,39.009341,252.0000
static,1.010605,39.054257,245.0000
static,1.010605,39.099173,230.0000
static,1.010605,39.144089,226.0000
static,1.010605,39.189004,222.0000
static,1.010605,39.233920,219.0000
static,1.010605,39.278836,212.0000
static,1.010605,39.323752,210.0000
static,1.010605,39.368667,208.0000
static,1.010605,39.413583,203.0000
static,1.010605,39.458499,200.0000
static,1.010605,39.503415,208.0000
static,1.010605,39.548330,227.0000
static,1.010605,39.593246,252.0000
static,1.010605,39.638162,246.0000
static,1.010605,39.683078,249.0000
static,1.010605,39.727993,254.0000
static,1.010605,39.772909,243.0000
static,1.010605,39.817825,231.0000
static,1.010605,39.862741,218.0000
static,1.010605,39.907656,213.0000
static,1.010605,39.952572,197.0000
static,1.010605,39.997488,190.0000
static,1.010605,40.042404,190.0000
static,1.010605,40.087320,191.0000
static,1.010605,40.132235,193.0000
static,1.010605,40.177151,189.0000
static,1.010605,40.222067,186.0000
static,1.010605,40.266983,181.0000
static,1.010605,40.311898,179.0000
static,1.010605,40.356814,175.0000
static,1.010605,40.401730,169.0000
static,1.010605,40.446646,158.0000
static,1.010605,40.491561,152.0000
static,1.010605,40.536477,147.0000
static,1.010605,40.581393,142.0000
static,1.010605,40.626309,132.0000
static,1.010605,40.671224,129.0000
static,1.010605,40.716140,125.0000
static,1.010605,40.761056,122.0000
static,1.010605,40.805972,115.0000
static,1.010605,40.850888,110.0000
static,1.010605,40.895803,106.0000
static,1.010605,40.940719,103.0000
static,1.010605,40.985635,96.0000
static,0.965689,34.472849,2682.0000
static,0.965689,34.517765,2785.0000
static,0.965689,34.562681,2845.0000
static,0.965689,34.607596,2851.0000
static,0.965689,34.652512,2746.0000
static,0.965689,34.697428,2585.0000
static,0.965689,34.742344,2468.0000
static,0.965689,34.787259,2230.0000
static,0.965689,34.832175,1872.0000
static,0.965689,34.877091,1793.0000
static,0.965689,34.922007,1775.0000
static,0.965689,34.966922,1822.0000
static,0.965689,35.011838,1841.0000
static,0.965689,35.056754,1856.0000
static,0.965689,35.101670,1826.0000
static,0.965689,35.146585,1858.0000
static,0.965689,35.191501,1873.0000
static,0.965689,35.236417,1890.0000
static,0.965689,35.281333,1937.0000
static,0.965689,35.326249,2096.0000
static,0.965689,35.371164,2230.0000
static,0.965689,35.416080,2545.0000
static,0.965689,35.460996,2572.0000
static,0.965689,35.505912,2464.0000
static,0.965689,35.550827,2316.0000
static,0.965689,35.595743,1795.0000
static,0.965689,35.640659,1036.0000
static,0.965689,35.685575,1135.0000
static,0.965689,35.730490,1256.0000
static,0.965689,35.775406,1273.0000
static,0.965689,35.820322,1359.0000
static,0.965689,35.865238,1126.0000
static,0.965689,35.910153,1148.0000
static,0.965689,35.955069,1008.0000
static,0.965689,35.999985,847.0000
static,0.965689,36.044901,860.0000
static,0.965689,36.089817,866.0000
static,0.965689,36.134732,880.0000
static,0.965689,36.179648,1064.0000
static,0.965689,36.224564,1011.0000
static,0.965689,36.269480,1158.0000
static,0.965689,36.314395,1300.0000
static,0.965689,36.359311,1200.0000
static,0.965689,36.404227,1333.0000
static,0.965689,36.449143,1481.0000
static,0.965689,36.494058,1598.0000
static,0.965689,36.538974,1954.0000
static,0.965689,36.583890,2018.0000
static,0.965689,36.628806,1944.0000
static,0.965689,36.673721,1843.0000
static,0.965689,36.718637,1806.0000
static,0.965689,36.763553,1804.0000
static,0.965689,36.808469,1800.0000
static,0.965689,36.853385,1888.0000
static,0.965689,36.898300,1855.0000
static,0.965689,36.943216,1366.0000
static,0.965689,36.988132,1259.0000
static,0.965689,37.033048,1367.0000
static,0.965689,37.077963,1368.0000
static,0.965689,37.122879,1306.0000
static,0.965689,37.167795,1249.0000
static,0.965689,37.212711,1195.0000
static,0.965689,37.257626,1245.0000
static,0.965689,37.302542,1293.0000
static,0.965689,37.347458,1377.0000
static,0.965689,37.392374,1895.0000
static,0.965689,37.437289,1235.0000
static,0.965689,37.482205,1136.0000
static,0.965689,37.527121,942.0000
static,0.965689,37.572037,875.0000
static,0.965689,37.616953,862.0000
static,0.965689,37.661868,869.0000
static,0.965689,37.706784,828.0000
static,0.965689,37.751700,856.0000
static,0.965689,37.796616,820.0000
static,0.965689,37.841531,794.0000
static,0.965689,37.886447,749.0000
static,0.965689,37.931363,738.0000
static,0.965689,37.976279,707.0000
static,0.965689,38.021194,688.0000
static,0.965689,38.066110,637.0000
static,0.965689,38.111026,614.0000
static,0.965689,38.155942,592.0000
static,0.965689,38.200857,571.0000
static,0.965689,38.245773,543.0000
static,0.965689,38.290689,513.0000
static,0.965689,38.335605,464.0000
static,0.965689,38.380521,436.0000
static,0.965689,38.425436,437.0000
static,0.965689,38.470352,413.0000
static,0.965689,38.515268,368.0000
static,0.965689,38.560184,318.0000
static,0.965689,38.605099,311.0000
static,0.965689,38.650015,306.0000
static,0.965689,38.694931,299.0000
static,0.965689,38.739847,288.0000
static,0.965689,38.784762,279.0000
static,0.965689,38.829678,281.0000
static,0.965689,38.874594,279.0000
static,0.965689,38.919510,275.0000
static,0.965689,38.964425,271.0000
static,0.965689,39.009341,267.0000
static,0.965689,39.054257,254.0000
static,0.965689,39.099173,233.0000
static,0.965689,39.144089,227.0000
static,0.965689,39.189004,223.0000
static,0.965689,39.233920,219.0000
static,0.965689,39.278836,211.0000
static,0.965689,39.323752,208.0000
static,0.965689,39.368667,205.0000
static,0.965689,39.413583,200.0000
static,0.965689,39.458499,198.0000
static,0.965689,39.503415,200.0000
static,0.965689,39.548330,213.0000
static,0.965689,39.593246,248.0000
static,0.965689,39.638162,248.0000
static,0.965689,39.683078,243.0000
static,0.965689,39.727993,244.0000
static,0.965689,39.772909,224.0000
static,0.965689,39.817825,211.0000
static,0.965689,39.862741,199.0000
static,0.965689,39.907656,203.0000
static,0.965689,39.952572,192.0000
static,0.965689,39.997488,183.0000
static,0.965689,40.042404,185.0000
static,0.965689,40.087320,187.0000
static,0.965689,40.132235,191.0000
static,0.965689,40.177151,186.0000
static,0.965689,40.222067,185.0000
static,0.965689,40.266983,181.0000
static,0.965689,40.311898,178.0000
static,0.965689,40.356814,172.0000
static,0.965689,40.401730,165.0000
static,0.965689,40.446646,154.0000
static,0.965689,40.491561,149.0000
static,0.965689,40.536477,143.0000
static,0.965689,40.581393,137.0000
static,0.965689,40.626309,131.0000
static,0.965689,40.671224,127.0000
static,0.965689,40.716140,123.0000
static,0.965689,40.761056,120.0000
static,0.965689,40.805972,113.0000
static,0.965689,40.850888,109.0000
static,0.965689,40.895803,105.0000
static,0.965689,40.940719,101.0000
static,0.965689,40.985635,95.0000
static,0.920773,34.472849,2489.0000
static,0.920773,34.517765,2542.0000
static,0.920773,34.562681,2545.0000
static,0.920773,34.607596,2595.0000
static,0.920773,34.652512,2513.0000
static,0.920773,34.697428,2446.0000
static,0.920773,34.742344,2342.0000
static,0.920773,34.787259,2232.0000
static,0.920773,34.832175,1862.0000
static,0.920773,34.877091,1797.0000
static,0.920773,34.922007,1775.0000
static,0.920773,34.966922,1790.0000
static,0.920773,35.011838,1812.0000
static,0.920773,35.056754,1836.0000
static,0.920773,35.101670,1835.0000
static,0.920773,35.146585,1837.0000
static,0.920773,35.191501,1859.0000
static,0.920773,35.236417,1869.0000
static,0.920773,35.281333,1900.0000
static,0.920773,35.326249,2029.0000
static,0.920773,35.371164,2049.0000
static,0.920773,35.416080,2274.0000
static,0.920773,35.460996,2394.0000
static,0.920773,35.505912,2419.0000
static,0.920773,35.550827,2393.0000
static,0.920773,35.595743,1706.0000
static,0.920773,35.640659,1050.0000
static,0.920773,35.685575,1131.0000
static,0.920773,35.730490,1283.0000
static,0.920773,35.775406,1473.0000
static,0.920773,35.820322,1550.0000
static,0.920773,35.865238,1164.0000
static,0.920773,35.910153,1074.0000
static,0.920773,35.955069,988.0000
static,0.920773,35.999985,858.0000
static,0.920773,36.044901,872.0000
static,0.920773,36.089817,885.0000
static,0.920773,36.134732,929.0000
static,0.920773,36.179648,1451.0000
static,0.920773,36.224564,1299.0000
static,0.920773,36.269480,1264.0000
static,0.920773,36.314395,1339.0000
static,0.920773,36.359311,1409.0000
static,0.920773,36.404227,1426.0000
static,0.920773,36.449143,1566.0000
static,0.920773,36.494058,1675.0000
static,0.920773,36.538974,2016.0000
static,0.920773,36.583890,2014.0000
static,0.920773,36.628806,1918.0000
static,0.920773,36.673721,1831.0000
static,0.920773,36.718637,1810.0000
static,0.920773,36.763553,1782.0000
static,0.920773,36.808469,1778.0000
static,0.920773,36.853385,1888.0000
static,0.920773,36.898300,1989.0000
static,0.920773,36.943216,1625.0000
static,0.920773,36.988132,1291.0000
static,0.920773,37.033048,1285.0000
static,0.920773,37.077963,1240.0000
static,0.920773,37.122879,1265.0000
static,0.920773,37.167795,1269.0000
static,0.920773,37.212711,1179.0000
static,0.920773,37.257626,1206.0000
static,0.920773,37.302542,1245.0000
static,0.920773,37.347458,1315.0000
static,0.920773,37.392374,1623.0000
static,0.920773,37.437289,1147.0000
static,0.920773,37.482205,989.0000
static,0.920773,37.527121,996.0000
static,0.920773,37.572037,890.0000
static,0.920773,37.616953,860.0000
static,0.920773,37.661868,840.0000
static,0.920773,37.706784,844.0000
static,0.920773,37.751700,888.0000
static,0.920773,37.796616,855.0000
static,0.920773,37.841531,805.0000
static,0.920773,37.886447,767.0000
static,0.920773,37.931363,738.0000
static,0.920773,37.976279,704.0000
static,0.920773,38.021194,679.0000
static,0.920773,38.066110,642.0000
static,0.920773,38.111026,636.0000
static,0.920773,38.155942,611.0000
static,0.920773,38.200857,592.0000
static,0.920773,38.245773,527.0000
static,0.920773,38.290689,488.0000
static,0.920773,38.335605,454.0000
static,0.920773,38.380521,423.0000
static,0.920773,38.425436,387.0000
static,0.920773,38.470352,371.0000
static,0.920773,38.515268,346.0000
static,0.920773,38.560184,324.0000
static,0.920773,38.605099,318.0000
static,0.920773,38.650015,312.0000
static,0.920773,38.694931,304.0000
static,0.920773,38.739847,295.0000
static,0.920773,38.784762,285.0000
static,0.920773,38.829678,294.0000
static,0.920773,38.874594,298.0000
static,0.920773,38.919510,290.0000
static,0.920773,38.964425,287.0000
static,0.920773,39.009341,278.0000
static,0.920773,39.054257,268.0000
static,0.920773,39.099173,240.0000
static,0.920773,39.144089,235.0000
static,0.920773,39.189004,231.0000
static,0.920773,39.233920,225.0000
static,0.920773,39.278836,211.0000
static,0.920773,39.323752,206.0000
static,0.920773,39.368667,202.0000
static,0.920773,39.413583,198.0000
static,0.920773,39.458499,196.0000
static,0.920773,39.503415,197.0000
static,0.920773,39.548330,204.0000
static,0.920773,39.593246,231.0000
static,0.920773,39.638162,252.0000
static,0.920773,39.683078,252.0000
static,0.920773,39.727993,237.0000
static,0.920773,39.772909,213.0000
static,0.920773,39.817825,200.0000
static,0.920773,39.862741,187.0000
static,0.920773,39.907656,183.0000
static,0.920773,39.952572,190.0000
static,0.920773,39.997488,180.0000
static,0.920773,40.042404,178.0000
static,0.920773,40.087320,186.0000
static,0.920773,40.132235,189.0000
static,0.920773,40.177151,186.0000
static,0.920773,40.222067,180.0000
static,0.920773,40.266983,181.0000
static,0.920773,40.311898,175.0000
static,0.920773,40.356814,167.0000
static,0.920773,40.401730,160.0000
static,0.920773,40.446646,147.0000
static,0.920773,40.491561,143.0000
static,0.920773,40.536477,140.0000
static,0.920773,40.581393,133.0000
static,0.920773,40.626309,128.0000
static,0.920773,40.671224,125.0000
static,0.920773,40.716140,122.0000
static,0.920773,40.761056,118.0000
static,0.920773,40.805972,111.0000
static,0.920773,40.850888,107.0000
static,0.920773,40.895803,103.0000
static,0.920773,40.940719,99.0000
static,0.920773,40.985635,93.0000
static,0.875857,34.427933,1894.0000
static,0.875857,34.472849,2363.0000
static,0.875857,34.517765,2371.0000
static,0.875857,34.562681,2357.0000
static,0.875857,34.607596,2360.0000
static,0.875857,34.652512,2294.0000
static,0.875857,34.697428,2218.0000
static,0.875857,34.742344,2136.0000
static,0.875857,34.787259,2062.0000
static,0.875857,34.832175,1843.0000
static,0.875857,34.877091,1779.0000
static,0.875857,34.922007,1764.0000
static,0.875857,34.966922,1741.0000
static,0.875857,35.011838,1791.0000
static,0.875857,35.056754,1814.0000
static,0.875857,35.101670,1810.0000
static,0.875857,35.146585,1903.0000
static,0.875857,35.191501,1947.0000
static,0.875857,35.236417,1930.0000
static,0.875857,35.281333,1988.0000
static,0.875857,35.326249,1956.0000
static,0.875857,35.371164,1998.0000
static,0.875857,35.416080,2052.0000
static,0.875857,35.460996,2220.0000
static,0.875857,35.505912,2455.0000
static,0.875857,35.550827,2450.0000
static,0.875857,35.595743,1694.0000
static,0.875857,35.640659,1091.0000
static,0.875857,35.685575,1121.0000
static,0.875857,35.730490,1309.0000
static,0.875857,35.775406,1468.0000
static,0.875857,35.820322,1561.0000
static,0.875857,35.865238,1193.0000
static,0.875857,35.910153,1099.0000
static,0.875857,35.955069,994.0000
static,0.875857,35.999985,906.0000
static,0.875857,36.044901,878.0000
static,0.875857,36.089817,886.0000
static,0.875857,36.134732,932.0000
static,0.875857,36.179648,1293.0000
static,0.875857,36.224564,1273.0000
static,0.875857,36.269480,1216.0000
static,0.875857,36.314395,1251.0000
static,0.875857,36.359311,1632.0000
static,0.875857,36.404227,1549.0000
static,0.875857,36.449143,1614.0000
static,0.875857,36.494058,1665.0000
static,0.875857,36.538974,2054.0000
static,0.875857,36.583890,1980.0000
static,0.875857,36.628806,1944.0000
static,0.875857,36.673721,1892.0000
static,0.875857,36.718637,1833.0000
static,0.875857,36.763553,1778.0000
static,0.875857,36.808469,1755.0000
static,0.875857,36.853385,1833.0000
static,0.875857,36.898300,1696.0000
static,0.875857,36.943216,1409.0000
static,0.875857,36.988132,1283.0000
static,0.875857,37.033048,1262.0000
static,0.875857,37.077963,1224.0000
static,0.875857,37.122879,1182.0000
static,0.875857,37.167795,1206.0000
static,0.875857,37.212711,1140.0000
static,0.875857,37.257626,1134.0000
static,0.875857,37.302542,1185.0000
static,0.875857,37.347458,1208.0000
static,0.875857,37.392374,1410.0000
static,0.875857,37.437289,1201.0000
static,0.875857,37.482205,1040.0000
static,0.875857,37.527121,1026.0000
static,0.875857,37.572037,914.0000
static,0.875857,37.616953,879.0000
static,0.875857,37.661868,861.0000
static,0.875857,37.706784,885.0000
static,0.875857,37.751700,1087.0000
static,0.875857,37.796616,955.0000
static,0.875857,37.841531,803.0000
static,0.875857,37.886447,762.0000
static,0.875857,37.931363,737.0000
static,0.875857,37.976279,715.0000
static,0.875857,38.021194,693.0000
static,0.875857,38.066110,661.0000
static,0.875857,38.111026,644.0000
static,0.875857,38.155942,615.0000
static,0.875857,38.200857,595.0000
static,0.875857,38.245773,543.0000
static,0.875857,38.290689,515.0000
static,0.875857,38.335605,475.0000
static,0.875857,38.380521,431.0000
static,0.875857,38.425436,378.0000
static,0.875857,38.470352,370.0000
static,0.875857,38.515268,353.0000
static,0.875857,38.560184,329.0000
static,0.875857,38.605099,326.0000
static,0.875857,38.650015,343.0000
static,0.875857,38.694931,320.0000
static,0.875857,38.739847,316.0000
static,0.875857,38.784762,298.0000
static,0.875857,38.829678,311.0000
static,0.875857,38.874594,315.0000
static,0.875857,38.919510,307.0000
static,0.875857,38.964425,306.0000
static,0.875857,39.009341,295.0000
static,0.875857,39.054257,281.0000
static,0.875857,39.099173,249.0000
static,0.875857,39.144089,245.0000
static,0.875857,39.189004,239.0000
static,0.875857,39.233920,232.0000
static,0.875857,39.278836,216.0000
static,0.875857,39.323752,208.0000
static,0.875857,39.368667,202.0000
static,0.875857,39.413583,196.0000
static,0.875857,39.458499,194.0000
static,0.875857,39.503415,194.0000
static,0.875857,39.548330,196.0000
static,0.875857,39.593246,217.0000
static,0.875857,39.638162,239.0000
static,0.875857,39.683078,253.0000
static,0.875857,39.727993,241.0000
static,0.875857,39.772909,213.0000
static,0.875857,39.817825,198.0000
static,0.875857,39.862741,185.0000
static,0.875857,39.907656,178.0000
static,0.875857,39.952572,182.0000
static,0.875857,39.997488,179.0000
static,0.875857,40.042404,177.0000
static,0.875857,40.087320,189.0000
static,0.875857,40.132235,184.0000
static,0.875857,40.177151,182.0000
static,0.875857,40.222067,177.0000
static,0.875857,40.266983,177.0000
static,0.875857,40.311898,171.0000
static,0.875857,40.356814,161.0000
static,0.875857,40.401730,151.0000
static,0.875857,40.446646,139.0000
static,0.875857,40.491561,137.0000
static,0.875857,40.536477,137.0000
static,0.875857,40.581393,130.0000
static,0.875857,40.626309,124.0000
static,0.875857,40.671224,121.0000
static,0.875857,40.716140,119.0000
static,0.875857,40.761056,116.0000
static,0.875857,40.805972,108.0000
static,0.875857,40.850888,105.0000
static,0.875857,40.895803,101.0000
static,0.875857,40.940719,98.0000
static,0.875857,40.985635,91.0000
static,0.830942,34.427933,1422.0000
static,0.830942,34.472849,1777.0000
static,0.830942,34.517765,1835.0000
static,0.830942,34.562681,2115.0000
static,0.830942,34.607596,1924.0000
static,0.830942,34.652512,1817.0000
static,0.830942,34.697428,1764.0000
static,0.830942,34.742344,1713.0000
static,0.830942,34.787259,1694.0000
static,0.830942,34.832175,1716.0000
static,0.830942,34.877091,1748.0000
static,0.830942,34.922007,1702.0000
static,0.830942,34.966922,1757.0000
static,0.830942,35.011838,1782.0000
static,0.830942,35.056754,1798.0000
static,0.830942,35.101670,1836.0000
static,0.830942,35.146585,1891.0000
static,0.830942,35.191501,1944.0000
static,0.830942,35.236417,1983.0000
static,0.830942,35.281333,2018.0000
static,0.830942,35.326249,2078.0000
static,0.830942,35.371164,2122.0000
static,0.830942,35.416080,2097.0000
static,0.830942,35.460996,2092.0000
static,0.830942,35.505912,2440.0000
static,0.830942,35.550827,2202.0000
static,0.830942,35.595743,1280.0000
static,0.830942,35.640659,1053.0000
static,0.830942,35.685575,1122.0000
static,0.830942,35.730490,1427.0000
static,0.830942,35.775406,1627.0000
static,0.830942,35.820322,1783.0000
static,0.830942,35.865238,1206.0000
static,0.830942,35.910153,1066.0000
static,0.830942,35.955069,976.0000
static,0.830942,35.999985,939.0000
static,0.830942,36.044901,914.0000
static,0.830942,36.089817,955.0000
static,0.830942,36.134732,980.0000
static,0.830942,36.179648,1179.0000
static,0.830942,36.224564,1166.0000
static,0.830942,36.269480,1189.0000
static,0.830942,36.314395,1339.0000
static,0.830942,36.359311,1640.0000
static,0.830942,36.404227,1763.0000
static,0.830942,36.449143,1805.0000
static,0.830942,36.494058,1805.0000
static,0.830942,36.538974,2005.0000
static,0.830942,36.583890,1992.0000
static,0.830942,36.628806,1936.0000
static,0.830942,36.673721,1876.0000
static,0.830942,36.718637,1789.0000
static,0.830942,36.763553,1798.0000
static,0.830942,36.808469,1800.0000
static,0.830942,36.853385,1679.0000
static,0.830942,36.898300,1614.0000
static,0.830942,36.943216,1456.0000
static,0.830942,36.988132,1412.0000
static,0.830942,37.033048,1196.0000
static,0.830942,37.077963,1172.0000
static,0.830942,37.122879,1160.0000
static,0.830942,37.167795,1126.0000
static,0.830942,37.212711,1083.0000
static,0.830942,37.257626,1040.0000
static,0.830942,37.302542,1092.0000
static,0.830942,37.347458,1105.0000
static,0.830942,37.392374,1265.0000
static,0.830942,37.437289,1336.0000
static,0.830942,37.482205,996.0000
static,0.830942,37.527121,1068.0000
static,0.830942,37.572037,950.0000
static,0.830942,37.616953,917.0000
static,0.830942,37.661868,906.0000
static,0.830942,37.706784,908.0000
static,0.830942,37.751700,946.0000
static,0.830942,37.796616,846.0000
static,0.830942,37.841531,794.0000
static,0.830942,37.886447,746.0000
static,0.830942,37.931363,721.0000
static,0.830942,37.976279,700.0000
static,0.830942,38.021194,688.0000
static,0.830942,38.066110,642.0000
static,0.830942,38.111026,620.0000
static,0.830942,38.155942,599.0000
static,0.830942,38.200857,570.0000
static,0.830942,38.245773,515.0000
static,0.830942,38.290689,490.0000
static,0.830942,38.335605,455.0000
static,0.830942,38.380521,418.0000
static,0.830942,38.425436,386.0000
static,0.830942,38.470352,374.0000
static,0.830942,38.515268,365.0000
static,0.830942,38.560184,372.0000
static,0.830942,38.605099,381.0000
static,0.830942,38.650015,375.0000
static,0.830942,38.694931,356.0000
static,0.830942,38.739847,332.0000
static,0.830942,38.784762,322.0000
static,0.830942,38.829678,328.0000
static,0.830942,38.874594,349.0000
static,0.830942,38.919510,348.0000
static,0.830942,38.964425,332.0000
static,0.830942,39.009341,314.0000
static,0.830942,39.054257,296.0000
static,0.830942,39.099173,265.0000
static,0.830942,39.144089,258.0000
static,0.830942,39.189004,249.0000
static,0.830942,39.233920,241.0000
static,0.830942,39.278836,226.0000
static,0.830942,39.323752,218.0000
static,0.830942,39.368667,210.0000
static,0.830942,39.413583,194.0000
static,0.830942,39.458499,191.0000
static,0.830942,39.503415,189.0000
static,0.830942,39.548330,188.0000
static,0.830942,39.593246,205.0000
static,0.830942,39.638162,228.0000
static,0.830942,39.683078,238.0000
static,0.830942,39.727993,244.0000
static,0.830942,39.772909,216.0000
static,0.830942,39.817825,197.0000
static,0.830942,39.862741,183.0000
static,0.830942,39.907656,173.0000
static,0.830942,39.952572,174.0000
static,0.830942,39.997488,176.0000
static,0.830942,40.042404,169.0000
static,0.830942,40.087320,170.0000
static,0.830942,40.132235,167.0000
static,0.830942,40.177151,161.0000
static,0.830942,40.222067,164.0000
static,0.830942,40.266983,157.0000
static,0.830942,40.311898,148.0000
static,0.830942,40.356814,144.0000
static,0.830942,40.401730,136.0000
static,0.830942,40.446646,120.0000
static,0.830942,40.491561,119.0000
static,0.830942,40.536477,119.0000
static,0.830942,40.581393,119.0000
static,0.830942,40.626309,116.0000
static,0.830942,40.671224,114.0000
static,0.830942,40.716140,111.0000
static,0.830942,40.761056,109.0000
static,0.830942,40.805972,104.0000
static,0.830942,40.850888,101.0000
static,0.830942,40.895803,97.0000
static,0.830942,40.940719,96.0000
static,0.830942,40.985635,90.0000
static,0.786026,34.338102,1320.0000
static,0.786026,34.383017,1350.0000
static,0.786026,34.427933,1437.0000
static,0.786026,34.472849,1553.0000
static,0.786026,34.517765,1631.0000
static,0.786026,34.562681,1767.0000
static,0.786026,34.607596,1698.0000
static,0.786026,34.652512,1637.0000
static,0.786026,34.697428,1678.0000
static,0.786026,34.742344,1680.0000
static,0.786026,34.787259,1678.0000
static,0.786026,34.832175,1693.0000
static,0.786026,34.877091,1711.0000
static,0.786026,34.922007,1680.0000
static,0.786026,34.966922,1697.0000
static,0.786026,35.011838,1794.0000
static,0.786026,35.056754,1777.0000
static,0.786026,35.101670,1805.0000
static,0.786026,35.146585,1890.0000
static,0.786026,35.191501,1976.0000
static,0.786026,35.236417,1999.0000
static,0.786026,35.281333,2026.0000
static,0.786026,35.326249,2086.0000
static,0.786026,35.371164,2124.0000
static,0.786026,35.416080,2104.0000
static,0.786026,35.460996,2124.0000
static,0.786026,35.505912,2369.0000
static,0.786026,35.550827,1926.0000
static,0.786026,35.595743,1183.0000
static,0.786026,35.640659,1051.0000
static,0.786026,35.685575,1126.0000
static,0.786026,35.730490,1347.0000
static,0.786026,35.775406,1571.0000
static,0.786026,35.820322,1762.0000
static,0.786026,35.865238,1171.0000
static,0.786026,35.910153,1082.0000
static,0.786026,35.955069,958.0000
static,0.786026,35.999985,966.0000
static,0.786026,36.044901,988.0000
static,0.786026,36.089817,1122.0000
static,0.786026,36.134732,1191.0000
static,0.786026,36.179648,1101.0000
static,0.786026,36.224564,1154.0000
static,0.786026,36.269480,1195.0000
static,0.786026,36.314395,1344.0000
static,0.786026,36.359311,1666.0000
static,0.786026,36.404227,1779.0000
static,0.786026,36.449143,1843.0000
static,0.786026,36.494058,1815.0000
static,0.786026,36.538974,1915.0000
static,0.786026,36.583890,1902.0000
static,0.786026,36.628806,1858.0000
static,0.786026,36.673721,1809.0000
static,0.786026,36.718637,1807.0000
static,0.786026,36.763553,1811.0000
static,0.786026,36.808469,1810.0000
static,0.786026,36.853385,1727.0000
static,0.786026,36.898300,1678.0000
static,0.786026,36.943216,1469.0000
static,0.786026,36.988132,1452.0000
static,0.786026,37.033048,1161.0000
static,0.786026,37.077963,1121.0000
static,0.786026,37.122879,1108.0000
static,0.786026,37.167795,1114.0000
static,0.786026,37.212711,1023.0000
static,0.786026,37.257626,1004.0000
static,0.786026,37.302542,1045.0000
static,0.786026,37.347458,1082.0000
static,0.786026,37.392374,1218.0000
static,0.786026,37.437289,1289.0000
static,0.786026,37.482205,996.0000
static,0.786026,37.527121,937.0000
static,0.786026,37.572037,904.0000
static,0.786026,37.616953,893.0000
static,0.786026,37.661868,887.0000
static,0.786026,37.706784,924.0000
static,0.786026,37.751700,939.0000
static,0.786026,37.796616,834.0000
static,0.786026,37.841531,780.0000
static,0.786026,37.886447,941.0000
static,0.786026,37.931363,743.0000
static,0.786026,37.976279,702.0000
static,0.786026,38.021194,692.0000
static,0.786026,38.066110,655.0000
static,0.786026,38.111026,646.0000
static,0.786026,38.155942,624.0000
static,0.786026,38.200857,587.0000
static,0.786026,38.245773,546.0000
static,0.786026,38.290689,519.0000
static,0.786026,38.335605,505.0000
static,0.786026,38.380521,476.0000
static,0.786026,38.425436,425.0000
static,0.786026,38.470352,422.0000
static,0.786026,38.515268,418.0000
static,0.786026,38.560184,408.0000
static,0.786026,38.605099,407.0000
static,0.786026,38.650015,387.0000
static,0.786026,38.694931,371.0000
static,0.786026,38.739847,343.0000
static,0.786026,38.784762,336.0000
static,0.786026,38.829678,337.0000
static,0.786026,38.874594,358.0000
static,0.786026,38.919510,336.0000
static,0.786026,38.964425,320.0000
static,0.786026,39.009341,303.0000
static,0.786026,39.054257,289.0000
static,0.786026,39.099173,269.0000
static,0.786026,39.144089,261.0000
static,0.786026,39.189004,255.0000
static,0.786026,39.233920,248.0000
static,0.786026,39.278836,230.0000
static,0.786026,39.323752,221.0000
static,0.786026,39.368667,213.0000
static,0.786026,39.413583,195.0000
static,0.786026,39.458499,190.0000
static,0.786026,39.503415,187.0000
static,0.786026,39.548330,186.0000
static,0.786026,39.593246,193.0000
static,0.786026,39.638162,209.0000
static,0.786026,39.683078,221.0000
static,0.786026,39.727993,239.0000
static,0.786026,39.772909,218.0000
static,0.786026,39.817825,201.0000
static,0.786026,39.862741,190.0000
static,0.786026,39.907656,178.0000
static,0.786026,39.952572,171.0000
static,0.786026,39.997488,174.0000
static,0.786026,40.042404,173.0000
static,0.786026,40.087320,162.0000
static,0.786026,40.132235,157.0000
static,0.786026,40.177151,156.0000
static,0.786026,40.222067,155.0000
static,0.786026,40.266983,146.0000
static,0.786026,40.311898,136.0000
static,0.786026,40.356814,131.0000
static,0.786026,40.401730,131.0000
static,0.786026,40.446646,116.0000
static,0.786026,40.491561,113.0000
static,0.786026,40.536477,113.0000
static,0.786026,40.581393,114.0000
static,0.786026,40.626309,112.0000
static,0.786026,40.671224,111.0000
static,0.786026,40.716140,109.0000
static,0.786026,40.761056,106.0000
static,0.786026,40.805972,101.0000
static,0.786026,40.850888,98.0000
static,0.786026,40.895803,95.0000
static,0.786026,40.940719,92.0000
static,0.786026,40.985635,86.0000
static,0.741110,34.293186,1319.0000
static,0.741110,34.338102,1336.0000
static,0.741110,34.383017,1378.0000
static,0.741110,34.427933,1406.0000
static,0.741110,34.472849,1532.0000
static,0.741110,34.517765,1632.0000
static,0.741110,34.562681,1632.0000
static,0.741110,34.607596,1616.0000
static,0.741110,34.652512,1562.0000
static,0.741110,34.697428,1596.0000
static,0.741110,34.742344,1661.0000
static,0.741110,34.787259,1641.0000
static,0.741110,34.832175,1651.0000
static,0.741110,34.877091,1716.0000
static,0.741110,34.922007,1694.0000
static,0.741110,34.966922,1666.0000
static,0.741110,35.011838,1710.0000
static,0.741110,35.056754,1785.0000
static,0.741110,35.101670,1847.0000
static,0.741110,35.146585,1933.0000
static,0.741110,35.191501,1973.0000
static,0.741110,35.236417,2001.0000
static,0.741110,35.281333,2036.0000
static,0.741110,35.326249,2104.0000
static,0.741110,35.371164,2143.0000
static,0.741110,35.416080,2147.0000
static,0.741110,35.460996,2195.0000
static,0.741110,35.505912,2320.0000
static,0.741110,35.550827,1783.0000
static,0.741110,35.595743,1139.0000
static,0.741110,35.640659,1049.0000
static,0.741110,35.685575,1138.0000
static,0.741110,35.730490,1289.0000
static,0.741110,35.775406,1362.0000
static,0.741110,35.820322,1661.0000
static,0.741110,35.865238,1151.0000
static,0.741110,35.910153,1067.0000
static,0.741110,35.955069,984.0000
static,0.741110,35.999985,1001.0000
static,0.741110,36.044901,1031.0000
static,0.741110,36.089817,1191.0000
static,0.741110,36.134732,1298.0000
static,0.741110,36.179648,1081.0000
static,0.741110,36.224564,1137.0000
static,0.741110,36.269480,1199.0000
static,0.741110,36.314395,1348.0000
static,0.741110,36.359311,1710.0000
static,0.741110,36.404227,1851.0000
static,0.741110,36.449143,1913.0000
static,0.741110,36.494058,1884.0000
static,0.741110,36.538974,1930.0000
static,0.741110,36.583890,1860.0000
static,0.741110,36.628806,1820.0000
static,0.741110,36.673721,1809.0000
static,0.741110,36.718637,1813.0000
static,0.741110,36.763553,1812.0000
static,0.741110,36.808469,1809.0000
static,0.741110,36.853385,1736.0000
static,0.741110,36.898300,1586.0000
static,0.741110,36.943216,1334.0000
static,0.741110,36.988132,1286.0000
static,0.741110,37.033048,1164.0000
static,0.741110,37.077963,1163.0000
static,0.741110,37.122879,1118.0000
static,0.741110,37.167795,1079.0000
static,0.741110,37.212711,994.0000
static,0.741110,37.257626,976.0000
static,0.741110,37.302542,988.0000
static,0.741110,37.347458,1048.0000
static,0.741110,37.392374,1043.0000
static,0.741110,37.437289,1080.0000
static,0.741110,37.482205,1027.0000
static,0.741110,37.527121,952.0000
static,0.741110,37.572037,924.0000
static,0.741110,37.616953,881.0000
static,0.741110,37.661868,863.0000
static,0.741110,37.706784,899.0000
static,0.741110,37.751700,990.0000
static,0.741110,37.796616,858.0000
static,0.741110,37.841531,784.0000
static,0.741110,37.886447,875.0000
static,0.741110,37.931363,750.0000
static,0.741110,37.976279,708.0000
static,0.741110,38.021194,726.0000
static,0.741110,38.066110,678.0000
static,0.741110,38.111026,676.0000
static,0.741110,38.155942,644.0000
static,0.741110,38.200857,618.0000
static,0.741110,38.245773,578.0000
static,0.741110,38.290689,553.0000
static,0.741110,38.335605,531.0000
static,0.741110,38.380521,511.0000
static,0.741110,38.425436,468.0000
static,0.741110,38.470352,472.0000
static,0.741110,38.515268,469.0000
static,0.741110,38.560184,439.0000
static,0.741110,38.605099,421.0000
static,0.741110,38.650015,410.0000
static,0.741110,38.694931,389.0000
static,0.741110,38.739847,358.0000
static,0.741110,38.784762,349.0000
static,0.741110,38.829678,358.0000
static,0.741110,38.874594,356.0000
static,0.741110,38.919510,333.0000
static,0.741110,38.964425,320.0000
static,0.741110,39.009341,302.0000
static,0.741110,39.054257,289.0000
static,0.741110,39.099173,275.0000
static,0.741110,39.144089,268.0000
static,0.741110,39.189004,259.0000
static,0.741110,39.233920,251.0000
static,0.741110,39.278836,232.0000
static,0.741110,39.323752,222.0000
static,0.741110,39.368667,213.0000
static,0.741110,39.413583,194.0000
static,0.741110,39.458499,188.0000
static,0.741110,39.503415,186.0000
static,0.741110,39.548330,184.0000
static,0.741110,39.593246,183.0000
static,0.741110,39.638162,194.0000
static,0.741110,39.683078,212.0000
static,0.741110,39.727993,229.0000
static,0.741110,39.772909,221.0000
static,0.741110,39.817825,206.0000
static,0.741110,39.862741,202.0000
static,0.741110,39.907656,189.0000
static,0.741110,39.952572,168.0000
static,0.741110,39.997488,169.0000
static,0.741110,40.042404,171.0000
static,0.741110,40.087320,164.0000
static,0.741110,40.132235,148.0000
static,0.741110,40.177151,149.0000
static,0.741110,40.222067,148.0000
static,0.741110,40.266983,136.0000
static,0.741110,40.311898,128.0000
static,0.741110,40.356814,125.0000
static,0.741110,40.401730,127.0000
static,0.741110,40.446646,118.0000
static,0.741110,40.491561,110.0000
static,0.741110,40.536477,109.0000
static,0.741110,40.581393,109.0000
static,0.741110,40.626309,109.0000
static,0.741110,40.671224,108.0000
static,0.741110,40.716140,106.0000
static,0.741110,40.761056,104.0000
static,0.741110,40.805972,98.0000
static,0.741110,40.850888,96.0000
static,0.741110,40.895803,93.0000
static,0.741110,40.940719,89.0000
static,0.741110,40.985635,83.0000
static,0.696194,34.293186,1246.0000
static,0.696194,34.338102,1348.0000
static,0.696194,34.383017,1398.0000
static,0.696194,34.427933,1381.0000
static,0.696194,34.472849,1462.0000
static,0.696194,34.517765,1499.0000
static,0.696194,34.562681,1558.0000
static,0.696194,34.607596,1568.0000
static,0.696194,34.652512,1524.0000
static,0.696194,34.697428,1546.0000
static,0.696194,34.742344,1634.0000
static,0.696194,34.787259,1666.0000
static,0.696194,34.832175,1623.0000
static,0.696194,34.877091,1680.0000
static,0.696194,34.922007,1655.0000
static,0.696194,34.966922,1719.0000
static,0.696194,35.011838,1775.0000
static,0.696194,35.056754,1877.0000
static,0.696194,35.101670,1894.0000
static,0.696194,35.146585,1956.0000
static,0.696194,35.191501,1985.0000
static,0.696194,35.236417,2007.0000
static,0.696194,35.281333,2038.0000
static,0.696194,35.326249,2120.0000
static,0.696194,35.371164,2157.0000
static,0.696194,35.416080,2163.0000
static,0.696194,35.460996,2228.0000
static,0.696194,35.505912,2303.0000
static,0.696194,35.550827,1623.0000
static,0.696194,35.595743,1109.0000
static,0.696194,35.640659,1050.0000
static,0.696194,35.685575,1154.0000
static,0.696194,35.730490,1309.0000
static,0.696194,35.775406,1591.0000
static,0.696194,35.820322,1906.0000
static,0.696194,35.865238,1225.0000
static,0.696194,35.910153,1126.0000
static,0.696194,35.955069,1052.0000
static,0.696194,35.999985,1008.0000
static,0.696194,36.044901,983.0000
static,0.696194,36.089817,1047.0000
static,0.696194,36.134732,1076.0000
static,0.696194,36.179648,1097.0000
static,0.696194,36.224564,1126.0000
static,0.696194,36.269480,1245.0000
static,0.696194,36.314395,1448.0000
static,0.696194,36.359311,1790.0000
static,0.696194,36.404227,1879.0000
static,0.696194,36.449143,1947.0000
static,0.696194,36.494058,1974.0000
static,0.696194,36.538974,1917.0000
static,0.696194,36.583890,1853.0000
static,0.696194,36.628806,1816.0000
static,0.696194,36.673721,1813.0000
static,0.696194,36.718637,1812.0000
static,0.696194,36.763553,1801.0000
static,0.696194,36.808469,1779.0000
static,0.696194,36.853385,1748.0000
static,0.696194,36.898300,1550.0000
static,0.696194,36.943216,1404.0000
static,0.696194,36.988132,1321.0000
static,0.696194,37.033048,1241.0000
static,0.696194,37.077963,1194.0000
static,0.696194,37.122879,1154.0000
static,0.696194,37.167795,1118.0000
static,0.696194,37.212711,1072.0000
static,0.696194,37.257626,1038.0000
static,0.696194,37.302542,968.0000
static,0.696194,37.347458,1014.0000
static,0.696194,37.392374,1066.0000
static,0.696194,37.437289,1194.0000
static,0.696194,37.482205,1133.0000
static,0.696194,37.527121,1001.0000
static,0.696194,37.572037,978.0000
static,0.696194,37.616953,884.0000
static,0.696194,37.661868,863.0000
static,0.696194,37.706784,895.0000
static,0.696194,37.751700,1042.0000
static,0.696194,37.796616,1082.0000
static,0.696194,37.841531,811.0000
static,0.696194,37.886447,744.0000
static,0.696194,37.931363,746.0000
static,0.696194,37.976279,741.0000
static,0.696194,38.021194,733.0000
static,0.696194,38.066110,709.0000
static,0.696194,38.111026,706.0000
static,0.696194,38.155942,681.0000
static,0.696194,38.200857,652.0000
static,0.696194,38.245773,601.0000
static,0.696194,38.290689,584.0000
static,0.696194,38.335605,562.0000
static,0.696194,38.380521,537.0000
static,0.696194,38.425436,497.0000
static,0.696194,38.470352,518.0000
static,0.696194,38.515268,500.0000
static,0.696194,38.560184,461.0000
static,0.696194,38.605099,441.0000
static,0.696194,38.650015,429.0000
static,0.696194,38.694931,409.0000
static,0.696194,38.739847,366.0000
static,0.696194,38.784762,370.0000
static,0.696194,38.829678,374.0000
static,0.696194,38.874594,366.0000
static,0.696194,38.919510,338.0000
static,0.696194,38.964425,320.0000
static,0.696194,39.009341,303.0000
static,0.696194,39.054257,296.0000
static,0.696194,39.099173,280.0000
static,0.696194,39.144089,273.0000
static,0.696194,39.189004,266.0000
static,0.696194,39.233920,251.0000
static,0.696194,39.278836,232.0000
static,0.696194,39.323752,223.0000
static,0.696194,39.368667,213.0000
static,0.696194,39.413583,195.0000
static,0.696194,39.458499,186.0000
static,0.696194,39.503415,183.0000
static,0.696194,39.548330,182.0000
static,0.696194,39.593246,180.0000
static,0.696194,39.638162,183.0000
static,0.696194,39.683078,197.0000
static,0.696194,39.727993,220.0000
static,0.696194,39.772909,227.0000
static,0.696194,39.817825,213.0000
static,0.696194,39.862741,201.0000
static,0.696194,39.907656,196.0000
static,0.696194,39.952572,170.0000
static,0.696194,39.997488,167.0000
static,0.696194,40.042404,165.0000
static,0.696194,40.087320,161.0000
static,0.696194,40.132235,156.0000
static,0.696194,40.177151,147.0000
static,0.696194,40.222067,137.0000
static,0.696194,40.266983,130.0000
static,0.696194,40.311898,124.0000
static,0.696194,40.356814,125.0000
static,0.696194,40.401730,131.0000
static,0.696194,40.446646,121.0000
static,0.696194,40.491561,110.0000
static,0.696194,40.536477,107.0000
static,0.696194,40.581393,106.0000
static,0.696194,40.626309,106.0000
static,0.696194,40.671224,104.0000
static,0.696194,40.716140,102.0000
static,0.696194,40.761056,100.0000
static,0.696194,40.805972,95.0000
static,0.696194,40.850888,94.0000
static,0.696194,40.895803,91.0000
static,0.696194,40.940719,89.0000
static,0.696194,40.985635,82.0000
static,0.651279,34.248270,1147.0000
static,0.651279,34.293186,1163.0000
static,0.651279,34.338102,1250.0000
static,0.651279,34.383017,1283.0000
static,0.651279,34.427933,1318.0000
static,0.651279,34.472849,1449.0000
static,0.651279,34.517765,1492.0000
static,0.651279,34.562681,1548.0000
static,0.651279,34.607596,1524.0000
static,0.651279,34.652512,1484.0000
static,0.651279,34.697428,1471.0000
static,0.651279,34.742344,1509.0000
static,0.651279,34.787259,1633.0000
static,0.651279,34.832175,1567.0000
static,0.651279,34.877091,1628.0000
static,0.651279,34.922007,1648.0000
static,0.651279,34.966922,1690.0000
static,0.651279,35.011838,1833.0000
static,0.651279,35.056754,1849.0000
static,0.651279,35.101670,1872.0000
static,0.651279,35.146585,1960.0000
static,0.651279,35.191501,1991.0000
static,0.651279,35.236417,2021.0000
static,0.651279,35.281333,2045.0000
static,0.651279,35.326249,2127.0000
static,0.651279,35.371164,2191.0000
static,0.651279,35.416080,2235.0000
static,0.651279,35.460996,2263.0000
static,0.651279,35.505912,2107.0000
static,0.651279,35.550827,1282.0000
static,0.651279,35.595743,1089.0000
static,0.651279,35.640659,1064.0000
static,0.651279,35.685575,1238.0000
static,0.651279,35.730490,1609.0000
static,0.651279,35.775406,2011.0000
static,0.651279,35.820322,2146.0000
static,0.651279,35.865238,1297.0000
static,0.651279,35.910153,1316.0000
static,0.651279,35.955069,1169.0000
static,0.651279,35.999985,1035.0000
static,0.651279,36.044901,969.0000
static,0.651279,36.089817,971.0000
static,0.651279,36.134732,980.0000
static,0.651279,36.179648,1182.0000
static,0.651279,36.224564,1160.0000
static,0.651279,36.269480,1239.0000
static,0.651279,36.314395,1662.0000
static,0.651279,36.359311,1856.0000
static,0.651279,36.404227,1867.0000
static,0.651279,36.449143,1945.0000
static,0.651279,36.494058,1956.0000
static,0.651279,36.538974,1876.0000
static,0.651279,36.583890,1860.0000
static,0.651279,36.628806,1840.0000
static,0.651279,36.673721,1870.0000
static,0.651279,36.718637,1801.0000
static,0.651279,36.763553,1778.0000
static,0.651279,36.808469,1748.0000
static,0.651279,36.853385,1656.0000
static,0.651279,36.898300,1502.0000
static,0.651279,36.943216,1564.0000
static,0.651279,36.988132,1527.0000
static,0.651279,37.033048,1316.0000
static,0.651279,37.077963,1257.0000
static,0.651279,37.122879,1209.0000
static,0.651279,37.167795,1165.0000
static,0.651279,37.212711,1077.0000
static,0.651279,37.257626,1043.0000
static,0.651279,37.302542,995.0000
static,0.651279,37.347458,946.0000
static,0.651279,37.392374,1055.0000
static,0.651279,37.437289,1035.0000
static,0.651279,37.482205,987.0000
static,0.651279,37.527121,1012.0000
static,0.651279,37.572037,936.0000
static,0.651279,37.616953,904.0000
static,0.651279,37.661868,858.0000
static,0.651279,37.706784,846.0000
static,0.651279,37.751700,850.0000
static,0.651279,37.796616,835.0000
static,0.651279,37.841531,797.0000
static,0.651279,37.886447,808.0000
static,0.651279,37.931363,814.0000
static,0.651279,37.976279,824.0000
static,0.651279,38.021194,820.0000
static,0.651279,38.066110,789.0000
static,0.651279,38.111026,771.0000
static,0.651279,38.155942,756.0000
static,0.651279,38.200857,712.0000
static,0.651279,38.245773,632.0000
static,0.651279,38.290689,606.0000
static,0.651279,38.335605,590.0000
static,0.651279,38.380521,581.0000
static,0.651279,38.425436,571.0000
static,0.651279,38.470352,559.0000
static,0.651279,38.515268,535.0000
static,0.651279,38.560184,496.0000
static,0.651279,38.605099,480.0000
static,0.651279,38.650015,459.0000
static,0.651279,38.694931,438.0000
static,0.651279,38.739847,391.0000
static,0.651279,38.784762,382.0000
static,0.651279,38.829678,367.0000
static,0.651279,38.874594,354.0000
static,0.651279,38.919510,330.0000
static,0.651279,38.964425,321.0000
static,0.651279,39.009341,311.0000
static,0.651279,39.054257,309.0000
static,0.651279,39.099173,314.0000
static,0.651279,39.144089,308.0000
static,0.651279,39.189004,290.0000
static,0.651279,39.233920,269.0000
static,0.651279,39.278836,235.0000
static,0.651279,39.323752,223.0000
static,0.651279,39.368667,214.0000
static,0.651279,39.413583,195.0000
static,0.651279,39.458499,186.0000
static,0.651279,39.503415,179.0000
static,0.651279,39.548330,178.0000
static,0.651279,39.593246,175.0000
static,0.651279,39.638162,174.0000
static,0.651279,39.683078,178.0000
static,0.651279,39.727993,185.0000
static,0.651279,39.772909,208.0000
static,0.651279,39.817825,211.0000
static,0.651279,39.862741,205.0000
static,0.651279,39.907656,198.0000
static,0.651279,39.952572,176.0000
static,0.651279,39.997488,165.0000
static,0.651279,40.042404,161.0000
static,0.651279,40.087320,169.0000
static,0.651279,40.132235,181.0000
static,0.651279,40.177151,165.0000
static,0.651279,40.222067,150.0000
static,0.651279,40.266983,131.0000
static,0.651279,40.311898,122.0000
static,0.651279,40.356814,120.0000
static,0.651279,40.401730,126.0000
static,0.651279,40.446646,126.0000
static,0.651279,40.491561,119.0000
static,0.651279,40.536477,112.0000
static,0.651279,40.581393,105.0000
static,0.651279,40.626309,99.0000
static,0.651279,40.671224,97.0000
static,0.651279,40.716140,95.0000
static,0.651279,40.761056,94.0000
static,0.651279,40.805972,90.0000
static,0.651279,40.850888,88.0000
static,0.651279,40.895803,86.0000
static,0.651279,40.940719,84.0000
static,0.651279,40.985635,80.0000
static,0.606363,34.158439,1127.0000
static,0.606363,34.203354,1129.0000
static,0.606363,34.248270,1153.0000
static,0.606363,34.293186,1157.0000
static,0.606363,34.338102,1222.0000
static,0.606363,34.383017,1275.0000
static,0.606363,34.427933,1298.0000
static,0.606363,34.472849,1361.0000
static,0.606363,34.517765,1455.0000
static,0.606363,34.562681,1454.0000
static,0.606363,34.607596,1468.0000
static,0.606363,34.652512,1466.0000
static,0.606363,34.697428,1457.0000
static,0.606363,34.742344,1494.0000
static,0.606363,34.787259,1545.0000
static,0.606363,34.832175,1573.0000
static,0.606363,34.877091,1657.0000
static,0.606363,34.922007,1745.0000
static,0.606363,34.966922,1714.0000
static,0.606363,35.011838,1790.0000
static,0.606363,35.056754,1847.0000
static,0.606363,35.101670,1890.0000
static,0.606363,35.146585,1972.0000
static,0.606363,35.191501,1996.0000
static,0.606363,35.236417,2045.0000
static,0.606363,35.281333,2080.0000
static,0.606363,35.326249,2147.0000
static,0.606363,35.371164,2189.0000
static,0.606363,35.416080,2244.0000
static,0.606363,35.460996,2282.0000
static,0.606363,35.505912,2082.0000
static,0.606363,35.550827,1250.0000
static,0.606363,35.595743,1089.0000
static,0.606363,35.640659,1075.0000
static,0.606363,35.685575,1336.0000
static,0.606363,35.730490,1775.0000
static,0.606363,35.775406,2150.0000
static,0.606363,35.820322,2228.0000
static,0.606363,35.865238,1380.0000
static,0.606363,35.910153,1304.0000
static,0.606363,35.955069,1193.0000
static,0.606363,35.999985,994.0000
static,0.606363,36.044901,973.0000
static,0.606363,36.089817,977.0000
static,0.606363,36.134732,975.0000
static,0.606363,36.179648,1224.0000
static,0.606363,36.224564,1185.0000
static,0.606363,36.269480,1256.0000
static,0.606363,36.314395,1588.0000
static,0.606363,36.359311,1820.0000
static,0.606363,36.404227,1875.0000
static,0.606363,36.449143,1969.0000
static,0.606363,36.494058,2004.0000
static,0.606363,36.538974,1868.0000
static,0.606363,36.583890,1900.0000
static,0.606363,36.628806,1867.0000
static,0.606363,36.673721,1848.0000
static,0.606363,36.718637,1837.0000
static,0.606363,36.763553,1816.0000
static,0.606363,36.808469,1759.0000
static,0.606363,36.853385,1579.0000
static,0.606363,36.898300,1564.0000
static,0.606363,36.943216,1630.0000
static,0.606363,36.988132,1620.0000
static,0.606363,37.033048,1381.0000
static,0.606363,37.077963,1299.0000
static,0.606363,37.122879,1229.0000
static,0.606363,37.167795,1171.0000
static,0.606363,37.212711,1049.0000
static,0.606363,37.257626,1038.0000
static,0.606363,37.302542,1007.0000
static,0.606363,37.347458,971.0000
static,0.606363,37.392374,959.0000
static,0.606363,37.437289,941.0000
static,0.606363,37.482205,917.0000
static,0.606363,37.527121,952.0000
static,0.606363,37.572037,889.0000
static,0.606363,37.616953,863.0000
static,0.606363,37.661868,864.0000
static,0.606363,37.706784,894.0000
static,0.606363,37.751700,893.0000
static,0.606363,37.796616,949.0000
static,0.606363,37.841531,928.0000
static,0.606363,37.886447,858.0000
static,0.606363,37.931363,859.0000
static,0.606363,37.976279,871.0000
static,0.606363,38.021194,868.0000
static,0.606363,38.066110,866.0000
static,0.606363,38.111026,834.0000
static,0.606363,38.155942,759.0000
static,0.606363,38.200857,715.0000
static,0.606363,38.245773,652.0000
static,0.606363,38.290689,622.0000
static,0.606363,38.335605,608.0000
static,0.606363,38.380521,611.0000
static,0.606363,38.425436,570.0000
static,0.606363,38.470352,557.0000
static,0.606363,38.515268,544.0000
static,0.606363,38.560184,516.0000
static,0.606363,38.605099,507.0000
static,0.606363,38.650015,475.0000
static,0.606363,38.694931,446.0000
static,0.606363,38.739847,390.0000
static,0.606363,38.784762,370.0000
static,0.606363,38.829678,358.0000
static,0.606363,38.874594,350.0000
static,0.606363,38.919510,331.0000
static,0.606363,38.964425,325.0000
static,0.606363,39.009341,327.0000
static,0.606363,39.054257,328.0000
static,0.606363,39.099173,327.0000
static,0.606363,39.144089,308.0000
static,0.606363,39.189004,291.0000
static,0.606363,39.233920,278.0000
static,0.606363,39.278836,243.0000
static,0.606363,39.323752,232.0000
static,0.606363,39.368667,220.0000
static,0.606363,39.413583,197.0000
static,0.606363,39.458499,187.0000
static,0.606363,39.503415,180.0000
static,0.606363,39.548330,176.0000
static,0.606363,39.593246,173.0000
static,0.606363,39.638162,172.0000
static,0.606363,39.683078,171.0000
static,0.606363,39.727993,176.0000
static,0.606363,39.772909,193.0000
static,0.606363,39.817825,199.0000
static,0.606363,39.862741,198.0000
static,0.606363,39.907656,204.0000
static,0.606363,39.952572,178.0000
static,0.606363,39.997488,166.0000
static,0.606363,40.042404,162.0000
static,0.606363,40.087320,169.0000
static,0.606363,40.132235,184.0000
static,0.606363,40.177151,184.0000
static,0.606363,40.222067,176.0000
static,0.606363,40.266983,141.0000
static,0.606363,40.311898,140.0000
static,0.606363,40.356814,134.0000
static,0.606363,40.401730,118.0000
static,0.606363,40.446646,121.0000
static,0.606363,40.491561,115.0000
static,0.606363,40.536477,108.0000
static,0.606363,40.581393,105.0000
static,0.606363,40.626309,95.0000
static,0.606363,40.671224,93.0000
static,0.606363,40.716140,92.0000
static,0.606363,40.761056,91.0000
static,0.606363,40.805972,87.0000
static,0.606363,40.850888,86.0000
static,0.606363,40.895803,85.0000
static,0.606363,40.940719,83.0000
static,0.606363,40.985635,79.0000
static,0.561447,34.113523,1119.0000
static,0.561447,34.158439,1129.0000
static,0.561447,34.203354,1201.0000
static,0.561447,34.248270,1321.0000
static,0.561447,34.293186,1257.0000
static,0.561447,34.338102,1259.0000
static,0.561447,34.383017,1263.0000
static,0.561447,34.427933,1274.0000
static,0.561447,34.472849,1316.0000
static,0.561447,34.517765,1386.0000
static,0.561447,34.562681,1425.0000
static,0.561447,34.607596,1449.0000
static,0.561447,34.652512,1457.0000
static,0.561447,34.697428,1468.0000
static,0.561447,34.742344,1487.0000
static,0.561447,34.787259,1464.0000
static,0.561447,34.832175,1598.0000
static,0.561447,34.877091,1626.0000
static,0.561447,34.922007,1857.0000
static,0.561447,34.966922,1837.0000
static,0.561447,35.011838,1777.0000
static,0.561447,35.056754,1900.0000
static,0.561447,35.101670,1886.0000
static,0.561447,35.146585,1965.0000
static,0.561447,35.191501,1977.0000
static,0.561447,35.236417,2045.0000
static,0.561447,35.281333,2130.0000
static,0.561447,35.326249,2170.0000
static,0.561447,35.371164,2202.0000
static,0.561447,35.416080,2255.0000
static,0.561447,35.460996,2319.0000
static,0.561447,35.505912,1983.0000
static,0.561447,35.550827,1224.0000
static,0.561447,35.595743,1104.0000
static,0.561447,35.640659,1089.0000
static,0.561447,35.685575,1486.0000
static,0.561447,35.730490,1800.0000
static,0.561447,35.775406,2145.0000
static,0.561447,35.820322,2072.0000
static,0.561447,35.865238,1340.0000
static,0.561447,35.910153,1240.0000
static,0.561447,35.955069,1147.0000
static,0.561447,35.999985,989.0000
static,0.561447,36.044901,973.0000
static,0.561447,36.089817,968.0000
static,0.561447,36.134732,980.0000
static,0.561447,36.179648,1201.0000
static,0.561447,36.224564,1248.0000
static,0.561447,36.269480,1347.0000
static,0.561447,36.314395,1757.0000
static,0.561447,36.359311,1901.0000
static,0.561447,36.404227,1924.0000
static,0.561447,36.449143,1983.0000
static,0.561447,36.494058,1971.0000
static,0.561447,36.538974,1871.0000
static,0.561447,36.583890,1899.0000
static,0.561447,36.628806,1867.0000
static,0.561447,36.673721,1865.0000
static,0.561447,36.718637,1870.0000
static,0.561447,36.763553,1836.0000
static,0.561447,36.808469,1769.0000
static,0.561447,36.853385,1582.0000
static,0.561447,36.898300,1617.0000
static,0.561447,36.943216,1651.0000
static,0.561447,36.988132,1690.0000
static,0.561447,37.033048,1547.0000
static,0.561447,37.077963,1428.0000
static,0.561447,37.122879,1256.0000
static,0.561447,37.167795,1173.0000
static,0.561447,37.212711,1076.0000
static,0.561447,37.257626,1166.0000
static,0.561447,37.302542,1079.0000
static,0.561447,37.347458,983.0000
static,0.561447,37.392374,942.0000
static,0.561447,37.437289,957.0000
static,0.561447,37.482205,950.0000
static,0.561447,37.527121,910.0000
static,0.561447,37.572037,873.0000
static,0.561447,37.616953,884.0000
static,0.561447,37.661868,902.0000
static,0.561447,37.706784,920.0000
static,0.561447,37.751700,917.0000
static,0.561447,37.796616,984.0000
static,0.561447,37.841531,1207.0000
static,0.561447,37.886447,906.0000
static,0.561447,37.931363,911.0000
static,0.561447,37.976279,935.0000
static,0.561447,38.021194,951.0000
static,0.561447,38.066110,964.0000
static,0.561447,38.111026,892.0000
static,0.561447,38.155942,801.0000
static,0.561447,38.200857,742.0000
static,0.561447,38.245773,678.0000
static,0.561447,38.290689,646.0000
static,0.561447,38.335605,623.0000
static,0.561447,38.380521,610.0000
static,0.561447,38.425436,571.0000
static,0.561447,38.470352,547.0000
static,0.561447,38.515268,527.0000
static,0.561447,38.560184,498.0000
static,0.561447,38.605099,485.0000
static,0.561447,38.650015,479.0000
static,0.561447,38.694931,445.0000
static,0.561447,38.739847,393.0000
static,0.561447,38.784762,376.0000
static,0.561447,38.829678,365.0000
static,0.561447,38.874594,357.0000
static,0.561447,38.919510,344.0000
static,0.561447,38.964425,355.0000
static,0.561447,39.009341,354.0000
static,0.561447,39.054257,351.0000
static,0.561447,39.099173,318.0000
static,0.561447,39.144089,302.0000
static,0.561447,39.189004,290.0000
static,0.561447,39.233920,273.0000
static,0.561447,39.278836,247.0000
static,0.561447,39.323752,236.0000
static,0.561447,39.368667,224.0000
static,0.561447,39.413583,199.0000
static,0.561447,39.458499,189.0000
static,0.561447,39.503415,183.0000
static,0.561447,39.548330,177.0000
static,0.561447,39.593246,171.0000
static,0.561447,39.638162,170.0000
static,0.561447,39.683078,169.0000
static,0.561447,39.727993,168.0000
static,0.561447,39.772909,179.0000
static,0.561447,39.817825,183.0000
static,0.561447,39.862741,186.0000
static,0.561447,39.907656,190.0000
static,0.561447,39.952572,178.0000
static,0.561447,39.997488,166.0000
static,0.561447,40.042404,162.0000
static,0.561447,40.087320,168.0000
static,0.561447,40.132235,186.0000
static,0.561447,40.177151,192.0000
static,0.561447,40.222067,197.0000
static,0.561447,40.266983,161.0000
static,0.561447,40.311898,156.0000
static,0.561447,40.356814,166.0000
static,0.561447,40.401730,145.0000
static,0.561447,40.446646,110.0000
static,0.561447,40.491561,109.0000
static,0.561447,40.536477,106.0000
static,0.561447,40.581393,100.0000
static,0.561447,40.626309,94.0000
static,0.561447,40.671224,92.0000
static,0.561447,40.716140,90.0000
static,0.561447,40.761056,89.0000
static,0.561447,40.805972,85.0000
static,0.561447,40.850888,85.0000
static,0.561447,40.895803,83.0000
static,0.561447,40.940719,82.0000
static,0.561447,40.985635,80.0000
static,0.516531,34.113523,1140.0000
static,0.516531,34.158439,1152.0000
static,0.516531,34.203354,1249.0000
static,0.516531,34.248270,1265.0000
static,0.516531,34.293186,1246.0000
static,0.516531,34.338102,1242.0000
static,0.516531,34.383017,1247.0000
static,0.516531,34.427933,1277.0000
static,0.516531,34.472849,1359.0000
static,0.516531,34.517765,1389.0000
static,0.516531,34.562681,1412.0000
static,0.516531,34.607596,1440.0000
static,0.516531,34.652512,1455.0000
static,0.516531,34.697428,1450.0000
static,0.516531,34.742344,1454.0000
static,0.516531,34.787259,1472.0000
static,0.516531,34.832175,1555.0000
static,0.516531,34.877091,1737.0000
static,0.516531,34.922007,1960.0000
static,0.516531,34.966922,1947.0000
static,0.516531,35.011838,1831.0000
static,0.516531,35.056754,1877.0000
static,0.516531,35.101670,1958.0000
static,0.516531,35.146585,1933.0000
static,0.516531,35.191501,1996.0000
static,0.516531,35.236417,2028.0000
static,0.516531,35.281333,2115.0000
static,0.516531,35.326249,2180.0000
static,0.516531,35.371164,2220.0000
static,0.516531,35.416080,2273.0000
static,0.516531,35.460996,2336.0000
static,0.516531,35.505912,2101.0000
static,0.516531,35.550827,1349.0000
static,0.516531,35.595743,1134.0000
static,0.516531,35.640659,1106.0000
static,0.516531,35.685575,1513.0000
static,0.516531,35.730490,1894.0000
static,0.516531,35.775406,2023.0000
static,0.516531,35.820322,1765.0000
static,0.516531,35.865238,1290.0000
static,0.516531,35.910153,1196.0000
static,0.516531,35.955069,1135.0000
static,0.516531,35.999985,996.0000
static,0.516531,36.044901,980.0000
static,0.516531,36.089817,976.0000
static,0.516531,36.134732,1009.0000
static,0.516531,36.179648,1309.0000
static,0.516531,36.224564,1371.0000
static,0.516531,36.269480,1624.0000
static,0.516531,36.314395,1934.0000
static,0.516531,36.359311,1921.0000
static,0.516531,36.404227,1955.0000
static,0.516531,36.449143,1968.0000
static,0.516531,36.494058,1963.0000
static,0.516531,36.538974,1905.0000
static,0.516531,36.583890,1896.0000
static,0.516531,36.628806,1896.0000
static,0.516531,36.673721,1891.0000
static,0.516531,36.718637,1864.0000
static,0.516531,36.763553,1809.0000
static,0.516531,36.808469,1760.0000
static,0.516531,36.853385,1599.0000
static,0.516531,36.898300,1630.0000
static,0.516531,36.943216,1682.0000
static,0.516531,36.988132,1711.0000
static,0.516531,37.033048,1763.0000
static,0.516531,37.077963,1699.0000
static,0.516531,37.122879,1342.0000
static,0.516531,37.167795,1313.0000
static,0.516531,37.212711,1142.0000
static,0.516531,37.257626,1518.0000
static,0.516531,37.302542,1179.0000
static,0.516531,37.347458,1034.0000
static,0.516531,37.392374,1002.0000
static,0.516531,37.437289,1013.0000
static,0.516531,37.482205,984.0000
static,0.516531,37.527121,954.0000
static,0.516531,37.572037,915.0000
static,0.516531,37.616953,920.0000
static,0.516531,37.661868,931.0000
static,0.516531,37.706784,945.0000
static,0.516531,37.751700,946.0000
static,0.516531,37.796616,966.0000
static,0.516531,37.841531,1052.0000
static,0.516531,37.886447,964.0000
static,0.516531,37.931363,984.0000
static,0.516531,37.976279,1014.0000
static,0.516531,38.021194,1060.0000
static,0.516531,38.066110,1064.0000
static,0.516531,38.111026,941.0000
static,0.516531,38.155942,823.0000
static,0.516531,38.200857,766.0000
static,0.516531,38.245773,687.0000
static,0.516531,38.290689,659.0000
static,0.516531,38.335605,638.0000
static,0.516531,38.380521,614.0000
static,0.516531,38.425436,564.0000
static,0.516531,38.470352,540.0000
static,0.516531,38.515268,519.0000
static,0.516531,38.560184,485.0000
static,0.516531,38.605099,465.0000
static,0.516531,38.650015,453.0000
static,0.516531,38.694931,439.0000
static,0.516531,38.739847,398.0000
static,0.516531,38.784762,382.0000
static,0.516531,38.829678,377.0000
static,0.516531,38.874594,375.0000
static,0.516531,38.919510,372.0000
static,0.516531,38.964425,370.0000
static,0.516531,39.009341,356.0000
static,0.516531,39.054257,337.0000
static,0.516531,39.099173,310.0000
static,0.516531,39.144089,300.0000
static,0.516531,39.189004,287.0000
static,0.516531,39.233920,274.0000
static,0.516531,39.278836,258.0000
static,0.516531,39.323752,245.0000
static,0.516531,39.368667,228.0000
static,0.516531,39.413583,202.0000
static,0.516531,39.458499,196.0000
static,0.516531,39.503415,189.0000
static,0.516531,39.548330,183.0000
static,0.516531,39.593246,171.0000
static,0.516531,39.638162,168.0000
static,0.516531,39.683078,167.0000
static,0.516531,39.727993,166.0000
static,0.516531,39.772909,166.0000
static,0.516531,39.817825,170.0000
static,0.516531,39.862741,172.0000
static,0.516531,39.907656,175.0000
static,0.516531,39.952572,182.0000
static,0.516531,39.997488,169.0000
static,0.516531,40.042404,162.0000
static,0.516531,40.087320,164.0000
static,0.516531,40.132235,187.0000
static,0.516531,40.177151,193.0000
static,0.516531,40.222067,202.0000
static,0.516531,40.266983,175.0000
static,0.516531,40.311898,161.0000
static,0.516531,40.356814,163.0000
static,0.516531,40.401730,158.0000
static,0.516531,40.446646,114.0000
static,0.516531,40.491561,105.0000
static,0.516531,40.536477,101.0000
static,0.516531,40.581393,98.0000
static,0.516531,40.626309,94.0000
static,0.516531,40.671224,93.0000
static,0.516531,40.716140,90.0000
static,0.516531,40.761056,88.0000
static,0.516531,40.805972,86.0000
static,0.516531,40.850888,84.0000
static,0.516531,40.895803,83.0000
static,0.516531,40.940719,83.0000
static,0.516531,40.985635,80.0000
static,0.471616,34.068607,1216.0000
static,0.471616,34.113523,1215.0000
static,0.471616,34.158439,1204.0000
static,0.471616,34.203354,1222.0000
static,0.471616,34.248270,1219.0000
static,0.471616,34.293186,1213.0000
static,0.471616,34.338102,1229.0000
static,0.471616,34.383017,1245.0000
static,0.471616,34.427933,1258.0000
static,0.471616,34.472849,1320.0000
static,0.471616,34.517765,1362.0000
static,0.471616,34.562681,1360.0000
static,0.471616,34.607596,1344.0000
static,0.471616,34.652512,1392.0000
static,0.471616,34.697428,1439.0000
static,0.471616,34.742344,1493.0000
static,0.471616,34.787259,1545.0000
static,0.471616,34.832175,1588.0000
static,0.471616,34.877091,1617.0000
static,0.471616,34.922007,1682.0000
static,0.471616,34.966922,1995.0000
static,0.471616,35.011838,1958.0000
static,0.471616,35.056754,1898.0000
static,0.471616,35.101670,1898.0000
static,0.471616,35.146585,1945.0000
static,0.471616,35.191501,2001.0000
static,0.471616,35.236417,2094.0000
static,0.471616,35.281333,2136.0000
static,0.471616,35.326249,2185.0000
static,0.471616,35.371164,2226.0000
static,0.471616,35.416080,2286.0000
static,0.471616,35.460996,2352.0000
static,0.471616,35.505912,2545.0000
static,0.471616,35.550827,2480.0000
static,0.471616,35.595743,1618.0000
static,0.471616,35.640659,1180.0000
static,0.471616,35.685575,1454.0000
static,0.471616,35.730490,1797.0000
static,0.471616,35.775406,1933.0000
static,0.471616,35.820322,1892.0000
static,0.471616,35.865238,1310.0000
static,0.471616,35.910153,1279.0000
static,0.471616,35.955069,1153.0000
static,0.471616,35.999985,1002.0000
static,0.471616,36.044901,991.0000
static,0.471616,36.089817,984.0000
static,0.471616,36.134732,1055.0000
static,0.471616,36.179648,1335.0000
static,0.471616,36.224564,1584.0000
static,0.471616,36.269480,2122.0000
static,0.471616,36.314395,2014.0000
static,0.471616,36.359311,1997.0000
static,0.471616,36.404227,2016.0000
static,0.471616,36.449143,1999.0000
static,0.471616,36.494058,1971.0000
static,0.471616,36.538974,1917.0000
static,0.471616,36.583890,1907.0000
static,0.471616,36.628806,1898.0000
static,0.471616,36.673721,1815.0000
static,0.471616,36.718637,1772.0000
static,0.471616,36.763553,1682.0000
static,0.471616,36.808469,1637.0000
static,0.471616,36.853385,1650.0000
static,0.471616,36.898300,1621.0000
static,0.471616,36.943216,1667.0000
static,0.471616,36.988132,1701.0000
static,0.471616,37.033048,1785.0000
static,0.471616,37.077963,1654.0000
static,0.471616,37.122879,1719.0000
static,0.471616,37.167795,1686.0000
static,0.471616,37.212711,1329.0000
static,0.471616,37.257626,1615.0000
static,0.471616,37.302542,1210.0000
static,0.471616,37.347458,1049.0000
static,0.471616,37.392374,1076.0000
static,0.471616,37.437289,1088.0000
static,0.471616,37.482205,1182.0000
static,0.471616,37.527121,1294.0000
static,0.471616,37.572037,974.0000
static,0.471616,37.616953,974.0000
static,0.471616,37.661868,980.0000
static,0.471616,37.706784,998.0000
static,0.471616,37.751700,1029.0000
static,0.471616,37.796616,1048.0000
static,0.471616,37.841531,1074.0000
static,0.471616,37.886447,1121.0000
static,0.471616,37.931363,1178.0000
static,0.471616,37.976279,1284.0000
static,0.471616,38.021194,1440.0000
static,0.471616,38.066110,1091.0000
static,0.471616,38.111026,943.0000
static,0.471616,38.155942,835.0000
static,0.471616,38.200857,763.0000
static,0.471616,38.245773,686.0000
static,0.471616,38.290689,660.0000
static,0.471616,38.335605,636.0000
static,0.471616,38.380521,619.0000
static,0.471616,38.425436,590.0000
static,0.471616,38.470352,567.0000
static,0.471616,38.515268,537.0000
static,0.471616,38.560184,492.0000
static,0.471616,38.605099,470.0000
static,0.471616,38.650015,461.0000
static,0.471616,38.694931,462.0000
static,0.471616,38.739847,442.0000
static,0.471616,38.784762,442.0000
static,0.471616,38.829678,440.0000
static,0.471616,38.874594,424.0000
static,0.471616,38.919510,392.0000
static,0.471616,38.964425,376.0000
static,0.471616,39.009341,362.0000
static,0.471616,39.054257,346.0000
static,0.471616,39.099173,319.0000
static,0.471616,39.144089,308.0000
static,0.471616,39.189004,296.0000
static,0.471616,39.233920,284.0000
static,0.471616,39.278836,264.0000
static,0.471616,39.323752,256.0000
static,0.471616,39.368667,241.0000
static,0.471616,39.413583,216.0000
static,0.471616,39.458499,209.0000
static,0.471616,39.503415,202.0000
static,0.471616,39.548330,196.0000
static,0.471616,39.593246,180.0000
static,0.471616,39.638162,172.0000
static,0.471616,39.683078,164.0000
static,0.471616,39.727993,163.0000
static,0.471616,39.772909,161.0000
static,0.471616,39.817825,159.0000
static,0.471616,39.862741,157.0000
static,0.471616,39.907656,156.0000
static,0.471616,39.952572,162.0000
static,0.471616,39.997488,168.0000
static,0.471616,40.042404,163.0000
static,0.471616,40.087320,162.0000
static,0.471616,40.132235,194.0000
static,0.471616,40.177151,207.0000
static,0.471616,40.222067,210.0000
static,0.471616,40.266983,183.0000
static,0.471616,40.311898,174.0000
static,0.471616,40.356814,161.0000
static,0.471616,40.401730,148.0000
static,0.471616,40.446646,121.0000
static,0.471616,40.491561,105.0000
static,0.471616,40.536477,101.0000
static,0.471616,40.581393,99.0000
static,0.471616,40.626309,97.0000
static,0.471616,40.671224,95.0000
static,0.471616,40.716140,93.0000
static,0.471616,40.761056,91.0000
static,0.471616,40.805972,88.0000
static,0.471616,40.850888,86.0000
static,0.471616,40.895803,84.0000
static,0.471616,40.940719,81.0000
static,0.471616,40.985635,77.0000
static,0.426700,34.068607,1219.0000
static,0.426700,34.113523,1194.0000
static,0.426700,34.158439,1207.0000
static,0.426700,34.203354,1206.0000
static,0.426700,34.248270,1197.0000
static,0.426700,34.293186,1206.0000
static,0.426700,34.338102,1234.0000
static,0.426700,34.383017,1264.0000
static,0.426700,34.427933,1284.0000
static,0.426700,34.472849,1340.0000
static,0.426700,34.517765,1339.0000
static,0.426700,34.562681,1340.0000
static,0.426700,34.607596,1321.0000
static,0.426700,34.652512,1454.0000
static,0.426700,34.697428,1464.0000
static,0.426700,34.742344,1483.0000
static,0.426700,34.787259,1503.0000
static,0.426700,34.832175,1599.0000
static,0.426700,34.877091,1607.0000
static,0.426700,34.922007,1628.0000
static,0.426700,34.966922,1865.0000
static,0.426700,35.011838,2014.0000
static,0.426700,35.056754,1957.0000
static,0.426700,35.101670,1988.0000
static,0.426700,35.146585,1937.0000
static,0.426700,35.191501,2015.0000
static,0.426700,35.236417,2093.0000
static,0.426700,35.281333,2129.0000
static,0.426700,35.326249,2203.0000
static,0.426700,35.371164,2238.0000
static,0.426700,35.416080,2279.0000
static,0.426700,35.460996,2340.0000
static,0.426700,35.505912,2538.0000
static,0.426700,35.550827,2644.0000
static,0.426700,35.595743,2068.0000
static,0.426700,35.640659,1274.0000
static,0.426700,35.685575,1317.0000
static,0.426700,35.730490,1554.0000
static,0.426700,35.775406,1850.0000
static,0.426700,35.820322,2115.0000
static,0.426700,35.865238,1314.0000
static,0.426700,35.910153,1255.0000
static,0.426700,35.955069,1191.0000
static,0.426700,35.999985,1004.0000
static,0.426700,36.044901,990.0000
static,0.426700,36.089817,1024.0000
static,0.426700,36.134732,1135.0000
static,0.426700,36.179648,1428.0000
static,0.426700,36.224564,1618.0000
static,0.426700,36.269480,2001.0000
static,0.426700,36.314395,2051.0000
static,0.426700,36.359311,2019.0000
static,0.426700,36.404227,2036.0000
static,0.426700,36.449143,1979.0000
static,0.426700,36.494058,1959.0000
static,0.426700,36.538974,1898.0000
static,0.426700,36.583890,1902.0000
static,0.426700,36.628806,1892.0000
static,0.426700,36.673721,1803.0000
static,0.426700,36.718637,1719.0000
static,0.426700,36.763553,1734.0000
static,0.426700,36.808469,1700.0000
static,0.426700,36.853385,1653.0000
static,0.426700,36.898300,1624.0000
static,0.426700,36.943216,1665.0000
static,0.426700,36.988132,1716.0000
static,0.426700,37.033048,1801.0000
static,0.426700,37.077963,1711.0000
static,0.426700,37.122879,1761.0000
static,0.426700,37.167795,1817.0000
static,0.426700,37.212711,1598.0000
static,0.426700,37.257626,1490.0000
static,0.426700,37.302542,1235.0000
static,0.426700,37.347458,1067.0000
static,0.426700,37.392374,1091.0000
static,0.426700,37.437289,1129.0000
static,0.426700,37.482205,1259.0000
static,0.426700,37.527121,1283.0000
static,0.426700,37.572037,1004.0000
static,0.426700,37.616953,1004.0000
static,0.426700,37.661868,1014.0000
static,0.426700,37.706784,1025.0000
static,0.426700,37.751700,1050.0000
static,0.426700,37.796616,1101.0000
static,0.426700,37.841531,1129.0000
static,0.426700,37.886447,1257.0000
static,0.426700,37.931363,1360.0000
static,0.426700,37.976279,1613.0000
static,0.426700,38.021194,1571.0000
static,0.426700,38.066110,1089.0000
static,0.426700,38.111026,977.0000
static,0.426700,38.155942,842.0000
static,0.426700,38.200857,757.0000
static,0.426700,38.245773,677.0000
static,0.426700,38.290689,648.0000
static,0.426700,38.335605,623.0000
static,0.426700,38.380521,606.0000
static,0.426700,38.425436,590.0000
static,0.426700,38.470352,562.0000
static,0.426700,38.515268,538.0000
static,0.426700,38.560184,506.0000
static,0.426700,38.605099,491.0000
static,0.426700,38.650015,496.0000
static,0.426700,38.694931,494.0000
static,0.426700,38.739847,461.0000
static,0.426700,38.784762,439.0000
static,0.426700,38.829678,426.0000
static,0.426700,38.874594,414.0000
static,0.426700,38.919510,384.0000
static,0.426700,38.964425,375.0000
static,0.426700,39.009341,361.0000
static,0.426700,39.054257,345.0000
static,0.426700,39.099173,319.0000
static,0.426700,39.144089,311.0000
static,0.426700,39.189004,302.0000
static,0.426700,39.233920,289.0000
static,0.426700,39.278836,259.0000
static,0.426700,39.323752,247.0000
static,0.426700,39.368667,238.0000
static,0.426700,39.413583,220.0000
static,0.426700,39.458499,212.0000
static,0.426700,39.503415,205.0000
static,0.426700,39.548330,197.0000
static,0.426700,39.593246,180.0000
static,0.426700,39.638162,172.0000
static,0.426700,39.683078,164.0000
static,0.426700,39.727993,161.0000
static,0.426700,39.772909,160.0000
static,0.426700,39.817825,157.0000
static,0.426700,39.862741,156.0000
static,0.426700,39.907656,154.0000
static,0.426700,39.952572,151.0000
static,0.426700,39.997488,154.0000
static,0.426700,40.042404,153.0000
static,0.426700,40.087320,153.0000
static,0.426700,40.132235,189.0000
static,0.426700,40.177151,206.0000
static,0.426700,40.222067,212.0000
static,0.426700,40.266983,187.0000
static,0.426700,40.311898,183.0000
static,0.426700,40.356814,170.0000
static,0.426700,40.401730,160.0000
static,0.426700,40.446646,139.0000
static,0.426700,40.491561,109.0000
static,0.426700,40.536477,102.0000
static,0.426700,40.581393,101.0000
static,0.426700,40.626309,98.0000
static,0.426700,40.671224,96.0000
static,0.426700,40.716140,95.0000
static,0.426700,40.761056,93.0000
static,0.426700,40.805972,89.0000
static,0.426700,40.850888,87.0000
static,0.426700,40.895803,84.0000
static,0.426700,40.940719,81.0000
static,0.426700,40.985635,79.0000
static,0.381784,34.113523,1180.0000
static,0.381784,34.158439,1177.0000
static,0.381784,34.203354,1188.0000
static,0.381784,34.248270,1217.0000
static,0.381784,34.293186,1229.0000
static,0.381784,34.338102,1234.0000
static,0.381784,34.383017,1261.0000
static,0.381784,34.427933,1294.0000
static,0.381784,34.472849,1317.0000
static,0.381784,34.517765,1304.0000
static,0.381784,34.562681,1307.0000
static,0.381784,34.607596,1328.0000
static,0.381784,34.652512,1450.0000
static,0.381784,34.697428,1453.0000
static,0.381784,34.742344,1495.0000
static,0.381784,34.787259,1542.0000
static,0.381784,34.832175,1605.0000
static,0.381784,34.877091,1588.0000
static,0.381784,34.922007,1616.0000
static,0.381784,34.966922,1778.0000
static,0.381784,35.011838,2029.0000
static,0.381784,35.056754,1997.0000
static,0.381784,35.101670,2005.0000
static,0.381784,35.146585,1997.0000
static,0.381784,35.191501,2050.0000
static,0.381784,35.236417,2096.0000
static,0.381784,35.281333,2125.0000
static,0.381784,35.326249,2186.0000
static,0.381784,35.371164,2235.0000
static,0.381784,35.416080,2280.0000
static,0.381784,35.460996,2337.0000
static,0.381784,35.505912,2535.0000
static,0.381784,35.550827,2626.0000
static,0.381784,35.595743,2237.0000
static,0.381784,35.640659,1349.0000
static,0.381784,35.685575,1264.0000
static,0.381784,35.730490,1448.0000
static,0.381784,35.775406,1801.0000
static,0.381784,35.820322,2018.0000
static,0.381784,35.865238,1373.0000
static,0.381784,35.910153,1307.0000
static,0.381784,35.955069,1225.0000
static,0.381784,35.999985,1047.0000
static,0.381784,36.044901,999.0000
static,0.381784,36.089817,1069.0000
static,0.381784,36.134732,1256.0000
static,0.381784,36.179648,1592.0000
static,0.381784,36.224564,1782.0000
static,0.381784,36.269480,1923.0000
static,0.381784,36.314395,2075.0000
static,0.381784,36.359311,2022.0000
static,0.381784,36.404227,2004.0000
static,0.381784,36.449143,1945.0000
static,0.381784,36.494058,1917.0000
static,0.381784,36.538974,1884.0000
static,0.381784,36.583890,1889.0000
static,0.381784,36.628806,1868.0000
static,0.381784,36.673721,1788.0000
static,0.381784,36.718637,1773.0000
static,0.381784,36.763553,1761.0000
static,0.381784,36.808469,1785.0000
static,0.381784,36.853385,1687.0000
static,0.381784,36.898300,1645.0000
static,0.381784,36.943216,1664.0000
static,0.381784,36.988132,1684.0000
static,0.381784,37.033048,1782.0000
static,0.381784,37.077963,1732.0000
static,0.381784,37.122879,1777.0000
static,0.381784,37.167795,1839.0000
static,0.381784,37.212711,1790.0000
static,0.381784,37.257626,1634.0000
static,0.381784,37.302542,1524.0000
static,0.381784,37.347458,1256.0000
static,0.381784,37.392374,1113.0000
static,0.381784,37.437289,1158.0000
static,0.381784,37.482205,1286.0000
static,0.381784,37.527121,1376.0000
static,0.381784,37.572037,1045.0000
static,0.381784,37.616953,1046.0000
static,0.381784,37.661868,1052.0000
static,0.381784,37.706784,1067.0000
static,0.381784,37.751700,1137.0000
static,0.381784,37.796616,1172.0000
static,0.381784,37.841531,1194.0000
static,0.381784,37.886447,1410.0000
static,0.381784,37.931363,1665.0000
static,0.381784,37.976279,1727.0000
static,0.381784,38.021194,1483.0000
static,0.381784,38.066110,1046.0000
static,0.381784,38.111026,922.0000
static,0.381784,38.155942,804.0000
static,0.381784,38.200857,742.0000
static,0.381784,38.245773,667.0000
static,0.381784,38.290689,637.0000
static,0.381784,38.335605,607.0000
static,0.381784,38.380521,583.0000
static,0.381784,38.425436,582.0000
static,0.381784,38.470352,545.0000
static,0.381784,38.515268,528.0000
static,0.381784,38.560184,535.0000
static,0.381784,38.605099,523.0000
static,0.381784,38.650015,506.0000
static,0.381784,38.694931,490.0000
static,0.381784,38.739847,457.0000
static,0.381784,38.784762,442.0000
static,0.381784,38.829678,434.0000
static,0.381784,38.874594,418.0000
static,0.381784,38.919510,393.0000
static,0.381784,38.964425,373.0000
static,0.381784,39.009341,355.0000
static,0.381784,39.054257,342.0000
static,0.381784,39.099173,311.0000
static,0.381784,39.144089,296.0000
static,0.381784,39.189004,286.0000
static,0.381784,39.233920,276.0000
static,0.381784,39.278836,256.0000
static,0.381784,39.323752,246.0000
static,0.381784,39.368667,238.0000
static,0.381784,39.413583,225.0000
static,0.381784,39.458499,218.0000
static,0.381784,39.503415,209.0000
static,0.381784,39.548330,198.0000
static,0.381784,39.593246,179.0000
static,0.381784,39.638162,173.0000
static,0.381784,39.683078,168.0000
static,0.381784,39.727993,161.0000
static,0.381784,39.772909,159.0000
static,0.381784,39.817825,157.0000
static,0.381784,39.862741,154.0000
static,0.381784,39.907656,153.0000
static,0.381784,39.952572,149.0000
static,0.381784,39.997488,147.0000
static,0.381784,40.042404,145.0000
static,0.381784,40.087320,147.0000
static,0.381784,40.132235,173.0000
static,0.381784,40.177151,192.0000
static,0.381784,40.222067,204.0000
static,0.381784,40.266983,193.0000
static,0.381784,40.311898,186.0000
static,0.381784,40.356814,177.0000
static,0.381784,40.401730,174.0000
static,0.381784,40.446646,140.0000
static,0.381784,40.491561,115.0000
static,0.381784,40.536477,105.0000
static,0.381784,40.581393,104.0000
static,0.381784,40.626309,100.0000
static,0.381784,40.671224,98.0000
static,0.381784,40.716140,96.0000
static,0.381784,40.761056,94.0000
static,0.381784,40.805972,89.0000
static,0.381784,40.850888,87.0000
static,0.381784,40.895803,84.0000
static,0.381784,40.940719,83.0000
static,0.381784,40.985635,81.0000
static,0.336868,34.068607,1158.0000
static,0.336868,34.113523,1188.0000
static,0.336868,34.158439,1304.0000
static,0.336868,34.203354,1263.0000
static,0.336868,34.248270,1272.0000
static,0.336868,34.293186,1287.0000
static,0.336868,34.338102,1289.0000
static,0.336868,34.383017,1280.0000
static,0.336868,34.427933,1266.0000
static,0.336868,34.472849,1307.0000
static,0.336868,34.517765,1345.0000
static,0.336868,34.562681,1368.0000
static,0.336868,34.607596,1365.0000
static,0.336868,34.652512,1408.0000
static,0.336868,34.697428,1441.0000
static,0.336868,34.742344,1493.0000
static,0.336868,34.787259,1541.0000
static,0.336868,34.832175,1574.0000
static,0.336868,34.877091,1571.0000
static,0.336868,34.922007,1586.0000
static,0.336868,34.966922,1793.0000
static,0.336868,35.011838,1981.0000
static,0.336868,35.056754,1951.0000
static,0.336868,35.101670,1959.0000
static,0.336868,35.146585,2083.0000
static,0.336868,35.191501,2112.0000
static,0.336868,35.236417,2147.0000
static,0.336868,35.281333,2176.0000
static,0.336868,35.326249,2199.0000
static,0.336868,35.371164,2215.0000
static,0.336868,35.416080,2261.0000
static,0.336868,35.460996,2365.0000
static,0.336868,35.505912,2523.0000
static,0.336868,35.550827,2651.0000
static,0.336868,35.595743,2242.0000
static,0.336868,35.640659,1535.0000
static,0.336868,35.685575,1343.0000
static,0.336868,35.730490,1436.0000
static,0.336868,35.775406,1648.0000
static,0.336868,35.820322,1918.0000
static,0.336868,35.865238,1532.0000
static,0.336868,35.910153,1439.0000
static,0.336868,35.955069,1298.0000
static,0.336868,35.999985,1257.0000
static,0.336868,36.044901,1107.0000
static,0.336868,36.089817,1088.0000
static,0.336868,36.134732,1406.0000
static,0.336868,36.179648,2102.0000
static,0.336868,36.224564,2127.0000
static,0.336868,36.269480,1996.0000
static,0.336868,36.314395,2006.0000
static,0.336868,36.359311,2011.0000
static,0.336868,36.404227,1980.0000
static,0.336868,36.449143,1944.0000
static,0.336868,36.494058,1904.0000
static,0.336868,36.538974,1847.0000
static,0.336868,36.583890,1811.0000
static,0.336868,36.628806,1801.0000
static,0.336868,36.673721,1819.0000
static,0.336868,36.718637,1808.0000
static,0.336868,36.763553,1792.0000
static,0.336868,36.808469,1791.0000
static,0.336868,36.853385,1797.0000
static,0.336868,36.898300,1687.0000
static,0.336868,36.943216,1675.0000
static,0.336868,36.988132,1717.0000
static,0.336868,37.033048,1833.0000
static,0.336868,37.077963,1889.0000
static,0.336868,37.122879,1830.0000
static,0.336868,37.167795,1833.0000
static,0.336868,37.212711,1955.0000
static,0.336868,37.257626,1924.0000
static,0.336868,37.302542,1925.0000
static,0.336868,37.347458,1684.0000
static,0.336868,37.392374,1239.0000
static,0.336868,37.437289,1326.0000
static,0.336868,37.482205,1367.0000
static,0.336868,37.527121,1251.0000
static,0.336868,37.572037,1183.0000
static,0.336868,37.616953,1153.0000
static,0.336868,37.661868,1137.0000
static,0.336868,37.706784,1159.0000
static,0.336868,37.751700,1234.0000
static,0.336868,37.796616,1271.0000
static,0.336868,37.841531,1330.0000
static,0.336868,37.886447,1716.0000
static,0.336868,37.931363,1765.0000
static,0.336868,37.976279,1554.0000
static,0.336868,38.021194,1290.0000
static,0.336868,38.066110,919.0000
static,0.336868,38.111026,820.0000
static,0.336868,38.155942,758.0000
static,0.336868,38.200857,719.0000
static,0.336868,38.245773,653.0000
static,0.336868,38.290689,625.0000
static,0.336868,38.335605,591.0000
static,0.336868,38.380521,561.0000
static,0.336868,38.425436,543.0000
static,0.336868,38.470352,501.0000
static,0.336868,38.515268,465.0000
static,0.336868,38.560184,521.0000
static,0.336868,38.605099,522.0000
static,0.336868,38.650015,511.0000
static,0.336868,38.694931,500.0000
static,0.336868,38.739847,464.0000
static,0.336868,38.784762,440.0000
static,0.336868,38.829678,423.0000
static,0.336868,38.874594,405.0000
static,0.336868,38.919510,377.0000
static,0.336868,38.964425,368.0000
static,0.336868,39.009341,360.0000
static,0.336868,39.054257,343.0000
static,0.336868,39.099173,328.0000
static,0.336868,39.144089,312.0000
static,0.336868,39.189004,288.0000
static,0.336868,39.233920,282.0000
static,0.336868,39.278836,283.0000
static,0.336868,39.323752,274.0000
static,0.336868,39.368667,261.0000
static,0.336868,39.413583,234.0000
static,0.336868,39.458499,221.0000
static,0.336868,39.503415,210.0000
static,0.336868,39.548330,203.0000
static,0.336868,39.593246,194.0000
static,0.336868,39.638162,192.0000
static,0.336868,39.683078,188.0000
static,0.336868,39.727993,180.0000
static,0.336868,39.772909,169.0000
static,0.336868,39.817825,164.0000
static,0.336868,39.862741,158.0000
static,0.336868,39.907656,152.0000
static,0.336868,39.952572,148.0000
static,0.336868,39.997488,144.0000
static,0.336868,40.042404,143.0000
static,0.336868,40.087320,140.0000
static,0.336868,40.132235,138.0000
static,0.336868,40.177151,149.0000
static,0.336868,40.222067,163.0000
static,0.336868,40.266983,172.0000
static,0.336868,40.311898,171.0000
static,0.336868,40.356814,164.0000
static,0.336868,40.401730,148.0000
static,0.336868,40.446646,122.0000
static,0.336868,40.491561,112.0000
static,0.336868,40.536477,108.0000
static,0.336868,40.581393,106.0000
static,0.336868,40.626309,102.0000
static,0.336868,40.671224,99.0000
static,0.336868,40.716140,96.0000
static,0.336868,40.761056,94.0000
static,0.336868,40.805972,90.0000
static,0.336868,40.850888,88.0000
static,0.336868,40.895803,87.0000
static,0.336868,40.940719,85.0000
static,0.336868,40.985635,81.0000
static,0.291952,34.023691,1159.0000
static,0.291952,34.068607,1162.0000
static,0.291952,34.113523,1202.0000
static,0.291952,34.158439,1307.0000
static,0.291952,34.203354,1271.0000
static,0.291952,34.248270,1265.0000
static,0.291952,34.293186,1275.0000
static,0.291952,34.338102,1256.0000
static,0.291952,34.383017,1250.0000
static,0.291952,34.427933,1254.0000
static,0.291952,34.472849,1300.0000
static,0.291952,34.517765,1318.0000
static,0.291952,34.562681,1340.0000
static,0.291952,34.607596,1344.0000
static,0.291952,34.652512,1401.0000
static,0.291952,34.697428,1455.0000
static,0.291952,34.742344,1514.0000
static,0.291952,34.787259,1539.0000
static,0.291952,34.832175,1560.0000
static,0.291952,34.877091,1587.0000
static,0.291952,34.922007,1603.0000
static,0.291952,34.966922,1678.0000
static,0.291952,35.011838,1963.0000
static,0.291952,35.056754,1941.0000
static,0.291952,35.101670,1928.0000
static,0.291952,35.146585,2022.0000
static,0.291952,35.191501,2002.0000
static,0.291952,35.236417,2106.0000
static,0.291952,35.281333,2167.0000
static,0.291952,35.326249,2199.0000
static,0.291952,35.371164,2237.0000
static,0.291952,35.416080,2281.0000
static,0.291952,35.460996,2363.0000
static,0.291952,35.505912,2530.0000
static,0.291952,35.550827,2602.0000
static,0.291952,35.595743,2093.0000
static,0.291952,35.640659,1685.0000
static,0.291952,35.685575,1466.0000
static,0.291952,35.730490,1520.0000
static,0.291952,35.775406,1682.0000
static,0.291952,35.820322,1913.0000
static,0.291952,35.865238,1491.0000
static,0.291952,35.910153,1448.0000
static,0.291952,35.955069,1329.0000
static,0.291952,35.999985,1330.0000
static,0.291952,36.044901,1169.0000
static,0.291952,36.089817,1017.0000
static,0.291952,36.134732,1397.0000
static,0.291952,36.179648,1987.0000
static,0.291952,36.224564,2155.0000
static,0.291952,36.269480,2024.0000
static,0.291952,36.314395,1991.0000
static,0.291952,36.359311,2051.0000
static,0.291952,36.404227,1996.0000
static,0.291952,36.449143,1956.0000
static,0.291952,36.494058,1912.0000
static,0.291952,36.538974,1839.0000
static,0.291952,36.583890,1818.0000
static,0.291952,36.628806,1824.0000
static,0.291952,36.673721,1835.0000
static,0.291952,36.718637,1810.0000
static,0.291952,36.763553,1800.0000
static,0.291952,36.808469,1791.0000
static,0.291952,36.853385,1791.0000
static,0.291952,36.898300,1691.0000
static,0.291952,36.943216,1700.0000
static,0.291952,36.988132,1724.0000
static,0.291952,37.033048,1862.0000
static,0.291952,37.077963,1971.0000
static,0.291952,37.122879,1874.0000
static,0.291952,37.167795,1858.0000
static,0.291952,37.212711,2004.0000
static,0.291952,37.257626,1961.0000
static,0.291952,37.302542,1918.0000
static,0.291952,37.347458,1827.0000
static,0.291952,37.392374,1478.0000
static,0.291952,37.437289,1500.0000
static,0.291952,37.482205,1518.0000
static,0.291952,37.527121,1446.0000
static,0.291952,37.572037,1273.0000
static,0.291952,37.616953,1232.0000
static,0.291952,37.661868,1206.0000
static,0.291952,37.706784,1214.0000
static,0.291952,37.751700,1273.0000
static,0.291952,37.796616,1350.0000
static,0.291952,37.841531,1470.0000
static,0.291952,37.886447,1832.0000
static,0.291952,37.931363,1677.0000
static,0.291952,37.976279,1471.0000
static,0.291952,38.021194,1192.0000
static,0.291952,38.066110,866.0000
static,0.291952,38.111026,788.0000
static,0.291952,38.155942,729.0000
static,0.291952,38.200857,691.0000
static,0.291952,38.245773,631.0000
static,0.291952,38.290689,599.0000
static,0.291952,38.335605,571.0000
static,0.291952,38.380521,547.0000
static,0.291952,38.425436,519.0000
static,0.291952,38.470352,469.0000
static,0.291952,38.515268,447.0000
static,0.291952,38.560184,506.0000
static,0.291952,38.605099,520.0000
static,0.291952,38.650015,504.0000
static,0.291952,38.694931,492.0000
static,0.291952,38.739847,464.0000
static,0.291952,38.784762,452.0000
static,0.291952,38.829678,437.0000
static,0.291952,38.874594,425.0000
static,0.291952,38.919510,391.0000
static,0.291952,38.964425,373.0000
static,0.291952,39.009341,357.0000
static,0.291952,39.054257,343.0000
static,0.291952,39.099173,322.0000
static,0.291952,39.144089,305.0000
static,0.291952,39.189004,295.0000
static,0.291952,39.233920,304.0000
static,0.291952,39.278836,289.0000
static,0.291952,39.323752,273.0000
static,0.291952,39.368667,261.0000
static,0.291952,39.413583,235.0000
static,0.291952,39.458499,228.0000
static,0.291952,39.503415,221.0000
static,0.291952,39.548330,211.0000
static,0.291952,39.593246,199.0000
static,0.291952,39.638162,191.0000
static,0.291952,39.683078,184.0000
static,0.291952,39.727993,181.0000
static,0.291952,39.772909,172.0000
static,0.291952,39.817825,164.0000
static,0.291952,39.862741,158.0000
static,0.291952,39.907656,159.0000
static,0.291952,39.952572,150.0000
static,0.291952,39.997488,145.0000
static,0.291952,40.042404,143.0000
static,0.291952,40.087320,140.0000
static,0.291952,40.132235,137.0000
static,0.291952,40.177151,134.0000
static,0.291952,40.222067,138.0000
static,0.291952,40.266983,165.0000
static,0.291952,40.311898,161.0000
static,0.291952,40.356814,149.0000
static,0.291952,40.401730,138.0000
static,0.291952,40.446646,117.0000
static,0.291952,40.491561,112.0000
static,0.291952,40.536477,109.0000
static,0.291952,40.581393,107.0000
static,0.291952,40.626309,103.0000
static,0.291952,40.671224,100.0000
static,0.291952,40.716140,98.0000
static,0.291952,40.761056,96.0000
static,0.291952,40.805972,92.0000
static,0.291952,40.850888,90.0000
static,0.291952,40.895803,88.0000
static,0.291952,40.940719,87.0000
static,0.291952,40.985635,82.0000
static,0.247037,34.023691,1148.0000
static,0.247037,34.068607,1223.0000
static,0.247037,34.113523,1233.0000
static,0.247037,34.158439,1247.0000
static,0.247037,34.203354,1238.0000
static,0.247037,34.248270,1253.0000
static,0.247037,34.293186,1257.0000
static,0.247037,34.338102,1233.0000
static,0.247037,34.383017,1255.0000
static,0.247037,34.427933,1283.0000
static,0.247037,34.472849,1345.0000
static,0.247037,34.517765,1370.0000
static,0.247037,34.562681,1377.0000
static,0.247037,34.607596,1393.0000
static,0.247037,34.652512,1423.0000
static,0.247037,34.697428,1457.0000
static,0.247037,34.742344,1490.0000
static,0.247037,34.787259,1506.0000
static,0.247037,34.832175,1572.0000
static,0.247037,34.877091,1599.0000
static,0.247037,34.922007,1624.0000
static,0.247037,34.966922,1664.0000
static,0.247037,35.011838,1980.0000
static,0.247037,35.056754,1937.0000
static,0.247037,35.101670,1964.0000
static,0.247037,35.146585,1955.0000
static,0.247037,35.191501,1969.0000
static,0.247037,35.236417,2037.0000
static,0.247037,35.281333,2120.0000
static,0.247037,35.326249,2219.0000
static,0.247037,35.371164,2248.0000
static,0.247037,35.416080,2325.0000
static,0.247037,35.460996,2397.0000
static,0.247037,35.505912,2551.0000
static,0.247037,35.550827,2513.0000
static,0.247037,35.595743,2464.0000
static,0.247037,35.640659,1745.0000
static,0.247037,35.685575,1631.0000
static,0.247037,35.730490,1683.0000
static,0.247037,35.775406,1852.0000
static,0.247037,35.820322,1940.0000
static,0.247037,35.865238,1480.0000
static,0.247037,35.910153,1488.0000
static,0.247037,35.955069,1373.0000
static,0.247037,35.999985,1337.0000
static,0.247037,36.044901,1187.0000
static,0.247037,36.089817,1025.0000
static,0.247037,36.134732,1210.0000
static,0.247037,36.179648,1691.0000
static,0.247037,36.224564,2200.0000
static,0.247037,36.269480,2171.0000
static,0.247037,36.314395,2103.0000
static,0.247037,36.359311,2130.0000
static,0.247037,36.404227,2031.0000
static,0.247037,36.449143,1978.0000
static,0.247037,36.494058,1940.0000
static,0.247037,36.538974,1841.0000
static,0.247037,36.583890,1833.0000
static,0.247037,36.628806,1864.0000
static,0.247037,36.673721,1866.0000
static,0.247037,36.718637,1837.0000
static,0.247037,36.763553,1812.0000
static,0.247037,36.808469,1797.0000
static,0.247037,36.853385,1783.0000
static,0.247037,36.898300,1726.0000
static,0.247037,36.943216,1721.0000
static,0.247037,36.988132,1726.0000
static,0.247037,37.033048,1829.0000
static,0.247037,37.077963,1902.0000
static,0.247037,37.122879,1927.0000
static,0.247037,37.167795,1924.0000
static,0.247037,37.212711,2014.0000
static,0.247037,37.257626,1966.0000
static,0.247037,37.302542,1952.0000
static,0.247037,37.347458,1827.0000
static,0.247037,37.392374,1667.0000
static,0.247037,37.437289,1666.0000
static,0.247037,37.482205,1652.0000
static,0.247037,37.527121,1593.0000
static,0.247037,37.572037,1392.0000
static,0.247037,37.616953,1330.0000
static,0.247037,37.661868,1286.0000
static,0.247037,37.706784,1287.0000
static,0.247037,37.751700,1322.0000
static,0.247037,37.796616,1489.0000
static,0.247037,37.841531,1702.0000
static,0.247037,37.886447,2025.0000
static,0.247037,37.931363,1713.0000
static,0.247037,37.976279,1390.0000
static,0.247037,38.021194,1014.0000
static,0.247037,38.066110,804.0000
static,0.247037,38.111026,757.0000
static,0.247037,38.155942,710.0000
static,0.247037,38.200857,671.0000
static,0.247037,38.245773,608.0000
static,0.247037,38.290689,581.0000
static,0.247037,38.335605,553.0000
static,0.247037,38.380521,527.0000
static,0.247037,38.425436,495.0000
static,0.247037,38.470352,436.0000
static,0.247037,38.515268,427.0000
static,0.247037,38.560184,493.0000
static,0.247037,38.605099,529.0000
static,0.247037,38.650015,529.0000
static,0.247037,38.694931,509.0000
static,0.247037,38.739847,467.0000
static,0.247037,38.784762,444.0000
static,0.247037,38.829678,424.0000
static,0.247037,38.874594,411.0000
static,0.247037,38.919510,399.0000
static,0.247037,38.964425,382.0000
static,0.247037,39.009341,361.0000
static,0.247037,39.054257,339.0000
static,0.247037,39.099173,315.0000
static,0.247037,39.144089,308.0000
static,0.247037,39.189004,318.0000
static,0.247037,39.233920,318.0000
static,0.247037,39.278836,291.0000
static,0.247037,39.323752,280.0000
static,0.247037,39.368667,265.0000
static,0.247037,39.413583,246.0000
static,0.247037,39.458499,240.0000
static,0.247037,39.503415,229.0000
static,0.247037,39.548330,220.0000
static,0.247037,39.593246,200.0000
static,0.247037,39.638162,191.0000
static,0.247037,39.683078,184.0000
static,0.247037,39.727993,177.0000
static,0.247037,39.772909,167.0000
static,0.247037,39.817825,166.0000
static,0.247037,39.862741,169.0000
static,0.247037,39.907656,168.0000
static,0.247037,39.952572,154.0000
static,0.247037,39.997488,151.0000
static,0.247037,40.042404,148.0000
static,0.247037,40.087320,140.0000
static,0.247037,40.132235,133.0000
static,0.247037,40.177151,132.0000
static,0.247037,40.222067,129.0000
static,0.247037,40.266983,145.0000
static,0.247037,40.311898,143.0000
static,0.247037,40.356814,139.0000
static,0.247037,40.401730,129.0000
static,0.247037,40.446646,115.0000
static,0.247037,40.491561,112.0000
static,0.247037,40.536477,110.0000
static,0.247037,40.581393,109.0000
static,0.247037,40.626309,105.0000
static,0.247037,40.671224,103.0000
static,0.247037,40.716140,100.0000
static,0.247037,40.761056,98.0000
static,0.247037,40.805972,92.0000
static,0.247037,40.850888,90.0000
static,0.247037,40.895803,91.0000
static,0.247037,40.940719,90.0000
static,0.247037,40.985635,86.0000
static,0.202121,33.978776,1137.0000
static,0.202121,34.023691,1178.0000
static,0.202121,34.068607,1253.0000
static,0.202121,34.113523,1223.0000
static,0.202121,34.158439,1213.0000
static,0.202121,34.203354,1237.0000
static,0.202121,34.248270,1232.0000
static,0.202121,34.293186,1234.0000
static,0.202121,34.338102,1278.0000
static,0.202121,34.383017,1278.0000
static,0.202121,34.427933,1297.0000
static,0.202121,34.472849,1360.0000
static,0.202121,34.517765,1379.0000
static,0.202121,34.562681,1397.0000
static,0.202121,34.607596,1427.0000
static,0.202121,34.652512,1470.0000
static,0.202121,34.697428,1479.0000
static,0.202121,34.742344,1526.0000
static,0.202121,34.787259,1556.0000
static,0.202121,34.832175,1536.0000
static,0.202121,34.877091,1575.0000
static,0.202121,34.922007,1596.0000
static,0.202121,34.966922,1676.0000
static,0.202121,35.011838,1923.0000
static,0.202121,35.056754,1922.0000
static,0.202121,35.101670,1951.0000
static,0.202121,35.146585,1979.0000
static,0.202121,35.191501,1980.0000
static,0.202121,35.236417,2040.0000
static,0.202121,35.281333,2104.0000
static,0.202121,35.326249,2259.0000
static,0.202121,35.371164,2319.0000
static,0.202121,35.416080,2373.0000
static,0.202121,35.460996,2427.0000
static,0.202121,35.505912,2530.0000
static,0.202121,35.550827,2540.0000
static,0.202121,35.595743,2398.0000
static,0.202121,35.640659,2076.0000
static,0.202121,35.685575,1961.0000
static,0.202121,35.730490,1928.0000
static,0.202121,35.775406,2011.0000
static,0.202121,35.820322,1834.0000
static,0.202121,35.865238,1520.0000
static,0.202121,35.910153,1541.0000
static,0.202121,35.955069,1405.0000
static,0.202121,35.999985,1327.0000
static,0.202121,36.044901,1270.0000
static,0.202121,36.089817,1095.0000
static,0.202121,36.134732,1198.0000
static,0.202121,36.179648,1584.0000
static,0.202121,36.224564,1912.0000
static,0.202121,36.269480,2277.0000
static,0.202121,36.314395,2303.0000
static,0.202121,36.359311,2198.0000
static,0.202121,36.404227,2086.0000
static,0.202121,36.449143,1989.0000
static,0.202121,36.494058,1942.0000
static,0.202121,36.538974,1856.0000
static,0.202121,36.583890,1851.0000
static,0.202121,36.628806,1884.0000
static,0.202121,36.673721,1890.0000
static,0.202121,36.718637,1860.0000
static,0.202121,36.763553,1819.0000
static,0.202121,36.808469,1809.0000
static,0.202121,36.853385,1741.0000
static,0.202121,36.898300,1713.0000
static,0.202121,36.943216,1743.0000
static,0.202121,36.988132,1748.0000
static,0.202121,37.033048,1819.0000
static,0.202121,37.077963,1982.0000
static,0.202121,37.122879,2091.0000
static,0.202121,37.167795,2019.0000
static,0.202121,37.212711,2091.0000
static,0.202121,37.257626,2037.0000
static,0.202121,37.302542,2018.0000
static,0.202121,37.347458,1911.0000
static,0.202121,37.392374,1746.0000
static,0.202121,37.437289,1701.0000
static,0.202121,37.482205,1693.0000
static,0.202121,37.527121,1654.0000
static,0.202121,37.572037,1546.0000
static,0.202121,37.616953,1456.0000
static,0.202121,37.661868,1383.0000
static,0.202121,37.706784,1342.0000
static,0.202121,37.751700,1388.0000
static,0.202121,37.796616,1492.0000
static,0.202121,37.841531,1832.0000
static,0.202121,37.886447,1908.0000
static,0.202121,37.931363,1583.0000
static,0.202121,37.976279,1388.0000
static,0.202121,38.021194,1035.0000
static,0.202121,38.066110,775.0000
static,0.202121,38.111026,722.0000
static,0.202121,38.155942,680.0000
static,0.202121,38.200857,654.0000
static,0.202121,38.245773,588.0000
static,0.202121,38.290689,560.0000
static,0.202121,38.335605,535.0000
static,0.202121,38.380521,511.0000
static,0.202121,38.425436,471.0000
static,0.202121,38.470352,407.0000
static,0.202121,38.515268,410.0000
static,0.202121,38.560184,482.0000
static,0.202121,38.605099,506.0000
static,0.202121,38.650015,523.0000
static,0.202121,38.694931,501.0000
static,0.202121,38.739847,456.0000
static,0.202121,38.784762,429.0000
static,0.202121,38.829678,413.0000
static,0.202121,38.874594,387.0000
static,0.202121,38.919510,388.0000
static,0.202121,38.964425,371.0000
static,0.202121,39.009341,354.0000
static,0.202121,39.054257,347.0000
static,0.202121,39.099173,336.0000
static,0.202121,39.144089,329.0000
static,0.202121,39.189004,334.0000
static,0.202121,39.233920,323.0000
static,0.202121,39.278836,298.0000
static,0.202121,39.323752,284.0000
static,0.202121,39.368667,271.0000
static,0.202121,39.413583,258.0000
static,0.202121,39.458499,247.0000
static,0.202121,39.503415,238.0000
static,0.202121,39.548330,228.0000
static,0.202121,39.593246,207.0000
static,0.202121,39.638162,198.0000
static,0.202121,39.683078,189.0000
static,0.202121,39.727993,180.0000
static,0.202121,39.772909,175.0000
static,0.202121,39.817825,177.0000
static,0.202121,39.862741,176.0000
static,0.202121,39.907656,168.0000
static,0.202121,39.952572,161.0000
static,0.202121,39.997488,157.0000
static,0.202121,40.042404,151.0000
static,0.202121,40.087320,147.0000
static,0.202121,40.132235,134.0000
static,0.202121,40.177151,131.0000
static,0.202121,40.222067,130.0000
static,0.202121,40.266983,125.0000
static,0.202121,40.311898,127.0000
static,0.202121,40.356814,127.0000
static,0.202121,40.401730,121.0000
static,0.202121,40.446646,115.0000
static,0.202121,40.491561,114.0000
static,0.202121,40.536477,112.0000
static,0.202121,40.581393,112.0000
static,0.202121,40.626309,107.0000
static,0.202121,40.671224,105.0000
static,0.202121,40.716140,102.0000
static,0.202121,40.761056,98.0000
static,0.202121,40.805972,95.0000
static,0.202121,40.850888,95.0000
static,0.202121,40.895803,93.0000
static,0.202121,40.940719,93.0000
static,0.202121,40.985635,89.0000
static,0.157205,33.933860,1134.0000
static,0.157205,33.978776,1161.0000
static,0.157205,34.023691,1168.0000
static,0.157205,34.068607,1182.0000
static,0.157205,34.113523,1181.0000
static,0.157205,34.158439,1183.0000
static,0.157205,34.203354,1220.0000
static,0.157205,34.248270,1211.0000
static,0.157205,34.293186,1220.0000
static,0.157205,34.338102,1255.0000
static,0.157205,34.383017,1300.0000
static,0.157205,34.427933,1322.0000
static,0.157205,34.472849,1394.0000
static,0.157205,34.517765,1425.0000
static,0.157205,34.562681,1447.0000
static,0.157205,34.607596,1434.0000
static,0.157205,34.652512,1490.0000
static,0.157205,34.697428,1511.0000
static,0.157205,34.742344,1513.0000
static,0.157205,34.787259,1533.0000
static,0.157205,34.832175,1611.0000
static,0.157205,34.877091,1684.0000
static,0.157205,34.922007,1769.0000
static,0.157205,34.966922,1787.0000
static,0.157205,35.011838,1861.0000
static,0.157205,35.056754,1914.0000
static,0.157205,35.101670,1934.0000
static,0.157205,35.146585,1965.0000
static,0.157205,35.191501,1978.0000
static,0.157205,35.236417,2000.0000
static,0.157205,35.281333,2053.0000
static,0.157205,35.326249,2350.0000
static,0.157205,35.371164,2445.0000
static,0.157205,35.416080,2484.0000
static,0.157205,35.460996,2503.0000
static,0.157205,35.505912,2627.0000
static,0.157205,35.550827,2574.0000
static,0.157205,35.595743,2578.0000
static,0.157205,35.640659,2576.0000
static,0.157205,35.685575,2365.0000
static,0.157205,35.730490,2259.0000
static,0.157205,35.775406,2030.0000
static,0.157205,35.820322,1722.0000
static,0.157205,35.865238,1606.0000
static,0.157205,35.910153,1584.0000
static,0.157205,35.955069,1524.0000
static,0.157205,35.999985,1463.0000
static,0.157205,36.044901,1396.0000
static,0.157205,36.089817,1462.0000
static,0.157205,36.134732,1543.0000
static,0.157205,36.179648,1705.0000
static,0.157205,36.224564,1739.0000
static,0.157205,36.269480,1831.0000
static,0.157205,36.314395,2340.0000
static,0.157205,36.359311,2182.0000
static,0.157205,36.404227,2144.0000
static,0.157205,36.449143,2054.0000
static,0.157205,36.494058,2056.0000
static,0.157205,36.538974,1930.0000
static,0.157205,36.583890,1898.0000
static,0.157205,36.628806,1894.0000
static,0.157205,36.673721,1898.0000
static,0.157205,36.718637,1869.0000
static,0.157205,36.763553,1846.0000
static,0.157205,36.808469,1813.0000
static,0.157205,36.853385,1750.0000
static,0.157205,36.898300,1748.0000
static,0.157205,36.943216,1771.0000
static,0.157205,36.988132,1781.0000
static,0.157205,37.033048,1797.0000
static,0.157205,37.077963,1869.0000
static,0.157205,37.122879,1937.0000
static,0.157205,37.167795,2021.0000
static,0.157205,37.212711,2132.0000
static,0.157205,37.257626,2208.0000
static,0.157205,37.302542,2262.0000
static,0.157205,37.347458,2260.0000
static,0.157205,37.392374,2231.0000
static,0.157205,37.437289,2085.0000
static,0.157205,37.482205,2014.0000
static,0.157205,37.527121,2007.0000
static,0.157205,37.572037,1899.0000
static,0.157205,37.616953,1686.0000
static,0.157205,37.661868,1529.0000
static,0.157205,37.706784,1419.0000
static,0.157205,37.751700,1409.0000
static,0.157205,37.796616,1402.0000
static,0.157205,37.841531,1418.0000
static,0.157205,37.886447,1425.0000
static,0.157205,37.931363,1259.0000
static,0.157205,37.976279,1049.0000
static,0.157205,38.021194,873.0000
static,0.157205,38.066110,697.0000
static,0.157205,38.111026,670.0000
static,0.157205,38.155942,632.0000
static,0.157205,38.200857,598.0000
static,0.157205,38.245773,545.0000
static,0.157205,38.290689,524.0000
static,0.157205,38.335605,516.0000
static,0.157205,38.380521,504.0000
static,0.157205,38.425436,408.0000
static,0.157205,38.470352,374.0000
static,0.157205,38.515268,372.0000
static,0.157205,38.560184,439.0000
static,0.157205,38.605099,476.0000
static,0.157205,38.650015,481.0000
static,0.157205,38.694931,468.0000
static,0.157205,38.739847,438.0000
static,0.157205,38.784762,418.0000
static,0.157205,38.829678,393.0000
static,0.157205,38.874594,349.0000
static,0.157205,38.919510,340.0000
static,0.157205,38.964425,355.0000
static,0.157205,39.009341,372.0000
static,0.157205,39.054257,374.0000
static,0.157205,39.099173,358.0000
static,0.157205,39.144089,347.0000
static,0.157205,39.189004,334.0000
static,0.157205,39.233920,321.0000
static,0.157205,39.278836,307.0000
static,0.157205,39.323752,299.0000
static,0.157205,39.368667,290.0000
static,0.157205,39.413583,271.0000
static,0.157205,39.458499,262.0000
static,0.157205,39.503415,253.0000
static,0.157205,39.548330,243.0000
static,0.157205,39.593246,222.0000
static,0.157205,39.638162,211.0000
static,0.157205,39.683078,200.0000
static,0.157205,39.727993,191.0000
static,0.157205,39.772909,187.0000
static,0.157205,39.817825,185.0000
static,0.157205,39.862741,180.0000
static,0.157205,39.907656,175.0000
static,0.157205,39.952572,171.0000
static,0.157205,39.997488,167.0000
static,0.157205,40.042404,166.0000
static,0.157205,40.087320,164.0000
static,0.157205,40.132235,146.0000
static,0.157205,40.177151,136.0000
static,0.157205,40.222067,131.0000
static,0.157205,40.266983,126.0000
static,0.157205,40.311898,124.0000
static,0.157205,40.356814,122.0000
static,0.157205,40.401730,120.0000
static,0.157205,40.446646,120.0000
static,0.157205,40.491561,122.0000
static,0.157205,40.536477,122.0000
static,0.157205,40.581393,122.0000
static,0.157205,40.626309,116.0000
static,0.157205,40.671224,115.0000
static,0.157205,40.716140,112.0000
static,0.157205,40.761056,113.0000
static,0.157205,40.805972,106.0000
static,0.157205,40.850888,102.0000
static,0.157205,40.895803,98.0000
static,0.157205,40.940719,97.0000
static,0.157205,40.985635,91.0000
static,0.112289,33.933860,1137.0000
static,0.112289,33.978776,1153.0000
static,0.112289,34.023691,1145.0000
static,0.112289,34.068607,1147.0000
static,0.112289,34.113523,1150.0000
static,0.112289,34.158439,1213.0000
static,0.112289,34.203354,1236.0000
static,0.112289,34.248270,1251.0000
static,0.112289,34.293186,1278.0000
static,0.112289,34.338102,1298.0000
static,0.112289,34.383017,1310.0000
static,0.112289,34.427933,1361.0000
static,0.112289,34.472849,1439.0000
static,0.112289,34.517765,1433.0000
static,0.112289,34.562681,1430.0000
static,0.112289,34.607596,1465.0000
static,0.112289,34.652512,1502.0000
static,0.112289,34.697428,1540.0000
static,0.112289,34.742344,1578.0000
static,0.112289,34.787259,1612.0000
static,0.112289,34.832175,1690.0000
static,0.112289,34.877091,1734.0000
static,0.112289,34.922007,1818.0000
static,0.112289,34.966922,1880.0000
static,0.112289,35.011838,1898.0000
static,0.112289,35.056754,1906.0000
static,0.112289,35.101670,1967.0000
static,0.112289,35.146585,2056.0000
static,0.112289,35.191501,2017.0000
static,0.112289,35.236417,2049.0000
static,0.112289,35.281333,2110.0000
static,0.112289,35.326249,2485.0000
static,0.112289,35.371164,2529.0000
static,0.112289,35.416080,2536.0000
static,0.112289,35.460996,2595.0000
static,0.112289,35.505912,2701.0000
static,0.112289,35.550827,2640.0000
static,0.112289,35.595743,2531.0000
static,0.112289,35.640659,2441.0000
static,0.112289,35.685575,2200.0000
static,0.112289,35.730490,2054.0000
static,0.112289,35.775406,1919.0000
static,0.112289,35.820322,1774.0000
static,0.112289,35.865238,1608.0000
static,0.112289,35.910153,1583.0000
static,0.112289,35.955069,1544.0000
static,0.112289,35.999985,1519.0000
static,0.112289,36.044901,1487.0000
static,0.112289,36.089817,1615.0000
static,0.112289,36.134732,1539.0000
static,0.112289,36.179648,1710.0000
static,0.112289,36.224564,1787.0000
static,0.112289,36.269480,1890.0000
static,0.112289,36.314395,2295.0000
static,0.112289,36.359311,2309.0000
static,0.112289,36.404227,2181.0000
static,0.112289,36.449143,2135.0000
static,0.112289,36.494058,2106.0000
static,0.112289,36.538974,1966.0000
static,0.112289,36.583890,1922.0000
static,0.112289,36.628806,1916.0000
static,0.112289,36.673721,1924.0000
static,0.112289,36.718637,1893.0000
static,0.112289,36.763553,1860.0000
static,0.112289,36.808469,1841.0000
static,0.112289,36.853385,1765.0000
static,0.112289,36.898300,1759.0000
static,0.112289,36.943216,1778.0000
static,0.112289,36.988132,1798.0000
static,0.112289,37.033048,1818.0000
static,0.112289,37.077963,1850.0000
static,0.112289,37.122879,1899.0000
static,0.112289,37.167795,1972.0000
static,0.112289,37.212711,2160.0000
static,0.112289,37.257626,2263.0000
static,0.112289,37.302542,2352.0000
static,0.112289,37.347458,2419.0000
static,0.112289,37.392374,2511.0000
static,0.112289,37.437289,2446.0000
static,0.112289,37.482205,2329.0000
static,0.112289,37.527121,2271.0000
static,0.112289,37.572037,1967.0000
static,0.112289,37.616953,1743.0000
static,0.112289,37.661868,1553.0000
static,0.112289,37.706784,1336.0000
static,0.112289,37.751700,1281.0000
static,0.112289,37.796616,1274.0000
static,0.112289,37.841531,1222.0000
static,0.112289,37.886447,1090.0000
static,0.112289,37.931363,946.0000
static,0.112289,37.976279,896.0000
static,0.112289,38.021194,808.0000
static,0.112289,38.066110,676.0000
static,0.112289,38.111026,647.0000
static,0.112289,38.155942,613.0000
static,0.112289,38.200857,580.0000
static,0.112289,38.245773,535.0000
static,0.112289,38.290689,504.0000
static,0.112289,38.335605,488.0000
static,0.112289,38.380521,499.0000
static,0.112289,38.425436,417.0000
static,0.112289,38.470352,375.0000
static,0.112289,38.515268,350.0000
static,0.112289,38.560184,413.0000
static,0.112289,38.605099,460.0000
static,0.112289,38.650015,462.0000
static,0.112289,38.694931,437.0000
static,0.112289,38.739847,427.0000
static,0.112289,38.784762,404.0000
static,0.112289,38.829678,382.0000
static,0.112289,38.874594,348.0000
static,0.112289,38.919510,315.0000
static,0.112289,38.964425,314.0000
static,0.112289,39.009341,329.0000
static,0.112289,39.054257,337.0000
static,0.112289,39.099173,358.0000
static,0.112289,39.144089,346.0000
static,0.112289,39.189004,337.0000
static,0.112289,39.233920,331.0000
static,0.112289,39.278836,312.0000
static,0.112289,39.323752,300.0000
static,0.112289,39.368667,290.0000
static,0.112289,39.413583,272.0000
static,0.112289,39.458499,262.0000
static,0.112289,39.503415,254.0000
static,0.112289,39.548330,246.0000
static,0.112289,39.593246,230.0000
static,0.112289,39.638162,218.0000
static,0.112289,39.683078,207.0000
static,0.112289,39.727993,200.0000
static,0.112289,39.772909,194.0000
static,0.112289,39.817825,189.0000
static,0.112289,39.862741,183.0000
static,0.112289,39.907656,181.0000
static,0.112289,39.952572,176.0000
static,0.112289,39.997488,173.0000
static,0.112289,40.042404,172.0000
static,0.112289,40.087320,169.0000
static,0.112289,40.132235,152.0000
static,0.112289,40.177151,142.0000
static,0.112289,40.222067,135.0000
static,0.112289,40.266983,125.0000
static,0.112289,40.311898,122.0000
static,0.112289,40.356814,121.0000
static,0.112289,40.401730,120.0000
static,0.112289,40.446646,123.0000
static,0.112289,40.491561,123.0000
static,0.112289,40.536477,127.0000
static,0.112289,40.581393,127.0000
static,0.112289,40.626309,121.0000
static,0.112289,40.671224,117.0000
static,0.112289,40.716140,116.0000
static,0.112289,40.761056,112.0000
static,0.112289,40.805972,112.0000
static,0.112289,40.850888,109.0000
static,0.112289,40.895803,104.0000
static,0.112289,40.940719,99.0000
static,0.112289,40.985635,90.0000
static,0.067374,33.933860,1134.0000
static,0.067374,33.978776,1143.0000
static,0.067374,34.023691,1144.0000
static,0.067374,34.068607,1146.0000
static,0.067374,34.113523,1149.0000
static,0.067374,34.158439,1168.0000
static,0.067374,34.203354,1207.0000
static,0.067374,34.248270,1241.0000
static,0.067374,34.293186,1290.0000
static,0.067374,34.338102,1343.0000
static,0.067374,34.383017,1343.0000
static,0.067374,34.427933,1367.0000
static,0.067374,34.472849,1378.0000
static,0.067374,34.517765,1379.0000
static,0.067374,34.562681,1443.0000
static,0.067374,34.607596,1477.0000
static,0.067374,34.652512,1529.0000
static,0.067374,34.697428,1572.0000
static,0.067374,34.742344,1626.0000
static,0.067374,34.787259,1662.0000
static,0.067374,34.832175,1709.0000
static,0.067374,34.877091,1776.0000
static,0.067374,34.922007,1858.0000
static,0.067374,34.966922,1909.0000
static,0.067374,35.011838,1979.0000
static,0.067374,35.056754,1913.0000
static,0.067374,35.101670,1887.0000
static,0.067374,35.146585,1989.0000
static,0.067374,35.191501,1893.0000
static,0.067374,35.236417,2062.0000
static,0.067374,35.281333,2097.0000
static,0.067374,35.326249,2384.0000
static,0.067374,35.371164,2240.0000
static,0.067374,35.416080,2272.0000
static,0.067374,35.460996,2410.0000
static,0.067374,35.505912,2693.0000
static,0.067374,35.550827,2716.0000
static,0.067374,35.595743,2595.0000
static,0.067374,35.640659,2442.0000
static,0.067374,35.685575,2195.0000
static,0.067374,35.730490,2060.0000
static,0.067374,35.775406,1953.0000
static,0.067374,35.820322,1794.0000
static,0.067374,35.865238,1636.0000
static,0.067374,35.910153,1593.0000
static,0.067374,35.955069,1556.0000
static,0.067374,35.999985,1574.0000
static,0.067374,36.044901,1595.0000
static,0.067374,36.089817,1630.0000
static,0.067374,36.134732,1539.0000
static,0.067374,36.179648,1851.0000
static,0.067374,36.224564,1891.0000
static,0.067374,36.269480,2249.0000
static,0.067374,36.314395,2372.0000
static,0.067374,36.359311,2354.0000
static,0.067374,36.404227,2282.0000
static,0.067374,36.449143,2237.0000
static,0.067374,36.494058,2174.0000
static,0.067374,36.538974,2048.0000
static,0.067374,36.583890,1978.0000
static,0.067374,36.628806,1987.0000
static,0.067374,36.673721,1968.0000
static,0.067374,36.718637,1907.0000
static,0.067374,36.763553,1895.0000
static,0.067374,36.808469,1862.0000
static,0.067374,36.853385,1805.0000
static,0.067374,36.898300,1766.0000
static,0.067374,36.943216,1789.0000
static,0.067374,36.988132,1813.0000
static,0.067374,37.033048,1852.0000
static,0.067374,37.077963,1890.0000
static,0.067374,37.122879,1955.0000
static,0.067374,37.167795,2026.0000
static,0.067374,37.212711,2217.0000
static,0.067374,37.257626,2319.0000
static,0.067374,37.302542,2474.0000
static,0.067374,37.347458,2600.0000
static,0.067374,37.392374,2779.0000
static,0.067374,37.437289,2725.0000
static,0.067374,37.482205,2567.0000
static,0.067374,37.527121,2410.0000
static,0.067374,37.572037,2001.0000
static,0.067374,37.616953,1796.0000
static,0.067374,37.661868,1593.0000
static,0.067374,37.706784,1249.0000
static,0.067374,37.751700,1188.0000
static,0.067374,37.796616,1180.0000
static,0.067374,37.841531,1127.0000
static,0.067374,37.886447,1205.0000
static,0.067374,37.931363,865.0000
static,0.067374,37.976279,793.0000
static,0.067374,38.021194,746.0000
static,0.067374,38.066110,652.0000
static,0.067374,38.111026,601.0000
static,0.067374,38.155942,599.0000
static,0.067374,38.200857,565.0000
static,0.067374,38.245773,517.0000
static,0.067374,38.290689,495.0000
static,0.067374,38.335605,465.0000
static,0.067374,38.380521,470.0000
static,0.067374,38.425436,455.0000
static,0.067374,38.470352,392.0000
static,0.067374,38.515268,347.0000
static,0.067374,38.560184,396.0000
static,0.067374,38.605099,439.0000
static,0.067374,38.650015,439.0000
static,0.067374,38.694931,422.0000
static,0.067374,38.739847,404.0000
static,0.067374,38.784762,397.0000
static,0.067374,38.829678,383.0000
static,0.067374,38.874594,334.0000
static,0.067374,38.919510,293.0000
static,0.067374,38.964425,288.0000
static,0.067374,39.009341,292.0000
static,0.067374,39.054257,292.0000
static,0.067374,39.099173,340.0000
static,0.067374,39.144089,340.0000
static,0.067374,39.189004,345.0000
static,0.067374,39.233920,337.0000
static,0.067374,39.278836,316.0000
static,0.067374,39.323752,305.0000
static,0.067374,39.368667,295.0000
static,0.067374,39.413583,276.0000
static,0.067374,39.458499,268.0000
static,0.067374,39.503415,260.0000
static,0.067374,39.548330,256.0000
static,0.067374,39.593246,236.0000
static,0.067374,39.638162,225.0000
static,0.067374,39.683078,217.0000
static,0.067374,39.727993,212.0000
static,0.067374,39.772909,200.0000
static,0.067374,39.817825,196.0000
static,0.067374,39.862741,190.0000
static,0.067374,39.907656,185.0000
static,0.067374,39.952572,177.0000
static,0.067374,39.997488,175.0000
static,0.067374,40.042404,173.0000
static,0.067374,40.087320,169.0000
static,0.067374,40.132235,157.0000
static,0.067374,40.177151,147.0000
static,0.067374,40.222067,139.0000
static,0.067374,40.266983,128.0000
static,0.067374,40.311898,123.0000
static,0.067374,40.356814,121.0000
static,0.067374,40.401730,121.0000
static,0.067374,40.446646,126.0000
static,0.067374,40.491561,129.0000
static,0.067374,40.536477,130.0000
static,0.067374,40.581393,128.0000
static,0.067374,40.626309,129.0000
static,0.067374,40.671224,122.0000
static,0.067374,40.716140,118.0000
static,0.067374,40.761056,116.0000
static,0.067374,40.805972,108.0000
static,0.067374,40.850888,107.0000
static,0.067374,40.895803,107.0000
static,0.067374,40.940719,102.0000
static,0.067374,40.985635,91.0000
static,0.022458,33.933860,1134.0000
static,0.022458,33.978776,1140.0000
static,0.022458,34.023691,1143.0000
static,0.022458,34.068607,1146.0000
static,0.022458,34.113523,1151.0000
static,0.022458,34.158439,1155.0000
static,0.022458,34.203354,1192.0000
static,0.022458,34.248270,1242.0000
static,0.022458,34.293186,1276.0000
static,0.022458,34.338102,1346.0000
static,0.022458,34.383017,1371.0000
static,0.022458,34.427933,1368.0000
static,0.022458,34.472849,1335.0000
static,0.022458,34.517765,1424.0000
static,0.022458,34.562681,1489.0000
static,0.022458,34.607596,1493.0000
static,0.022458,34.652512,1563.0000
static,0.022458,34.697428,1619.0000
static,0.022458,34.742344,1580.0000
static,0.022458,34.787259,1557.0000
static,0.022458,34.832175,1644.0000
static,0.022458,34.877091,1691.0000
static,0.022458,34.922007,1741.0000
static,0.022458,34.966922,1814.0000
static,0.022458,35.011838,1893.0000
static,0.022458,35.056754,1909.0000
static,0.022458,35.101670,1778.0000
static,0.022458,35.146585,1728.0000
static,0.022458,35.191501,1576.0000
static,0.022458,35.236417,1697.0000
static,0.022458,35.281333,1823.0000
static,0.022458,35.326249,1971.0000
static,0.022458,35.371164,2076.0000
static,0.022458,35.416080,2335.0000
static,0.022458,35.460996,2551.0000
static,0.022458,35.505912,2752.0000
static,0.022458,35.550827,2713.0000
static,0.022458,35.595743,2624.0000
static,0.022458,35.640659,2449.0000
static,0.022458,35.685575,2224.0000
static,0.022458,35.730490,2112.0000
static,0.022458,35.775406,1984.0000
static,0.022458,35.820322,1854.0000
static,0.022458,35.865238,1677.0000
static,0.022458,35.910153,1635.0000
static,0.022458,35.955069,1567.0000
static,0.022458,35.999985,1618.0000
static,0.022458,36.044901,1695.0000
static,0.022458,36.089817,1635.0000
static,0.022458,36.134732,1558.0000
static,0.022458,36.179648,1989.0000
static,0.022458,36.224564,1990.0000
static,0.022458,36.269480,2318.0000
static,0.022458,36.314395,2419.0000
static,0.022458,36.359311,2352.0000
static,0.022458,36.404227,2354.0000
static,0.022458,36.449143,2277.0000
static,0.022458,36.494058,2226.0000
static,0.022458,36.538974,2079.0000
static,0.022458,36.583890,2040.0000
static,0.022458,36.628806,2014.0000
static,0.022458,36.673721,1993.0000
static,0.022458,36.718637,1947.0000
static,0.022458,36.763553,1935.0000
static,0.022458,36.808469,1895.0000
static,0.022458,36.853385,1815.0000
static,0.022458,36.898300,1776.0000
static,0.022458,36.943216,1795.0000
static,0.022458,36.988132,1822.0000
static,0.022458,37.033048,1883.0000
static,0.022458,37.077963,1927.0000
static,0.022458,37.122879,1981.0000
static,0.022458,37.167795,2058.0000
static,0.022458,37.212711,2320.0000
static,0.022458,37.257626,2463.0000
static,0.022458,37.302542,2649.0000
static,0.022458,37.347458,2829.0000
static,0.022458,37.392374,3046.0000
static,0.022458,37.437289,2918.0000
static,0.022458,37.482205,2717.0000
static,0.022458,37.527121,2450.0000
static,0.022458,37.572037,1991.0000
static,0.022458,37.616953,1801.0000
static,0.022458,37.661868,1576.0000
static,0.022458,37.706784,1232.0000
static,0.022458,37.751700,1130.0000
static,0.022458,37.796616,1109.0000
static,0.022458,37.841531,1029.0000
static,0.022458,37.886447,909.0000
static,0.022458,37.931363,817.0000
static,0.022458,37.976279,755.0000
static,0.022458,38.021194,716.0000
static,0.022458,38.066110,647.0000
static,0.022458,38.111026,598.0000
static,0.022458,38.155942,565.0000
static,0.022458,38.200857,540.0000
static,0.022458,38.245773,481.0000
static,0.022458,38.290689,455.0000
static,0.022458,38.335605,449.0000
static,0.022458,38.380521,437.0000
static,0.022458,38.425436,453.0000
static,0.022458,38.470352,403.0000
static,0.022458,38.515268,375.0000
static,0.022458,38.560184,369.0000
static,0.022458,38.605099,407.0000
static,0.022458,38.650015,410.0000
static,0.022458,38.694931,396.0000
static,0.022458,38.739847,375.0000
static,0.022458,38.784762,377.0000
static,0.022458,38.829678,356.0000
static,0.022458,38.874594,337.0000
static,0.022458,38.919510,266.0000
static,0.022458,38.964425,262.0000
static,0.022458,39.009341,265.0000
static,0.022458,39.054257,265.0000
static,0.022458,39.099173,285.0000
static,0.022458,39.144089,298.0000
static,0.022458,39.189004,323.0000
static,0.022458,39.233920,334.0000
static,0.022458,39.278836,320.0000
static,0.022458,39.323752,310.0000
static,0.022458,39.368667,299.0000
static,0.022458,39.413583,280.0000
static,0.022458,39.458499,272.0000
static,0.022458,39.503415,265.0000
static,0.022458,39.548330,256.0000
static,0.022458,39.593246,243.0000
static,0.022458,39.638162,233.0000
static,0.022458,39.683078,225.0000
static,0.022458,39.727993,219.0000
static,0.022458,39.772909,205.0000
static,0.022458,39.817825,199.0000
static,0.022458,39.862741,193.0000
static,0.022458,39.907656,187.0000
static,0.022458,39.952572,179.0000
static,0.022458,39.997488,175.0000
static,0.022458,40.042404,172.0000
static,0.022458,40.087320,173.0000
static,0.022458,40.132235,161.0000
static,0.022458,40.177151,154.0000
static,0.022458,40.222067,145.0000
static,0.022458,40.266983,136.0000
static,0.022458,40.311898,128.0000
static,0.022458,40.356814,123.0000
static,0.022458,40.401730,122.0000
static,0.022458,40.446646,124.0000
static,0.022458,40.491561,131.0000
static,0.022458,40.536477,132.0000
static,0.022458,40.581393,134.0000
static,0.022458,40.626309,132.0000
static,0.022458,40.671224,130.0000
static,0.022458,40.716140,126.0000
static,0.022458,40.761056,119.0000
static,0.022458,40.805972,109.0000
static,0.022458,40.850888,107.0000
static,0.022458,40.895803,105.0000
static,0.022458,40.940719,101.0000
static,0.022458,40.985635,92.0000
static,-0.022458,33.933860,1134.0000
static,-0.022458,33.978776,1134.0000
static,-0.022458,34.023691,1146.0000
static,-0.022458,34.068607,1150.0000
static,-0.022458,34.113523,1195.0000
static,-0.022458,34.158439,1187.0000
static,-0.022458,34.203354,1198.0000
static,-0.022458,34.248270,1202.0000
static,-0.022458,34.293186,1225.0000
static,-0.022458,34.338102,1248.0000
static,-0.022458,34.383017,1273.0000
static,-0.022458,34.427933,1290.0000
static,-0.022458,34.472849,1331.0000
static,-0.022458,34.517765,1362.0000
static,-0.022458,34.562681,1456.0000
static,-0.022458,34.607596,1434.0000
static,-0.022458,34.652512,1378.0000
static,-0.022458,34.697428,1413.0000
static,-0.022458,34.742344,1458.0000
static,-0.022458,34.787259,1316.0000
static,-0.022458,34.832175,1285.0000
static,-0.022458,34.877091,1308.0000
static,-0.022458,34.922007,1378.0000
static,-0.022458,34.966922,1382.0000
static,-0.022458,35.011838,1373.0000
static,-0.022458,35.056754,1300.0000
static,-0.022458,35.101670,1247.0000
static,-0.022458,35.146585,1348.0000
static,-0.022458,35.191501,1401.0000
static,-0.022458,35.236417,1446.0000
static,-0.022458,35.281333,1619.0000
static,-0.022458,35.326249,2128.0000
static,-0.022458,35.371164,2065.0000
static,-0.022458,35.416080,2253.0000
static,-0.022458,35.460996,2532.0000
static,-0.022458,35.505912,2551.0000
static,-0.022458,35.550827,2474.0000
static,-0.022458,35.595743,2454.0000
static,-0.022458,35.640659,2536.0000
static,-0.022458,35.685575,2392.0000
static,-0.022458,35.730490,2289.0000
static,-0.022458,35.775406,2160.0000
static,-0.022458,35.820322,2038.0000
static,-0.022458,35.865238,1715.0000
static,-0.022458,35.910153,1675.0000
static,-0.022458,35.955069,1610.0000
static,-0.022458,35.999985,1629.0000
static,-0.022458,36.044901,1687.0000
static,-0.022458,36.089817,1671.0000
static,-0.022458,36.134732,1680.0000
static,-0.022458,36.179648,2247.0000
static,-0.022458,36.224564,2179.0000
static,-0.022458,36.269480,2535.0000
static,-0.022458,36.314395,2493.0000
static,-0.022458,36.359311,2361.0000
static,-0.022458,36.404227,2336.0000
static,-0.022458,36.449143,2399.0000
static,-0.022458,36.494058,2356.0000
static,-0.022458,36.538974,2190.0000
static,-0.022458,36.583890,2144.0000
static,-0.022458,36.628806,2126.0000
static,-0.022458,36.673721,2108.0000
static,-0.022458,36.718637,2020.0000
static,-0.022458,36.763553,2004.0000
static,-0.022458,36.808469,1939.0000
static,-0.022458,36.853385,1822.0000
static,-0.022458,36.898300,1802.0000
static,-0.022458,36.943216,1814.0000
static,-0.022458,36.988132,1832.0000
static,-0.022458,37.033048,1924.0000
static,-0.022458,37.077963,2014.0000
static,-0.022458,37.122879,2112.0000
static,-0.022458,37.167795,2199.0000
static,-0.022458,37.212711,2650.0000
static,-0.022458,37.257626,2985.0000
static,-0.022458,37.302542,3342.0000
static,-0.022458,37.347458,3661.0000
static,-0.022458,37.392374,3408.0000
static,-0.022458,37.437289,3220.0000
static,-0.022458,37.482205,3038.0000
static,-0.022458,37.527121,2739.0000
static,-0.022458,37.572037,1993.0000
static,-0.022458,37.616953,1749.0000
static,-0.022458,37.661868,1557.0000
static,-0.022458,37.706784,1234.0000
static,-0.022458,37.751700,1109.0000
static,-0.022458,37.796616,1014.0000
static,-0.022458,37.841531,950.0000
static,-0.022458,37.886447,857.0000
static,-0.022458,37.931363,763.0000
static,-0.022458,37.976279,730.0000
static,-0.022458,38.021194,671.0000
static,-0.022458,38.066110,604.0000
static,-0.022458,38.111026,577.0000
static,-0.022458,38.155942,545.0000
static,-0.022458,38.200857,503.0000
static,-0.022458,38.245773,432.0000
static,-0.022458,38.290689,388.0000
static,-0.022458,38.335605,388.0000
static,-0.022458,38.380521,392.0000
static,-0.022458,38.425436,386.0000
static,-0.022458,38.470352,353.0000
static,-0.022458,38.515268,336.0000
static,-0.022458,38.560184,320.0000
static,-0.022458,38.605099,311.0000
static,-0.022458,38.650015,316.0000
static,-0.022458,38.694931,302.0000
static,-0.022458,38.739847,306.0000
static,-0.022458,38.784762,334.0000
static,-0.022458,38.829678,319.0000
static,-0.022458,38.874594,285.0000
static,-0.022458,38.919510,251.0000
static,-0.022458,38.964425,223.0000
static,-0.022458,39.009341,215.0000
static,-0.022458,39.054257,213.0000
static,-0.022458,39.099173,220.0000
static,-0.022458,39.144089,233.0000
static,-0.022458,39.189004,244.0000
static,-0.022458,39.233920,258.0000
static,-0.022458,39.278836,285.0000
static,-0.022458,39.323752,298.0000
static,-0.022458,39.368667,294.0000
static,-0.022458,39.413583,281.0000
static,-0.022458,39.458499,272.0000
static,-0.022458,39.503415,262.0000
static,-0.022458,39.548330,253.0000
static,-0.022458,39.593246,240.0000
static,-0.022458,39.638162,233.0000
static,-0.022458,39.683078,227.0000
static,-0.022458,39.727993,223.0000
static,-0.022458,39.772909,211.0000
static,-0.022458,39.817825,204.0000
static,-0.022458,39.862741,196.0000
static,-0.022458,39.907656,189.0000
static,-0.022458,39.952572,174.0000
static,-0.022458,39.997488,170.0000
static,-0.022458,40.042404,164.0000
static,-0.022458,40.087320,163.0000
static,-0.022458,40.132235,162.0000
static,-0.022458,40.177151,158.0000
static,-0.022458,40.222067,150.0000
static,-0.022458,40.266983,142.0000
static,-0.022458,40.311898,139.0000
static,-0.022458,40.356814,137.0000
static,-0.022458,40.401730,132.0000
static,-0.022458,40.446646,125.0000
static,-0.022458,40.491561,125.0000
static,-0.022458,40.536477,135.0000
static,-0.022458,40.581393,140.0000
static,-0.022458,40.626309,138.0000
static,-0.022458,40.671224,134.0000
static,-0.022458,40.716140,132.0000
static,-0.022458,40.761056,126.0000
static,-0.022458,40.805972,118.0000
static,-0.022458,40.850888,111.0000
static,-0.022458,40.895803,103.0000
static,-0.022458,40.940719,99.0000
static,-0.022458,40.985635,93.0000
static,-0.067374,33.978776,1134.0000
static,-0.067374,34.023691,1136.0000
static,-0.067374,34.068607,1149.0000
static,-0.067374,34.113523,1146.0000
static,-0.067374,34.158439,1186.0000
static,-0.067374,34.203354,1238.0000
static,-0.067374,34.248270,1244.0000
static,-0.067374,34.293186,1255.0000
static,-0.067374,34.338102,1293.0000
static,-0.067374,34.383017,1328.0000
static,-0.067374,34.427933,1325.0000
static,-0.067374,34.472849,1272.0000
static,-0.067374,34.517765,1326.0000
static,-0.067374,34.562681,1319.0000
static,-0.067374,34.607596,1334.0000
static,-0.067374,34.652512,1230.0000
static,-0.067374,34.697428,1211.0000
static,-0.067374,34.742344,1210.0000
static,-0.067374,34.787259,1194.0000
static,-0.067374,34.832175,1166.0000
static,-0.067374,34.877091,1171.0000
static,-0.067374,34.922007,1184.0000
static,-0.067374,34.966922,1192.0000
static,-0.067374,35.011838,1198.0000
static,-0.067374,35.056754,1206.0000
static,-0.067374,35.101670,1221.0000
static,-0.067374,35.146585,1307.0000
static,-0.067374,35.191501,1401.0000
static,-0.067374,35.236417,1526.0000
static,-0.067374,35.281333,1786.0000
static,-0.067374,35.326249,2260.0000
static,-0.067374,35.371164,2370.0000
static,-0.067374,35.416080,2221.0000
static,-0.067374,35.460996,2366.0000
static,-0.067374,35.505912,2487.0000
static,-0.067374,35.550827,2389.0000
static,-0.067374,35.595743,2358.0000
static,-0.067374,35.640659,2412.0000
static,-0.067374,35.685575,2542.0000
static,-0.067374,35.730490,2546.0000
static,-0.067374,35.775406,2380.0000
static,-0.067374,35.820322,2103.0000
static,-0.067374,35.865238,1786.0000
static,-0.067374,35.910153,1703.0000
static,-0.067374,35.955069,1648.0000
static,-0.067374,35.999985,1645.0000
static,-0.067374,36.044901,1652.0000
static,-0.067374,36.089817,1686.0000
static,-0.067374,36.134732,1767.0000
static,-0.067374,36.179648,2375.0000
static,-0.067374,36.224564,2388.0000
static,-0.067374,36.269480,2651.0000
static,-0.067374,36.314395,2552.0000
static,-0.067374,36.359311,2370.0000
static,-0.067374,36.404227,2339.0000
static,-0.067374,36.449143,2447.0000
static,-0.067374,36.494058,2445.0000
static,-0.067374,36.538974,2275.0000
static,-0.067374,36.583890,2193.0000
static,-0.067374,36.628806,2179.0000
static,-0.067374,36.673721,2146.0000
static,-0.067374,36.718637,2036.0000
static,-0.067374,36.763553,1986.0000
static,-0.067374,36.808469,1960.0000
static,-0.067374,36.853385,1842.0000
static,-0.067374,36.898300,1819.0000
static,-0.067374,36.943216,1831.0000
static,-0.067374,36.988132,1840.0000
static,-0.067374,37.033048,1937.0000
static,-0.067374,37.077963,2054.0000
static,-0.067374,37.122879,2186.0000
static,-0.067374,37.167795,2326.0000
static,-0.067374,37.212711,2816.0000
static,-0.067374,37.257626,3264.0000
static,-0.067374,37.302542,3717.0000
static,-0.067374,37.347458,3886.0000
static,-0.067374,37.392374,3505.0000
static,-0.067374,37.437289,3393.0000
static,-0.067374,37.482205,3440.0000
static,-0.067374,37.527121,2836.0000
static,-0.067374,37.572037,2015.0000
static,-0.067374,37.616953,1761.0000
static,-0.067374,37.661868,1544.0000
static,-0.067374,37.706784,1261.0000
static,-0.067374,37.751700,1101.0000
static,-0.067374,37.796616,974.0000
static,-0.067374,37.841531,930.0000
static,-0.067374,37.886447,762.0000
static,-0.067374,37.931363,723.0000
static,-0.067374,37.976279,695.0000
static,-0.067374,38.021194,630.0000
static,-0.067374,38.066110,635.0000
static,-0.067374,38.111026,597.0000
static,-0.067374,38.155942,503.0000
static,-0.067374,38.200857,467.0000
static,-0.067374,38.245773,401.0000
static,-0.067374,38.290689,375.0000
static,-0.067374,38.335605,370.0000
static,-0.067374,38.380521,360.0000
static,-0.067374,38.425436,347.0000
static,-0.067374,38.470352,324.0000
static,-0.067374,38.515268,313.0000
static,-0.067374,38.560184,359.0000
static,-0.067374,38.605099,336.0000
static,-0.067374,38.650015,319.0000
static,-0.067374,38.694931,308.0000
static,-0.067374,38.739847,270.0000
static,-0.067374,38.784762,280.0000
static,-0.067374,38.829678,274.0000
static,-0.067374,38.874594,262.0000
static,-0.067374,38.919510,230.0000
static,-0.067374,38.964425,213.0000
static,-0.067374,39.009341,209.0000
static,-0.067374,39.054257,204.0000
static,-0.067374,39.099173,199.0000
static,-0.067374,39.144089,200.0000
static,-0.067374,39.189004,213.0000
static,-0.067374,39.233920,228.0000
static,-0.067374,39.278836,243.0000
static,-0.067374,39.323752,248.0000
static,-0.067374,39.368667,250.0000
static,-0.067374,39.413583,268.0000
static,-0.067374,39.458499,259.0000
static,-0.067374,39.503415,261.0000
static,-0.067374,39.548330,253.0000
static,-0.067374,39.593246,241.0000
static,-0.067374,39.638162,237.0000
static,-0.067374,39.683078,231.0000
static,-0.067374,39.727993,224.0000
static,-0.067374,39.772909,209.0000
static,-0.067374,39.817825,202.0000
static,-0.067374,39.862741,197.0000
static,-0.067374,39.907656,191.0000
static,-0.067374,39.952572,175.0000
static,-0.067374,39.997488,168.0000
static,-0.067374,40.042404,162.0000
static,-0.067374,40.087320,157.0000
static,-0.067374,40.132235,155.0000
static,-0.067374,40.177151,153.0000
static,-0.067374,40.222067,149.0000
static,-0.067374,40.266983,143.0000
static,-0.067374,40.311898,139.0000
static,-0.067374,40.356814,140.0000
static,-0.067374,40.401730,139.0000
static,-0.067374,40.446646,125.0000
static,-0.067374,40.491561,125.0000
static,-0.067374,40.536477,130.0000
static,-0.067374,40.581393,143.0000
static,-0.067374,40.626309,143.0000
static,-0.067374,40.671224,135.0000
static,-0.067374,40.716140,130.0000
static,-0.067374,40.761056,126.0000
static,-0.067374,40.805972,117.0000
static,-0.067374,40.850888,112.0000
static,-0.067374,40.895803,108.0000
static,-0.067374,40.940719,102.0000
static,-0.067374,40.985635,92.0000
static,-0.112289,33.978776,1134.0000
static,-0.112289,34.023691,1134.0000
static,-0.112289,34.068607,1137.0000
static,-0.112289,34.113523,1135.0000
static,-0.112289,34.158439,1169.0000
static,-0.112289,34.203354,1198.0000
static,-0.112289,34.248270,1243.0000
static,-0.112289,34.293186,1258.0000
static,-0.112289,34.338102,1296.0000
static,-0.112289,34.383017,1278.0000
static,-0.112289,34.427933,1250.0000
static,-0.112289,34.472849,1234.0000
static,-0.112289,34.517765,1214.0000
static,-0.112289,34.562681,1228.0000
static,-0.112289,34.607596,1258.0000
static,-0.112289,34.652512,1143.0000
static,-0.112289,34.697428,1136.0000
static,-0.112289,34.742344,1143.0000
static,-0.112289,34.787259,1158.0000
static,-0.112289,34.832175,1154.0000
static,-0.112289,34.877091,1155.0000
static,-0.112289,34.922007,1161.0000
static,-0.112289,34.966922,1172.0000
static,-0.112289,35.011838,1184.0000
static,-0.112289,35.056754,1196.0000
static,-0.112289,35.101670,1214.0000
static,-0.112289,35.146585,1293.0000
static,-0.112289,35.191501,1369.0000
static,-0.112289,35.236417,1488.0000
static,-0.112289,35.281333,1726.0000
static,-0.112289,35.326249,2262.0000
static,-0.112289,35.371164,2192.0000
static,-0.112289,35.416080,2042.0000
static,-0.112289,35.460996,2116.0000
static,-0.112289,35.505912,2449.0000
static,-0.112289,35.550827,2355.0000
static,-0.112289,35.595743,2332.0000
static,-0.112289,35.640659,2388.0000
static,-0.112289,35.685575,2669.0000
static,-0.112289,35.730490,2806.0000
static,-0.112289,35.775406,2452.0000
static,-0.112289,35.820322,2012.0000
static,-0.112289,35.865238,1847.0000
static,-0.112289,35.910153,1747.0000
static,-0.112289,35.955069,1714.0000
static,-0.112289,35.999985,1732.0000
static,-0.112289,36.044901,1712.0000
static,-0.112289,36.089817,1755.0000
static,-0.112289,36.134732,1848.0000
static,-0.112289,36.179648,2411.0000
static,-0.112289,36.224564,2550.0000
static,-0.112289,36.269480,2720.0000
static,-0.112289,36.314395,2622.0000
static,-0.112289,36.359311,2388.0000
static,-0.112289,36.404227,2334.0000
static,-0.112289,36.449143,2425.0000
static,-0.112289,36.494058,2526.0000
static,-0.112289,36.538974,2426.0000
static,-0.112289,36.583890,2226.0000
static,-0.112289,36.628806,2245.0000
static,-0.112289,36.673721,2183.0000
static,-0.112289,36.718637,2082.0000
static,-0.112289,36.763553,2054.0000
static,-0.112289,36.808469,2014.0000
static,-0.112289,36.853385,1868.0000
static,-0.112289,36.898300,1835.0000
static,-0.112289,36.943216,1852.0000
static,-0.112289,36.988132,1872.0000
static,-0.112289,37.033048,1977.0000
static,-0.112289,37.077963,2113.0000
static,-0.112289,37.122879,2273.0000
static,-0.112289,37.167795,2451.0000
static,-0.112289,37.212711,3022.0000
static,-0.112289,37.257626,3708.0000
static,-0.112289,37.302542,4097.0000
static,-0.112289,37.347458,4158.0000
static,-0.112289,37.392374,3515.0000
static,-0.112289,37.437289,3371.0000
static,-0.112289,37.482205,3348.0000
static,-0.112289,37.527121,2793.0000
static,-0.112289,37.572037,2008.0000
static,-0.112289,37.616953,1767.0000
static,-0.112289,37.661868,1496.0000
static,-0.112289,37.706784,1194.0000
static,-0.112289,37.751700,1076.0000
static,-0.112289,37.796616,975.0000
static,-0.112289,37.841531,856.0000
static,-0.112289,37.886447,750.0000
static,-0.112289,37.931363,696.0000
static,-0.112289,37.976279,664.0000
static,-0.112289,38.021194,615.0000
static,-0.112289,38.066110,652.0000
static,-0.112289,38.111026,655.0000
static,-0.112289,38.155942,500.0000
static,-0.112289,38.200857,438.0000
static,-0.112289,38.245773,396.0000
static,-0.112289,38.290689,403.0000
static,-0.112289,38.335605,423.0000
static,-0.112289,38.380521,385.0000
static,-0.112289,38.425436,362.0000
static,-0.112289,38.470352,334.0000
static,-0.112289,38.515268,328.0000
static,-0.112289,38.560184,369.0000
static,-0.112289,38.605099,357.0000
static,-0.112289,38.650015,372.0000
static,-0.112289,38.694931,363.0000
static,-0.112289,38.739847,312.0000
static,-0.112289,38.784762,284.0000
static,-0.112289,38.829678,256.0000
static,-0.112289,38.874594,244.0000
static,-0.112289,38.919510,221.0000
static,-0.112289,38.964425,221.0000
static,-0.112289,39.009341,217.0000
static,-0.112289,39.054257,210.0000
static,-0.112289,39.099173,196.0000
static,-0.112289,39.144089,192.0000
static,-0.112289,39.189004,191.0000
static,-0.112289,39.233920,198.0000
static,-0.112289,39.278836,204.0000
static,-0.112289,39.323752,207.0000
static,-0.112289,39.368667,212.0000
static,-0.112289,39.413583,235.0000
static,-0.112289,39.458499,232.0000
static,-0.112289,39.503415,250.0000
static,-0.112289,39.548330,253.0000
static,-0.112289,39.593246,243.0000
static,-0.112289,39.638162,240.0000
static,-0.112289,39.683078,236.0000
static,-0.112289,39.727993,228.0000
static,-0.112289,39.772909,212.0000
static,-0.112289,39.817825,205.0000
static,-0.112289,39.862741,196.0000
static,-0.112289,39.907656,189.0000
static,-0.112289,39.952572,174.0000
static,-0.112289,39.997488,168.0000
static,-0.112289,40.042404,160.0000
static,-0.112289,40.087320,155.0000
static,-0.112289,40.132235,149.0000
static,-0.112289,40.177151,148.0000
static,-0.112289,40.222067,147.0000
static,-0.112289,40.266983,144.0000
static,-0.112289,40.311898,143.0000
static,-0.112289,40.356814,141.0000
static,-0.112289,40.401730,142.0000
static,-0.112289,40.446646,131.0000
static,-0.112289,40.491561,126.0000
static,-0.112289,40.536477,127.0000
static,-0.112289,40.581393,138.0000
static,-0.112289,40.626309,145.0000
static,-0.112289,40.671224,139.0000
static,-0.112289,40.716140,129.0000
static,-0.112289,40.761056,123.0000
static,-0.112289,40.805972,113.0000
static,-0.112289,40.850888,110.0000
static,-0.112289,40.895803,107.0000
static,-0.112289,40.940719,102.0000
static,-0.112289,40.985635,94.0000
static,-0.157205,33.978776,1139.0000
static,-0.157205,34.023691,1140.0000
static,-0.157205,34.068607,1134.0000
static,-0.157205,34.113523,1144.0000
static,-0.157205,34.158439,1173.0000
static,-0.157205,34.203354,1189.0000
static,-0.157205,34.248270,1200.0000
static,-0.157205,34.293186,1221.0000
static,-0.157205,34.338102,1238.0000
static,-0.157205,34.383017,1205.0000
static,-0.157205,34.427933,1189.0000
static,-0.157205,34.472849,1169.0000
static,-0.157205,34.517765,1186.0000
static,-0.157205,34.562681,1163.0000
static,-0.157205,34.607596,1165.0000
static,-0.157205,34.652512,1134.0000
static,-0.157205,34.697428,1134.0000
static,-0.157205,34.742344,1137.0000
static,-0.157205,34.787259,1141.0000
static,-0.157205,34.832175,1150.0000
static,-0.157205,34.877091,1153.0000
static,-0.157205,34.922007,1158.0000
static,-0.157205,34.966922,1165.0000
static,-0.157205,35.011838,1186.0000
static,-0.157205,35.056754,1211.0000
static,-0.157205,35.101670,1238.0000
static,-0.157205,35.146585,1283.0000
static,-0.157205,35.191501,1317.0000
static,-0.157205,35.236417,1419.0000
static,-0.157205,35.281333,1521.0000
static,-0.157205,35.326249,1965.0000
static,-0.157205,35.371164,1953.0000
static,-0.157205,35.416080,1906.0000
static,-0.157205,35.460996,2038.0000
static,-0.157205,35.505912,2334.0000
static,-0.157205,35.550827,2322.0000
static,-0.157205,35.595743,2310.0000
static,-0.157205,35.640659,2392.0000
static,-0.157205,35.685575,2630.0000
static,-0.157205,35.730490,2725.0000
static,-0.157205,35.775406,2497.0000
static,-0.157205,35.820322,1992.0000
static,-0.157205,35.865238,1848.0000
static,-0.157205,35.910153,1814.0000
static,-0.157205,35.955069,1801.0000
static,-0.157205,35.999985,1883.0000
static,-0.157205,36.044901,1830.0000
static,-0.157205,36.089817,1830.0000
static,-0.157205,36.134732,1909.0000
static,-0.157205,36.179648,2365.0000
static,-0.157205,36.224564,2667.0000
static,-0.157205,36.269480,2781.0000
static,-0.157205,36.314395,2658.0000
static,-0.157205,36.359311,2406.0000
static,-0.157205,36.404227,2343.0000
static,-0.157205,36.449143,2351.0000
static,-0.157205,36.494058,2583.0000
static,-0.157205,36.538974,2605.0000
static,-0.157205,36.583890,2436.0000
static,-0.157205,36.628806,2356.0000
static,-0.157205,36.673721,2314.0000
static,-0.157205,36.718637,2179.0000
static,-0.157205,36.763553,2096.0000
static,-0.157205,36.808469,2026.0000
static,-0.157205,36.853385,1879.0000
static,-0.157205,36.898300,1865.0000
static,-0.157205,36.943216,1865.0000
static,-0.157205,36.988132,1906.0000
static,-0.157205,37.033048,2023.0000
static,-0.157205,37.077963,2134.0000
static,-0.157205,37.122879,2296.0000
static,-0.157205,37.167795,2496.0000
static,-0.157205,37.212711,3333.0000
static,-0.157205,37.257626,3937.0000
static,-0.157205,37.302542,4365.0000
static,-0.157205,37.347458,4386.0000
static,-0.157205,37.392374,3367.0000
static,-0.157205,37.437289,3034.0000
static,-0.157205,37.482205,2840.0000
static,-0.157205,37.527121,2552.0000
static,-0.157205,37.572037,1976.0000
static,-0.157205,37.616953,1747.0000
static,-0.157205,37.661868,1414.0000
static,-0.157205,37.706784,1111.0000
static,-0.157205,37.751700,980.0000
static,-0.157205,37.796616,940.0000
static,-0.157205,37.841531,857.0000
static,-0.157205,37.886447,698.0000
static,-0.157205,37.931363,644.0000
static,-0.157205,37.976279,611.0000
static,-0.157205,38.021194,583.0000
static,-0.157205,38.066110,641.0000
static,-0.157205,38.111026,559.0000
static,-0.157205,38.155942,503.0000
static,-0.157205,38.200857,426.0000
static,-0.157205,38.245773,461.0000
static,-0.157205,38.290689,463.0000
static,-0.157205,38.335605,473.0000
static,-0.157205,38.380521,438.0000
static,-0.157205,38.425436,391.0000
static,-0.157205,38.470352,393.0000
static,-0.157205,38.515268,360.0000
static,-0.157205,38.560184,368.0000
static,-0.157205,38.605099,394.0000
static,-0.157205,38.650015,411.0000
static,-0.157205,38.694931,396.0000
static,-0.157205,38.739847,356.0000
static,-0.157205,38.784762,310.0000
static,-0.157205,38.829678,296.0000
static,-0.157205,38.874594,284.0000
static,-0.157205,38.919510,242.0000
static,-0.157205,38.964425,233.0000
static,-0.157205,39.009341,228.0000
static,-0.157205,39.054257,219.0000
static,-0.157205,39.099173,201.0000
static,-0.157205,39.144089,194.0000
static,-0.157205,39.189004,190.0000
static,-0.157205,39.233920,186.0000
static,-0.157205,39.278836,180.0000
static,-0.157205,39.323752,179.0000
static,-0.157205,39.368667,183.0000
static,-0.157205,39.413583,201.0000
static,-0.157205,39.458499,210.0000
static,-0.157205,39.503415,230.0000
static,-0.157205,39.548330,247.0000
static,-0.157205,39.593246,243.0000
static,-0.157205,39.638162,238.0000
static,-0.157205,39.683078,234.0000
static,-0.157205,39.727993,229.0000
static,-0.157205,39.772909,218.0000
static,-0.157205,39.817825,213.0000
static,-0.157205,39.862741,202.0000
static,-0.157205,39.907656,191.0000
static,-0.157205,39.952572,173.0000
static,-0.157205,39.997488,166.0000
static,-0.157205,40.042404,160.0000
static,-0.157205,40.087320,155.0000
static,-0.157205,40.132235,147.0000
static,-0.157205,40.177151,145.0000
static,-0.157205,40.222067,144.0000
static,-0.157205,40.266983,143.0000
static,-0.157205,40.311898,142.0000
static,-0.157205,40.356814,143.0000
static,-0.157205,40.401730,144.0000
static,-0.157205,40.446646,142.0000
static,-0.157205,40.491561,130.0000
static,-0.157205,40.536477,127.0000
static,-0.157205,40.581393,129.0000
static,-0.157205,40.626309,144.0000
static,-0.157205,40.671224,141.0000
static,-0.157205,40.716140,133.0000
static,-0.157205,40.761056,123.0000
static,-0.157205,40.805972,113.0000
static,-0.157205,40.850888,109.0000
static,-0.157205,40.895803,105.0000
static,-0.157205,40.940719,99.0000
static,-0.157205,40.985635,93.0000
static,-0.202121,33.978776,1134.0000
static,-0.202121,34.023691,1134.0000
static,-0.202121,34.068607,1134.0000
static,-0.202121,34.113523,1134.0000
static,-0.202121,34.158439,1136.0000
static,-0.202121,34.203354,1153.0000
static,-0.202121,34.248270,1171.0000
static,-0.202121,34.293186,1168.0000
static,-0.202121,34.338102,1142.0000
static,-0.202121,34.383017,1134.0000
static,-0.202121,34.427933,1134.0000
static,-0.202121,34.472849,1137.0000
static,-0.202121,34.517765,1143.0000
static,-0.202121,34.562681,1134.0000
static,-0.202121,34.607596,1134.0000
static,-0.202121,34.652512,1134.0000
static,-0.202121,34.697428,1134.0000
static,-0.202121,34.742344,1134.0000
static,-0.202121,34.787259,1134.0000
static,-0.202121,34.832175,1143.0000
static,-0.202121,34.877091,1145.0000
static,-0.202121,34.922007,1148.0000
static,-0.202121,34.966922,1149.0000
static,-0.202121,35.011838,1205.0000
static,-0.202121,35.056754,1287.0000
static,-0.202121,35.101670,1374.0000
static,-0.202121,35.146585,1357.0000
static,-0.202121,35.191501,1437.0000
static,-0.202121,35.236417,1414.0000
static,-0.202121,35.281333,1433.0000
static,-0.202121,35.326249,1602.0000
static,-0.202121,35.371164,1746.0000
static,-0.202121,35.416080,1909.0000
static,-0.202121,35.460996,2012.0000
static,-0.202121,35.505912,2130.0000
static,-0.202121,35.550827,2162.0000
static,-0.202121,35.595743,2262.0000
static,-0.202121,35.640659,2365.0000
static,-0.202121,35.685575,2563.0000
static,-0.202121,35.730490,2429.0000
static,-0.202121,35.775406,2284.0000
static,-0.202121,35.820322,2066.0000
static,-0.202121,35.865238,1921.0000
static,-0.202121,35.910153,1950.0000
static,-0.202121,35.955069,1982.0000
static,-0.202121,35.999985,1989.0000
static,-0.202121,36.044901,2037.0000
static,-0.202121,36.089817,1940.0000
static,-0.202121,36.134732,1938.0000
static,-0.202121,36.179648,2310.0000
static,-0.202121,36.224564,2534.0000
static,-0.202121,36.269480,2654.0000
static,-0.202121,36.314395,2678.0000
static,-0.202121,36.359311,2442.0000
static,-0.202121,36.404227,2357.0000
static,-0.202121,36.449143,2341.0000
static,-0.202121,36.494058,2385.0000
static,-0.202121,36.538974,2921.0000
static,-0.202121,36.583890,3039.0000
static,-0.202121,36.628806,2899.0000
static,-0.202121,36.673721,2815.0000
static,-0.202121,36.718637,2444.0000
static,-0.202121,36.763553,2255.0000
static,-0.202121,36.808469,2121.0000
static,-0.202121,36.853385,1958.0000
static,-0.202121,36.898300,1901.0000
static,-0.202121,36.943216,1933.0000
static,-0.202121,36.988132,1931.0000
static,-0.202121,37.033048,2021.0000
static,-0.202121,37.077963,2114.0000
static,-0.202121,37.122879,2232.0000
static,-0.202121,37.167795,2422.0000
static,-0.202121,37.212711,3107.0000
static,-0.202121,37.257626,3745.0000
static,-0.202121,37.302542,3924.0000
static,-0.202121,37.347458,3713.0000
static,-0.202121,37.392374,2908.0000
static,-0.202121,37.437289,2657.0000
static,-0.202121,37.482205,2446.0000
static,-0.202121,37.527121,2302.0000
static,-0.202121,37.572037,1865.0000
static,-0.202121,37.616953,1631.0000
static,-0.202121,37.661868,1442.0000
static,-0.202121,37.706784,1170.0000
static,-0.202121,37.751700,1037.0000
static,-0.202121,37.796616,870.0000
static,-0.202121,37.841531,835.0000
static,-0.202121,37.886447,731.0000
static,-0.202121,37.931363,687.0000
static,-0.202121,37.976279,549.0000
static,-0.202121,38.021194,534.0000
static,-0.202121,38.066110,615.0000
static,-0.202121,38.111026,606.0000
static,-0.202121,38.155942,475.0000
static,-0.202121,38.200857,444.0000
static,-0.202121,38.245773,553.0000
static,-0.202121,38.290689,573.0000
static,-0.202121,38.335605,562.0000
static,-0.202121,38.380521,540.0000
static,-0.202121,38.425436,496.0000
static,-0.202121,38.470352,474.0000
static,-0.202121,38.515268,433.0000
static,-0.202121,38.560184,413.0000
static,-0.202121,38.605099,447.0000
static,-0.202121,38.650015,459.0000
static,-0.202121,38.694931,443.0000
static,-0.202121,38.739847,388.0000
static,-0.202121,38.784762,374.0000
static,-0.202121,38.829678,348.0000
static,-0.202121,38.874594,335.0000
static,-0.202121,38.919510,270.0000
static,-0.202121,38.964425,258.0000
static,-0.202121,39.009341,257.0000
static,-0.202121,39.054257,252.0000
static,-0.202121,39.099173,237.0000
static,-0.202121,39.144089,229.0000
static,-0.202121,39.189004,220.0000
static,-0.202121,39.233920,213.0000
static,-0.202121,39.278836,210.0000
static,-0.202121,39.323752,196.0000
static,-0.202121,39.368667,180.0000
static,-0.202121,39.413583,164.0000
static,-0.202121,39.458499,165.0000
static,-0.202121,39.503415,181.0000
static,-0.202121,39.548330,195.0000
static,-0.202121,39.593246,235.0000
static,-0.202121,39.638162,243.0000
static,-0.202121,39.683078,244.0000
static,-0.202121,39.727993,238.0000
static,-0.202121,39.772909,222.0000
static,-0.202121,39.817825,213.0000
static,-0.202121,39.862741,206.0000
static,-0.202121,39.907656,198.0000
static,-0.202121,39.952572,179.0000
static,-0.202121,39.997488,168.0000
static,-0.202121,40.042404,157.0000
static,-0.202121,40.087320,151.0000
static,-0.202121,40.132235,146.0000
static,-0.202121,40.177151,143.0000
static,-0.202121,40.222067,141.0000
static,-0.202121,40.266983,142.0000
static,-0.202121,40.311898,143.0000
static,-0.202121,40.356814,144.0000
static,-0.202121,40.401730,143.0000
static,-0.202121,40.446646,146.0000
static,-0.202121,40.491561,146.0000
static,-0.202121,40.536477,137.0000
static,-0.202121,40.581393,128.0000
static,-0.202121,40.626309,140.0000
static,-0.202121,40.671224,137.0000
static,-0.202121,40.716140,129.0000
static,-0.202121,40.761056,121.0000
static,-0.202121,40.805972,111.0000
static,-0.202121,40.850888,107.0000
static,-0.202121,40.895803,105.0000
static,-0.202121,40.940719,101.0000
static,-0.202121,40.985635,92.0000
static,-0.247037,33.978776,1134.0000
static,-0.247037,34.023691,1134.0000
static,-0.247037,34.068607,1134.0000
static,-0.247037,34.113523,1134.0000
static,-0.247037,34.158439,1134.0000
static,-0.247037,34.203354,1136.0000
static,-0.247037,34.248270,1139.0000
static,-0.247037,34.293186,1174.0000
static,-0.247037,34.338102,1187.0000
static,-0.247037,34.383017,1153.0000
static,-0.247037,34.427933,1134.0000
static,-0.247037,34.472849,1134.0000
static,-0.247037,34.517765,1134.0000
static,-0.247037,34.562681,1134.0000
static,-0.247037,34.607596,1134.0000
static,-0.247037,34.652512,1134.0000
static,-0.247037,34.697428,1134.0000
static,-0.247037,34.742344,1134.0000
static,-0.247037,34.787259,1134.0000
static,-0.247037,34.832175,1140.0000
static,-0.247037,34.877091,1143.0000
static,-0.247037,34.922007,1144.0000
static,-0.247037,34.966922,1152.0000
static,-0.247037,35.011838,1207.0000
static,-0.247037,35.056754,1307.0000
static,-0.247037,35.101670,1387.0000
static,-0.247037,35.146585,1512.0000
static,-0.247037,35.191501,1655.0000
static,-0.247037,35.236417,1650.0000
static,-0.247037,35.281333,1531.0000
static,-0.247037,35.326249,1744.0000
static,-0.247037,35.371164,1884.0000
static,-0.247037,35.416080,2003.0000
static,-0.247037,35.460996,2173.0000
static,-0.247037,35.505912,2226.0000
static,-0.247037,35.550827,2382.0000
static,-0.247037,35.595743,2585.0000
static,-0.247037,35.640659,2471.0000
static,-0.247037,35.685575,2621.0000
static,-0.247037,35.730490,2470.0000
static,-0.247037,35.775406,2353.0000
static,-0.247037,35.820322,2215.0000
static,-0.247037,35.865238,1996.0000
static,-0.247037,35.910153,2039.0000
static,-0.247037,35.955069,2069.0000
static,-0.247037,35.999985,2006.0000
static,-0.247037,36.044901,2042.0000
static,-0.247037,36.089817,2116.0000
static,-0.247037,36.134732,1915.0000
static,-0.247037,36.179648,2117.0000
static,-0.247037,36.224564,2369.0000
static,-0.247037,36.269480,2545.0000
static,-0.247037,36.314395,2603.0000
static,-0.247037,36.359311,2414.0000
static,-0.247037,36.404227,2344.0000
static,-0.247037,36.449143,2341.0000
static,-0.247037,36.494058,2347.0000
static,-0.247037,36.538974,2997.0000
static,-0.247037,36.583890,3287.0000
static,-0.247037,36.628806,3288.0000
static,-0.247037,36.673721,3085.0000
static,-0.247037,36.718637,2591.0000
static,-0.247037,36.763553,2316.0000
static,-0.247037,36.808469,2210.0000
static,-0.247037,36.853385,1970.0000
static,-0.247037,36.898300,1910.0000
static,-0.247037,36.943216,1913.0000
static,-0.247037,36.988132,1901.0000
static,-0.247037,37.033048,2001.0000
static,-0.247037,37.077963,2076.0000
static,-0.247037,37.122879,2190.0000
static,-0.247037,37.167795,2376.0000
static,-0.247037,37.212711,2917.0000
static,-0.247037,37.257626,3373.0000
static,-0.247037,37.302542,3422.0000
static,-0.247037,37.347458,3086.0000
static,-0.247037,37.392374,2653.0000
static,-0.247037,37.437289,2434.0000
static,-0.247037,37.482205,2304.0000
static,-0.247037,37.527121,2169.0000
static,-0.247037,37.572037,1806.0000
static,-0.247037,37.616953,1589.0000
static,-0.247037,37.661868,1435.0000
static,-0.247037,37.706784,1178.0000
static,-0.247037,37.751700,1111.0000
static,-0.247037,37.796616,994.0000
static,-0.247037,37.841531,816.0000
static,-0.247037,37.886447,725.0000
static,-0.247037,37.931363,777.0000
static,-0.247037,37.976279,669.0000
static,-0.247037,38.021194,504.0000
static,-0.247037,38.066110,566.0000
static,-0.247037,38.111026,494.0000
static,-0.247037,38.155942,439.0000
static,-0.247037,38.200857,492.0000
static,-0.247037,38.245773,595.0000
static,-0.247037,38.290689,613.0000
static,-0.247037,38.335605,587.0000
static,-0.247037,38.380521,576.0000
static,-0.247037,38.425436,539.0000
static,-0.247037,38.470352,504.0000
static,-0.247037,38.515268,479.0000
static,-0.247037,38.560184,440.0000
static,-0.247037,38.605099,467.0000
static,-0.247037,38.650015,468.0000
static,-0.247037,38.694931,443.0000
static,-0.247037,38.739847,398.0000
static,-0.247037,38.784762,377.0000
static,-0.247037,38.829678,371.0000
static,-0.247037,38.874594,343.0000
static,-0.247037,38.919510,285.0000
static,-0.247037,38.964425,275.0000
static,-0.247037,39.009341,279.0000
static,-0.247037,39.054257,275.0000
static,-0.247037,39.099173,258.0000
static,-0.247037,39.144089,243.0000
static,-0.247037,39.189004,251.0000
static,-0.247037,39.233920,235.0000
static,-0.247037,39.278836,234.0000
static,-0.247037,39.323752,221.0000
static,-0.247037,39.368667,211.0000
static,-0.247037,39.413583,169.0000
static,-0.247037,39.458499,161.0000
static,-0.247037,39.503415,161.0000
static,-0.247037,39.548330,172.0000
static,-0.247037,39.593246,210.0000
static,-0.247037,39.638162,236.0000
static,-0.247037,39.683078,246.0000
static,-0.247037,39.727993,241.0000
static,-0.247037,39.772909,228.0000
static,-0.247037,39.817825,220.0000
static,-0.247037,39.862741,211.0000
static,-0.247037,39.907656,204.0000
static,-0.247037,39.952572,184.0000
static,-0.247037,39.997488,172.0000
static,-0.247037,40.042404,162.0000
static,-0.247037,40.087320,152.0000
static,-0.247037,40.132235,143.0000
static,-0.247037,40.177151,145.0000
static,-0.247037,40.222067,141.0000
static,-0.247037,40.266983,143.0000
static,-0.247037,40.311898,143.0000
static,-0.247037,40.356814,144.0000
static,-0.247037,40.401730,145.0000
static,-0.247037,40.446646,145.0000
static,-0.247037,40.491561,149.0000
static,-0.247037,40.536477,145.0000
static,-0.247037,40.581393,133.0000
static,-0.247037,40.626309,134.0000
static,-0.247037,40.671224,138.0000
static,-0.247037,40.716140,128.0000
static,-0.247037,40.761056,119.0000
static,-0.247037,40.805972,111.0000
static,-0.247037,40.850888,108.0000
static,-0.247037,40.895803,103.0000
static,-0.247037,40.940719,99.0000
static,-0.247037,40.985635,93.0000
static,-0.291952,33.933860,1134.0000
static,-0.291952,33.978776,1134.0000
static,-0.291952,34.023691,1134.0000
static,-0.291952,34.068607,1134.0000
static,-0.291952,34.113523,1134.0000
static,-0.291952,34.158439,1134.0000
static,-0.291952,34.203354,1134.0000
static,-0.291952,34.248270,1139.0000
static,-0.291952,34.293186,1189.0000
static,-0.291952,34.338102,1215.0000
static,-0.291952,34.383017,1173.0000
static,-0.291952,34.427933,1135.0000
static,-0.291952,34.472849,1134.0000
static,-0.291952,34.517765,1134.0000
static,-0.291952,34.562681,1134.0000
static,-0.291952,34.607596,1134.0000
static,-0.291952,34.652512,1134.0000
static,-0.291952,34.697428,1134.0000
static,-0.291952,34.742344,1134.0000
static,-0.291952,34.787259,1136.0000
static,-0.291952,34.832175,1136.0000
static,-0.291952,34.877091,1142.0000
static,-0.291952,34.922007,1144.0000
static,-0.291952,34.966922,1162.0000
static,-0.291952,35.011838,1222.0000
static,-0.291952,35.056754,1280.0000
static,-0.291952,35.101670,1357.0000
static,-0.291952,35.146585,1684.0000
static,-0.291952,35.191501,1897.0000
static,-0.291952,35.236417,1873.0000
static,-0.291952,35.281333,1831.0000
static,-0.291952,35.326249,1912.0000
static,-0.291952,35.371164,1998.0000
static,-0.291952,35.416080,2230.0000
static,-0.291952,35.460996,2315.0000
static,-0.291952,35.505912,2501.0000
static,-0.291952,35.550827,2639.0000
static,-0.291952,35.595743,2715.0000
static,-0.291952,35.640659,2680.0000
static,-0.291952,35.685575,2673.0000
static,-0.291952,35.730490,2568.0000
static,-0.291952,35.775406,2469.0000
static,-0.291952,35.820322,2393.0000
static,-0.291952,35.865238,2156.0000
static,-0.291952,35.910153,2150.0000
static,-0.291952,35.955069,2126.0000
static,-0.291952,35.999985,1921.0000
static,-0.291952,36.044901,1864.0000
static,-0.291952,36.089817,1856.0000
static,-0.291952,36.134732,1867.0000
static,-0.291952,36.179648,2005.0000
static,-0.291952,36.224564,2247.0000
static,-0.291952,36.269480,2475.0000
static,-0.291952,36.314395,2544.0000
static,-0.291952,36.359311,2373.0000
static,-0.291952,36.404227,2328.0000
static,-0.291952,36.449143,2341.0000
static,-0.291952,36.494058,2354.0000
static,-0.291952,36.538974,3124.0000
static,-0.291952,36.583890,3457.0000
static,-0.291952,36.628806,3648.0000
static,-0.291952,36.673721,3320.0000
static,-0.291952,36.718637,2715.0000
static,-0.291952,36.763553,2477.0000
static,-0.291952,36.808469,2319.0000
static,-0.291952,36.853385,2036.0000
static,-0.291952,36.898300,1940.0000
static,-0.291952,36.943216,1887.0000
static,-0.291952,36.988132,1903.0000
static,-0.291952,37.033048,1953.0000
static,-0.291952,37.077963,2018.0000
static,-0.291952,37.122879,2122.0000
static,-0.291952,37.167795,2271.0000
static,-0.291952,37.212711,2799.0000
static,-0.291952,37.257626,3029.0000
static,-0.291952,37.302542,2987.0000
static,-0.291952,37.347458,2639.0000
static,-0.291952,37.392374,2475.0000
static,-0.291952,37.437289,2301.0000
static,-0.291952,37.482205,2161.0000
static,-0.291952,37.527121,2036.0000
static,-0.291952,37.572037,1743.0000
static,-0.291952,37.616953,1556.0000
static,-0.291952,37.661868,1389.0000
static,-0.291952,37.706784,1126.0000
static,-0.291952,37.751700,1025.0000
static,-0.291952,37.796616,903.0000
static,-0.291952,37.841531,818.0000
static,-0.291952,37.886447,762.0000
static,-0.291952,37.931363,886.0000
static,-0.291952,37.976279,604.0000
static,-0.291952,38.021194,498.0000
static,-0.291952,38.066110,499.0000
static,-0.291952,38.111026,474.0000
static,-0.291952,38.155942,501.0000
static,-0.291952,38.200857,533.0000
static,-0.291952,38.245773,637.0000
static,-0.291952,38.290689,646.0000
static,-0.291952,38.335605,626.0000
static,-0.291952,38.380521,611.0000
static,-0.291952,38.425436,569.0000
static,-0.291952,38.470352,541.0000
static,-0.291952,38.515268,510.0000
static,-0.291952,38.560184,473.0000
static,-0.291952,38.605099,486.0000
static,-0.291952,38.650015,470.0000
static,-0.291952,38.694931,441.0000
static,-0.291952,38.739847,403.0000
static,-0.291952,38.784762,391.0000
static,-0.291952,38.829678,380.0000
static,-0.291952,38.874594,356.0000
static,-0.291952,38.919510,299.0000
static,-0.291952,38.964425,291.0000
static,-0.291952,39.009341,303.0000
static,-0.291952,39.054257,292.0000
static,-0.291952,39.099173,265.0000
static,-0.291952,39.144089,274.0000
static,-0.291952,39.189004,280.0000
static,-0.291952,39.233920,253.0000
static,-0.291952,39.278836,260.0000
static,-0.291952,39.323752,258.0000
static,-0.291952,39.368667,247.0000
static,-0.291952,39.413583,197.0000
static,-0.291952,39.458499,173.0000
static,-0.291952,39.503415,158.0000
static,-0.291952,39.548330,156.0000
static,-0.291952,39.593246,188.0000
static,-0.291952,39.638162,218.0000
static,-0.291952,39.683078,248.0000
static,-0.291952,39.727993,244.0000
static,-0.291952,39.772909,230.0000
static,-0.291952,39.817825,222.0000
static,-0.291952,39.862741,214.0000
static,-0.291952,39.907656,206.0000
static,-0.291952,39.952572,187.0000
static,-0.291952,39.997488,180.0000
static,-0.291952,40.042404,167.0000
static,-0.291952,40.087320,155.0000
static,-0.291952,40.132235,143.0000
static,-0.291952,40.177151,140.0000
static,-0.291952,40.222067,139.0000
static,-0.291952,40.266983,140.0000
static,-0.291952,40.311898,143.0000
static,-0.291952,40.356814,145.0000
static,-0.291952,40.401730,147.0000
static,-0.291952,40.446646,148.0000
static,-0.291952,40.491561,146.0000
static,-0.291952,40.536477,147.0000
static,-0.291952,40.581393,137.0000
static,-0.291952,40.626309,125.0000
static,-0.291952,40.671224,135.0000
static,-0.291952,40.716140,130.0000
static,-0.291952,40.761056,121.0000
static,-0.291952,40.805972,111.0000
static,-0.291952,40.850888,108.0000
static,-0.291952,40.895803,104.0000
static,-0.291952,40.940719,99.0000
static,-0.291952,40.985635,90.0000
static,-0.336868,33.933860,1134.0000
static,-0.336868,33.978776,1134.0000
static,-0.336868,34.023691,1134.0000
static,-0.336868,34.068607,1134.0000
static,-0.336868,34.113523,1134.0000
static,-0.336868,34.158439,1134.0000
static,-0.336868,34.203354,1134.0000
static,-0.336868,34.248270,1135.0000
static,-0.336868,34.293186,1177.0000
static,-0.336868,34.338102,1193.0000
static,-0.336868,34.383017,1140.0000
static,-0.336868,34.427933,1134.0000
static,-0.336868,34.472849,1134.0000
static,-0.336868,34.517765,1137.0000
static,-0.336868,34.562681,1137.0000
static,-0.336868,34.607596,1134.0000
static,-0.336868,34.652512,1134.0000
static,-0.336868,34.697428,1134.0000
static,-0.336868,34.742344,1134.0000
static,-0.336868,34.787259,1142.0000
static,-0.336868,34.832175,1155.0000
static,-0.336868,34.877091,1177.0000
static,-0.336868,34.922007,1182.0000
static,-0.336868,34.966922,1215.0000
static,-0.336868,35.011838,1300.0000
static,-0.336868,35.056754,1394.0000
static,-0.336868,35.101670,1463.0000
static,-0.336868,35.146585,1796.0000
static,-0.336868,35.191501,1953.0000
static,-0.336868,35.236417,1971.0000
static,-0.336868,35.281333,1995.0000
static,-0.336868,35.326249,2055.0000
static,-0.336868,35.371164,2135.0000
static,-0.336868,35.416080,2244.0000
static,-0.336868,35.460996,2369.0000
static,-0.336868,35.505912,2558.0000
static,-0.336868,35.550827,2618.0000
static,-0.336868,35.595743,2653.0000
static,-0.336868,35.640659,2691.0000
static,-0.336868,35.685575,2746.0000
static,-0.336868,35.730490,2685.0000
static,-0.336868,35.775406,2598.0000
static,-0.336868,35.820322,2515.0000
static,-0.336868,35.865238,2295.0000
static,-0.336868,35.910153,2253.0000
static,-0.336868,35.955069,2155.0000
static,-0.336868,35.999985,1939.0000
static,-0.336868,36.044901,1797.0000
static,-0.336868,36.089817,1770.0000
static,-0.336868,36.134732,1857.0000
static,-0.336868,36.179648,1924.0000
static,-0.336868,36.224564,2182.0000
static,-0.336868,36.269480,2459.0000
static,-0.336868,36.314395,2477.0000
static,-0.336868,36.359311,2344.0000
static,-0.336868,36.404227,2293.0000
static,-0.336868,36.449143,2332.0000
static,-0.336868,36.494058,2356.0000
static,-0.336868,36.538974,3007.0000
static,-0.336868,36.583890,3599.0000
static,-0.336868,36.628806,3757.0000
static,-0.336868,36.673721,3424.0000
static,-0.336868,36.718637,2821.0000
static,-0.336868,36.763553,2569.0000
static,-0.336868,36.808469,2342.0000
static,-0.336868,36.853385,2029.0000
static,-0.336868,36.898300,1932.0000
static,-0.336868,36.943216,1884.0000
static,-0.336868,36.988132,1841.0000
static,-0.336868,37.033048,1891.0000
static,-0.336868,37.077963,1948.0000
static,-0.336868,37.122879,2040.0000
static,-0.336868,37.167795,2201.0000
static,-0.336868,37.212711,2597.0000
static,-0.336868,37.257626,2681.0000
static,-0.336868,37.302542,2637.0000
static,-0.336868,37.347458,2367.0000
static,-0.336868,37.392374,2266.0000
static,-0.336868,37.437289,2173.0000
static,-0.336868,37.482205,2091.0000
static,-0.336868,37.527121,1932.0000
static,-0.336868,37.572037,1666.0000
static,-0.336868,37.616953,1518.0000
static,-0.336868,37.661868,1398.0000
static,-0.336868,37.706784,1123.0000
static,-0.336868,37.751700,996.0000
static,-0.336868,37.796616,860.0000
static,-0.336868,37.841531,780.0000
static,-0.336868,37.886447,722.0000
static,-0.336868,37.931363,788.0000
static,-0.336868,37.976279,532.0000
static,-0.336868,38.021194,545.0000
static,-0.336868,38.066110,571.0000
static,-0.336868,38.111026,528.0000
static,-0.336868,38.155942,550.0000
static,-0.336868,38.200857,580.0000
static,-0.336868,38.245773,662.0000
static,-0.336868,38.290689,688.0000
static,-0.336868,38.335605,666.0000
static,-0.336868,38.380521,645.0000
static,-0.336868,38.425436,608.0000
static,-0.336868,38.470352,559.0000
static,-0.336868,38.515268,544.0000
static,-0.336868,38.560184,502.0000
static,-0.336868,38.605099,491.0000
static,-0.336868,38.650015,474.0000
static,-0.336868,38.694931,457.0000
static,-0.336868,38.739847,427.0000
static,-0.336868,38.784762,389.0000
static,-0.336868,38.829678,363.0000
static,-0.336868,38.874594,352.0000
static,-0.336868,38.919510,313.0000
static,-0.336868,38.964425,308.0000
static,-0.336868,39.009341,330.0000
static,-0.336868,39.054257,313.0000
static,-0.336868,39.099173,281.0000
static,-0.336868,39.144089,301.0000
static,-0.336868,39.189004,280.0000
static,-0.336868,39.233920,278.0000
static,-0.336868,39.278836,284.0000
static,-0.336868,39.323752,299.0000
static,-0.336868,39.368667,288.0000
static,-0.336868,39.413583,235.0000
static,-0.336868,39.458499,207.0000
static,-0.336868,39.503415,176.0000
static,-0.336868,39.548330,154.0000
static,-0.336868,39.593246,168.0000
static,-0.336868,39.638162,197.0000
static,-0.336868,39.683078,236.0000
static,-0.336868,39.727993,242.0000
static,-0.336868,39.772909,230.0000
static,-0.336868,39.817825,222.0000
static,-0.336868,39.862741,216.0000
static,-0.336868,39.907656,210.0000
static,-0.336868,39.952572,195.0000
static,-0.336868,39.997488,184.0000
static,-0.336868,40.042404,173.0000
static,-0.336868,40.087320,162.0000
static,-0.336868,40.132235,147.0000
static,-0.336868,40.177151,140.0000
static,-0.336868,40.222067,137.0000
static,-0.336868,40.266983,139.0000
static,-0.336868,40.311898,142.0000
static,-0.336868,40.356814,146.0000
static,-0.336868,40.401730,147.0000
static,-0.336868,40.446646,151.0000
static,-0.336868,40.491561,148.0000
static,-0.336868,40.536477,144.0000
static,-0.336868,40.581393,138.0000
static,-0.336868,40.626309,124.0000
static,-0.336868,40.671224,127.0000
static,-0.336868,40.716140,129.0000
static,-0.336868,40.761056,123.0000
static,-0.336868,40.805972,110.0000
static,-0.336868,40.850888,106.0000
static,-0.336868,40.895803,102.0000
static,-0.336868,40.940719,98.0000
static,-0.336868,40.985635,88.0000
static,-0.381784,33.933860,1134.0000
static,-0.381784,33.978776,1134.0000
static,-0.381784,34.023691,1134.0000
static,-0.381784,34.068607,1134.0000
static,-0.381784,34.113523,1134.0000
static,-0.381784,34.158439,1171.0000
static,-0.381784,34.203354,1149.0000
static,-0.381784,34.248270,1134.0000
static,-0.381784,34.293186,1137.0000
static,-0.381784,34.338102,1134.0000
static,-0.381784,34.383017,1134.0000
static,-0.381784,34.427933,1134.0000
static,-0.381784,34.472849,1410.0000
static,-0.381784,34.517765,1334.0000
static,-0.381784,34.562681,1207.0000
static,-0.381784,34.607596,1155.0000
static,-0.381784,34.652512,1233.0000
static,-0.381784,34.697428,1292.0000
static,-0.381784,34.742344,1332.0000
static,-0.381784,34.787259,1406.0000
static,-0.381784,34.832175,1424.0000
static,-0.381784,34.877091,1446.0000
static,-0.381784,34.922007,1464.0000
static,-0.381784,34.966922,1570.0000
static,-0.381784,35.011838,1588.0000
static,-0.381784,35.056754,1757.0000
static,-0.381784,35.101670,1774.0000
static,-0.381784,35.146585,1868.0000
static,-0.381784,35.191501,1869.0000
static,-0.381784,35.236417,1939.0000
static,-0.381784,35.281333,1963.0000
static,-0.381784,35.326249,2156.0000
static,-0.381784,35.371164,2260.0000
static,-0.381784,35.416080,2348.0000
static,-0.381784,35.460996,2401.0000
static,-0.381784,35.505912,2483.0000
static,-0.381784,35.550827,2533.0000
static,-0.381784,35.595743,2566.0000
static,-0.381784,35.640659,2624.0000
static,-0.381784,35.685575,2750.0000
static,-0.381784,35.730490,2853.0000
static,-0.381784,35.775406,2890.0000
static,-0.381784,35.820322,2784.0000
static,-0.381784,35.865238,2525.0000
static,-0.381784,35.910153,2392.0000
static,-0.381784,35.955069,2266.0000
static,-0.381784,35.999985,2024.0000
static,-0.381784,36.044901,1871.0000
static,-0.381784,36.089817,1759.0000
static,-0.381784,36.134732,1838.0000
static,-0.381784,36.179648,1874.0000
static,-0.381784,36.224564,1830.0000
static,-0.381784,36.269480,2141.0000
static,-0.381784,36.314395,2348.0000
static,-0.381784,36.359311,2260.0000
static,-0.381784,36.404227,2232.0000
static,-0.381784,36.449143,2270.0000
static,-0.381784,36.494058,2374.0000
static,-0.381784,36.538974,2739.0000
static,-0.381784,36.583890,3158.0000
static,-0.381784,36.628806,3712.0000
static,-0.381784,36.673721,3488.0000
static,-0.381784,36.718637,2987.0000
static,-0.381784,36.763553,2685.0000
static,-0.381784,36.808469,2452.0000
static,-0.381784,36.853385,2044.0000
static,-0.381784,36.898300,1917.0000
static,-0.381784,36.943216,1804.0000
static,-0.381784,36.988132,1739.0000
static,-0.381784,37.033048,1760.0000
static,-0.381784,37.077963,1830.0000
static,-0.381784,37.122879,1945.0000
static,-0.381784,37.167795,1988.0000
static,-0.381784,37.212711,2175.0000
static,-0.381784,37.257626,2112.0000
static,-0.381784,37.302542,2017.0000
static,-0.381784,37.347458,1932.0000
static,-0.381784,37.392374,1855.0000
static,-0.381784,37.437289,1832.0000
static,-0.381784,37.482205,1782.0000
static,-0.381784,37.527121,1777.0000
static,-0.381784,37.572037,1526.0000
static,-0.381784,37.616953,1443.0000
static,-0.381784,37.661868,1354.0000
static,-0.381784,37.706784,1107.0000
static,-0.381784,37.751700,909.0000
static,-0.381784,37.796616,817.0000
static,-0.381784,37.841531,775.0000
static,-0.381784,37.886447,656.0000
static,-0.381784,37.931363,617.0000
static,-0.381784,37.976279,526.0000
static,-0.381784,38.021194,598.0000
static,-0.381784,38.066110,664.0000
static,-0.381784,38.111026,658.0000
static,-0.381784,38.155942,652.0000
static,-0.381784,38.200857,648.0000
static,-0.381784,38.245773,736.0000
static,-0.381784,38.290689,753.0000
static,-0.381784,38.335605,731.0000
static,-0.381784,38.380521,707.0000
static,-0.381784,38.425436,630.0000
static,-0.381784,38.470352,609.0000
static,-0.381784,38.515268,580.0000
static,-0.381784,38.560184,535.0000
static,-0.381784,38.605099,520.0000
static,-0.381784,38.650015,496.0000
static,-0.381784,38.694931,478.0000
static,-0.381784,38.739847,441.0000
static,-0.381784,38.784762,434.0000
static,-0.381784,38.829678,402.0000
static,-0.381784,38.874594,381.0000
static,-0.381784,38.919510,358.0000
static,-0.381784,38.964425,357.0000
static,-0.381784,39.009341,350.0000
static,-0.381784,39.054257,328.0000
static,-0.381784,39.099173,332.0000
static,-0.381784,39.144089,319.0000
static,-0.381784,39.189004,329.0000
static,-0.381784,39.233920,336.0000
static,-0.381784,39.278836,310.0000
static,-0.381784,39.323752,296.0000
static,-0.381784,39.368667,283.0000
static,-0.381784,39.413583,267.0000
static,-0.381784,39.458499,255.0000
static,-0.381784,39.503415,231.0000
static,-0.381784,39.548330,197.0000
static,-0.381784,39.593246,145.0000
static,-0.381784,39.638162,162.0000
static,-0.381784,39.683078,201.0000
static,-0.381784,39.727993,230.0000
static,-0.381784,39.772909,229.0000
static,-0.381784,39.817825,222.0000
static,-0.381784,39.862741,215.0000
static,-0.381784,39.907656,211.0000
static,-0.381784,39.952572,195.0000
static,-0.381784,39.997488,188.0000
static,-0.381784,40.042404,181.0000
static,-0.381784,40.087320,174.0000
static,-0.381784,40.132235,155.0000
static,-0.381784,40.177151,147.0000
static,-0.381784,40.222067,138.0000
static,-0.381784,40.266983,133.0000
static,-0.381784,40.311898,134.0000
static,-0.381784,40.356814,136.0000
static,-0.381784,40.401730,137.0000
static,-0.381784,40.446646,146.0000
static,-0.381784,40.491561,146.0000
static,-0.381784,40.536477,145.0000
static,-0.381784,40.581393,142.0000
static,-0.381784,40.626309,124.0000
static,-0.381784,40.671224,120.0000
static,-0.381784,40.716140,123.0000
static,-0.381784,40.761056,121.0000
static,-0.381784,40.805972,112.0000
static,-0.381784,40.850888,105.0000
static,-0.381784,40.895803,98.0000
static,-0.381784,40.940719,95.0000
static,-0.381784,40.985635,86.0000
static,-0.426700,33.933860,1134.0000
static,-0.426700,33.978776,1141.0000
static,-0.426700,34.023691,1167.0000
static,-0.426700,34.068607,1134.0000
static,-0.426700,34.113523,1134.0000
static,-0.426700,34.158439,1180.0000
static,-0.426700,34.203354,1143.0000
static,-0.426700,34.248270,1137.0000
static,-0.426700,34.293186,1134.0000
static,-0.426700,34.338102,1134.0000
static,-0.426700,34.383017,1134.0000
static,-0.426700,34.427933,1134.0000
static,-0.426700,34.472849,1210.0000
static,-0.426700,34.517765,1222.0000
static,-0.426700,34.562681,1197.0000
static,-0.426700,34.607596,1201.0000
static,-0.426700,34.652512,1258.0000
static,-0.426700,34.697428,1308.0000
static,-0.426700,34.742344,1338.0000
static,-0.426700,34.787259,1349.0000
static,-0.426700,34.832175,1435.0000
static,-0.426700,34.877091,1486.0000
static,-0.426700,34.922007,1517.0000
static,-0.426700,34.966922,1526.0000
static,-0.426700,35.011838,1597.0000
static,-0.426700,35.056754,1744.0000
static,-0.426700,35.101670,1743.0000
static,-0.426700,35.146585,1775.0000
static,-0.426700,35.191501,1848.0000
static,-0.426700,35.236417,1901.0000
static,-0.426700,35.281333,1974.0000
static,-0.426700,35.326249,2156.0000
static,-0.426700,35.371164,2264.0000
static,-0.426700,35.416080,2346.0000
static,-0.426700,35.460996,2366.0000
static,-0.426700,35.505912,2457.0000
static,-0.426700,35.550827,2523.0000
static,-0.426700,35.595743,2564.0000
static,-0.426700,35.640659,2569.0000
static,-0.426700,35.685575,2708.0000
static,-0.426700,35.730490,2819.0000
static,-0.426700,35.775406,2892.0000
static,-0.426700,35.820322,2918.0000
static,-0.426700,35.865238,2637.0000
static,-0.426700,35.910153,2526.0000
static,-0.426700,35.955069,2380.0000
static,-0.426700,35.999985,2062.0000
static,-0.426700,36.044901,1978.0000
static,-0.426700,36.089817,1781.0000
static,-0.426700,36.134732,1791.0000
static,-0.426700,36.179648,1849.0000
static,-0.426700,36.224564,1780.0000
static,-0.426700,36.269480,1937.0000
static,-0.426700,36.314395,2178.0000
static,-0.426700,36.359311,2193.0000
static,-0.426700,36.404227,2179.0000
static,-0.426700,36.449143,2269.0000
static,-0.426700,36.494058,2362.0000
static,-0.426700,36.538974,3058.0000
static,-0.426700,36.583890,2830.0000
static,-0.426700,36.628806,3220.0000
static,-0.426700,36.673721,3330.0000
static,-0.426700,36.718637,3067.0000
static,-0.426700,36.763553,2751.0000
static,-0.426700,36.808469,2477.0000
static,-0.426700,36.853385,2047.0000
static,-0.426700,36.898300,1945.0000
static,-0.426700,36.943216,1821.0000
static,-0.426700,36.988132,1743.0000
static,-0.426700,37.033048,1715.0000
static,-0.426700,37.077963,1795.0000
static,-0.426700,37.122879,1868.0000
static,-0.426700,37.167795,1889.0000
static,-0.426700,37.212711,1954.0000
static,-0.426700,37.257626,1907.0000
static,-0.426700,37.302542,1831.0000
static,-0.426700,37.347458,1732.0000
static,-0.426700,37.392374,1695.0000
static,-0.426700,37.437289,1692.0000
static,-0.426700,37.482205,1689.0000
static,-0.426700,37.527121,1674.0000
static,-0.426700,37.572037,1469.0000
static,-0.426700,37.616953,1383.0000
static,-0.426700,37.661868,1290.0000
static,-0.426700,37.706784,1110.0000
static,-0.426700,37.751700,975.0000
static,-0.426700,37.796616,832.0000
static,-0.426700,37.841531,791.0000
static,-0.426700,37.886447,644.0000
static,-0.426700,37.931363,577.0000
static,-0.426700,37.976279,575.0000
static,-0.426700,38.021194,699.0000
static,-0.426700,38.066110,688.0000
static,-0.426700,38.111026,684.0000
static,-0.426700,38.155942,711.0000
static,-0.426700,38.200857,682.0000
static,-0.426700,38.245773,774.0000
static,-0.426700,38.290689,780.0000
static,-0.426700,38.335605,747.0000
static,-0.426700,38.380521,717.0000
static,-0.426700,38.425436,653.0000
static,-0.426700,38.470352,619.0000
static,-0.426700,38.515268,594.0000
static,-0.426700,38.560184,550.0000
static,-0.426700,38.605099,535.0000
static,-0.426700,38.650015,517.0000
static,-0.426700,38.694931,496.0000
static,-0.426700,38.739847,472.0000
static,-0.426700,38.784762,451.0000
static,-0.426700,38.829678,427.0000
static,-0.426700,38.874594,413.0000
static,-0.426700,38.919510,393.0000
static,-0.426700,38.964425,381.0000
static,-0.426700,39.009341,353.0000
static,-0.426700,39.054257,358.0000
static,-0.426700,39.099173,357.0000
static,-0.426700,39.144089,351.0000
static,-0.426700,39.189004,355.0000
static,-0.426700,39.233920,344.0000
static,-0.426700,39.278836,315.0000
static,-0.426700,39.323752,310.0000
static,-0.426700,39.368667,299.0000
static,-0.426700,39.413583,256.0000
static,-0.426700,39.458499,238.0000
static,-0.426700,39.503415,222.0000
static,-0.426700,39.548330,207.0000
static,-0.426700,39.593246,143.0000
static,-0.426700,39.638162,153.0000
static,-0.426700,39.683078,191.0000
static,-0.426700,39.727993,226.0000
static,-0.426700,39.772909,221.0000
static,-0.426700,39.817825,220.0000
static,-0.426700,39.862741,215.0000
static,-0.426700,39.907656,210.0000
static,-0.426700,39.952572,199.0000
static,-0.426700,39.997488,192.0000
static,-0.426700,40.042404,184.0000
static,-0.426700,40.087320,176.0000
static,-0.426700,40.132235,162.0000
static,-0.426700,40.177151,153.0000
static,-0.426700,40.222067,147.0000
static,-0.426700,40.266983,134.0000
static,-0.426700,40.311898,133.0000
static,-0.426700,40.356814,135.0000
static,-0.426700,40.401730,136.0000
static,-0.426700,40.446646,139.0000
static,-0.426700,40.491561,141.0000
static,-0.426700,40.536477,139.0000
static,-0.426700,40.581393,135.0000
static,-0.426700,40.626309,125.0000
static,-0.426700,40.671224,119.0000
static,-0.426700,40.716140,118.0000
static,-0.426700,40.761056,121.0000
static,-0.426700,40.805972,112.0000
static,-0.426700,40.850888,106.0000
static,-0.426700,40.895803,99.0000
static,-0.426700,40.940719,94.0000
static,-0.426700,40.985635,85.0000
static,-0.471616,33.933860,1134.0000
static,-0.471616,33.978776,1253.0000
static,-0.471616,34.023691,1411.0000
static,-0.471616,34.068607,1196.0000
static,-0.471616,34.113523,1137.0000
static,-0.471616,34.158439,1139.0000
static,-0.471616,34.203354,1217.0000
static,-0.471616,34.248270,1225.0000
static,-0.471616,34.293186,1160.0000
static,-0.471616,34.338102,1135.0000
static,-0.471616,34.383017,1154.0000
static,-0.471616,34.427933,1137.0000
static,-0.471616,34.472849,1136.0000
static,-0.471616,34.517765,1146.0000
static,-0.471616,34.562681,1162.0000
static,-0.471616,34.607596,1182.0000
static,-0.471616,34.652512,1300.0000
static,-0.471616,34.697428,1396.0000
static,-0.471616,34.742344,1403.0000
static,-0.471616,34.787259,1385.0000
static,-0.471616,34.832175,1467.0000
static,-0.471616,34.877091,1481.0000
static,-0.471616,34.922007,1523.0000
static,-0.471616,34.966922,1608.0000
static,-0.471616,35.011838,1686.0000
static,-0.471616,35.056754,1722.0000
static,-0.471616,35.101670,1709.0000
static,-0.471616,35.146585,1738.0000
static,-0.471616,35.191501,1809.0000
static,-0.471616,35.236417,1863.0000
static,-0.471616,35.281333,1961.0000
static,-0.471616,35.326249,2134.0000
static,-0.471616,35.371164,2236.0000
static,-0.471616,35.416080,2296.0000
static,-0.471616,35.460996,2305.0000
static,-0.471616,35.505912,2442.0000
static,-0.471616,35.550827,2484.0000
static,-0.471616,35.595743,2482.0000
static,-0.471616,35.640659,2516.0000
static,-0.471616,35.685575,2660.0000
static,-0.471616,35.730490,2752.0000
static,-0.471616,35.775406,2829.0000
static,-0.471616,35.820322,2915.0000
static,-0.471616,35.865238,2875.0000
static,-0.471616,35.910153,2675.0000
static,-0.471616,35.955069,2478.0000
static,-0.471616,35.999985,2121.0000
static,-0.471616,36.044901,1979.0000
static,-0.471616,36.089817,1802.0000
static,-0.471616,36.134732,1799.0000
static,-0.471616,36.179648,1833.0000
static,-0.471616,36.224564,1783.0000
static,-0.471616,36.269480,1818.0000
static,-0.471616,36.314395,2005.0000
static,-0.471616,36.359311,2120.0000
static,-0.471616,36.404227,2131.0000
static,-0.471616,36.449143,2231.0000
static,-0.471616,36.494058,2375.0000
static,-0.471616,36.538974,2856.0000
static,-0.471616,36.583890,2709.0000
static,-0.471616,36.628806,2737.0000
static,-0.471616,36.673721,3107.0000
static,-0.471616,36.718637,2958.0000
static,-0.471616,36.763553,2707.0000
static,-0.471616,36.808469,2455.0000
static,-0.471616,36.853385,2143.0000
static,-0.471616,36.898300,1963.0000
static,-0.471616,36.943216,1841.0000
static,-0.471616,36.988132,1767.0000
static,-0.471616,37.033048,1691.0000
static,-0.471616,37.077963,1756.0000
static,-0.471616,37.122879,1791.0000
static,-0.471616,37.167795,1784.0000
static,-0.471616,37.212711,1750.0000
static,-0.471616,37.257626,1727.0000
static,-0.471616,37.302542,1662.0000
static,-0.471616,37.347458,1596.0000
static,-0.471616,37.392374,1584.0000
static,-0.471616,37.437289,1584.0000
static,-0.471616,37.482205,1592.0000
static,-0.471616,37.527121,1529.0000
static,-0.471616,37.572037,1351.0000
static,-0.471616,37.616953,1290.0000
static,-0.471616,37.661868,1248.0000
static,-0.471616,37.706784,1092.0000
static,-0.471616,37.751700,935.0000
static,-0.471616,37.796616,834.0000
static,-0.471616,37.841531,791.0000
static,-0.471616,37.886447,629.0000
static,-0.471616,37.931363,617.0000
static,-0.471616,37.976279,738.0000
static,-0.471616,38.021194,797.0000
static,-0.471616,38.066110,724.0000
static,-0.471616,38.111026,732.0000
static,-0.471616,38.155942,755.0000
static,-0.471616,38.200857,746.0000
static,-0.471616,38.245773,808.0000
static,-0.471616,38.290689,793.0000
static,-0.471616,38.335605,771.0000
static,-0.471616,38.380521,740.0000
static,-0.471616,38.425436,674.0000
static,-0.471616,38.470352,635.0000
static,-0.471616,38.515268,609.0000
static,-0.471616,38.560184,569.0000
static,-0.471616,38.605099,545.0000
static,-0.471616,38.650015,520.0000
static,-0.471616,38.694931,497.0000
static,-0.471616,38.739847,502.0000
static,-0.471616,38.784762,477.0000
static,-0.471616,38.829678,467.0000
static,-0.471616,38.874594,446.0000
static,-0.471616,38.919510,401.0000
static,-0.471616,38.964425,380.0000
static,-0.471616,39.009341,373.0000
static,-0.471616,39.054257,389.0000
static,-0.471616,39.099173,364.0000
static,-0.471616,39.144089,353.0000
static,-0.471616,39.189004,345.0000
static,-0.471616,39.233920,340.0000
static,-0.471616,39.278836,324.0000
static,-0.471616,39.323752,313.0000
static,-0.471616,39.368667,301.0000
static,-0.471616,39.413583,273.0000
static,-0.471616,39.458499,265.0000
static,-0.471616,39.503415,254.0000
static,-0.471616,39.548330,234.0000
static,-0.471616,39.593246,145.0000
static,-0.471616,39.638162,146.0000
static,-0.471616,39.683078,173.0000
static,-0.471616,39.727993,203.0000
static,-0.471616,39.772909,214.0000
static,-0.471616,39.817825,212.0000
static,-0.471616,39.862741,211.0000
static,-0.471616,39.907656,207.0000
static,-0.471616,39.952572,195.0000
static,-0.471616,39.997488,190.0000
static,-0.471616,40.042404,185.0000
static,-0.471616,40.087320,177.0000
static,-0.471616,40.132235,162.0000
static,-0.471616,40.177151,155.0000
static,-0.471616,40.222067,150.0000
static,-0.471616,40.266983,140.0000
static,-0.471616,40.311898,137.0000
static,-0.471616,40.356814,137.0000
static,-0.471616,40.401730,138.0000
static,-0.471616,40.446646,134.0000
static,-0.471616,40.491561,134.0000
static,-0.471616,40.536477,136.0000
static,-0.471616,40.581393,134.0000
static,-0.471616,40.626309,127.0000
static,-0.471616,40.671224,120.0000
static,-0.471616,40.716140,116.0000
static,-0.471616,40.761056,121.0000
static,-0.471616,40.805972,112.0000
static,-0.471616,40.850888,108.0000
static,-0.471616,40.895803,102.0000
static,-0.471616,40.940719,96.0000
static,-0.471616,40.985635,83.0000
static,-0.516531,33.933860,1134.0000
static,-0.516531,33.978776,1134.0000
static,-0.516531,34.023691,1134.0000
static,-0.516531,34.068607,1134.0000
static,-0.516531,34.113523,1145.0000
static,-0.516531,34.158439,1168.0000
static,-0.516531,34.203354,1344.0000
static,-0.516531,34.248270,1343.0000
static,-0.516531,34.293186,1192.0000
static,-0.516531,34.338102,1250.0000
static,-0.516531,34.383017,1260.0000
static,-0.516531,34.427933,1151.0000
static,-0.516531,34.472849,1196.0000
static,-0.516531,34.517765,1262.0000
static,-0.516531,34.562681,1251.0000
static,-0.516531,34.607596,1301.0000
static,-0.516531,34.652512,1328.0000
static,-0.516531,34.697428,1383.0000
static,-0.516531,34.742344,1473.0000
static,-0.516531,34.787259,1560.0000
static,-0.516531,34.832175,1717.0000
static,-0.516531,34.877091,1760.0000
static,-0.516531,34.922007,1906.0000
static,-0.516531,34.966922,1848.0000
static,-0.516531,35.011838,1822.0000
static,-0.516531,35.056754,1796.0000
static,-0.516531,35.101670,1710.0000
static,-0.516531,35.146585,1861.0000
static,-0.516531,35.191501,1856.0000
static,-0.516531,35.236417,1912.0000
static,-0.516531,35.281333,1965.0000
static,-0.516531,35.326249,2105.0000
static,-0.516531,35.371164,2137.0000
static,-0.516531,35.416080,2225.0000
static,-0.516531,35.460996,2308.0000
static,-0.516531,35.505912,2355.0000
static,-0.516531,35.550827,2385.0000
static,-0.516531,35.595743,2443.0000
static,-0.516531,35.640659,2515.0000
static,-0.516531,35.685575,2588.0000
static,-0.516531,35.730490,2628.0000
static,-0.516531,35.775406,2715.0000
static,-0.516531,35.820322,2793.0000
static,-0.516531,35.865238,2948.0000
static,-0.516531,35.910153,2880.0000
static,-0.516531,35.955069,2710.0000
static,-0.516531,35.999985,2359.0000
static,-0.516531,36.044901,2159.0000
static,-0.516531,36.089817,1919.0000
static,-0.516531,36.134732,1882.0000
static,-0.516531,36.179648,1868.0000
static,-0.516531,36.224564,1886.0000
static,-0.516531,36.269480,1929.0000
static,-0.516531,36.314395,1982.0000
static,-0.516531,36.359311,2000.0000
static,-0.516531,36.404227,2057.0000
static,-0.516531,36.449143,2325.0000
static,-0.516531,36.494058,2396.0000
static,-0.516531,36.538974,2445.0000
static,-0.516531,36.583890,2504.0000
static,-0.516531,36.628806,2582.0000
static,-0.516531,36.673721,3058.0000
static,-0.516531,36.718637,2913.0000
static,-0.516531,36.763553,2730.0000
static,-0.516531,36.808469,2526.0000
static,-0.516531,36.853385,2072.0000
static,-0.516531,36.898300,1935.0000
static,-0.516531,36.943216,1846.0000
static,-0.516531,36.988132,1796.0000
static,-0.516531,37.033048,1668.0000
static,-0.516531,37.077963,1618.0000
static,-0.516531,37.122879,1618.0000
static,-0.516531,37.167795,1588.0000
static,-0.516531,37.212711,1475.0000
static,-0.516531,37.257626,1430.0000
static,-0.516531,37.302542,1393.0000
static,-0.516531,37.347458,1370.0000
static,-0.516531,37.392374,1390.0000
static,-0.516531,37.437289,1380.0000
static,-0.516531,37.482205,1355.0000
static,-0.516531,37.527121,1307.0000
static,-0.516531,37.572037,1248.0000
static,-0.516531,37.616953,1170.0000
static,-0.516531,37.661868,1141.0000
static,-0.516531,37.706784,1050.0000
static,-0.516531,37.751700,903.0000
static,-0.516531,37.796616,755.0000
static,-0.516531,37.841531,700.0000
static,-0.516531,37.886447,645.0000
static,-0.516531,37.931363,901.0000
static,-0.516531,37.976279,1270.0000
static,-0.516531,38.021194,1295.0000
static,-0.516531,38.066110,834.0000
static,-0.516531,38.111026,857.0000
static,-0.516531,38.155942,856.0000
static,-0.516531,38.200857,861.0000
static,-0.516531,38.245773,838.0000
static,-0.516531,38.290689,796.0000
static,-0.516531,38.335605,767.0000
static,-0.516531,38.380521,733.0000
static,-0.516531,38.425436,679.0000
static,-0.516531,38.470352,650.0000
static,-0.516531,38.515268,624.0000
static,-0.516531,38.560184,576.0000
static,-0.516531,38.605099,562.0000
static,-0.516531,38.650015,552.0000
static,-0.516531,38.694931,549.0000
static,-0.516531,38.739847,507.0000
static,-0.516531,38.784762,489.0000
static,-0.516531,38.829678,474.0000
static,-0.516531,38.874594,459.0000
static,-0.516531,38.919510,421.0000
static,-0.516531,38.964425,408.0000
static,-0.516531,39.009341,395.0000
static,-0.516531,39.054257,379.0000
static,-0.516531,39.099173,379.0000
static,-0.516531,39.144089,369.0000
static,-0.516531,39.189004,353.0000
static,-0.516531,39.233920,334.0000
static,-0.516531,39.278836,304.0000
static,-0.516531,39.323752,305.0000
static,-0.516531,39.368667,295.0000
static,-0.516531,39.413583,276.0000
static,-0.516531,39.458499,266.0000
static,-0.516531,39.503415,248.0000
static,-0.516531,39.548330,239.0000
static,-0.516531,39.593246,183.0000
static,-0.516531,39.638162,148.0000
static,-0.516531,39.683078,134.0000
static,-0.516531,39.727993,157.0000
static,-0.516531,39.772909,199.0000
static,-0.516531,39.817825,194.0000
static,-0.516531,39.862741,197.0000
static,-0.516531,39.907656,194.0000
static,-0.516531,39.952572,185.0000
static,-0.516531,39.997488,183.0000
static,-0.516531,40.042404,179.0000
static,-0.516531,40.087320,175.0000
static,-0.516531,40.132235,163.0000
static,-0.516531,40.177151,156.0000
static,-0.516531,40.222067,145.0000
static,-0.516531,40.266983,145.0000
static,-0.516531,40.311898,143.0000
static,-0.516531,40.356814,141.0000
static,-0.516531,40.401730,140.0000
static,-0.516531,40.446646,140.0000
static,-0.516531,40.491561,138.0000
static,-0.516531,40.536477,130.0000
static,-0.516531,40.581393,134.0000
static,-0.516531,40.626309,125.0000
static,-0.516531,40.671224,121.0000
static,-0.516531,40.716140,115.0000
static,-0.516531,40.761056,113.0000
static,-0.516531,40.805972,112.0000
static,-0.516531,40.850888,108.0000
static,-0.516531,40.895803,102.0000
static,-0.516531,40.940719,96.0000
static,-0.516531,40.985635,90.0000
static,-0.561447,33.933860,1134.0000
static,-0.561447,33.978776,1134.0000
static,-0.561447,34.023691,1134.0000
static,-0.561447,34.068607,1149.0000
static,-0.561447,34.113523,1218.0000
static,-0.561447,34.158439,1387.0000
static,-0.561447,34.203354,1297.0000
static,-0.561447,34.248270,1372.0000
static,-0.561447,34.293186,1199.0000
static,-0.561447,34.338102,1269.0000
static,-0.561447,34.383017,1271.0000
static,-0.561447,34.427933,1209.0000
static,-0.561447,34.472849,1245.0000
static,-0.561447,34.517765,1312.0000
static,-0.561447,34.562681,1306.0000
static,-0.561447,34.607596,1346.0000
static,-0.561447,34.652512,1396.0000
static,-0.561447,34.697428,1457.0000
static,-0.561447,34.742344,1507.0000
static,-0.561447,34.787259,1591.0000
static,-0.561447,34.832175,1788.0000
static,-0.561447,34.877091,1920.0000
static,-0.561447,34.922007,1976.0000
static,-0.561447,34.966922,1985.0000
static,-0.561447,35.011838,1923.0000
static,-0.561447,35.056754,1844.0000
static,-0.561447,35.101670,1748.0000
static,-0.561447,35.146585,1901.0000
static,-0.561447,35.191501,1918.0000
static,-0.561447,35.236417,1926.0000
static,-0.561447,35.281333,1977.0000
static,-0.561447,35.326249,2051.0000
static,-0.561447,35.371164,2127.0000
static,-0.561447,35.416080,2209.0000
static,-0.561447,35.460996,2265.0000
static,-0.561447,35.505912,2329.0000
static,-0.561447,35.550827,2377.0000
static,-0.561447,35.595743,2413.0000
static,-0.561447,35.640659,2482.0000
static,-0.561447,35.685575,2565.0000
static,-0.561447,35.730490,2614.0000
static,-0.561447,35.775406,2665.0000
static,-0.561447,35.820322,2738.0000
static,-0.561447,35.865238,2877.0000
static,-0.561447,35.910153,2878.0000
static,-0.561447,35.955069,2785.0000
static,-0.561447,35.999985,2508.0000
static,-0.561447,36.044901,2385.0000
static,-0.561447,36.089817,2032.0000
static,-0.561447,36.134732,1983.0000
static,-0.561447,36.179648,1947.0000
static,-0.561447,36.224564,1938.0000
static,-0.561447,36.269480,1963.0000
static,-0.561447,36.314395,2002.0000
static,-0.561447,36.359311,1949.0000
static,-0.561447,36.404227,1996.0000
static,-0.561447,36.449143,2302.0000
static,-0.561447,36.494058,2419.0000
static,-0.561447,36.538974,2448.0000
static,-0.561447,36.583890,2486.0000
static,-0.561447,36.628806,2580.0000
static,-0.561447,36.673721,2933.0000
static,-0.561447,36.718637,2990.0000
static,-0.561447,36.763553,2782.0000
static,-0.561447,36.808469,2507.0000
static,-0.561447,36.853385,2058.0000
static,-0.561447,36.898300,1939.0000
static,-0.561447,36.943216,1844.0000
static,-0.561447,36.988132,1800.0000
static,-0.561447,37.033048,1685.0000
static,-0.561447,37.077963,1631.0000
static,-0.561447,37.122879,1553.0000
static,-0.561447,37.167795,1463.0000
static,-0.561447,37.212711,1358.0000
static,-0.561447,37.257626,1320.0000
static,-0.561447,37.302542,1300.0000
static,-0.561447,37.347458,1295.0000
static,-0.561447,37.392374,1315.0000
static,-0.561447,37.437289,1288.0000
static,-0.561447,37.482205,1269.0000
static,-0.561447,37.527121,1239.0000
static,-0.561447,37.572037,1255.0000
static,-0.561447,37.616953,1169.0000
static,-0.561447,37.661868,1213.0000
static,-0.561447,37.706784,1287.0000
static,-0.561447,37.751700,862.0000
static,-0.561447,37.796616,750.0000
static,-0.561447,37.841531,731.0000
static,-0.561447,37.886447,663.0000
static,-0.561447,37.931363,999.0000
static,-0.561447,37.976279,1014.0000
static,-0.561447,38.021194,1153.0000
static,-0.561447,38.066110,898.0000
static,-0.561447,38.111026,918.0000
static,-0.561447,38.155942,909.0000
static,-0.561447,38.200857,915.0000
static,-0.561447,38.245773,834.0000
static,-0.561447,38.290689,795.0000
static,-0.561447,38.335605,756.0000
static,-0.561447,38.380521,733.0000
static,-0.561447,38.425436,680.0000
static,-0.561447,38.470352,665.0000
static,-0.561447,38.515268,646.0000
static,-0.561447,38.560184,598.0000
static,-0.561447,38.605099,581.0000
static,-0.561447,38.650015,572.0000
static,-0.561447,38.694931,552.0000
static,-0.561447,38.739847,499.0000
static,-0.561447,38.784762,478.0000
static,-0.561447,38.829678,464.0000
static,-0.561447,38.874594,449.0000
static,-0.561447,38.919510,414.0000
static,-0.561447,38.964425,394.0000
static,-0.561447,39.009341,375.0000
static,-0.561447,39.054257,362.0000
static,-0.561447,39.099173,346.0000
static,-0.561447,39.144089,349.0000
static,-0.561447,39.189004,351.0000
static,-0.561447,39.233920,339.0000
static,-0.561447,39.278836,305.0000
static,-0.561447,39.323752,290.0000
static,-0.561447,39.368667,290.0000
static,-0.561447,39.413583,270.0000
static,-0.561447,39.458499,263.0000
static,-0.561447,39.503415,245.0000
static,-0.561447,39.548330,230.0000
static,-0.561447,39.593246,198.0000
static,-0.561447,39.638162,172.0000
static,-0.561447,39.683078,137.0000
static,-0.561447,39.727993,133.0000
static,-0.561447,39.772909,175.0000
static,-0.561447,39.817825,178.0000
static,-0.561447,39.862741,190.0000
static,-0.561447,39.907656,186.0000
static,-0.561447,39.952572,178.0000
static,-0.561447,39.997488,175.0000
static,-0.561447,40.042404,175.0000
static,-0.561447,40.087320,172.0000
static,-0.561447,40.132235,163.0000
static,-0.561447,40.177151,157.0000
static,-0.561447,40.222067,147.0000
static,-0.561447,40.266983,135.0000
static,-0.561447,40.311898,140.0000
static,-0.561447,40.356814,141.0000
static,-0.561447,40.401730,138.0000
static,-0.561447,40.446646,137.0000
static,-0.561447,40.491561,140.0000
static,-0.561447,40.536477,135.0000
static,-0.561447,40.581393,131.0000
static,-0.561447,40.626309,127.0000
static,-0.561447,40.671224,122.0000
static,-0.561447,40.716140,117.0000
static,-0.561447,40.761056,112.0000
static,-0.561447,40.805972,112.0000
static,-0.561447,40.850888,108.0000
static,-0.561447,40.895803,103.0000
static,-0.561447,40.940719,98.0000
static,-0.561447,40.985635,89.0000
static,-0.606363,33.933860,1134.0000
static,-0.606363,33.978776,1134.0000
static,-0.606363,34.023691,1134.0000
static,-0.606363,34.068607,1135.0000
static,-0.606363,34.113523,1207.0000
static,-0.606363,34.158439,1619.0000
static,-0.606363,34.203354,1618.0000
static,-0.606363,34.248270,1422.0000
static,-0.606363,34.293186,1210.0000
static,-0.606363,34.338102,1205.0000
static,-0.606363,34.383017,1283.0000
static,-0.606363,34.427933,1327.0000
static,-0.606363,34.472849,1303.0000
static,-0.606363,34.517765,1338.0000
static,-0.606363,34.562681,1335.0000
static,-0.606363,34.607596,1362.0000
static,-0.606363,34.652512,1502.0000
static,-0.606363,34.697428,1496.0000
static,-0.606363,34.742344,1519.0000
static,-0.606363,34.787259,1602.0000
static,-0.606363,34.832175,1886.0000
static,-0.606363,34.877091,1948.0000
static,-0.606363,34.922007,1988.0000
static,-0.606363,34.966922,2010.0000
static,-0.606363,35.011838,1929.0000
static,-0.606363,35.056754,1826.0000
static,-0.606363,35.101670,1773.0000
static,-0.606363,35.146585,1905.0000
static,-0.606363,35.191501,1941.0000
static,-0.606363,35.236417,1965.0000
static,-0.606363,35.281333,1970.0000
static,-0.606363,35.326249,2106.0000
static,-0.606363,35.371164,2133.0000
static,-0.606363,35.416080,2234.0000
static,-0.606363,35.460996,2234.0000
static,-0.606363,35.505912,2307.0000
static,-0.606363,35.550827,2354.0000
static,-0.606363,35.595743,2393.0000
static,-0.606363,35.640659,2432.0000
static,-0.606363,35.685575,2519.0000
static,-0.606363,35.730490,2585.0000
static,-0.606363,35.775406,2644.0000
static,-0.606363,35.820322,2695.0000
static,-0.606363,35.865238,2809.0000
static,-0.606363,35.910153,2863.0000
static,-0.606363,35.955069,2806.0000
static,-0.606363,35.999985,2662.0000
static,-0.606363,36.044901,2553.0000
static,-0.606363,36.089817,2208.0000
static,-0.606363,36.134732,2117.0000
static,-0.606363,36.179648,2167.0000
static,-0.606363,36.224564,2233.0000
static,-0.606363,36.269480,2214.0000
static,-0.606363,36.314395,2126.0000
static,-0.606363,36.359311,1928.0000
static,-0.606363,36.404227,1957.0000
static,-0.606363,36.449143,2204.0000
static,-0.606363,36.494058,2439.0000
static,-0.606363,36.538974,2451.0000
static,-0.606363,36.583890,2495.0000
static,-0.606363,36.628806,2655.0000
static,-0.606363,36.673721,3054.0000
static,-0.606363,36.718637,3096.0000
static,-0.606363,36.763553,2621.0000
static,-0.606363,36.808469,2375.0000
static,-0.606363,36.853385,2050.0000
static,-0.606363,36.898300,1968.0000
static,-0.606363,36.943216,1858.0000
static,-0.606363,36.988132,1800.0000
static,-0.606363,37.033048,1607.0000
static,-0.606363,37.077963,1528.0000
static,-0.606363,37.122879,1472.0000
static,-0.606363,37.167795,1364.0000
static,-0.606363,37.212711,1272.0000
static,-0.606363,37.257626,1254.0000
static,-0.606363,37.302542,1241.0000
static,-0.606363,37.347458,1230.0000
static,-0.606363,37.392374,1221.0000
static,-0.606363,37.437289,1193.0000
static,-0.606363,37.482205,1205.0000
static,-0.606363,37.527121,1207.0000
static,-0.606363,37.572037,1202.0000
static,-0.606363,37.616953,1213.0000
static,-0.606363,37.661868,1172.0000
static,-0.606363,37.706784,1318.0000
static,-0.606363,37.751700,906.0000
static,-0.606363,37.796616,788.0000
static,-0.606363,37.841531,737.0000
static,-0.606363,37.886447,648.0000
static,-0.606363,37.931363,737.0000
static,-0.606363,37.976279,936.0000
static,-0.606363,38.021194,1190.0000
static,-0.606363,38.066110,974.0000
static,-0.606363,38.111026,979.0000
static,-0.606363,38.155942,946.0000
static,-0.606363,38.200857,928.0000
static,-0.606363,38.245773,836.0000
static,-0.606363,38.290689,794.0000
static,-0.606363,38.335605,757.0000
static,-0.606363,38.380521,724.0000
static,-0.606363,38.425436,683.0000
static,-0.606363,38.470352,654.0000
static,-0.606363,38.515268,641.0000
static,-0.606363,38.560184,604.0000
static,-0.606363,38.605099,581.0000
static,-0.606363,38.650015,559.0000
static,-0.606363,38.694931,539.0000
static,-0.606363,38.739847,502.0000
static,-0.606363,38.784762,486.0000
static,-0.606363,38.829678,469.0000
static,-0.606363,38.874594,455.0000
static,-0.606363,38.919510,418.0000
static,-0.606363,38.964425,399.0000
static,-0.606363,39.009341,378.0000
static,-0.606363,39.054257,359.0000
static,-0.606363,39.099173,328.0000
static,-0.606363,39.144089,318.0000
static,-0.606363,39.189004,316.0000
static,-0.606363,39.233920,314.0000
static,-0.606363,39.278836,303.0000
static,-0.606363,39.323752,287.0000
static,-0.606363,39.368667,276.0000
static,-0.606363,39.413583,257.0000
static,-0.606363,39.458499,248.0000
static,-0.606363,39.503415,243.0000
static,-0.606363,39.548330,223.0000
static,-0.606363,39.593246,210.0000
static,-0.606363,39.638162,192.0000
static,-0.606363,39.683078,160.0000
static,-0.606363,39.727993,137.0000
static,-0.606363,39.772909,142.0000
static,-0.606363,39.817825,164.0000
static,-0.606363,39.862741,180.0000
static,-0.606363,39.907656,180.0000
static,-0.606363,39.952572,172.0000
static,-0.606363,39.997488,168.0000
static,-0.606363,40.042404,164.0000
static,-0.606363,40.087320,161.0000
static,-0.606363,40.132235,153.0000
static,-0.606363,40.177151,151.0000
static,-0.606363,40.222067,148.0000
static,-0.606363,40.266983,132.0000
static,-0.606363,40.311898,129.0000
static,-0.606363,40.356814,137.0000
static,-0.606363,40.401730,137.0000
static,-0.606363,40.446646,134.0000
static,-0.606363,40.491561,135.0000
static,-0.606363,40.536477,134.0000
static,-0.606363,40.581393,128.0000
static,-0.606363,40.626309,130.0000
static,-0.606363,40.671224,125.0000
static,-0.606363,40.716140,120.0000
static,-0.606363,40.761056,113.0000
static,-0.606363,40.805972,106.0000
static,-0.606363,40.850888,106.0000
static,-0.606363,40.895803,103.0000
static,-0.606363,40.940719,98.0000
static,-0.606363,40.985635,89.0000
static,-0.651279,33.933860,1134.0000
static,-0.651279,33.978776,1134.0000
static,-0.651279,34.023691,1134.0000
static,-0.651279,34.068607,1202.0000
static,-0.651279,34.113523,1545.0000
static,-0.651279,34.158439,1652.0000
static,-0.651279,34.203354,1513.0000
static,-0.651279,34.248270,1290.0000
static,-0.651279,34.293186,1198.0000
static,-0.651279,34.338102,1317.0000
static,-0.651279,34.383017,1375.0000
static,-0.651279,34.427933,1368.0000
static,-0.651279,34.472849,1354.0000
static,-0.651279,34.517765,1368.0000
static,-0.651279,34.562681,1385.0000
static,-0.651279,34.607596,1383.0000
static,-0.651279,34.652512,1524.0000
static,-0.651279,34.697428,1570.0000
static,-0.651279,34.742344,1580.0000
static,-0.651279,34.787259,1611.0000
static,-0.651279,34.832175,1892.0000
static,-0.651279,34.877091,1992.0000
static,-0.651279,34.922007,1973.0000
static,-0.651279,34.966922,1921.0000
static,-0.651279,35.011838,1980.0000
static,-0.651279,35.056754,1834.0000
static,-0.651279,35.101670,1781.0000
static,-0.651279,35.146585,1893.0000
static,-0.651279,35.191501,1917.0000
static,-0.651279,35.236417,1947.0000
static,-0.651279,35.281333,1965.0000
static,-0.651279,35.326249,2044.0000
static,-0.651279,35.371164,2116.0000
static,-0.651279,35.416080,2175.0000
static,-0.651279,35.460996,2227.0000
static,-0.651279,35.505912,2264.0000
static,-0.651279,35.550827,2321.0000
static,-0.651279,35.595743,2374.0000
static,-0.651279,35.640659,2409.0000
static,-0.651279,35.685575,2485.0000
static,-0.651279,35.730490,2555.0000
static,-0.651279,35.775406,2609.0000
static,-0.651279,35.820322,2668.0000
static,-0.651279,35.865238,2749.0000
static,-0.651279,35.910153,2799.0000
static,-0.651279,35.955069,2794.0000
static,-0.651279,35.999985,2790.0000
static,-0.651279,36.044901,2756.0000
static,-0.651279,36.089817,2428.0000
static,-0.651279,36.134732,2261.0000
static,-0.651279,36.179648,2485.0000
static,-0.651279,36.224564,2600.0000
static,-0.651279,36.269480,2497.0000
static,-0.651279,36.314395,2194.0000
static,-0.651279,36.359311,1900.0000
static,-0.651279,36.404227,1922.0000
static,-0.651279,36.449143,2071.0000
static,-0.651279,36.494058,2325.0000
static,-0.651279,36.538974,2471.0000
static,-0.651279,36.583890,2517.0000
static,-0.651279,36.628806,2687.0000
static,-0.651279,36.673721,3029.0000
static,-0.651279,36.718637,3214.0000
static,-0.651279,36.763553,2650.0000
static,-0.651279,36.808469,2449.0000
static,-0.651279,36.853385,2068.0000
static,-0.651279,36.898300,1897.0000
static,-0.651279,36.943216,1813.0000
static,-0.651279,36.988132,1700.0000
static,-0.651279,37.033048,1557.0000
static,-0.651279,37.077963,1496.0000
static,-0.651279,37.122879,1427.0000
static,-0.651279,37.167795,1325.0000
static,-0.651279,37.212711,1220.0000
static,-0.651279,37.257626,1219.0000
static,-0.651279,37.302542,1202.0000
static,-0.651279,37.347458,1185.0000
static,-0.651279,37.392374,1144.0000
static,-0.651279,37.437289,1153.0000
static,-0.651279,37.482205,1156.0000
static,-0.651279,37.527121,1176.0000
static,-0.651279,37.572037,1171.0000
static,-0.651279,37.616953,1266.0000
static,-0.651279,37.661868,1107.0000
static,-0.651279,37.706784,1047.0000
static,-0.651279,37.751700,933.0000
static,-0.651279,37.796616,872.0000
static,-0.651279,37.841531,823.0000
static,-0.651279,37.886447,697.0000
static,-0.651279,37.931363,717.0000
static,-0.651279,37.976279,805.0000
static,-0.651279,38.021194,941.0000
static,-0.651279,38.066110,1040.0000
static,-0.651279,38.111026,1019.0000
static,-0.651279,38.155942,941.0000
static,-0.651279,38.200857,887.0000
static,-0.651279,38.245773,822.0000
static,-0.651279,38.290689,788.0000
static,-0.651279,38.335605,755.0000
static,-0.651279,38.380521,728.0000
static,-0.651279,38.425436,670.0000
static,-0.651279,38.470352,648.0000
static,-0.651279,38.515268,624.0000
static,-0.651279,38.560184,589.0000
static,-0.651279,38.605099,573.0000
static,-0.651279,38.650015,557.0000
static,-0.651279,38.694931,549.0000
static,-0.651279,38.739847,506.0000
static,-0.651279,38.784762,484.0000
static,-0.651279,38.829678,465.0000
static,-0.651279,38.874594,447.0000
static,-0.651279,38.919510,418.0000
static,-0.651279,38.964425,401.0000
static,-0.651279,39.009341,378.0000
static,-0.651279,39.054257,363.0000
static,-0.651279,39.099173,335.0000
static,-0.651279,39.144089,321.0000
static,-0.651279,39.189004,308.0000
static,-0.651279,39.233920,297.0000
static,-0.651279,39.278836,288.0000
static,-0.651279,39.323752,280.0000
static,-0.651279,39.368667,264.0000
static,-0.651279,39.413583,244.0000
static,-0.651279,39.458499,235.0000
static,-0.651279,39.503415,225.0000
static,-0.651279,39.548330,226.0000
static,-0.651279,39.593246,195.0000
static,-0.651279,39.638162,184.0000
static,-0.651279,39.683078,176.0000
static,-0.651279,39.727993,169.0000
static,-0.651279,39.772909,125.0000
static,-0.651279,39.817825,145.0000
static,-0.651279,39.862741,170.0000
static,-0.651279,39.907656,175.0000
static,-0.651279,39.952572,168.0000
static,-0.651279,39.997488,163.0000
static,-0.651279,40.042404,160.0000
static,-0.651279,40.087320,156.0000
static,-0.651279,40.132235,147.0000
static,-0.651279,40.177151,142.0000
static,-0.651279,40.222067,139.0000
static,-0.651279,40.266983,129.0000
static,-0.651279,40.311898,125.0000
static,-0.651279,40.356814,125.0000
static,-0.651279,40.401730,135.0000
static,-0.651279,40.446646,131.0000
static,-0.651279,40.491561,131.0000
static,-0.651279,40.536477,130.0000
static,-0.651279,40.581393,129.0000
static,-0.651279,40.626309,124.0000
static,-0.651279,40.671224,123.0000
static,-0.651279,40.716140,117.0000
static,-0.651279,40.761056,113.0000
static,-0.651279,40.805972,105.0000
static,-0.651279,40.850888,101.0000
static,-0.651279,40.895803,101.0000
static,-0.651279,40.940719,96.0000
static,-0.651279,40.985635,88.0000
static,-0.696194,33.933860,1134.0000
static,-0.696194,33.978776,1134.0000
static,-0.696194,34.023691,1134.0000
static,-0.696194,34.068607,1170.0000
static,-0.696194,34.113523,1302.0000
static,-0.696194,34.158439,1291.0000
static,-0.696194,34.203354,1281.0000
static,-0.696194,34.248270,1421.0000
static,-0.696194,34.293186,1479.0000
static,-0.696194,34.338102,1373.0000
static,-0.696194,34.383017,1331.0000
static,-0.696194,34.427933,1321.0000
static,-0.696194,34.472849,1315.0000
static,-0.696194,34.517765,1326.0000
static,-0.696194,34.562681,1358.0000
static,-0.696194,34.607596,1390.0000
static,-0.696194,34.652512,1520.0000
static,-0.696194,34.697428,1566.0000
static,-0.696194,34.742344,1704.0000
static,-0.696194,34.787259,1811.0000
static,-0.696194,34.832175,1843.0000
static,-0.696194,34.877091,1906.0000
static,-0.696194,34.922007,1885.0000
static,-0.696194,34.966922,1892.0000
static,-0.696194,35.011838,2038.0000
static,-0.696194,35.056754,1844.0000
static,-0.696194,35.101670,1775.0000
static,-0.696194,35.146585,1838.0000
static,-0.696194,35.191501,1870.0000
static,-0.696194,35.236417,1904.0000
static,-0.696194,35.281333,1937.0000
static,-0.696194,35.326249,2044.0000
static,-0.696194,35.371164,2058.0000
static,-0.696194,35.416080,2120.0000
static,-0.696194,35.460996,2163.0000
static,-0.696194,35.505912,2262.0000
static,-0.696194,35.550827,2305.0000
static,-0.696194,35.595743,2331.0000
static,-0.696194,35.640659,2345.0000
static,-0.696194,35.685575,2470.0000
static,-0.696194,35.730490,2525.0000
static,-0.696194,35.775406,2522.0000
static,-0.696194,35.820322,2554.0000
static,-0.696194,35.865238,2646.0000
static,-0.696194,35.910153,2656.0000
static,-0.696194,35.955069,2742.0000
static,-0.696194,35.999985,2918.0000
static,-0.696194,36.044901,2980.0000
static,-0.696194,36.089817,2839.0000
static,-0.696194,36.134732,2415.0000
static,-0.696194,36.179648,2130.0000
static,-0.696194,36.224564,2004.0000
static,-0.696194,36.269480,2051.0000
static,-0.696194,36.314395,1924.0000
static,-0.696194,36.359311,1891.0000
static,-0.696194,36.404227,1892.0000
static,-0.696194,36.449143,1968.0000
static,-0.696194,36.494058,2147.0000
static,-0.696194,36.538974,2529.0000
static,-0.696194,36.583890,2547.0000
static,-0.696194,36.628806,2555.0000
static,-0.696194,36.673721,2571.0000
static,-0.696194,36.718637,2817.0000
static,-0.696194,36.763553,2616.0000
static,-0.696194,36.808469,2415.0000
static,-0.696194,36.853385,2095.0000
static,-0.696194,36.898300,1912.0000
static,-0.696194,36.943216,1756.0000
static,-0.696194,36.988132,1713.0000
static,-0.696194,37.033048,1532.0000
static,-0.696194,37.077963,1418.0000
static,-0.696194,37.122879,1345.0000
static,-0.696194,37.167795,1305.0000
static,-0.696194,37.212711,1184.0000
static,-0.696194,37.257626,1151.0000
static,-0.696194,37.302542,1145.0000
static,-0.696194,37.347458,1145.0000
static,-0.696194,37.392374,1117.0000
static,-0.696194,37.437289,1104.0000
static,-0.696194,37.482205,1083.0000
static,-0.696194,37.527121,1090.0000
static,-0.696194,37.572037,1093.0000
static,-0.696194,37.616953,1180.0000
static,-0.696194,37.661868,1172.0000
static,-0.696194,37.706784,1036.0000
static,-0.696194,37.751700,1008.0000
static,-0.696194,37.796616,1027.0000
static,-0.696194,37.841531,874.0000
static,-0.696194,37.886447,709.0000
static,-0.696194,37.931363,764.0000
static,-0.696194,37.976279,831.0000
static,-0.696194,38.021194,919.0000
static,-0.696194,38.066110,1024.0000
static,-0.696194,38.111026,1069.0000
static,-0.696194,38.155942,945.0000
static,-0.696194,38.200857,892.0000
static,-0.696194,38.245773,789.0000
static,-0.696194,38.290689,854.0000
static,-0.696194,38.335605,750.0000
static,-0.696194,38.380521,726.0000
static,-0.696194,38.425436,685.0000
static,-0.696194,38.470352,675.0000
static,-0.696194,38.515268,647.0000
static,-0.696194,38.560184,602.0000
static,-0.696194,38.605099,581.0000
static,-0.696194,38.650015,559.0000
static,-0.696194,38.694931,535.0000
static,-0.696194,38.739847,494.0000
static,-0.696194,38.784762,478.0000
static,-0.696194,38.829678,460.0000
static,-0.696194,38.874594,445.0000
static,-0.696194,38.919510,415.0000
static,-0.696194,38.964425,402.0000
static,-0.696194,39.009341,386.0000
static,-0.696194,39.054257,374.0000
static,-0.696194,39.099173,350.0000
static,-0.696194,39.144089,337.0000
static,-0.696194,39.189004,323.0000
static,-0.696194,39.233920,311.0000
static,-0.696194,39.278836,288.0000
static,-0.696194,39.323752,281.0000
static,-0.696194,39.368667,272.0000
static,-0.696194,39.413583,246.0000
static,-0.696194,39.458499,234.0000
static,-0.696194,39.503415,219.0000
static,-0.696194,39.548330,202.0000
static,-0.696194,39.593246,206.0000
static,-0.696194,39.638162,205.0000
static,-0.696194,39.683078,190.0000
static,-0.696194,39.727993,175.0000
static,-0.696194,39.772909,124.0000
static,-0.696194,39.817825,119.0000
static,-0.696194,39.862741,148.0000
static,-0.696194,39.907656,163.0000
static,-0.696194,39.952572,158.0000
static,-0.696194,39.997488,155.0000
static,-0.696194,40.042404,151.0000
static,-0.696194,40.087320,148.0000
static,-0.696194,40.132235,143.0000
static,-0.696194,40.177151,140.0000
static,-0.696194,40.222067,141.0000
static,-0.696194,40.266983,130.0000
static,-0.696194,40.311898,120.0000
static,-0.696194,40.356814,116.0000
static,-0.696194,40.401730,116.0000
static,-0.696194,40.446646,123.0000
static,-0.696194,40.491561,119.0000
static,-0.696194,40.536477,117.0000
static,-0.696194,40.581393,121.0000
static,-0.696194,40.626309,123.0000
static,-0.696194,40.671224,122.0000
static,-0.696194,40.716140,118.0000
static,-0.696194,40.761056,114.0000
static,-0.696194,40.805972,109.0000
static,-0.696194,40.850888,103.0000
static,-0.696194,40.895803,96.0000
static,-0.696194,40.940719,100.0000
static,-0.696194,40.985635,89.0000
static,-0.741110,33.933860,1134.0000
static,-0.741110,33.978776,1134.0000
static,-0.741110,34.023691,1136.0000
static,-0.741110,34.068607,1137.0000
static,-0.741110,34.113523,1261.0000
static,-0.741110,34.158439,1297.0000
static,-0.741110,34.203354,1447.0000
static,-0.741110,34.248270,1504.0000
static,-0.741110,34.293186,1406.0000
static,-0.741110,34.338102,1328.0000
static,-0.741110,34.383017,1294.0000
static,-0.741110,34.427933,1297.0000
static,-0.741110,34.472849,1295.0000
static,-0.741110,34.517765,1344.0000
static,-0.741110,34.562681,1396.0000
static,-0.741110,34.607596,1439.0000
static,-0.741110,34.652512,1653.0000
static,-0.741110,34.697428,1617.0000
static,-0.741110,34.742344,1670.0000
static,-0.741110,34.787259,1814.0000
static,-0.741110,34.832175,1867.0000
static,-0.741110,34.877091,1955.0000
static,-0.741110,34.922007,2001.0000
static,-0.741110,34.966922,1971.0000
static,-0.741110,35.011838,1937.0000
static,-0.741110,35.056754,1875.0000
static,-0.741110,35.101670,1822.0000
static,-0.741110,35.146585,1831.0000
static,-0.741110,35.191501,1862.0000
static,-0.741110,35.236417,1874.0000
static,-0.741110,35.281333,1908.0000
static,-0.741110,35.326249,2028.0000
static,-0.741110,35.371164,2040.0000
static,-0.741110,35.416080,2114.0000
static,-0.741110,35.460996,2165.0000
static,-0.741110,35.505912,2248.0000
static,-0.741110,35.550827,2270.0000
static,-0.741110,35.595743,2279.0000
static,-0.741110,35.640659,2348.0000
static,-0.741110,35.685575,2392.0000
static,-0.741110,35.730490,2464.0000
static,-0.741110,35.775406,2460.0000
static,-0.741110,35.820322,2487.0000
static,-0.741110,35.865238,2571.0000
static,-0.741110,35.910153,2580.0000
static,-0.741110,35.955069,2681.0000
static,-0.741110,35.999985,2847.0000
static,-0.741110,36.044901,2936.0000
static,-0.741110,36.089817,2976.0000
static,-0.741110,36.134732,2532.0000
static,-0.741110,36.179648,2046.0000
static,-0.741110,36.224564,1941.0000
static,-0.741110,36.269480,1942.0000
static,-0.741110,36.314395,1882.0000
static,-0.741110,36.359311,1881.0000
static,-0.741110,36.404227,1883.0000
static,-0.741110,36.449143,1961.0000
static,-0.741110,36.494058,2122.0000
static,-0.741110,36.538974,2537.0000
static,-0.741110,36.583890,2576.0000
static,-0.741110,36.628806,2551.0000
static,-0.741110,36.673721,2521.0000
static,-0.741110,36.718637,2605.0000
static,-0.741110,36.763553,2481.0000
static,-0.741110,36.808469,2338.0000
static,-0.741110,36.853385,2044.0000
static,-0.741110,36.898300,1925.0000
static,-0.741110,36.943216,1810.0000
static,-0.741110,36.988132,1692.0000
static,-0.741110,37.033048,1547.0000
static,-0.741110,37.077963,1443.0000
static,-0.741110,37.122879,1362.0000
static,-0.741110,37.167795,1284.0000
static,-0.741110,37.212711,1152.0000
static,-0.741110,37.257626,1132.0000
static,-0.741110,37.302542,1141.0000
static,-0.741110,37.347458,1141.0000
static,-0.741110,37.392374,1117.0000
static,-0.741110,37.437289,1102.0000
static,-0.741110,37.482205,1087.0000
static,-0.741110,37.527121,1077.0000
static,-0.741110,37.572037,1053.0000
static,-0.741110,37.616953,1056.0000
static,-0.741110,37.661868,1096.0000
static,-0.741110,37.706784,997.0000
static,-0.741110,37.751700,977.0000
static,-0.741110,37.796616,929.0000
static,-0.741110,37.841531,868.0000
static,-0.741110,37.886447,724.0000
static,-0.741110,37.931363,743.0000
static,-0.741110,37.976279,807.0000
static,-0.741110,38.021194,874.0000
static,-0.741110,38.066110,994.0000
static,-0.741110,38.111026,1014.0000
static,-0.741110,38.155942,968.0000
static,-0.741110,38.200857,880.0000
static,-0.741110,38.245773,738.0000
static,-0.741110,38.290689,725.0000
static,-0.741110,38.335605,706.0000
static,-0.741110,38.380521,708.0000
static,-0.741110,38.425436,688.0000
static,-0.741110,38.470352,664.0000
static,-0.741110,38.515268,637.0000
static,-0.741110,38.560184,589.0000
static,-0.741110,38.605099,572.0000
static,-0.741110,38.650015,550.0000
static,-0.741110,38.694931,530.0000
static,-0.741110,38.739847,495.0000
static,-0.741110,38.784762,483.0000
static,-0.741110,38.829678,467.0000
static,-0.741110,38.874594,445.0000
static,-0.741110,38.919510,407.0000
static,-0.741110,38.964425,394.0000
static,-0.741110,39.009341,382.0000
static,-0.741110,39.054257,369.0000
static,-0.741110,39.099173,353.0000
static,-0.741110,39.144089,343.0000
static,-0.741110,39.189004,331.0000
static,-0.741110,39.233920,315.0000
static,-0.741110,39.278836,288.0000
static,-0.741110,39.323752,276.0000
static,-0.741110,39.368667,269.0000
static,-0.741110,39.413583,244.0000
static,-0.741110,39.458499,232.0000
static,-0.741110,39.503415,222.0000
static,-0.741110,39.548330,207.0000
static,-0.741110,39.593246,189.0000
static,-0.741110,39.638162,194.0000
static,-0.741110,39.683078,194.0000
static,-0.741110,39.727993,183.0000
static,-0.741110,39.772909,131.0000
static,-0.741110,39.817825,117.0000
static,-0.741110,39.862741,146.0000
static,-0.741110,39.907656,158.0000
static,-0.741110,39.952572,153.0000
static,-0.741110,39.997488,150.0000
static,-0.741110,40.042404,148.0000
static,-0.741110,40.087320,144.0000
static,-0.741110,40.132235,142.0000
static,-0.741110,40.177151,138.0000
static,-0.741110,40.222067,136.0000
static,-0.741110,40.266983,133.0000
static,-0.741110,40.311898,123.0000
static,-0.741110,40.356814,115.0000
static,-0.741110,40.401730,113.0000
static,-0.741110,40.446646,120.0000
static,-0.741110,40.491561,118.0000
static,-0.741110,40.536477,116.0000
static,-0.741110,40.581393,115.0000
static,-0.741110,40.626309,118.0000
static,-0.741110,40.671224,120.0000
static,-0.741110,40.716140,120.0000
static,-0.741110,40.761056,114.0000
static,-0.741110,40.805972,109.0000
static,-0.741110,40.850888,104.0000
static,-0.741110,40.895803,97.0000
static,-0.741110,40.940719,92.0000
static,-0.741110,40.985635,90.0000
static,-0.786026,33.933860,1134.0000
static,-0.786026,33.978776,1134.0000
static,-0.786026,34.023691,1134.0000
static,-0.786026,34.068607,1137.0000
static,-0.786026,34.113523,1207.0000
static,-0.786026,34.158439,1342.0000
static,-0.786026,34.203354,1350.0000
static,-0.786026,34.248270,1358.0000
static,-0.786026,34.293186,1381.0000
static,-0.786026,34.338102,1302.0000
static,-0.786026,34.383017,1279.0000
static,-0.786026,34.427933,1283.0000
static,-0.786026,34.472849,1306.0000
static,-0.786026,34.517765,1332.0000
static,-0.786026,34.562681,1381.0000
static,-0.786026,34.607596,1461.0000
static,-0.786026,34.652512,1690.0000
static,-0.786026,34.697428,1690.0000
static,-0.786026,34.742344,1685.0000
static,-0.786026,34.787259,1804.0000
static,-0.786026,34.832175,1788.0000
static,-0.786026,34.877091,1893.0000
static,-0.786026,34.922007,1958.0000
static,-0.786026,34.966922,2046.0000
static,-0.786026,35.011838,1881.0000
static,-0.786026,35.056754,1816.0000
static,-0.786026,35.101670,1796.0000
static,-0.786026,35.146585,1796.0000
static,-0.786026,35.191501,1814.0000
static,-0.786026,35.236417,1881.0000
static,-0.786026,35.281333,1923.0000
static,-0.786026,35.326249,1936.0000
static,-0.786026,35.371164,2033.0000
static,-0.786026,35.416080,2152.0000
static,-0.786026,35.460996,2124.0000
static,-0.786026,35.505912,2190.0000
static,-0.786026,35.550827,2157.0000
static,-0.786026,35.595743,2250.0000
static,-0.786026,35.640659,2251.0000
static,-0.786026,35.685575,2281.0000
static,-0.786026,35.730490,2366.0000
static,-0.786026,35.775406,2385.0000
static,-0.786026,35.820322,2399.0000
static,-0.786026,35.865238,2510.0000
static,-0.786026,35.910153,2506.0000
static,-0.786026,35.955069,2599.0000
static,-0.786026,35.999985,2765.0000
static,-0.786026,36.044901,2891.0000
static,-0.786026,36.089817,2962.0000
static,-0.786026,36.134732,2666.0000
static,-0.786026,36.179648,2065.0000
static,-0.786026,36.224564,1949.0000
static,-0.786026,36.269480,1911.0000
static,-0.786026,36.314395,1909.0000
static,-0.786026,36.359311,1881.0000
static,-0.786026,36.404227,1893.0000
static,-0.786026,36.449143,1968.0000
static,-0.786026,36.494058,2121.0000
static,-0.786026,36.538974,2554.0000
static,-0.786026,36.583890,2610.0000
static,-0.786026,36.628806,2586.0000
static,-0.786026,36.673721,2526.0000
static,-0.786026,36.718637,2413.0000
static,-0.786026,36.763553,2363.0000
static,-0.786026,36.808469,2247.0000
static,-0.786026,36.853385,2046.0000
static,-0.786026,36.898300,1935.0000
static,-0.786026,36.943216,1819.0000
static,-0.786026,36.988132,1693.0000
static,-0.786026,37.033048,1517.0000
static,-0.786026,37.077963,1415.0000
static,-0.786026,37.122879,1363.0000
static,-0.786026,37.167795,1300.0000
static,-0.786026,37.212711,1142.0000
static,-0.786026,37.257626,1113.0000
static,-0.786026,37.302542,1102.0000
static,-0.786026,37.347458,1131.0000
static,-0.786026,37.392374,1156.0000
static,-0.786026,37.437289,1125.0000
static,-0.786026,37.482205,1127.0000
static,-0.786026,37.527121,1115.0000
static,-0.786026,37.572037,1083.0000
static,-0.786026,37.616953,1060.0000
static,-0.786026,37.661868,1068.0000
static,-0.786026,37.706784,951.0000
static,-0.786026,37.751700,929.0000
static,-0.786026,37.796616,860.0000
static,-0.786026,37.841531,816.0000
static,-0.786026,37.886447,743.0000
static,-0.786026,37.931363,773.0000
static,-0.786026,37.976279,839.0000
static,-0.786026,38.021194,840.0000
static,-0.786026,38.066110,969.0000
static,-0.786026,38.111026,948.0000
static,-0.786026,38.155942,980.0000
static,-0.786026,38.200857,807.0000
static,-0.786026,38.245773,727.0000
static,-0.786026,38.290689,682.0000
static,-0.786026,38.335605,660.0000
static,-0.786026,38.380521,671.0000
static,-0.786026,38.425436,674.0000
static,-0.786026,38.470352,645.0000
static,-0.786026,38.515268,618.0000
static,-0.786026,38.560184,576.0000
static,-0.786026,38.605099,558.0000
static,-0.786026,38.650015,538.0000
static,-0.786026,38.694931,517.0000
static,-0.786026,38.739847,481.0000
static,-0.786026,38.784762,469.0000
static,-0.786026,38.829678,454.0000
static,-0.786026,38.874594,433.0000
static,-0.786026,38.919510,400.0000
static,-0.786026,38.964425,382.0000
static,-0.786026,39.009341,365.0000
static,-0.786026,39.054257,351.0000
static,-0.786026,39.099173,339.0000
static,-0.786026,39.144089,326.0000
static,-0.786026,39.189004,331.0000
static,-0.786026,39.233920,323.0000
static,-0.786026,39.278836,291.0000
static,-0.786026,39.323752,277.0000
static,-0.786026,39.368667,263.0000
static,-0.786026,39.413583,242.0000
static,-0.786026,39.458499,229.0000
static,-0.786026,39.503415,214.0000
static,-0.786026,39.548330,204.0000
static,-0.786026,39.593246,177.0000
static,-0.786026,39.638162,170.0000
static,-0.786026,39.683078,176.0000
static,-0.786026,39.727993,177.0000
static,-0.786026,39.772909,132.0000
static,-0.786026,39.817825,114.0000
static,-0.786026,39.862741,139.0000
static,-0.786026,39.907656,156.0000
static,-0.786026,39.952572,151.0000
static,-0.786026,39.997488,144.0000
static,-0.786026,40.042404,142.0000
static,-0.786026,40.087320,139.0000
static,-0.786026,40.132235,138.0000
static,-0.786026,40.177151,139.0000
static,-0.786026,40.222067,133.0000
static,-0.786026,40.266983,132.0000
static,-0.786026,40.311898,130.0000
static,-0.786026,40.356814,119.0000
static,-0.786026,40.401730,113.0000
static,-0.786026,40.446646,119.0000
static,-0.786026,40.491561,121.0000
static,-0.786026,40.536477,117.0000
static,-0.786026,40.581393,115.0000
static,-0.786026,40.626309,118.0000
static,-0.786026,40.671224,117.0000
static,-0.786026,40.716140,119.0000
static,-0.786026,40.761056,115.0000
static,-0.786026,40.805972,109.0000
static,-0.786026,40.850888,105.0000
static,-0.786026,40.895803,102.0000
static,-0.786026,40.940719,93.0000
static,-0.786026,40.985635,86.0000
static,-0.830942,33.933860,1134.0000
static,-0.830942,33.978776,1134.0000
static,-0.830942,34.023691,1134.0000
static,-0.830942,34.068607,1134.0000
static,-0.830942,34.113523,1137.0000
static,-0.830942,34.158439,1238.0000
static,-0.830942,34.203354,1252.0000
static,-0.830942,34.248270,1282.0000
static,-0.830942,34.293186,1339.0000
static,-0.830942,34.338102,1280.0000
static,-0.830942,34.383017,1268.0000
static,-0.830942,34.427933,1295.0000
static,-0.830942,34.472849,1334.0000
static,-0.830942,34.517765,1392.0000
static,-0.830942,34.562681,1409.0000
static,-0.830942,34.607596,1440.0000
static,-0.830942,34.652512,1694.0000
static,-0.830942,34.697428,1615.0000
static,-0.830942,34.742344,1668.0000
static,-0.830942,34.787259,1808.0000
static,-0.830942,34.832175,1880.0000
static,-0.830942,34.877091,1976.0000
static,-0.830942,34.922007,2046.0000
static,-0.830942,34.966922,2098.0000
static,-0.830942,35.011838,1863.0000
static,-0.830942,35.056754,1832.0000
static,-0.830942,35.101670,1847.0000
static,-0.830942,35.146585,1815.0000
static,-0.830942,35.191501,1832.0000
static,-0.830942,35.236417,1849.0000
static,-0.830942,35.281333,1904.0000
static,-0.830942,35.326249,1958.0000
static,-0.830942,35.371164,2075.0000
static,-0.830942,35.416080,2046.0000
static,-0.830942,35.460996,2049.0000
static,-0.830942,35.505912,2045.0000
static,-0.830942,35.550827,2183.0000
static,-0.830942,35.595743,2187.0000
static,-0.830942,35.640659,2174.0000
static,-0.830942,35.685575,2216.0000
static,-0.830942,35.730490,2257.0000
static,-0.830942,35.775406,2309.0000
static,-0.830942,35.820322,2330.0000
static,-0.830942,35.865238,2432.0000
static,-0.830942,35.910153,2459.0000
static,-0.830942,35.955069,2512.0000
static,-0.830942,35.999985,2705.0000
static,-0.830942,36.044901,2813.0000
static,-0.830942,36.089817,2946.0000
static,-0.830942,36.134732,2750.0000
static,-0.830942,36.179648,2125.0000
static,-0.830942,36.224564,1990.0000
static,-0.830942,36.269480,1918.0000
static,-0.830942,36.314395,1929.0000
static,-0.830942,36.359311,1891.0000
static,-0.830942,36.404227,1939.0000
static,-0.830942,36.449143,2006.0000
static,-0.830942,36.494058,2138.0000
static,-0.830942,36.538974,2580.0000
static,-0.830942,36.583890,2660.0000
static,-0.830942,36.628806,2620.0000
static,-0.830942,36.673721,2546.0000
static,-0.830942,36.718637,2319.0000
static,-0.830942,36.763553,2237.0000
static,-0.830942,36.808469,2145.0000
static,-0.830942,36.853385,1999.0000
static,-0.830942,36.898300,1933.0000
static,-0.830942,36.943216,1836.0000
static,-0.830942,36.988132,1736.0000
static,-0.830942,37.033048,1549.0000
static,-0.830942,37.077963,1452.0000
static,-0.830942,37.122879,1386.0000
static,-0.830942,37.167795,1339.0000
static,-0.830942,37.212711,1169.0000
static,-0.830942,37.257626,1114.0000
static,-0.830942,37.302542,1080.0000
static,-0.830942,37.347458,1078.0000
static,-0.830942,37.392374,1113.0000
static,-0.830942,37.437289,1090.0000
static,-0.830942,37.482205,1109.0000
static,-0.830942,37.527121,1127.0000
static,-0.830942,37.572037,1083.0000
static,-0.830942,37.616953,1046.0000
static,-0.830942,37.661868,1032.0000
static,-0.830942,37.706784,993.0000
static,-0.830942,37.751700,890.0000
static,-0.830942,37.796616,807.0000
static,-0.830942,37.841531,774.0000
static,-0.830942,37.886447,787.0000
static,-0.830942,37.931363,840.0000
static,-0.830942,37.976279,901.0000
static,-0.830942,38.021194,867.0000
static,-0.830942,38.066110,943.0000
static,-0.830942,38.111026,905.0000
static,-0.830942,38.155942,843.0000
static,-0.830942,38.200857,738.0000
static,-0.830942,38.245773,685.0000
static,-0.830942,38.290689,663.0000
static,-0.830942,38.335605,652.0000
static,-0.830942,38.380521,635.0000
static,-0.830942,38.425436,713.0000
static,-0.830942,38.470352,627.0000
static,-0.830942,38.515268,609.0000
static,-0.830942,38.560184,571.0000
static,-0.830942,38.605099,545.0000
static,-0.830942,38.650015,531.0000
static,-0.830942,38.694931,512.0000
static,-0.830942,38.739847,474.0000
static,-0.830942,38.784762,456.0000
static,-0.830942,38.829678,439.0000
static,-0.830942,38.874594,423.0000
static,-0.830942,38.919510,384.0000
static,-0.830942,38.964425,373.0000
static,-0.830942,39.009341,359.0000
static,-0.830942,39.054257,342.0000
static,-0.830942,39.099173,319.0000
static,-0.830942,39.144089,303.0000
static,-0.830942,39.189004,296.0000
static,-0.830942,39.233920,300.0000
static,-0.830942,39.278836,277.0000
static,-0.830942,39.323752,270.0000
static,-0.830942,39.368667,260.0000
static,-0.830942,39.413583,239.0000
static,-0.830942,39.458499,225.0000
static,-0.830942,39.503415,209.0000
static,-0.830942,39.548330,194.0000
static,-0.830942,39.593246,181.0000
static,-0.830942,39.638162,167.0000
static,-0.830942,39.683078,155.0000
static,-0.830942,39.727993,155.0000
static,-0.830942,39.772909,134.0000
static,-0.830942,39.817825,114.0000
static,-0.830942,39.862741,125.0000
static,-0.830942,39.907656,147.0000
static,-0.830942,39.952572,148.0000
static,-0.830942,39.997488,145.0000
static,-0.830942,40.042404,137.0000
static,-0.830942,40.087320,133.0000
static,-0.830942,40.132235,127.0000
static,-0.830942,40.177151,135.0000
static,-0.830942,40.222067,133.0000
static,-0.830942,40.266983,128.0000
static,-0.830942,40.311898,126.0000
static,-0.830942,40.356814,121.0000
static,-0.830942,40.401730,115.0000
static,-0.830942,40.446646,118.0000
static,-0.830942,40.491561,123.0000
static,-0.830942,40.536477,122.0000
static,-0.830942,40.581393,119.0000
static,-0.830942,40.626309,116.0000
static,-0.830942,40.671224,116.0000
static,-0.830942,40.716140,116.0000
static,-0.830942,40.761056,116.0000
static,-0.830942,40.805972,106.0000
static,-0.830942,40.850888,103.0000
static,-0.830942,40.895803,102.0000
static,-0.830942,40.940719,98.0000
static,-0.830942,40.985635,88.0000
static,-0.875857,33.933860,1135.0000
static,-0.875857,33.978776,1134.0000
static,-0.875857,34.023691,1134.0000
static,-0.875857,34.068607,1134.0000
static,-0.875857,34.113523,1134.0000
static,-0.875857,34.158439,1137.0000
static,-0.875857,34.203354,1148.0000
static,-0.875857,34.248270,1175.0000
static,-0.875857,34.293186,1216.0000
static,-0.875857,34.338102,1285.0000
static,-0.875857,34.383017,1277.0000
static,-0.875857,34.427933,1325.0000
static,-0.875857,34.472849,1480.0000
static,-0.875857,34.517765,1440.0000
static,-0.875857,34.562681,1455.0000
static,-0.875857,34.607596,1507.0000
static,-0.875857,34.652512,1616.0000
static,-0.875857,34.697428,1743.0000
static,-0.875857,34.742344,1769.0000
static,-0.875857,34.787259,1785.0000
static,-0.875857,34.832175,1922.0000
static,-0.875857,34.877091,1942.0000
static,-0.875857,34.922007,1991.0000
static,-0.875857,34.966922,1984.0000
static,-0.875857,35.011838,1973.0000
static,-0.875857,35.056754,1917.0000
static,-0.875857,35.101670,1879.0000
static,-0.875857,35.146585,1819.0000
static,-0.875857,35.191501,1838.0000
static,-0.875857,35.236417,1860.0000
static,-0.875857,35.281333,1845.0000
static,-0.875857,35.326249,1917.0000
static,-0.875857,35.371164,1902.0000
static,-0.875857,35.416080,1898.0000
static,-0.875857,35.460996,1897.0000
static,-0.875857,35.505912,2017.0000
static,-0.875857,35.550827,2037.0000
static,-0.875857,35.595743,2074.0000
static,-0.875857,35.640659,2055.0000
static,-0.875857,35.685575,2083.0000
static,-0.875857,35.730490,2153.0000
static,-0.875857,35.775406,2195.0000
static,-0.875857,35.820322,2150.0000
static,-0.875857,35.865238,2274.0000
static,-0.875857,35.910153,2277.0000
static,-0.875857,35.955069,2359.0000
static,-0.875857,35.999985,2563.0000
static,-0.875857,36.044901,2641.0000
static,-0.875857,36.089817,2809.0000
static,-0.875857,36.134732,2788.0000
static,-0.875857,36.179648,2426.0000
static,-0.875857,36.224564,2105.0000
static,-0.875857,36.269480,2117.0000
static,-0.875857,36.314395,2046.0000
static,-0.875857,36.359311,2090.0000
static,-0.875857,36.404227,2103.0000
static,-0.875857,36.449143,2176.0000
static,-0.875857,36.494058,2165.0000
static,-0.875857,36.538974,2498.0000
static,-0.875857,36.583890,2665.0000
static,-0.875857,36.628806,2625.0000
static,-0.875857,36.673721,2553.0000
static,-0.875857,36.718637,2289.0000
static,-0.875857,36.763553,2156.0000
static,-0.875857,36.808469,2042.0000
static,-0.875857,36.853385,1859.0000
static,-0.875857,36.898300,1821.0000
static,-0.875857,36.943216,1748.0000
static,-0.875857,36.988132,1666.0000
static,-0.875857,37.033048,1551.0000
static,-0.875857,37.077963,1486.0000
static,-0.875857,37.122879,1415.0000
static,-0.875857,37.167795,1387.0000
static,-0.875857,37.212711,1393.0000
static,-0.875857,37.257626,1312.0000
static,-0.875857,37.302542,1191.0000
static,-0.875857,37.347458,1130.0000
static,-0.875857,37.392374,1089.0000
static,-0.875857,37.437289,1067.0000
static,-0.875857,37.482205,1051.0000
static,-0.875857,37.527121,1092.0000
static,-0.875857,37.572037,1053.0000
static,-0.875857,37.616953,1066.0000
static,-0.875857,37.661868,1071.0000
static,-0.875857,37.706784,1028.0000
static,-0.875857,37.751700,998.0000
static,-0.875857,37.796616,949.0000
static,-0.875857,37.841531,913.0000
static,-0.875857,37.886447,964.0000
static,-0.875857,37.931363,987.0000
static,-0.875857,37.976279,1015.0000
static,-0.875857,38.021194,957.0000
static,-0.875857,38.066110,975.0000
static,-0.875857,38.111026,904.0000
static,-0.875857,38.155942,803.0000
static,-0.875857,38.200857,734.0000
static,-0.875857,38.245773,708.0000
static,-0.875857,38.290689,712.0000
static,-0.875857,38.335605,647.0000
static,-0.875857,38.380521,623.0000
static,-0.875857,38.425436,614.0000
static,-0.875857,38.470352,589.0000
static,-0.875857,38.515268,575.0000
static,-0.875857,38.560184,549.0000
static,-0.875857,38.605099,535.0000
static,-0.875857,38.650015,514.0000
static,-0.875857,38.694931,488.0000
static,-0.875857,38.739847,453.0000
static,-0.875857,38.784762,436.0000
static,-0.875857,38.829678,417.0000
static,-0.875857,38.874594,403.0000
static,-0.875857,38.919510,383.0000
static,-0.875857,38.964425,359.0000
static,-0.875857,39.009341,339.0000
static,-0.875857,39.054257,321.0000
static,-0.875857,39.099173,301.0000
static,-0.875857,39.144089,290.0000
static,-0.875857,39.189004,278.0000
static,-0.875857,39.233920,266.0000
static,-0.875857,39.278836,253.0000
static,-0.875857,39.323752,248.0000
static,-0.875857,39.368667,243.0000
static,-0.875857,39.413583,225.0000
static,-0.875857,39.458499,218.0000
static,-0.875857,39.503415,205.0000
static,-0.875857,39.548330,194.0000
static,-0.875857,39.593246,178.0000
static,-0.875857,39.638162,173.0000
static,-0.875857,39.683078,167.0000
static,-0.875857,39.727993,153.0000
static,-0.875857,39.772909,130.0000
static,-0.875857,39.817825,113.0000
static,-0.875857,39.862741,107.0000
static,-0.875857,39.907656,117.0000
static,-0.875857,39.952572,134.0000
static,-0.875857,39.997488,132.0000
static,-0.875857,40.042404,135.0000
static,-0.875857,40.087320,134.0000
static,-0.875857,40.132235,118.0000
static,-0.875857,40.177151,110.0000
static,-0.875857,40.222067,112.0000
static,-0.875857,40.266983,116.0000
static,-0.875857,40.311898,117.0000
static,-0.875857,40.356814,116.0000
static,-0.875857,40.401730,113.0000
static,-0.875857,40.446646,109.0000
static,-0.875857,40.491561,109.0000
static,-0.875857,40.536477,111.0000
static,-0.875857,40.581393,112.0000
static,-0.875857,40.626309,110.0000
static,-0.875857,40.671224,108.0000
static,-0.875857,40.716140,112.0000
static,-0.875857,40.761056,111.0000
static,-0.875857,40.805972,103.0000
static,-0.875857,40.850888,98.0000
static,-0.875857,40.895803,100.0000
static,-0.875857,40.940719,96.0000
static,-0.875857,40.985635,88.0000
static,-0.875857,41.030551,86.0000
static,-0.920773,33.933860,1134.0000
static,-0.920773,33.978776,1134.0000
static,-0.920773,34.023691,1134.0000
static,-0.920773,34.068607,1134.0000
static,-0.920773,34.113523,1134.0000
static,-0.920773,34.158439,1142.0000
static,-0.920773,34.203354,1146.0000
static,-0.920773,34.248270,1166.0000
static,-0.920773,34.293186,1202.0000
static,-0.920773,34.338102,1270.0000
static,-0.920773,34.383017,1296.0000
static,-0.920773,34.427933,1341.0000
static,-0.920773,34.472849,1449.0000
static,-0.920773,34.517765,1457.0000
static,-0.920773,34.562681,1458.0000
static,-0.920773,34.607596,1504.0000
static,-0.920773,34.652512,1680.0000
static,-0.920773,34.697428,1846.0000
static,-0.920773,34.742344,1786.0000
static,-0.920773,34.787259,1796.0000
static,-0.920773,34.832175,1920.0000
static,-0.920773,34.877091,2012.0000
static,-0.920773,34.922007,2008.0000
static,-0.920773,34.966922,1933.0000
static,-0.920773,35.011838,1881.0000
static,-0.920773,35.056754,1844.0000
static,-0.920773,35.101670,1818.0000
static,-0.920773,35.146585,1818.0000
static,-0.920773,35.191501,1847.0000
static,-0.920773,35.236417,1818.0000
static,-0.920773,35.281333,1828.0000
static,-0.920773,35.326249,1837.0000
static,-0.920773,35.371164,1842.0000
static,-0.920773,35.416080,1849.0000
static,-0.920773,35.460996,2022.0000
static,-0.920773,35.505912,1989.0000
static,-0.920773,35.550827,2015.0000
static,-0.920773,35.595743,2061.0000
static,-0.920773,35.640659,2023.0000
static,-0.920773,35.685575,2050.0000
static,-0.920773,35.730490,2084.0000
static,-0.920773,35.775406,2136.0000
static,-0.920773,35.820322,2092.0000
static,-0.920773,35.865238,2191.0000
static,-0.920773,35.910153,2190.0000
static,-0.920773,35.955069,2269.0000
static,-0.920773,35.999985,2435.0000
static,-0.920773,36.044901,2556.0000
static,-0.920773,36.089817,2711.0000
static,-0.920773,36.134732,2743.0000
static,-0.920773,36.179648,2399.0000
static,-0.920773,36.224564,2077.0000
static,-0.920773,36.269480,2002.0000
static,-0.920773,36.314395,1950.0000
static,-0.920773,36.359311,2049.0000
static,-0.920773,36.404227,2120.0000
static,-0.920773,36.449143,2336.0000
static,-0.920773,36.494058,2169.0000
static,-0.920773,36.538974,2163.0000
static,-0.920773,36.583890,2306.0000
static,-0.920773,36.628806,2597.0000
static,-0.920773,36.673721,2506.0000
static,-0.920773,36.718637,2230.0000
static,-0.920773,36.763553,2107.0000
static,-0.920773,36.808469,2000.0000
static,-0.920773,36.853385,1835.0000
static,-0.920773,36.898300,1765.0000
static,-0.920773,36.943216,1710.0000
static,-0.920773,36.988132,1655.0000
static,-0.920773,37.033048,1563.0000
static,-0.920773,37.077963,1525.0000
static,-0.920773,37.122879,1490.0000
static,-0.920773,37.167795,1466.0000
static,-0.920773,37.212711,1424.0000
static,-0.920773,37.257626,1432.0000
static,-0.920773,37.302542,1248.0000
static,-0.920773,37.347458,1306.0000
static,-0.920773,37.392374,1104.0000
static,-0.920773,37.437289,1065.0000
static,-0.920773,37.482205,1074.0000
static,-0.920773,37.527121,1055.0000
static,-0.920773,37.572037,1086.0000
static,-0.920773,37.616953,1099.0000
static,-0.920773,37.661868,1104.0000
static,-0.920773,37.706784,1076.0000
static,-0.920773,37.751700,1035.0000
static,-0.920773,37.796616,1004.0000
static,-0.920773,37.841531,982.0000
static,-0.920773,37.886447,1021.0000
static,-0.920773,37.931363,1048.0000
static,-0.920773,37.976279,1088.0000
static,-0.920773,38.021194,1107.0000
static,-0.920773,38.066110,965.0000
static,-0.920773,38.111026,905.0000
static,-0.920773,38.155942,834.0000
static,-0.920773,38.200857,738.0000
static,-0.920773,38.245773,748.0000
static,-0.920773,38.290689,840.0000
static,-0.920773,38.335605,635.0000
static,-0.920773,38.380521,607.0000
static,-0.920773,38.425436,633.0000
static,-0.920773,38.470352,599.0000
static,-0.920773,38.515268,557.0000
static,-0.920773,38.560184,529.0000
static,-0.920773,38.605099,531.0000
static,-0.920773,38.650015,511.0000
static,-0.920773,38.694931,485.0000
static,-0.920773,38.739847,446.0000
static,-0.920773,38.784762,427.0000
static,-0.920773,38.829678,412.0000
static,-0.920773,38.874594,393.0000
static,-0.920773,38.919510,366.0000
static,-0.920773,38.964425,349.0000
static,-0.920773,39.009341,330.0000
static,-0.920773,39.054257,317.0000
static,-0.920773,39.099173,294.0000
static,-0.920773,39.144089,282.0000
static,-0.920773,39.189004,270.0000
static,-0.920773,39.233920,258.0000
static,-0.920773,39.278836,237.0000
static,-0.920773,39.323752,234.0000
static,-0.920773,39.368667,226.0000
static,-0.920773,39.413583,213.0000
static,-0.920773,39.458499,208.0000
static,-0.920773,39.503415,198.0000
static,-0.920773,39.548330,191.0000
static,-0.920773,39.593246,181.0000
static,-0.920773,39.638162,174.0000
static,-0.920773,39.683078,166.0000
static,-0.920773,39.727993,159.0000
static,-0.920773,39.772909,132.0000
static,-0.920773,39.817825,117.0000
static,-0.920773,39.862741,104.0000
static,-0.920773,39.907656,106.0000
static,-0.920773,39.952572,126.0000
static,-0.920773,39.997488,125.0000
static,-0.920773,40.042404,123.0000
static,-0.920773,40.087320,127.0000
static,-0.920773,40.132235,112.0000
static,-0.920773,40.177151,106.0000
static,-0.920773,40.222067,103.0000
static,-0.920773,40.266983,104.0000
static,-0.920773,40.311898,112.0000
static,-0.920773,40.356814,112.0000
static,-0.920773,40.401730,111.0000
static,-0.920773,40.446646,107.0000
static,-0.920773,40.491561,106.0000
static,-0.920773,40.536477,109.0000
static,-0.920773,40.581393,108.0000
static,-0.920773,40.626309,110.0000
static,-0.920773,40.671224,107.0000
static,-0.920773,40.716140,112.0000
static,-0.920773,40.761056,111.0000
static,-0.920773,40.805972,103.0000
static,-0.920773,40.850888,97.0000
static,-0.920773,40.895803,97.0000
static,-0.920773,40.940719,94.0000
static,-0.920773,40.985635,88.0000
static,-0.920773,41.030551,84.0000
static,-0.920773,41.075466,81.0000
static,-0.965689,33.933860,1134.0000
static,-0.965689,33.978776,1134.0000
static,-0.965689,34.023691,1134.0000
static,-0.965689,34.068607,1134.0000
static,-0.965689,34.113523,1134.0000
static,-0.965689,34.158439,1150.0000
static,-0.965689,34.203354,1155.0000
static,-0.965689,34.248270,1184.0000
static,-0.965689,34.293186,1201.0000
static,-0.965689,34.338102,1317.0000
static,-0.965689,34.383017,1415.0000
static,-0.965689,34.427933,1408.0000
static,-0.965689,34.472849,1459.0000
static,-0.965689,34.517765,1498.0000
static,-0.965689,34.562681,1481.0000
static,-0.965689,34.607596,1488.0000
static,-0.965689,34.652512,1610.0000
static,-0.965689,34.697428,1834.0000
static,-0.965689,34.742344,1853.0000
static,-0.965689,34.787259,1846.0000
static,-0.965689,34.832175,1831.0000
static,-0.965689,34.877091,1970.0000
static,-0.965689,34.922007,1957.0000
static,-0.965689,34.966922,1852.0000
static,-0.965689,35.011838,1798.0000
static,-0.965689,35.056754,1778.0000
static,-0.965689,35.101670,1781.0000
static,-0.965689,35.146585,1833.0000
static,-0.965689,35.191501,1816.0000
static,-0.965689,35.236417,1794.0000
static,-0.965689,35.281333,1788.0000
static,-0.965689,35.326249,1786.0000
static,-0.965689,35.371164,1789.0000
static,-0.965689,35.416080,1825.0000
static,-0.965689,35.460996,1867.0000
static,-0.965689,35.505912,2010.0000
static,-0.965689,35.550827,2034.0000
static,-0.965689,35.595743,2029.0000
static,-0.965689,35.640659,2028.0000
static,-0.965689,35.685575,2021.0000
static,-0.965689,35.730490,2060.0000
static,-0.965689,35.775406,2072.0000
static,-0.965689,35.820322,2062.0000
static,-0.965689,35.865238,2122.0000
static,-0.965689,35.910153,2136.0000
static,-0.965689,35.955069,2160.0000
static,-0.965689,35.999985,2308.0000
static,-0.965689,36.044901,2439.0000
static,-0.965689,36.089817,2567.0000
static,-0.965689,36.134732,2644.0000
static,-0.965689,36.179648,2243.0000
static,-0.965689,36.224564,1972.0000
static,-0.965689,36.269480,1818.0000
static,-0.965689,36.314395,1706.0000
static,-0.965689,36.359311,1853.0000
static,-0.965689,36.404227,1974.0000
static,-0.965689,36.449143,2021.0000
static,-0.965689,36.494058,1946.0000
static,-0.965689,36.538974,1876.0000
static,-0.965689,36.583890,1990.0000
static,-0.965689,36.628806,2407.0000
static,-0.965689,36.673721,2423.0000
static,-0.965689,36.718637,2176.0000
static,-0.965689,36.763553,2054.0000
static,-0.965689,36.808469,1963.0000
static,-0.965689,36.853385,1806.0000
static,-0.965689,36.898300,1736.0000
static,-0.965689,36.943216,1660.0000
static,-0.965689,36.988132,1614.0000
static,-0.965689,37.033048,1550.0000
static,-0.965689,37.077963,1518.0000
static,-0.965689,37.122879,1500.0000
static,-0.965689,37.167795,1475.0000
static,-0.965689,37.212711,1424.0000
static,-0.965689,37.257626,1458.0000
static,-0.965689,37.302542,1408.0000
static,-0.965689,37.347458,1268.0000
static,-0.965689,37.392374,1195.0000
static,-0.965689,37.437289,1073.0000
static,-0.965689,37.482205,1109.0000
static,-0.965689,37.527121,1089.0000
static,-0.965689,37.572037,1109.0000
static,-0.965689,37.616953,1127.0000
static,-0.965689,37.661868,1147.0000
static,-0.965689,37.706784,1108.0000
static,-0.965689,37.751700,1059.0000
static,-0.965689,37.796616,1040.0000
static,-0.965689,37.841531,1046.0000
static,-0.965689,37.886447,1056.0000
static,-0.965689,37.931363,1113.0000
static,-0.965689,37.976279,1153.0000
static,-0.965689,38.021194,1105.0000
static,-0.965689,38.066110,996.0000
static,-0.965689,38.111026,941.0000
static,-0.965689,38.155942,866.0000
static,-0.965689,38.200857,751.0000
static,-0.965689,38.245773,786.0000
static,-0.965689,38.290689,927.0000
static,-0.965689,38.335605,657.0000
static,-0.965689,38.380521,611.0000
static,-0.965689,38.425436,564.0000
static,-0.965689,38.470352,576.0000
static,-0.965689,38.515268,554.0000
static,-0.965689,38.560184,515.0000
static,-0.965689,38.605099,511.0000
static,-0.965689,38.650015,499.0000
static,-0.965689,38.694931,477.0000
static,-0.965689,38.739847,438.0000
static,-0.965689,38.784762,419.0000
static,-0.965689,38.829678,403.0000
static,-0.965689,38.874594,385.0000
static,-0.965689,38.919510,356.0000
static,-0.965689,38.964425,339.0000
static,-0.965689,39.009341,323.0000
static,-0.965689,39.054257,305.0000
static,-0.965689,39.099173,281.0000
static,-0.965689,39.144089,272.0000
static,-0.965689,39.189004,262.0000
static,-0.965689,39.233920,251.0000
static,-0.965689,39.278836,226.0000
static,-0.965689,39.323752,218.0000
static,-0.965689,39.368667,211.0000
static,-0.965689,39.413583,191.0000
static,-0.965689,39.458499,184.0000
static,-0.965689,39.503415,181.0000
static,-0.965689,39.548330,180.0000
static,-0.965689,39.593246,175.0000
static,-0.965689,39.638162,174.0000
static,-0.965689,39.683078,160.0000
static,-0.965689,39.727993,145.0000
static,-0.965689,39.772909,127.0000
static,-0.965689,39.817825,115.0000
static,-0.965689,39.862741,101.0000
static,-0.965689,39.907656,101.0000
static,-0.965689,39.952572,114.0000
static,-0.965689,39.997488,120.0000
static,-0.965689,40.042404,118.0000
static,-0.965689,40.087320,117.0000
static,-0.965689,40.132235,108.0000
static,-0.965689,40.177151,101.0000
static,-0.965689,40.222067,99.0000
static,-0.965689,40.266983,95.0000
static,-0.965689,40.311898,98.0000
static,-0.965689,40.356814,103.0000
static,-0.965689,40.401730,105.0000
static,-0.965689,40.446646,103.0000
static,-0.965689,40.491561,102.0000
static,-0.965689,40.536477,103.0000
static,-0.965689,40.581393,104.0000
static,-0.965689,40.626309,105.0000
static,-0.965689,40.671224,105.0000
static,-0.965689,40.716140,110.0000
static,-0.965689,40.761056,111.0000
static,-0.965689,40.805972,103.0000
static,-0.965689,40.850888,96.0000
static,-0.965689,40.895803,94.0000
static,-0.965689,40.940719,91.0000
static,-0.965689,40.985635,89.0000
static,-0.965689,41.030551,84.0000
static,-0.965689,41.075466,81.0000
static,-0.965689,41.120382,76.0000
static,-1.010605,33.933860,1134.0000
static,-1.010605,33.978776,1134.0000
static,-1.010605,34.023691,1134.0000
static,-1.010605,34.068607,1140.0000
static,-1.010605,34.113523,1146.0000
static,-1.010605,34.158439,1190.0000
static,-1.010605,34.203354,1190.0000
static,-1.010605,34.248270,1174.0000
static,-1.010605,34.293186,1194.0000
static,-1.010605,34.338102,1267.0000
static,-1.010605,34.383017,1378.0000
static,-1.010605,34.427933,1447.0000
static,-1.010605,34.472849,1477.0000
static,-1.010605,34.517765,1465.0000
static,-1.010605,34.562681,1472.0000
static,-1.010605,34.607596,1498.0000
static,-1.010605,34.652512,1572.0000
static,-1.010605,34.697428,1696.0000
static,-1.010605,34.742344,1850.0000
static,-1.010605,34.787259,1866.0000
static,-1.010605,34.832175,1763.0000
static,-1.010605,34.877091,1854.0000
static,-1.010605,34.922007,1852.0000
static,-1.010605,34.966922,1786.0000
static,-1.010605,35.011838,1759.0000
static,-1.010605,35.056754,1785.0000
static,-1.010605,35.101670,1807.0000
static,-1.010605,35.146585,1819.0000
static,-1.010605,35.191501,1784.0000
static,-1.010605,35.236417,1762.0000
static,-1.010605,35.281333,1743.0000
static,-1.010605,35.326249,1804.0000
static,-1.010605,35.371164,1957.0000
static,-1.010605,35.416080,1878.0000
static,-1.010605,35.460996,1900.0000
static,-1.010605,35.505912,1993.0000
static,-1.010605,35.550827,2019.0000
static,-1.010605,35.595743,2015.0000
static,-1.010605,35.640659,2002.0000
static,-1.010605,35.685575,1972.0000
static,-1.010605,35.730490,2029.0000
static,-1.010605,35.775406,2028.0000
static,-1.010605,35.820322,2015.0000
static,-1.010605,35.865238,2064.0000
static,-1.010605,35.910153,2102.0000
static,-1.010605,35.955069,2078.0000
static,-1.010605,35.999985,2201.0000
static,-1.010605,36.044901,2294.0000
static,-1.010605,36.089817,2417.0000
static,-1.010605,36.134732,2520.0000
static,-1.010605,36.179648,2128.0000
static,-1.010605,36.224564,1844.0000
static,-1.010605,36.269480,1725.0000
static,-1.010605,36.314395,1644.0000
static,-1.010605,36.359311,1719.0000
static,-1.010605,36.404227,1797.0000
static,-1.010605,36.449143,1808.0000
static,-1.010605,36.494058,1792.0000
static,-1.010605,36.538974,1807.0000
static,-1.010605,36.583890,1855.0000
static,-1.010605,36.628806,2278.0000
static,-1.010605,36.673721,2365.0000
static,-1.010605,36.718637,2115.0000
static,-1.010605,36.763553,2000.0000
static,-1.010605,36.808469,1914.0000
static,-1.010605,36.853385,1764.0000
static,-1.010605,36.898300,1691.0000
static,-1.010605,36.943216,1633.0000
static,-1.010605,36.988132,1588.0000
static,-1.010605,37.033048,1526.0000
static,-1.010605,37.077963,1510.0000
static,-1.010605,37.122879,1488.0000
static,-1.010605,37.167795,1467.0000
static,-1.010605,37.212711,1428.0000
static,-1.010605,37.257626,1420.0000
static,-1.010605,37.302542,1474.0000
static,-1.010605,37.347458,1321.0000
static,-1.010605,37.392374,1235.0000
static,-1.010605,37.437289,1080.0000
static,-1.010605,37.482205,1173.0000
static,-1.010605,37.527121,1133.0000
static,-1.010605,37.572037,1120.0000
static,-1.010605,37.616953,1154.0000
static,-1.010605,37.661868,1167.0000
static,-1.010605,37.706784,1166.0000
static,-1.010605,37.751700,1101.0000
static,-1.010605,37.796616,1063.0000
static,-1.010605,37.841531,1081.0000
static,-1.010605,37.886447,1087.0000
static,-1.010605,37.931363,1105.0000
static,-1.010605,37.976279,1154.0000
static,-1.010605,38.021194,1157.0000
static,-1.010605,38.066110,1012.0000
static,-1.010605,38.111026,915.0000
static,-1.010605,38.155942,854.0000
static,-1.010605,38.200857,748.0000
static,-1.010605,38.245773,800.0000
static,-1.010605,38.290689,894.0000
static,-1.010605,38.335605,681.0000
static,-1.010605,38.380521,610.0000
static,-1.010605,38.425436,563.0000
static,-1.010605,38.470352,541.0000
static,-1.010605,38.515268,537.0000
static,-1.010605,38.560184,511.0000
static,-1.010605,38.605099,492.0000
static,-1.010605,38.650015,487.0000
static,-1.010605,38.694931,477.0000
static,-1.010605,38.739847,434.0000
static,-1.010605,38.784762,411.0000
static,-1.010605,38.829678,394.0000
static,-1.010605,38.874594,378.0000
static,-1.010605,38.919510,348.0000
static,-1.010605,38.964425,336.0000
static,-1.010605,39.009341,325.0000
static,-1.010605,39.054257,311.0000
static,-1.010605,39.099173,272.0000
static,-1.010605,39.144089,260.0000
static,-1.010605,39.189004,250.0000
static,-1.010605,39.233920,243.0000
static,-1.010605,39.278836,226.0000
static,-1.010605,39.323752,216.0000
static,-1.010605,39.368667,202.0000
static,-1.010605,39.413583,186.0000
static,-1.010605,39.458499,178.0000
static,-1.010605,39.503415,173.0000
static,-1.010605,39.548330,173.0000
static,-1.010605,39.593246,170.0000
static,-1.010605,39.638162,162.0000
static,-1.010605,39.683078,152.0000
static,-1.010605,39.727993,142.0000
static,-1.010605,39.772909,120.0000
static,-1.010605,39.817825,113.0000
static,-1.010605,39.862741,100.0000
static,-1.010605,39.907656,98.0000
static,-1.010605,39.952572,102.0000
static,-1.010605,39.997488,111.0000
static,-1.010605,40.042404,116.0000
static,-1.010605,40.087320,114.0000
static,-1.010605,40.132235,112.0000
static,-1.010605,40.177151,111.0000
static,-1.010605,40.222067,102.0000
static,-1.010605,40.266983,92.0000
static,-1.010605,40.311898,92.0000
static,-1.010605,40.356814,92.0000
static,-1.010605,40.401730,98.0000
static,-1.010605,40.446646,99.0000
static,-1.010605,40.491561,99.0000
static,-1.010605,40.536477,99.0000
static,-1.010605,40.581393,101.0000
static,-1.010605,40.626309,99.0000
static,-1.010605,40.671224,100.0000
static,-1.010605,40.716140,104.0000
static,-1.010605,40.761056,110.0000
static,-1.010605,40.805972,103.0000
static,-1.010605,40.850888,98.0000
static,-1.010605,40.895803,92.0000
static,-1.010605,40.940719,88.0000
static,-1.010605,40.985635,90.0000
static,-1.010605,41.030551,85.0000
static,-1.010605,41.075466,88.0000
static,-1.010605,41.120382,74.0000
static,-1.055520,34.023691,1134.0000
static,-1.055520,34.068607,1139.0000
static,-1.055520,34.113523,1175.0000
static,-1.055520,34.158439,1243.0000
static,-1.055520,34.203354,1265.0000
static,-1.055520,34.248270,1262.0000
static,-1.055520,34.293186,1268.0000
static,-1.055520,34.338102,1359.0000
static,-1.055520,34.383017,1341.0000
static,-1.055520,34.427933,1380.0000
static,-1.055520,34.472849,1487.0000
static,-1.055520,34.517765,1547.0000
static,-1.055520,34.562681,1529.0000
static,-1.055520,34.607596,1512.0000
static,-1.055520,34.652512,1594.0000
static,-1.055520,34.697428,1778.0000
static,-1.055520,34.742344,1894.0000
static,-1.055520,34.787259,1851.0000
static,-1.055520,34.832175,1677.0000
static,-1.055520,34.877091,1758.0000
static,-1.055520,34.922007,1772.0000
static,-1.055520,34.966922,1736.0000
static,-1.055520,35.011838,1807.0000
static,-1.055520,35.056754,1847.0000
static,-1.055520,35.101670,1805.0000
static,-1.055520,35.146585,1703.0000
static,-1.055520,35.191501,1698.0000
static,-1.055520,35.236417,1705.0000
static,-1.055520,35.281333,1762.0000
static,-1.055520,35.326249,1937.0000
static,-1.055520,35.371164,2077.0000
static,-1.055520,35.416080,2087.0000
static,-1.055520,35.460996,2033.0000
static,-1.055520,35.505912,1970.0000
static,-1.055520,35.550827,1965.0000
static,-1.055520,35.595743,1971.0000
static,-1.055520,35.640659,1952.0000
static,-1.055520,35.685575,1922.0000
static,-1.055520,35.730490,1954.0000
static,-1.055520,35.775406,1956.0000
static,-1.055520,35.820322,1962.0000
static,-1.055520,35.865238,1950.0000
static,-1.055520,35.910153,1982.0000
static,-1.055520,35.955069,1942.0000
static,-1.055520,35.999985,1990.0000
static,-1.055520,36.044901,2062.0000
static,-1.055520,36.089817,2114.0000
static,-1.055520,36.134732,2197.0000
static,-1.055520,36.179648,1977.0000
static,-1.055520,36.224564,1771.0000
static,-1.055520,36.269480,1659.0000
static,-1.055520,36.314395,1637.0000
static,-1.055520,36.359311,1625.0000
static,-1.055520,36.404227,1598.0000
static,-1.055520,36.449143,1589.0000
static,-1.055520,36.494058,1603.0000
static,-1.055520,36.538974,1677.0000
static,-1.055520,36.583890,1939.0000
static,-1.055520,36.628806,2341.0000
static,-1.055520,36.673721,2344.0000
static,-1.055520,36.718637,2088.0000
static,-1.055520,36.763553,1969.0000
static,-1.055520,36.808469,1848.0000
static,-1.055520,36.853385,1687.0000
static,-1.055520,36.898300,1631.0000
static,-1.055520,36.943216,1586.0000
static,-1.055520,36.988132,1553.0000
static,-1.055520,37.033048,1510.0000
static,-1.055520,37.077963,1484.0000
static,-1.055520,37.122879,1472.0000
static,-1.055520,37.167795,1458.0000
static,-1.055520,37.212711,1426.0000
static,-1.055520,37.257626,1401.0000
static,-1.055520,37.302542,1368.0000
static,-1.055520,37.347458,1347.0000
static,-1.055520,37.392374,1262.0000
static,-1.055520,37.437289,1186.0000
static,-1.055520,37.482205,1126.0000
static,-1.055520,37.527121,1181.0000
static,-1.055520,37.572037,1165.0000
static,-1.055520,37.616953,1201.0000
static,-1.055520,37.661868,1261.0000
static,-1.055520,37.706784,1353.0000
static,-1.055520,37.751700,1189.0000
static,-1.055520,37.796616,1123.0000
static,-1.055520,37.841531,1117.0000
static,-1.055520,37.886447,1148.0000
static,-1.055520,37.931363,1165.0000
static,-1.055520,37.976279,1173.0000
static,-1.055520,38.021194,1209.0000
static,-1.055520,38.066110,1095.0000
static,-1.055520,38.111026,1095.0000
static,-1.055520,38.155942,888.0000
static,-1.055520,38.200857,733.0000
static,-1.055520,38.245773,802.0000
static,-1.055520,38.290689,945.0000
static,-1.055520,38.335605,808.0000
static,-1.055520,38.380521,660.0000
static,-1.055520,38.425436,565.0000
static,-1.055520,38.470352,535.0000
static,-1.055520,38.515268,505.0000
static,-1.055520,38.560184,504.0000
static,-1.055520,38.605099,492.0000
static,-1.055520,38.650015,477.0000
static,-1.055520,38.694931,451.0000
static,-1.055520,38.739847,427.0000
static,-1.055520,38.784762,408.0000
static,-1.055520,38.829678,382.0000
static,-1.055520,38.874594,366.0000
static,-1.055520,38.919510,333.0000
static,-1.055520,38.964425,322.0000
static,-1.055520,39.009341,305.0000
static,-1.055520,39.054257,292.0000
static,-1.055520,39.099173,270.0000
static,-1.055520,39.144089,258.0000
static,-1.055520,39.189004,248.0000
static,-1.055520,39.233920,238.0000
static,-1.055520,39.278836,218.0000
static,-1.055520,39.323752,210.0000
static,-1.055520,39.368667,205.0000
static,-1.055520,39.413583,186.0000
static,-1.055520,39.458499,174.0000
static,-1.055520,39.503415,166.0000
static,-1.055520,39.548330,159.0000
static,-1.055520,39.593246,146.0000
static,-1.055520,39.638162,139.0000
static,-1.055520,39.683078,133.0000
static,-1.055520,39.727993,127.0000
static,-1.055520,39.772909,111.0000
static,-1.055520,39.817825,104.0000
static,-1.055520,39.862741,96.0000
static,-1.055520,39.907656,92.0000
static,-1.055520,39.952572,94.0000
static,-1.055520,39.997488,96.0000
static,-1.055520,40.042404,100.0000
static,-1.055520,40.087320,105.0000
static,-1.055520,40.132235,104.0000
static,-1.055520,40.177151,101.0000
static,-1.055520,40.222067,98.0000
static,-1.055520,40.266983,99.0000
static,-1.055520,40.311898,92.0000
static,-1.055520,40.356814,91.0000
static,-1.055520,40.401730,90.0000
static,-1.055520,40.446646,92.0000
static,-1.055520,40.491561,91.0000
static,-1.055520,40.536477,91.0000
static,-1.055520,40.581393,89.0000
static,-1.055520,40.626309,97.0000
static,-1.055520,40.671224,91.0000
static,-1.055520,40.716140,94.0000
static,-1.055520,40.761056,102.0000
static,-1.055520,40.805972,102.0000
static,-1.055520,40.850888,104.0000
static,-1.055520,40.895803,97.0000
static,-1.055520,40.940719,86.0000
static,-1.055520,40.985635,80.0000
static,-1.055520,41.030551,80.0000
static,-1.055520,41.075466,75.0000
static,-1.055520,41.120382,71.0000
static,-1.055520,41.165298,65.0000
static,-1.100436,34.203354,1305.0000
static,-1.100436,34.248270,1305.0000
static,-1.100436,34.293186,1317.0000
static,-1.100436,34.338102,1378.0000
static,-1.100436,34.383017,1383.0000
static,-1.100436,34.427933,1385.0000
static,-1.100436,34.472849,1394.0000
static,-1.100436,34.517765,1424.0000
static,-1.100436,34.562681,1457.0000
static,-1.100436,34.607596,1462.0000
static,-1.100436,34.652512,1566.0000
static,-1.100436,34.697428,1660.0000
static,-1.100436,34.742344,1801.0000
static,-1.100436,34.787259,1773.0000
static,-1.100436,34.832175,1655.0000
static,-1.100436,34.877091,1715.0000
static,-1.100436,34.922007,1722.0000
static,-1.100436,34.966922,1736.0000
static,-1.100436,35.011838,1858.0000
static,-1.100436,35.056754,1827.0000
static,-1.100436,35.101670,1777.0000
static,-1.100436,35.146585,1691.0000
static,-1.100436,35.191501,1696.0000
static,-1.100436,35.236417,1739.0000
static,-1.100436,35.281333,1942.0000
static,-1.100436,35.326249,2023.0000
static,-1.100436,35.371164,1965.0000
static,-1.100436,35.416080,1921.0000
static,-1.100436,35.460996,1930.0000
static,-1.100436,35.505912,1970.0000
static,-1.100436,35.550827,1945.0000
static,-1.100436,35.595743,1945.0000
static,-1.100436,35.640659,1935.0000
static,-1.100436,35.685575,1925.0000
static,-1.100436,35.730490,1904.0000
static,-1.100436,35.775406,1929.0000
static,-1.100436,35.820322,1920.0000
static,-1.100436,35.865238,1885.0000
static,-1.100436,35.910153,1945.0000
static,-1.100436,35.955069,1890.0000
static,-1.100436,35.999985,1919.0000
static,-1.100436,36.044901,1975.0000
static,-1.100436,36.089817,2085.0000
static,-1.100436,36.134732,2141.0000
static,-1.100436,36.179648,1817.0000
static,-1.100436,36.224564,1698.0000
static,-1.100436,36.269480,1667.0000
static,-1.100436,36.314395,1788.0000
static,-1.100436,36.359311,1845.0000
static,-1.100436,36.404227,1708.0000
static,-1.100436,36.449143,1580.0000
static,-1.100436,36.494058,1564.0000
static,-1.100436,36.538974,1733.0000
static,-1.100436,36.583890,2160.0000
static,-1.100436,36.628806,2283.0000
static,-1.100436,36.673721,2278.0000
static,-1.100436,36.718637,2070.0000
static,-1.100436,36.763553,1925.0000
static,-1.100436,36.808469,1814.0000
static,-1.100436,36.853385,1653.0000
static,-1.100436,36.898300,1599.0000
static,-1.100436,36.943216,1564.0000
static,-1.100436,36.988132,1537.0000
static,-1.100436,37.033048,1496.0000
static,-1.100436,37.077963,1477.0000
static,-1.100436,37.122879,1460.0000
static,-1.100436,37.167795,1460.0000
static,-1.100436,37.212711,1491.0000
static,-1.100436,37.257626,1455.0000
static,-1.100436,37.302542,1360.0000
static,-1.100436,37.347458,1337.0000
static,-1.100436,37.392374,1297.0000
static,-1.100436,37.437289,1207.0000
static,-1.100436,37.482205,1163.0000
static,-1.100436,37.527121,1180.0000
static,-1.100436,37.572037,1210.0000
static,-1.100436,37.616953,1227.0000
static,-1.100436,37.661868,1263.0000
static,-1.100436,37.706784,1275.0000
static,-1.100436,37.751700,1192.0000
static,-1.100436,37.796616,1154.0000
static,-1.100436,37.841531,1144.0000
static,-1.100436,37.886447,1175.0000
static,-1.100436,37.931363,1201.0000
static,-1.100436,37.976279,1215.0000
static,-1.100436,38.021194,1225.0000
static,-1.100436,38.066110,1120.0000
static,-1.100436,38.111026,1053.0000
static,-1.100436,38.155942,927.0000
static,-1.100436,38.200857,721.0000
static,-1.100436,38.245773,791.0000
static,-1.100436,38.290689,931.0000
static,-1.100436,38.335605,811.0000
static,-1.100436,38.380521,641.0000
static,-1.100436,38.425436,560.0000
static,-1.100436,38.470352,535.0000
static,-1.100436,38.515268,514.0000
static,-1.100436,38.560184,476.0000
static,-1.100436,38.605099,481.0000
static,-1.100436,38.650015,520.0000
static,-1.100436,38.694931,634.0000
static,-1.100436,38.739847,417.0000
static,-1.100436,38.784762,404.0000
static,-1.100436,38.829678,388.0000
static,-1.100436,38.874594,372.0000
static,-1.100436,38.919510,337.0000
static,-1.100436,38.964425,321.0000
static,-1.100436,39.009341,309.0000
static,-1.100436,39.054257,301.0000
static,-1.100436,39.099173,278.0000
static,-1.100436,39.144089,273.0000
static,-1.100436,39.189004,259.0000
static,-1.100436,39.233920,247.0000
static,-1.100436,39.278836,223.0000
static,-1.100436,39.323752,215.0000
static,-1.100436,39.368667,202.0000
static,-1.100436,39.413583,183.0000
static,-1.100436,39.458499,175.0000
static,-1.100436,39.503415,167.0000
static,-1.100436,39.548330,161.0000
static,-1.100436,39.593246,147.0000
static,-1.100436,39.638162,141.0000
static,-1.100436,39.683078,133.0000
static,-1.100436,39.727993,126.0000
static,-1.100436,39.772909,111.0000
static,-1.100436,39.817825,104.0000
static,-1.100436,39.862741,97.0000
static,-1.100436,39.907656,90.0000
static,-1.100436,39.952572,92.0000
static,-1.100436,39.997488,93.0000
static,-1.100436,40.042404,96.0000
static,-1.100436,40.087320,98.0000
static,-1.100436,40.132235,106.0000
static,-1.100436,40.177151,99.0000
static,-1.100436,40.222067,94.0000
static,-1.100436,40.266983,96.0000
static,-1.100436,40.311898,93.0000
static,-1.100436,40.356814,90.0000
static,-1.100436,40.401730,88.0000
static,-1.100436,40.446646,92.0000
static,-1.100436,40.491561,90.0000
static,-1.100436,40.536477,91.0000
static,-1.100436,40.581393,88.0000
static,-1.100436,40.626309,93.0000
static,-1.100436,40.671224,88.0000
static,-1.100436,40.716140,90.0000
static,-1.100436,40.761056,100.0000
static,-1.100436,40.805972,90.0000
static,-1.100436,40.850888,85.0000
static,-1.100436,40.895803,84.0000
static,-1.100436,40.940719,85.0000
static,-1.100436,40.985635,78.0000
static,-1.100436,41.030551,74.0000
static,-1.100436,41.075466,69.0000
static,-1.100436,41.120382,70.0000
static,-1.100436,41.165298,63.0000
static,-1.100436,41.210214,54.0000
static,-1.145352,34.248270,1357.0000
static,-1.145352,34.293186,1397.0000
static,-1.145352,34.338102,1359.0000
static,-1.145352,34.383017,1374.0000
static,-1.145352,34.427933,1395.0000
static,-1.145352,34.472849,1422.0000
static,-1.145352,34.517765,1427.0000
static,-1.145352,34.562681,1430.0000
static,-1.145352,34.607596,1430.0000
static,-1.145352,34.652512,1496.0000
static,-1.145352,34.697428,1566.0000
static,-1.145352,34.742344,1709.0000
static,-1.145352,34.787259,1620.0000
static,-1.145352,34.832175,1643.0000
static,-1.145352,34.877091,1689.0000
static,-1.145352,34.922007,1722.0000
static,-1.145352,34.966922,1771.0000
static,-1.145352,35.011838,1854.0000
static,-1.145352,35.056754,1819.0000
static,-1.145352,35.101670,1705.0000
static,-1.145352,35.146585,1689.0000
static,-1.145352,35.191501,1717.0000
static,-1.145352,35.236417,1735.0000
static,-1.145352,35.281333,1883.0000
static,-1.145352,35.326249,1856.0000
static,-1.145352,35.371164,1975.0000
static,-1.145352,35.416080,2070.0000
static,-1.145352,35.460996,2006.0000
static,-1.145352,35.505912,1955.0000
static,-1.145352,35.550827,1936.0000
static,-1.145352,35.595743,1919.0000
static,-1.145352,35.640659,1927.0000
static,-1.145352,35.685575,1890.0000
static,-1.145352,35.730490,1882.0000
static,-1.145352,35.775406,1887.0000
static,-1.145352,35.820322,1899.0000
static,-1.145352,35.865238,1862.0000
static,-1.145352,35.910153,1907.0000
static,-1.145352,35.955069,1862.0000
static,-1.145352,35.999985,1847.0000
static,-1.145352,36.044901,1960.0000
static,-1.145352,36.089817,2039.0000
static,-1.145352,36.134732,2075.0000
static,-1.145352,36.179648,1757.0000
static,-1.145352,36.224564,1653.0000
static,-1.145352,36.269480,1718.0000
static,-1.145352,36.314395,1906.0000
static,-1.145352,36.359311,1865.0000
static,-1.145352,36.404227,1793.0000
static,-1.145352,36.449143,1595.0000
static,-1.145352,36.494058,1534.0000
static,-1.145352,36.538974,1754.0000
static,-1.145352,36.583890,2157.0000
static,-1.145352,36.628806,2217.0000
static,-1.145352,36.673721,2214.0000
static,-1.145352,36.718637,1999.0000
static,-1.145352,36.763553,1917.0000
static,-1.145352,36.808469,1821.0000
static,-1.145352,36.853385,1627.0000
static,-1.145352,36.898300,1578.0000
static,-1.145352,36.943216,1547.0000
static,-1.145352,36.988132,1523.0000
static,-1.145352,37.033048,1489.0000
static,-1.145352,37.077963,1472.0000
static,-1.145352,37.122879,1458.0000
static,-1.145352,37.167795,1454.0000
static,-1.145352,37.212711,1531.0000
static,-1.145352,37.257626,1786.0000
static,-1.145352,37.302542,1374.0000
static,-1.145352,37.347458,1313.0000
static,-1.145352,37.392374,1287.0000
static,-1.145352,37.437289,1247.0000
static,-1.145352,37.482205,1213.0000
static,-1.145352,37.527121,1221.0000
static,-1.145352,37.572037,1234.0000
static,-1.145352,37.616953,1224.0000
static,-1.145352,37.661868,1230.0000
static,-1.145352,37.706784,1237.0000
static,-1.145352,37.751700,1201.0000
static,-1.145352,37.796616,1176.0000
static,-1.145352,37.841531,1179.0000
static,-1.145352,37.886447,1202.0000
static,-1.145352,37.931363,1246.0000
static,-1.145352,37.976279,1284.0000
static,-1.145352,38.021194,1320.0000
static,-1.145352,38.066110,941.0000
static,-1.145352,38.111026,904.0000
static,-1.145352,38.155942,908.0000
static,-1.145352,38.200857,718.0000
static,-1.145352,38.245773,763.0000
static,-1.145352,38.290689,753.0000
static,-1.145352,38.335605,723.0000
static,-1.145352,38.380521,620.0000
static,-1.145352,38.425436,569.0000
static,-1.145352,38.470352,543.0000
static,-1.145352,38.515268,517.0000
static,-1.145352,38.560184,457.0000
static,-1.145352,38.605099,465.0000
static,-1.145352,38.650015,467.0000
static,-1.145352,38.694931,463.0000
static,-1.145352,38.739847,415.0000
static,-1.145352,38.784762,401.0000
static,-1.145352,38.829678,390.0000
static,-1.145352,38.874594,381.0000
static,-1.145352,38.919510,360.0000
static,-1.145352,38.964425,351.0000
static,-1.145352,39.009341,341.0000
static,-1.145352,39.054257,331.0000
static,-1.145352,39.099173,305.0000
static,-1.145352,39.144089,300.0000
static,-1.145352,39.189004,283.0000
static,-1.145352,39.233920,264.0000
static,-1.145352,39.278836,238.0000
static,-1.145352,39.323752,212.0000
static,-1.145352,39.368667,202.0000
static,-1.145352,39.413583,188.0000
static,-1.145352,39.458499,179.0000
static,-1.145352,39.503415,172.0000
static,-1.145352,39.548330,165.0000
static,-1.145352,39.593246,153.0000
static,-1.145352,39.638162,145.0000
static,-1.145352,39.683078,134.0000
static,-1.145352,39.727993,126.0000
static,-1.145352,39.772909,112.0000
static,-1.145352,39.817825,105.0000
static,-1.145352,39.862741,98.0000
static,-1.145352,39.907656,91.0000
static,-1.145352,39.952572,87.0000
static,-1.145352,39.997488,89.0000
static,-1.145352,40.042404,91.0000
static,-1.145352,40.087320,96.0000
static,-1.145352,40.132235,104.0000
static,-1.145352,40.177151,101.0000
static,-1.145352,40.222067,93.0000
static,-1.145352,40.266983,91.0000
static,-1.145352,40.311898,90.0000
static,-1.145352,40.356814,87.0000
static,-1.145352,40.401730,85.0000
static,-1.145352,40.446646,87.0000
static,-1.145352,40.491561,88.0000
static,-1.145352,40.536477,88.0000
static,-1.145352,40.581393,89.0000
static,-1.145352,40.626309,87.0000
static,-1.145352,40.671224,89.0000
static,-1.145352,40.716140,86.0000
static,-1.145352,40.761056,93.0000
static,-1.145352,40.805972,83.0000
static,-1.145352,40.850888,80.0000
static,-1.145352,40.895803,82.0000
static,-1.145352,40.940719,86.0000
static,-1.145352,40.985635,78.0000
static,-1.145352,41.030551,71.0000
static,-1.145352,41.075466,65.0000
static,-1.145352,41.120382,64.0000
static,-1.145352,41.165298,61.0000
static,-1.145352,41.210214,52.0000
static,-1.145352,41.255129,50.0000
static,-1.190268,34.338102,1425.0000
static,-1.190268,34.383017,1410.0000
static,-1.190268,34.427933,1428.0000
static,-1.190268,34.472849,1486.0000
static,-1.190268,34.517765,1459.0000
static,-1.190268,34.562681,1471.0000
static,-1.190268,34.607596,1456.0000
static,-1.190268,34.652512,1468.0000
static,-1.190268,34.697428,1530.0000
static,-1.190268,34.742344,1545.0000
static,-1.190268,34.787259,1595.0000
static,-1.190268,34.832175,1622.0000
static,-1.190268,34.877091,1684.0000
static,-1.190268,34.922007,1748.0000
static,-1.190268,34.966922,1807.0000
static,-1.190268,35.011838,1857.0000
static,-1.190268,35.056754,1743.0000
static,-1.190268,35.101670,1662.0000
static,-1.190268,35.146585,1717.0000
static,-1.190268,35.191501,1730.0000
static,-1.190268,35.236417,1761.0000
static,-1.190268,35.281333,1813.0000
static,-1.190268,35.326249,1928.0000
static,-1.190268,35.371164,2048.0000
static,-1.190268,35.416080,2017.0000
static,-1.190268,35.460996,1962.0000
static,-1.190268,35.505912,1946.0000
static,-1.190268,35.550827,1918.0000
static,-1.190268,35.595743,1904.0000
static,-1.190268,35.640659,1895.0000
static,-1.190268,35.685575,1888.0000
static,-1.190268,35.730490,1866.0000
static,-1.190268,35.775406,1854.0000
static,-1.190268,35.820322,1855.0000
static,-1.190268,35.865238,1820.0000
static,-1.190268,35.910153,1888.0000
static,-1.190268,35.955069,1848.0000
static,-1.190268,35.999985,1829.0000
static,-1.190268,36.044901,1897.0000
static,-1.190268,36.089817,1979.0000
static,-1.190268,36.134732,1962.0000
static,-1.190268,36.179648,1676.0000
static,-1.190268,36.224564,1596.0000
static,-1.190268,36.269480,1667.0000
static,-1.190268,36.314395,1868.0000
static,-1.190268,36.359311,1912.0000
static,-1.190268,36.404227,1699.0000
static,-1.190268,36.449143,1546.0000
static,-1.190268,36.494058,1492.0000
static,-1.190268,36.538974,1734.0000
static,-1.190268,36.583890,2110.0000
static,-1.190268,36.628806,2149.0000
static,-1.190268,36.673721,2144.0000
static,-1.190268,36.718637,1917.0000
static,-1.190268,36.763553,1886.0000
static,-1.190268,36.808469,1772.0000
static,-1.190268,36.853385,1610.0000
static,-1.190268,36.898300,1559.0000
static,-1.190268,36.943216,1533.0000
static,-1.190268,36.988132,1512.0000
static,-1.190268,37.033048,1476.0000
static,-1.190268,37.077963,1468.0000
static,-1.190268,37.122879,1470.0000
static,-1.190268,37.167795,1470.0000
static,-1.190268,37.212711,1494.0000
static,-1.190268,37.257626,1466.0000
static,-1.190268,37.302542,1420.0000
static,-1.190268,37.347458,1305.0000
static,-1.190268,37.392374,1232.0000
static,-1.190268,37.437289,1299.0000
static,-1.190268,37.482205,1260.0000
static,-1.190268,37.527121,1280.0000
static,-1.190268,37.572037,1260.0000
static,-1.190268,37.616953,1230.0000
static,-1.190268,37.661868,1202.0000
static,-1.190268,37.706784,1221.0000
static,-1.190268,37.751700,1214.0000
static,-1.190268,37.796616,1210.0000
static,-1.190268,37.841531,1216.0000
static,-1.190268,37.886447,1223.0000
static,-1.190268,37.931363,1263.0000
static,-1.190268,37.976279,1327.0000
static,-1.190268,38.021194,1366.0000
static,-1.190268,38.066110,948.0000
static,-1.190268,38.111026,985.0000
static,-1.190268,38.155942,851.0000
static,-1.190268,38.200857,700.0000
static,-1.190268,38.245773,728.0000
static,-1.190268,38.290689,679.0000
static,-1.190268,38.335605,636.0000
static,-1.190268,38.380521,629.0000
static,-1.190268,38.425436,561.0000
static,-1.190268,38.470352,535.0000
static,-1.190268,38.515268,512.0000
static,-1.190268,38.560184,464.0000
static,-1.190268,38.605099,443.0000
static,-1.190268,38.650015,451.0000
static,-1.190268,38.694931,439.0000
static,-1.190268,38.739847,420.0000
static,-1.190268,38.784762,408.0000
static,-1.190268,38.829678,395.0000
static,-1.190268,38.874594,389.0000
static,-1.190268,38.919510,369.0000
static,-1.190268,38.964425,363.0000
static,-1.190268,39.009341,350.0000
static,-1.190268,39.054257,342.0000
static,-1.190268,39.099173,327.0000
static,-1.190268,39.144089,314.0000
static,-1.190268,39.189004,296.0000
static,-1.190268,39.233920,274.0000
static,-1.190268,39.278836,235.0000
static,-1.190268,39.323752,220.0000
static,-1.190268,39.368667,209.0000
static,-1.190268,39.413583,192.0000
static,-1.190268,39.458499,184.0000
static,-1.190268,39.503415,176.0000
static,-1.190268,39.548330,169.0000
static,-1.190268,39.593246,155.0000
static,-1.190268,39.638162,147.0000
static,-1.190268,39.683078,139.0000
static,-1.190268,39.727993,130.0000
static,-1.190268,39.772909,114.0000
static,-1.190268,39.817825,107.0000
static,-1.190268,39.862741,100.0000
static,-1.190268,39.907656,92.0000
static,-1.190268,39.952572,82.0000
static,-1.190268,39.997488,85.0000
static,-1.190268,40.042404,89.0000
static,-1.190268,40.087320,92.0000
static,-1.190268,40.132235,98.0000
static,-1.190268,40.177151,102.0000
static,-1.190268,40.222067,95.0000
static,-1.190268,40.266983,89.0000
static,-1.190268,40.311898,90.0000
static,-1.190268,40.356814,88.0000
static,-1.190268,40.401730,82.0000
static,-1.190268,40.446646,82.0000
static,-1.190268,40.491561,84.0000
static,-1.190268,40.536477,84.0000
static,-1.190268,40.581393,84.0000
static,-1.190268,40.626309,87.0000
static,-1.190268,40.671224,81.0000
static,-1.190268,40.716140,83.0000
static,-1.190268,40.761056,92.0000
static,-1.190268,40.805972,80.0000
static,-1.190268,40.850888,82.0000
static,-1.190268,40.895803,82.0000
static,-1.190268,40.940719,79.0000
static,-1.190268,40.985635,77.0000
static,-1.190268,41.030551,74.0000
static,-1.190268,41.075466,73.0000
static,-1.190268,41.120382,60.0000
static,-1.190268,41.165298,59.0000
static,-1.190268,41.210214,56.0000
static,-1.190268,41.255129,51.0000
static,-1.235184,34.427933,1509.0000
static,-1.235184,34.472849,1614.0000
static,-1.235184,34.517765,1548.0000
static,-1.235184,34.562681,1578.0000
static,-1.235184,34.607596,1554.0000
static,-1.235184,34.652512,1565.0000
static,-1.235184,34.697428,1526.0000
static,-1.235184,34.742344,1529.0000
static,-1.235184,34.787259,1554.0000
static,-1.235184,34.832175,1760.0000
static,-1.235184,34.877091,1866.0000
static,-1.235184,34.922007,1866.0000
static,-1.235184,34.966922,1862.0000
static,-1.235184,35.011838,1645.0000
static,-1.235184,35.056754,1611.0000
static,-1.235184,35.101670,1633.0000
static,-1.235184,35.146585,1668.0000
static,-1.235184,35.191501,1716.0000
static,-1.235184,35.236417,1733.0000
static,-1.235184,35.281333,1750.0000
static,-1.235184,35.326249,1860.0000
static,-1.235184,35.371164,1990.0000
static,-1.235184,35.416080,1923.0000
static,-1.235184,35.460996,1911.0000
static,-1.235184,35.505912,1897.0000
static,-1.235184,35.550827,1895.0000
static,-1.235184,35.595743,1887.0000
static,-1.235184,35.640659,1875.0000
static,-1.235184,35.685575,1865.0000
static,-1.235184,35.730490,1858.0000
static,-1.235184,35.775406,1892.0000
static,-1.235184,35.820322,1846.0000
static,-1.235184,35.865238,1873.0000
static,-1.235184,35.910153,1784.0000
static,-1.235184,35.955069,1825.0000
static,-1.235184,35.999985,1758.0000
static,-1.235184,36.044901,1750.0000
static,-1.235184,36.089817,1751.0000
static,-1.235184,36.134732,1720.0000
static,-1.235184,36.179648,1707.0000
static,-1.235184,36.224564,1472.0000
static,-1.235184,36.269480,1440.0000
static,-1.235184,36.314395,1426.0000
static,-1.235184,36.359311,1430.0000
static,-1.235184,36.404227,1472.0000
static,-1.235184,36.449143,1436.0000
static,-1.235184,36.494058,1424.0000
static,-1.235184,36.538974,1866.0000
static,-1.235184,36.583890,2010.0000
static,-1.235184,36.628806,2024.0000
static,-1.235184,36.673721,2026.0000
static,-1.235184,36.718637,1854.0000
static,-1.235184,36.763553,1783.0000
static,-1.235184,36.808469,1719.0000
static,-1.235184,36.853385,1618.0000
static,-1.235184,36.898300,1582.0000
static,-1.235184,36.943216,1542.0000
static,-1.235184,36.988132,1508.0000
static,-1.235184,37.033048,1485.0000
static,-1.235184,37.077963,1480.0000
static,-1.235184,37.122879,1468.0000
static,-1.235184,37.167795,1478.0000
static,-1.235184,37.212711,1501.0000
static,-1.235184,37.257626,1502.0000
static,-1.235184,37.302542,1502.0000
static,-1.235184,37.347458,1527.0000
static,-1.235184,37.392374,1237.0000
static,-1.235184,37.437289,1209.0000
static,-1.235184,37.482205,1193.0000
static,-1.235184,37.527121,1280.0000
static,-1.235184,37.572037,1287.0000
static,-1.235184,37.616953,1289.0000
static,-1.235184,37.661868,1197.0000
static,-1.235184,37.706784,1176.0000
static,-1.235184,37.751700,1196.0000
static,-1.235184,37.796616,1183.0000
static,-1.235184,37.841531,1189.0000
static,-1.235184,37.886447,1206.0000
static,-1.235184,37.931363,1221.0000
static,-1.235184,37.976279,1235.0000
static,-1.235184,38.021194,1281.0000
static,-1.235184,38.066110,994.0000
static,-1.235184,38.111026,788.0000
static,-1.235184,38.155942,1150.0000
static,-1.235184,38.200857,704.0000
static,-1.235184,38.245773,659.0000
static,-1.235184,38.290689,703.0000
static,-1.235184,38.335605,662.0000
static,-1.235184,38.380521,628.0000
static,-1.235184,38.425436,571.0000
static,-1.235184,38.470352,544.0000
static,-1.235184,38.515268,521.0000
static,-1.235184,38.560184,871.0000
static,-1.235184,38.605099,592.0000
static,-1.235184,38.650015,430.0000
static,-1.235184,38.694931,419.0000
static,-1.235184,38.739847,411.0000
static,-1.235184,38.784762,396.0000
static,-1.235184,38.829678,380.0000
static,-1.235184,38.874594,366.0000
static,-1.235184,38.919510,346.0000
static,-1.235184,38.964425,343.0000
static,-1.235184,39.009341,335.0000
static,-1.235184,39.054257,322.0000
static,-1.235184,39.099173,306.0000
static,-1.235184,39.144089,294.0000
static,-1.235184,39.189004,286.0000
static,-1.235184,39.233920,276.0000
static,-1.235184,39.278836,245.0000
static,-1.235184,39.323752,231.0000
static,-1.235184,39.368667,220.0000
static,-1.235184,39.413583,201.0000
static,-1.235184,39.458499,191.0000
static,-1.235184,39.503415,181.0000
static,-1.235184,39.548330,172.0000
static,-1.235184,39.593246,154.0000
static,-1.235184,39.638162,147.0000
static,-1.235184,39.683078,140.0000
static,-1.235184,39.727993,132.0000
static,-1.235184,39.772909,116.0000
static,-1.235184,39.817825,108.0000
static,-1.235184,39.862741,101.0000
static,-1.235184,39.907656,94.0000
static,-1.235184,39.952572,81.0000
static,-1.235184,39.997488,78.0000
static,-1.235184,40.042404,88.0000
static,-1.235184,40.087320,92.0000
static,-1.235184,40.132235,88.0000
static,-1.235184,40.177151,88.0000
static,-1.235184,40.222067,87.0000
static,-1.235184,40.266983,88.0000
static,-1.235184,40.311898,87.0000
static,-1.235184,40.356814,87.0000
static,-1.235184,40.401730,85.0000
static,-1.235184,40.446646,78.0000
static,-1.235184,40.491561,75.0000
static,-1.235184,40.536477,75.0000
static,-1.235184,40.581393,78.0000
static,-1.235184,40.626309,79.0000
static,-1.235184,40.671224,78.0000
static,-1.235184,40.716140,75.0000
static,-1.235184,40.761056,81.0000
static,-1.235184,40.805972,79.0000
static,-1.235184,40.850888,77.0000
static,-1.235184,40.895803,75.0000
static,-1.235184,40.940719,71.0000
static,-1.235184,40.985635,70.0000
static,-1.235184,41.030551,68.0000
static,-1.235184,41.075466,63.0000
static,-1.235184,41.120382,57.0000
static,-1.235184,41.165298,49.0000
static,-1.235184,41.210214,44.0000
static,-1.235184,41.255129,45.0000
static,-1.235184,41.300045,41.0000
static,-1.280099,34.517765,1625.0000
static,-1.280099,34.562681,1673.0000
static,-1.280099,34.607596,1651.0000
static,-1.280099,34.652512,1634.0000
static,-1.280099,34.697428,1628.0000
static,-1.280099,34.742344,1614.0000
static,-1.280099,34.787259,1614.0000
static,-1.280099,34.832175,1769.0000
static,-1.280099,34.877091,1868.0000
static,-1.280099,34.922007,1932.0000
static,-1.280099,34.966922,1867.0000
static,-1.280099,35.011838,1565.0000
static,-1.280099,35.056754,1562.0000
static,-1.280099,35.101670,1593.0000
static,-1.280099,35.146585,1621.0000
static,-1.280099,35.191501,1670.0000
static,-1.280099,35.236417,1715.0000
static,-1.280099,35.281333,1733.0000
static,-1.280099,35.326249,1811.0000
static,-1.280099,35.371164,1973.0000
static,-1.280099,35.416080,1899.0000
static,-1.280099,35.460996,1884.0000
static,-1.280099,35.505912,1877.0000
static,-1.280099,35.550827,1886.0000
static,-1.280099,35.595743,1901.0000
static,-1.280099,35.640659,1884.0000
static,-1.280099,35.685575,1881.0000
static,-1.280099,35.730490,1872.0000
static,-1.280099,35.775406,1858.0000
static,-1.280099,35.820322,1847.0000
static,-1.280099,35.865238,1873.0000
static,-1.280099,35.910153,1791.0000
static,-1.280099,35.955069,1718.0000
static,-1.280099,35.999985,1693.0000
static,-1.280099,36.044901,1682.0000
static,-1.280099,36.089817,1663.0000
static,-1.280099,36.134732,1634.0000
static,-1.280099,36.179648,1682.0000
static,-1.280099,36.224564,1477.0000
static,-1.280099,36.269480,1392.0000
static,-1.280099,36.314395,1350.0000
static,-1.280099,36.359311,1352.0000
static,-1.280099,36.404227,1431.0000
static,-1.280099,36.449143,1400.0000
static,-1.280099,36.494058,1454.0000
static,-1.280099,36.538974,1835.0000
static,-1.280099,36.583890,1947.0000
static,-1.280099,36.628806,2013.0000
static,-1.280099,36.673721,1999.0000
static,-1.280099,36.718637,1845.0000
static,-1.280099,36.763553,1787.0000
static,-1.280099,36.808469,1722.0000
static,-1.280099,36.853385,1624.0000
static,-1.280099,36.898300,1605.0000
static,-1.280099,36.943216,1587.0000
static,-1.280099,36.988132,1560.0000
static,-1.280099,37.033048,1490.0000
static,-1.280099,37.077963,1472.0000
static,-1.280099,37.122879,1476.0000
static,-1.280099,37.167795,1499.0000
static,-1.280099,37.212711,1498.0000
static,-1.280099,37.257626,1504.0000
static,-1.280099,37.302542,1508.0000
static,-1.280099,37.347458,1539.0000
static,-1.280099,37.392374,1355.0000
static,-1.280099,37.437289,1215.0000
static,-1.280099,37.482205,1204.0000
static,-1.280099,37.527121,1164.0000
static,-1.280099,37.572037,1287.0000
static,-1.280099,37.616953,1281.0000
static,-1.280099,37.661868,1224.0000
static,-1.280099,37.706784,1149.0000
static,-1.280099,37.751700,1192.0000
static,-1.280099,37.796616,1149.0000
static,-1.280099,37.841531,1166.0000
static,-1.280099,37.886447,1175.0000
static,-1.280099,37.931363,1191.0000
static,-1.280099,37.976279,1202.0000
static,-1.280099,38.021194,1239.0000
static,-1.280099,38.066110,1034.0000
static,-1.280099,38.111026,750.0000
static,-1.280099,38.155942,1086.0000
static,-1.280099,38.200857,780.0000
static,-1.280099,38.245773,658.0000
static,-1.280099,38.290689,702.0000
static,-1.280099,38.335605,664.0000
static,-1.280099,38.380521,618.0000
static,-1.280099,38.425436,558.0000
static,-1.280099,38.470352,528.0000
static,-1.280099,38.515268,519.0000
static,-1.280099,38.560184,803.0000
static,-1.280099,38.605099,572.0000
static,-1.280099,38.650015,446.0000
static,-1.280099,38.694931,420.0000
static,-1.280099,38.739847,393.0000
static,-1.280099,38.784762,389.0000
static,-1.280099,38.829678,376.0000
static,-1.280099,38.874594,359.0000
static,-1.280099,38.919510,345.0000
static,-1.280099,38.964425,334.0000
static,-1.280099,39.009341,321.0000
static,-1.280099,39.054257,316.0000
static,-1.280099,39.099173,294.0000
static,-1.280099,39.144089,286.0000
static,-1.280099,39.189004,277.0000
static,-1.280099,39.233920,264.0000
static,-1.280099,39.278836,244.0000
static,-1.280099,39.323752,232.0000
static,-1.280099,39.368667,220.0000
static,-1.280099,39.413583,200.0000
static,-1.280099,39.458499,190.0000
static,-1.280099,39.503415,180.0000
static,-1.280099,39.548330,171.0000
static,-1.280099,39.593246,153.0000
static,-1.280099,39.638162,146.0000
static,-1.280099,39.683078,139.0000
static,-1.280099,39.727993,131.0000
static,-1.280099,39.772909,115.0000
static,-1.280099,39.817825,109.0000
static,-1.280099,39.862741,102.0000
static,-1.280099,39.907656,95.0000
static,-1.280099,39.952572,83.0000
static,-1.280099,39.997488,77.0000
static,-1.280099,40.042404,83.0000
static,-1.280099,40.087320,98.0000
static,-1.280099,40.132235,88.0000
static,-1.280099,40.177151,86.0000
static,-1.280099,40.222067,85.0000
static,-1.280099,40.266983,84.0000
static,-1.280099,40.311898,85.0000
static,-1.280099,40.356814,85.0000
static,-1.280099,40.401730,83.0000
static,-1.280099,40.446646,78.0000
static,-1.280099,40.491561,74.0000
static,-1.280099,40.536477,74.0000
static,-1.280099,40.581393,74.0000
static,-1.280099,40.626309,76.0000
static,-1.280099,40.671224,78.0000
static,-1.280099,40.716140,75.0000
static,-1.280099,40.761056,76.0000
static,-1.280099,40.805972,74.0000
static,-1.280099,40.850888,74.0000
static,-1.280099,40.895803,74.0000
static,-1.280099,40.940719,70.0000
static,-1.280099,40.985635,67.0000
static,-1.280099,41.030551,63.0000
static,-1.280099,41.075466,61.0000
static,-1.280099,41.120382,56.0000
static,-1.280099,41.165298,48.0000
static,-1.280099,41.210214,40.0000
static,-1.280099,41.255129,41.0000
static,-1.280099,41.300045,36.0000
static,-1.280099,41.344961,33.0000
static,-1.325015,34.562681,1704.0000
static,-1.325015,34.607596,1743.0000
static,-1.325015,34.652512,1723.0000
static,-1.325015,34.697428,1730.0000
static,-1.325015,34.742344,1673.0000
static,-1.325015,34.787259,1703.0000
static,-1.325015,34.832175,1809.0000
static,-1.325015,34.877091,1907.0000
static,-1.325015,34.922007,1929.0000
static,-1.325015,34.966922,1695.0000
static,-1.325015,35.011838,1548.0000
static,-1.325015,35.056754,1565.0000
static,-1.325015,35.101670,1581.0000
static,-1.325015,35.146585,1596.0000
static,-1.325015,35.191501,1622.0000
static,-1.325015,35.236417,1706.0000
static,-1.325015,35.281333,1733.0000
static,-1.325015,35.326249,1785.0000
static,-1.325015,35.371164,1840.0000
static,-1.325015,35.416080,1828.0000
static,-1.325015,35.460996,1848.0000
static,-1.325015,35.505912,1870.0000
static,-1.325015,35.550827,1862.0000
static,-1.325015,35.595743,1883.0000
static,-1.325015,35.640659,1902.0000
static,-1.325015,35.685575,1909.0000
static,-1.325015,35.730490,1886.0000
static,-1.325015,35.775406,1860.0000
static,-1.325015,35.820322,1837.0000
static,-1.325015,35.865238,1806.0000
static,-1.325015,35.910153,1734.0000
static,-1.325015,35.955069,1648.0000
static,-1.325015,35.999985,1633.0000
static,-1.325015,36.044901,1601.0000
static,-1.325015,36.089817,1583.0000
static,-1.325015,36.134732,1558.0000
static,-1.325015,36.179648,1546.0000
static,-1.325015,36.224564,1432.0000
static,-1.325015,36.269480,1347.0000
static,-1.325015,36.314395,1318.0000
static,-1.325015,36.359311,1323.0000
static,-1.325015,36.404227,1389.0000
static,-1.325015,36.449143,1410.0000
static,-1.325015,36.494058,1412.0000
static,-1.325015,36.538974,1762.0000
static,-1.325015,36.583890,1857.0000
static,-1.325015,36.628806,1984.0000
static,-1.325015,36.673721,1948.0000
static,-1.325015,36.718637,1838.0000
static,-1.325015,36.763553,1789.0000
static,-1.325015,36.808469,1711.0000
static,-1.325015,36.853385,1633.0000
static,-1.325015,36.898300,1623.0000
static,-1.325015,36.943216,1609.0000
static,-1.325015,36.988132,1586.0000
static,-1.325015,37.033048,1488.0000
static,-1.325015,37.077963,1478.0000
static,-1.325015,37.122879,1495.0000
static,-1.325015,37.167795,1501.0000
static,-1.325015,37.212711,1505.0000
static,-1.325015,37.257626,1480.0000
static,-1.325015,37.302542,1486.0000
static,-1.325015,37.347458,1609.0000
static,-1.325015,37.392374,1516.0000
static,-1.325015,37.437289,1252.0000
static,-1.325015,37.482205,1213.0000
static,-1.325015,37.527121,1201.0000
static,-1.325015,37.572037,1191.0000
static,-1.325015,37.616953,1245.0000
static,-1.325015,37.661868,1224.0000
static,-1.325015,37.706784,1121.0000
static,-1.325015,37.751700,1159.0000
static,-1.325015,37.796616,1119.0000
static,-1.325015,37.841531,1140.0000
static,-1.325015,37.886447,1146.0000
static,-1.325015,37.931363,1155.0000
static,-1.325015,37.976279,1186.0000
static,-1.325015,38.021194,1201.0000
static,-1.325015,38.066110,1045.0000
static,-1.325015,38.111026,742.0000
static,-1.325015,38.155942,801.0000
static,-1.325015,38.200857,769.0000
static,-1.325015,38.245773,674.0000
static,-1.325015,38.290689,705.0000
static,-1.325015,38.335605,660.0000
static,-1.325015,38.380521,614.0000
static,-1.325015,38.425436,547.0000
static,-1.325015,38.470352,522.0000
static,-1.325015,38.515268,503.0000
static,-1.325015,38.560184,475.0000
static,-1.325015,38.605099,470.0000
static,-1.325015,38.650015,455.0000
static,-1.325015,38.694931,431.0000
static,-1.325015,38.739847,399.0000
static,-1.325015,38.784762,388.0000
static,-1.325015,38.829678,378.0000
static,-1.325015,38.874594,373.0000
static,-1.325015,38.919510,353.0000
static,-1.325015,38.964425,343.0000
static,-1.325015,39.009341,333.0000
static,-1.325015,39.054257,324.0000
static,-1.325015,39.099173,305.0000
static,-1.325015,39.144089,293.0000
static,-1.325015,39.189004,281.0000
static,-1.325015,39.233920,273.0000
static,-1.325015,39.278836,247.0000
static,-1.325015,39.323752,235.0000
static,-1.325015,39.368667,221.0000
static,-1.325015,39.413583,199.0000
static,-1.325015,39.458499,190.0000
static,-1.325015,39.503415,180.0000
static,-1.325015,39.548330,171.0000
static,-1.325015,39.593246,153.0000
static,-1.325015,39.638162,144.0000
static,-1.325015,39.683078,136.0000
static,-1.325015,39.727993,128.0000
static,-1.325015,39.772909,113.0000
static,-1.325015,39.817825,107.0000
static,-1.325015,39.862741,100.0000
static,-1.325015,39.907656,94.0000
static,-1.325015,39.952572,82.0000
static,-1.325015,39.997488,76.0000
static,-1.325015,40.042404,76.0000
static,-1.325015,40.087320,97.0000
static,-1.325015,40.132235,96.0000
static,-1.325015,40.177151,88.0000
static,-1.325015,40.222067,85.0000
static,-1.325015,40.266983,82.0000
static,-1.325015,40.311898,80.0000
static,-1.325015,40.356814,81.0000
static,-1.325015,40.401730,82.0000
static,-1.325015,40.446646,79.0000
static,-1.325015,40.491561,73.0000
static,-1.325015,40.536477,71.0000
static,-1.325015,40.581393,72.0000
static,-1.325015,40.626309,74.0000
static,-1.325015,40.671224,77.0000
static,-1.325015,40.716140,77.0000
static,-1.325015,40.761056,72.0000
static,-1.325015,40.805972,65.0000
static,-1.325015,40.850888,69.0000
static,-1.325015,40.895803,67.0000
static,-1.325015,40.940719,68.0000
static,-1.325015,40.985635,63.0000
static,-1.325015,41.030551,61.0000
static,-1.325015,41.075466,58.0000
static,-1.325015,41.120382,52.0000
static,-1.325015,41.165298,46.0000
static,-1.325015,41.210214,37.0000
static,-1.325015,41.255129,39.0000
static,-1.325015,41.300045,32.0000
static,-1.325015,41.344961,32.0000
static,-1.325015,41.389877,28.0000
static,-1.369931,34.652512,1816.0000
static,-1.369931,34.697428,1836.0000
static,-1.369931,34.742344,1866.0000
static,-1.369931,34.787259,1871.0000
static,-1.369931,34.832175,1577.0000
static,-1.369931,34.877091,1554.0000
static,-1.369931,34.922007,1555.0000
static,-1.369931,34.966922,1542.0000
static,-1.369931,35.011838,1547.0000
static,-1.369931,35.056754,1567.0000
static,-1.369931,35.101670,1569.0000
static,-1.369931,35.146585,1582.0000
static,-1.369931,35.191501,1612.0000
static,-1.369931,35.236417,1652.0000
static,-1.369931,35.281333,1686.0000
static,-1.369931,35.326249,1725.0000
static,-1.369931,35.371164,1742.0000
static,-1.369931,35.416080,1751.0000
static,-1.369931,35.460996,1757.0000
static,-1.369931,35.505912,1813.0000
static,-1.369931,35.550827,1867.0000
static,-1.369931,35.595743,1906.0000
static,-1.369931,35.640659,2061.0000
static,-1.369931,35.685575,2125.0000
static,-1.369931,35.730490,1970.0000
static,-1.369931,35.775406,1888.0000
static,-1.369931,35.820322,1829.0000
static,-1.369931,35.865238,1772.0000
static,-1.369931,35.910153,1776.0000
static,-1.369931,35.955069,1803.0000
static,-1.369931,35.999985,1543.0000
static,-1.369931,36.044901,1422.0000
static,-1.369931,36.089817,1346.0000
static,-1.369931,36.134732,1366.0000
static,-1.369931,36.179648,1475.0000
static,-1.369931,36.224564,1442.0000
static,-1.369931,36.269480,1302.0000
static,-1.369931,36.314395,1270.0000
static,-1.369931,36.359311,1299.0000
static,-1.369931,36.404227,1321.0000
static,-1.369931,36.449143,1236.0000
static,-1.369931,36.494058,1257.0000
static,-1.369931,36.538974,1627.0000
static,-1.369931,36.583890,1721.0000
static,-1.369931,36.628806,1913.0000
static,-1.369931,36.673721,2044.0000
static,-1.369931,36.718637,1776.0000
static,-1.369931,36.763553,1737.0000
static,-1.369931,36.808469,1680.0000
static,-1.369931,36.853385,1608.0000
static,-1.369931,36.898300,1604.0000
static,-1.369931,36.943216,1598.0000
static,-1.369931,36.988132,1585.0000
static,-1.369931,37.033048,1502.0000
static,-1.369931,37.077963,1538.0000
static,-1.369931,37.122879,1540.0000
static,-1.369931,37.167795,1565.0000
static,-1.369931,37.212711,1667.0000
static,-1.369931,37.257626,1559.0000
static,-1.369931,37.302542,1455.0000
static,-1.369931,37.347458,1414.0000
static,-1.369931,37.392374,1420.0000
static,-1.369931,37.437289,1277.0000
static,-1.369931,37.482205,1270.0000
static,-1.369931,37.527121,1266.0000
static,-1.369931,37.572037,1179.0000
static,-1.369931,37.616953,1112.0000
static,-1.369931,37.661868,1197.0000
static,-1.369931,37.706784,1189.0000
static,-1.369931,37.751700,1109.0000
static,-1.369931,37.796616,1063.0000
static,-1.369931,37.841531,1114.0000
static,-1.369931,37.886447,1072.0000
static,-1.369931,37.931363,1120.0000
static,-1.369931,37.976279,1114.0000
static,-1.369931,38.021194,1112.0000
static,-1.369931,38.066110,868.0000
static,-1.369931,38.111026,711.0000
static,-1.369931,38.155942,699.0000
static,-1.369931,38.200857,773.0000
static,-1.369931,38.245773,651.0000
static,-1.369931,38.290689,690.0000
static,-1.369931,38.335605,792.0000
static,-1.369931,38.380521,761.0000
static,-1.369931,38.425436,576.0000
static,-1.369931,38.470352,559.0000
static,-1.369931,38.515268,528.0000
static,-1.369931,38.560184,494.0000
static,-1.369931,38.605099,479.0000
static,-1.369931,38.650015,455.0000
static,-1.369931,38.694931,439.0000
static,-1.369931,38.739847,412.0000
static,-1.369931,38.784762,397.0000
static,-1.369931,38.829678,381.0000
static,-1.369931,38.874594,366.0000
static,-1.369931,38.919510,336.0000
static,-1.369931,38.964425,327.0000
static,-1.369931,39.009341,317.0000
static,-1.369931,39.054257,310.0000
static,-1.369931,39.099173,295.0000
static,-1.369931,39.144089,285.0000
static,-1.369931,39.189004,275.0000
static,-1.369931,39.233920,266.0000
static,-1.369931,39.278836,252.0000
static,-1.369931,39.323752,244.0000
static,-1.369931,39.368667,235.0000
static,-1.369931,39.413583,197.0000
static,-1.369931,39.458499,185.0000
static,-1.369931,39.503415,175.0000
static,-1.369931,39.548330,165.0000
static,-1.369931,39.593246,149.0000
static,-1.369931,39.638162,141.0000
static,-1.369931,39.683078,133.0000
static,-1.369931,39.727993,125.0000
static,-1.369931,39.772909,111.0000
static,-1.369931,39.817825,104.0000
static,-1.369931,39.862741,97.0000
static,-1.369931,39.907656,91.0000
static,-1.369931,39.952572,79.0000
static,-1.369931,39.997488,73.0000
static,-1.369931,40.042404,68.0000
static,-1.369931,40.087320,89.0000
static,-1.369931,40.132235,92.0000
static,-1.369931,40.177151,94.0000
static,-1.369931,40.222067,89.0000
static,-1.369931,40.266983,81.0000
static,-1.369931,40.311898,75.0000
static,-1.369931,40.356814,75.0000
static,-1.369931,40.401730,74.0000
static,-1.369931,40.446646,75.0000
static,-1.369931,40.491561,73.0000
static,-1.369931,40.536477,70.0000
static,-1.369931,40.581393,67.0000
static,-1.369931,40.626309,70.0000
static,-1.369931,40.671224,69.0000
static,-1.369931,40.716140,70.0000
static,-1.369931,40.761056,71.0000
static,-1.369931,40.805972,63.0000
static,-1.369931,40.850888,64.0000
static,-1.369931,40.895803,61.0000
static,-1.369931,40.940719,55.0000
static,-1.369931,40.985635,55.0000
static,-1.369931,41.030551,55.0000
static,-1.369931,41.075466,54.0000
static,-1.369931,41.120382,47.0000
static,-1.369931,41.165298,40.0000
static,-1.369931,41.210214,43.0000
static,-1.369931,41.255129,36.0000
static,-1.369931,41.300045,34.0000
static,-1.369931,41.344961,31.0000
static,-1.369931,41.389877,31.0000
static,-1.414847,34.742344,1795.0000
static,-1.414847,34.787259,1710.0000
static,-1.414847,34.832175,1517.0000
static,-1.414847,34.877091,1538.0000
static,-1.414847,34.922007,1519.0000
static,-1.414847,34.966922,1566.0000
static,-1.414847,35.011838,1563.0000
static,-1.414847,35.056754,1521.0000
static,-1.414847,35.101670,1528.0000
static,-1.414847,35.146585,1559.0000
static,-1.414847,35.191501,1572.0000
static,-1.414847,35.236417,1599.0000
static,-1.414847,35.281333,1672.0000
static,-1.414847,35.326249,1679.0000
static,-1.414847,35.371164,1691.0000
static,-1.414847,35.416080,1713.0000
static,-1.414847,35.460996,1765.0000
static,-1.414847,35.505912,1822.0000
static,-1.414847,35.550827,1877.0000
static,-1.414847,35.595743,1953.0000
static,-1.414847,35.640659,2067.0000
static,-1.414847,35.685575,2261.0000
static,-1.414847,35.730490,2049.0000
static,-1.414847,35.775406,1909.0000
static,-1.414847,35.820322,1852.0000
static,-1.414847,35.865238,1821.0000
static,-1.414847,35.910153,1821.0000
static,-1.414847,35.955069,1822.0000
static,-1.414847,35.999985,1564.0000
static,-1.414847,36.044901,1336.0000
static,-1.414847,36.089817,1313.0000
static,-1.414847,36.134732,1346.0000
static,-1.414847,36.179648,1447.0000
static,-1.414847,36.224564,1433.0000
static,-1.414847,36.269480,1281.0000
static,-1.414847,36.314395,1198.0000
static,-1.414847,36.359311,1240.0000
static,-1.414847,36.404227,1243.0000
static,-1.414847,36.449143,1161.0000
static,-1.414847,36.494058,1214.0000
static,-1.414847,36.538974,1667.0000
static,-1.414847,36.583890,1724.0000
static,-1.414847,36.628806,1906.0000
static,-1.414847,36.673721,2080.0000
static,-1.414847,36.718637,1767.0000
static,-1.414847,36.763553,1732.0000
static,-1.414847,36.808469,1711.0000
static,-1.414847,36.853385,1599.0000
static,-1.414847,36.898300,1549.0000
static,-1.414847,36.943216,1531.0000
static,-1.414847,36.988132,1526.0000
static,-1.414847,37.033048,1571.0000
static,-1.414847,37.077963,1618.0000
static,-1.414847,37.122879,1588.0000
static,-1.414847,37.167795,1623.0000
static,-1.414847,37.212711,1878.0000
static,-1.414847,37.257626,1863.0000
static,-1.414847,37.302542,1755.0000
static,-1.414847,37.347458,1446.0000
static,-1.414847,37.392374,1444.0000
static,-1.414847,37.437289,1338.0000
static,-1.414847,37.482205,1303.0000
static,-1.414847,37.527121,1274.0000
static,-1.414847,37.572037,1202.0000
static,-1.414847,37.616953,1121.0000
static,-1.414847,37.661868,1096.0000
static,-1.414847,37.706784,1212.0000
static,-1.414847,37.751700,1107.0000
static,-1.414847,37.796616,1061.0000
static,-1.414847,37.841531,1087.0000
static,-1.414847,37.886447,1053.0000
static,-1.414847,37.931363,1078.0000
static,-1.414847,37.976279,1077.0000
static,-1.414847,38.021194,1086.0000
static,-1.414847,38.066110,1000.0000
static,-1.414847,38.111026,763.0000
static,-1.414847,38.155942,657.0000
static,-1.414847,38.200857,682.0000
static,-1.414847,38.245773,614.0000
static,-1.414847,38.290689,664.0000
static,-1.414847,38.335605,741.0000
static,-1.414847,38.380521,872.0000
static,-1.414847,38.425436,608.0000
static,-1.414847,38.470352,566.0000
static,-1.414847,38.515268,535.0000
static,-1.414847,38.560184,501.0000
static,-1.414847,38.605099,478.0000
static,-1.414847,38.650015,452.0000
static,-1.414847,38.694931,433.0000
static,-1.414847,38.739847,403.0000
static,-1.414847,38.784762,392.0000
static,-1.414847,38.829678,379.0000
static,-1.414847,38.874594,364.0000
static,-1.414847,38.919510,333.0000
static,-1.414847,38.964425,320.0000
static,-1.414847,39.009341,311.0000
static,-1.414847,39.054257,300.0000
static,-1.414847,39.099173,290.0000
static,-1.414847,39.144089,279.0000
static,-1.414847,39.189004,269.0000
static,-1.414847,39.233920,260.0000
static,-1.414847,39.278836,242.0000
static,-1.414847,39.323752,235.0000
static,-1.414847,39.368667,227.0000
static,-1.414847,39.413583,207.0000
static,-1.414847,39.458499,195.0000
static,-1.414847,39.503415,183.0000
static,-1.414847,39.548330,167.0000
static,-1.414847,39.593246,147.0000
static,-1.414847,39.638162,139.0000
static,-1.414847,39.683078,131.0000
static,-1.414847,39.727993,123.0000
static,-1.414847,39.772909,107.0000
static,-1.414847,39.817825,100.0000
static,-1.414847,39.862741,93.0000
static,-1.414847,39.907656,89.0000
static,-1.414847,39.952572,76.0000
static,-1.414847,39.997488,72.0000
static,-1.414847,40.042404,66.0000
static,-1.414847,40.087320,76.0000
static,-1.414847,40.132235,91.0000
static,-1.414847,40.177151,91.0000
static,-1.414847,40.222067,88.0000
static,-1.414847,40.266983,82.0000
static,-1.414847,40.311898,76.0000
static,-1.414847,40.356814,71.0000
static,-1.414847,40.401730,71.0000
static,-1.414847,40.446646,70.0000
static,-1.414847,40.491561,70.0000
static,-1.414847,40.536477,70.0000
static,-1.414847,40.581393,68.0000
static,-1.414847,40.626309,69.0000
static,-1.414847,40.671224,65.0000
static,-1.414847,40.716140,67.0000
static,-1.414847,40.761056,68.0000
static,-1.414847,40.805972,61.0000
static,-1.414847,40.850888,60.0000
static,-1.414847,40.895803,60.0000
static,-1.414847,40.940719,52.0000
static,-1.414847,40.985635,52.0000
static,-1.414847,41.030551,53.0000
static,-1.414847,41.075466,51.0000
static,-1.414847,41.120382,41.0000
static,-1.414847,41.165298,40.0000
static,-1.414847,41.210214,42.0000
static,-1.414847,41.255129,38.0000
static,-1.414847,41.300045,35.0000
static,-1.414847,41.344961,31.0000
static,-1.414847,41.389877,30.0000
static,-1.414847,41.434792,27.0000
static,-1.459762,34.832175,1482.0000
static,-1.459762,34.877091,1478.0000
static,-1.459762,34.922007,1490.0000
static,-1.459762,34.966922,1556.0000
static,-1.459762,35.011838,1519.0000
static,-1.459762,35.056754,1511.0000
static,-1.459762,35.101670,1533.0000
static,-1.459762,35.146585,1563.0000
static,-1.459762,35.191501,1577.0000
static,-1.459762,35.236417,1579.0000
static,-1.459762,35.281333,1602.0000
static,-1.459762,35.326249,1644.0000
static,-1.459762,35.371164,1679.0000
static,-1.459762,35.416080,1720.0000
static,-1.459762,35.460996,1790.0000
static,-1.459762,35.505912,1820.0000
static,-1.459762,35.550827,1876.0000
static,-1.459762,35.595743,2033.0000
static,-1.459762,35.640659,2178.0000
static,-1.459762,35.685575,2264.0000
static,-1.459762,35.730490,2136.0000
static,-1.459762,35.775406,1970.0000
static,-1.459762,35.820322,1895.0000
static,-1.459762,35.865238,1842.0000
static,-1.459762,35.910153,1809.0000
static,-1.459762,35.955069,1796.0000
static,-1.459762,35.999985,1582.0000
static,-1.459762,36.044901,1360.0000
static,-1.459762,36.089817,1297.0000
static,-1.459762,36.134732,1323.0000
static,-1.459762,36.179648,1431.0000
static,-1.459762,36.224564,1384.0000
static,-1.459762,36.269480,1218.0000
static,-1.459762,36.314395,1134.0000
static,-1.459762,36.359311,1160.0000
static,-1.459762,36.404227,1196.0000
static,-1.459762,36.449143,1143.0000
static,-1.459762,36.494058,1120.0000
static,-1.459762,36.538974,1768.0000
static,-1.459762,36.583890,1786.0000
static,-1.459762,36.628806,1775.0000
static,-1.459762,36.673721,1972.0000
static,-1.459762,36.718637,1796.0000
static,-1.459762,36.763553,1749.0000
static,-1.459762,36.808469,1724.0000
static,-1.459762,36.853385,1635.0000
static,-1.459762,36.898300,1567.0000
static,-1.459762,36.943216,1540.0000
static,-1.459762,36.988132,1525.0000
static,-1.459762,37.033048,1626.0000
static,-1.459762,37.077963,1680.0000
static,-1.459762,37.122879,1648.0000
static,-1.459762,37.167795,1742.0000
static,-1.459762,37.212711,1753.0000
static,-1.459762,37.257626,1767.0000
static,-1.459762,37.302542,1851.0000
static,-1.459762,37.347458,1649.0000
static,-1.459762,37.392374,1375.0000
static,-1.459762,37.437289,1326.0000
static,-1.459762,37.482205,1315.0000
static,-1.459762,37.527121,1265.0000
static,-1.459762,37.572037,1238.0000
static,-1.459762,37.616953,1151.0000
static,-1.459762,37.661868,1070.0000
static,-1.459762,37.706784,1217.0000
static,-1.459762,37.751700,1118.0000
static,-1.459762,37.796616,1057.0000
static,-1.459762,37.841531,1030.0000
static,-1.459762,37.886447,1033.0000
static,-1.459762,37.931363,1042.0000
static,-1.459762,37.976279,1052.0000
static,-1.459762,38.021194,1040.0000
static,-1.459762,38.066110,1004.0000
static,-1.459762,38.111026,795.0000
static,-1.459762,38.155942,754.0000
static,-1.459762,38.200857,633.0000
static,-1.459762,38.245773,594.0000
static,-1.459762,38.290689,640.0000
static,-1.459762,38.335605,663.0000
static,-1.459762,38.380521,665.0000
static,-1.459762,38.425436,599.0000
static,-1.459762,38.470352,565.0000
static,-1.459762,38.515268,531.0000
static,-1.459762,38.560184,488.0000
static,-1.459762,38.605099,472.0000
static,-1.459762,38.650015,450.0000
static,-1.459762,38.694931,432.0000
static,-1.459762,38.739847,402.0000
static,-1.459762,38.784762,387.0000
static,-1.459762,38.829678,374.0000
static,-1.459762,38.874594,360.0000
static,-1.459762,38.919510,332.0000
static,-1.459762,38.964425,319.0000
static,-1.459762,39.009341,306.0000
static,-1.459762,39.054257,292.0000
static,-1.459762,39.099173,281.0000
static,-1.459762,39.144089,278.0000
static,-1.459762,39.189004,270.0000
static,-1.459762,39.233920,260.0000
static,-1.459762,39.278836,245.0000
static,-1.459762,39.323752,237.0000
static,-1.459762,39.368667,229.0000
static,-1.459762,39.413583,207.0000
static,-1.459762,39.458499,195.0000
static,-1.459762,39.503415,184.0000
static,-1.459762,39.548330,171.0000
static,-1.459762,39.593246,146.0000
static,-1.459762,39.638162,138.0000
static,-1.459762,39.683078,129.0000
static,-1.459762,39.727993,121.0000
static,-1.459762,39.772909,107.0000
static,-1.459762,39.817825,99.0000
static,-1.459762,39.862741,91.0000
static,-1.459762,39.907656,85.0000
static,-1.459762,39.952572,75.0000
static,-1.459762,39.997488,71.0000
static,-1.459762,40.042404,64.0000
static,-1.459762,40.087320,71.0000
static,-1.459762,40.132235,88.0000
static,-1.459762,40.177151,89.0000
static,-1.459762,40.222067,87.0000
static,-1.459762,40.266983,82.0000
static,-1.459762,40.311898,78.0000
static,-1.459762,40.356814,73.0000
static,-1.459762,40.401730,70.0000
static,-1.459762,40.446646,68.0000
static,-1.459762,40.491561,67.0000
static,-1.459762,40.536477,68.0000
static,-1.459762,40.581393,67.0000
static,-1.459762,40.626309,65.0000
static,-1.459762,40.671224,63.0000
static,-1.459762,40.716140,64.0000
static,-1.459762,40.761056,64.0000
static,-1.459762,40.805972,60.0000
static,-1.459762,40.850888,57.0000
static,-1.459762,40.895803,54.0000
static,-1.459762,40.940719,53.0000
static,-1.459762,40.985635,50.0000
static,-1.459762,41.030551,51.0000
static,-1.459762,41.075466,48.0000
static,-1.459762,41.120382,42.0000
static,-1.459762,41.165298,42.0000
static,-1.459762,41.210214,40.0000
static,-1.459762,41.255129,39.0000
static,-1.459762,41.300045,36.0000
static,-1.459762,41.344961,34.0000
static,-1.459762,41.389877,31.0000
static,-1.459762,41.434792,27.0000
static,-1.459762,41.479708,25.0000
static,-1.504678,34.922007,1464.0000
static,-1.504678,34.966922,1528.0000
static,-1.504678,35.011838,1503.0000
static,-1.504678,35.056754,1529.0000
static,-1.504678,35.101670,1560.0000
static,-1.504678,35.146585,1564.0000
static,-1.504678,35.191501,1583.0000
static,-1.504678,35.236417,1604.0000
static,-1.504678,35.281333,1627.0000
static,-1.504678,35.326249,1675.0000
static,-1.504678,35.371164,1723.0000
static,-1.504678,35.416080,1744.0000
static,-1.504678,35.460996,1785.0000
static,-1.504678,35.505912,1832.0000
static,-1.504678,35.550827,1894.0000
static,-1.504678,35.595743,2030.0000
static,-1.504678,35.640659,2143.0000
static,-1.504678,35.685575,2263.0000
static,-1.504678,35.730490,2139.0000
static,-1.504678,35.775406,1998.0000
static,-1.504678,35.820322,1930.0000
static,-1.504678,35.865238,1828.0000
static,-1.504678,35.910153,1786.0000
static,-1.504678,35.955069,1753.0000
static,-1.504678,35.999985,1543.0000
static,-1.504678,36.044901,1441.0000
static,-1.504678,36.089817,1291.0000
static,-1.504678,36.134732,1299.0000
static,-1.504678,36.179648,1375.0000
static,-1.504678,36.224564,1259.0000
static,-1.504678,36.269480,1129.0000
static,-1.504678,36.314395,1078.0000
static,-1.504678,36.359311,1104.0000
static,-1.504678,36.404227,1135.0000
static,-1.504678,36.449143,1082.0000
static,-1.504678,36.494058,1057.0000
static,-1.504678,36.538974,1824.0000
static,-1.504678,36.583890,1729.0000
static,-1.504678,36.628806,1720.0000
static,-1.504678,36.673721,1929.0000
static,-1.504678,36.718637,1801.0000
static,-1.504678,36.763553,1741.0000
static,-1.504678,36.808469,1718.0000
static,-1.504678,36.853385,1619.0000
static,-1.504678,36.898300,1601.0000
static,-1.504678,36.943216,1583.0000
static,-1.504678,36.988132,1553.0000
static,-1.504678,37.033048,1596.0000
static,-1.504678,37.077963,1628.0000
static,-1.504678,37.122879,1693.0000
static,-1.504678,37.167795,1887.0000
static,-1.504678,37.212711,1646.0000
static,-1.504678,37.257626,1667.0000
static,-1.504678,37.302542,1936.0000
static,-1.504678,37.347458,1652.0000
static,-1.504678,37.392374,1323.0000
static,-1.504678,37.437289,1286.0000
static,-1.504678,37.482205,1260.0000
static,-1.504678,37.527121,1247.0000
static,-1.504678,37.572037,1199.0000
static,-1.504678,37.616953,1200.0000
static,-1.504678,37.661868,1110.0000
static,-1.504678,37.706784,1159.0000
static,-1.504678,37.751700,1194.0000
static,-1.504678,37.796616,1127.0000
static,-1.504678,37.841531,1054.0000
static,-1.504678,37.886447,991.0000
static,-1.504678,37.931363,1018.0000
static,-1.504678,37.976279,1020.0000
static,-1.504678,38.021194,997.0000
static,-1.504678,38.066110,989.0000
static,-1.504678,38.111026,942.0000
static,-1.504678,38.155942,819.0000
static,-1.504678,38.200857,696.0000
static,-1.504678,38.245773,584.0000
static,-1.504678,38.290689,621.0000
static,-1.504678,38.335605,636.0000
static,-1.504678,38.380521,640.0000
static,-1.504678,38.425436,594.0000
static,-1.504678,38.470352,556.0000
static,-1.504678,38.515268,528.0000
static,-1.504678,38.560184,484.0000
static,-1.504678,38.605099,470.0000
static,-1.504678,38.650015,454.0000
static,-1.504678,38.694931,433.0000
static,-1.504678,38.739847,398.0000
static,-1.504678,38.784762,381.0000
static,-1.504678,38.829678,367.0000
static,-1.504678,38.874594,353.0000
static,-1.504678,38.919510,326.0000
static,-1.504678,38.964425,311.0000
static,-1.504678,39.009341,300.0000
static,-1.504678,39.054257,289.0000
static,-1.504678,39.099173,267.0000
static,-1.504678,39.144089,268.0000
static,-1.504678,39.189004,264.0000
static,-1.504678,39.233920,257.0000
static,-1.504678,39.278836,241.0000
static,-1.504678,39.323752,235.0000
static,-1.504678,39.368667,226.0000
static,-1.504678,39.413583,205.0000
static,-1.504678,39.458499,195.0000
static,-1.504678,39.503415,180.0000
static,-1.504678,39.548330,168.0000
static,-1.504678,39.593246,144.0000
static,-1.504678,39.638162,134.0000
static,-1.504678,39.683078,126.0000
static,-1.504678,39.727993,119.0000
static,-1.504678,39.772909,105.0000
static,-1.504678,39.817825,97.0000
static,-1.504678,39.862741,89.0000
static,-1.504678,39.907656,83.0000
static,-1.504678,39.952572,71.0000
static,-1.504678,39.997488,69.0000
static,-1.504678,40.042404,63.0000
static,-1.504678,40.087320,63.0000
static,-1.504678,40.132235,84.0000
static,-1.504678,40.177151,85.0000
static,-1.504678,40.222067,85.0000
static,-1.504678,40.266983,81.0000
static,-1.504678,40.311898,79.0000
static,-1.504678,40.356814,74.0000
static,-1.504678,40.401730,69.0000
static,-1.504678,40.446646,65.0000
static,-1.504678,40.491561,65.0000
static,-1.504678,40.536477,64.0000
static,-1.504678,40.581393,65.0000
static,-1.504678,40.626309,63.0000
static,-1.504678,40.671224,60.0000
static,-1.504678,40.716140,62.0000
static,-1.504678,40.761056,62.0000
static,-1.504678,40.805972,56.0000
static,-1.504678,40.850888,55.0000
static,-1.504678,40.895803,53.0000
static,-1.504678,40.940719,50.0000
static,-1.504678,40.985635,45.0000
static,-1.504678,41.030551,45.0000
static,-1.504678,41.075466,43.0000
static,-1.504678,41.120382,42.0000
static,-1.504678,41.165298,39.0000
static,-1.504678,41.210214,41.0000
static,-1.504678,41.255129,30.0000
static,-1.504678,41.300045,35.0000
static,-1.504678,41.344961,36.0000
static,-1.504678,41.389877,34.0000
static,-1.504678,41.434792,30.0000
static,-1.504678,41.479708,24.0000
static,-1.504678,41.524624,26.0000
static,-1.549594,34.966922,1461.0000
static,-1.549594,35.011838,1495.0000
static,-1.549594,35.056754,1513.0000
static,-1.549594,35.101670,1549.0000
static,-1.549594,35.146585,1596.0000
static,-1.549594,35.191501,1596.0000
static,-1.549594,35.236417,1630.0000
static,-1.549594,35.281333,1708.0000
static,-1.549594,35.326249,1921.0000
static,-1.549594,35.371164,1955.0000
static,-1.549594,35.416080,2022.0000
static,-1.549594,35.460996,1894.0000
static,-1.549594,35.505912,2001.0000
static,-1.549594,35.550827,1953.0000
static,-1.549594,35.595743,2000.0000
static,-1.549594,35.640659,2092.0000
static,-1.549594,35.685575,2329.0000
static,-1.549594,35.730490,2419.0000
static,-1.549594,35.775406,2346.0000
static,-1.549594,35.820322,2158.0000
static,-1.549594,35.865238,1838.0000
static,-1.549594,35.910153,1873.0000
static,-1.549594,35.955069,1769.0000
static,-1.549594,35.999985,1557.0000
static,-1.549594,36.044901,1534.0000
static,-1.549594,36.089817,1308.0000
static,-1.549594,36.134732,1220.0000
static,-1.549594,36.179648,1128.0000
static,-1.549594,36.224564,1093.0000
static,-1.549594,36.269480,1037.0000
static,-1.549594,36.314395,983.0000
static,-1.549594,36.359311,1051.0000
static,-1.549594,36.404227,1003.0000
static,-1.549594,36.449143,1014.0000
static,-1.549594,36.494058,1012.0000
static,-1.549594,36.538974,1230.0000
static,-1.549594,36.583890,1422.0000
static,-1.549594,36.628806,1534.0000
static,-1.549594,36.673721,1741.0000
static,-1.549594,36.718637,1816.0000
static,-1.549594,36.763553,1762.0000
static,-1.549594,36.808469,1708.0000
static,-1.549594,36.853385,1628.0000
static,-1.549594,36.898300,1609.0000
static,-1.549594,36.943216,1596.0000
static,-1.549594,36.988132,1583.0000
static,-1.549594,37.033048,1608.0000
static,-1.549594,37.077963,1624.0000
static,-1.549594,37.122879,1639.0000
static,-1.549594,37.167795,1684.0000
static,-1.549594,37.212711,1588.0000
static,-1.549594,37.257626,1574.0000
static,-1.549594,37.302542,1497.0000
static,-1.549594,37.347458,1425.0000
static,-1.549594,37.392374,1340.0000
static,-1.549594,37.437289,1301.0000
static,-1.549594,37.482205,1313.0000
static,-1.549594,37.527121,1234.0000
static,-1.549594,37.572037,1178.0000
static,-1.549594,37.616953,1149.0000
static,-1.549594,37.661868,1289.0000
static,-1.549594,37.706784,1056.0000
static,-1.549594,37.751700,987.0000
static,-1.549594,37.796616,1066.0000
static,-1.549594,37.841531,1092.0000
static,-1.549594,37.886447,965.0000
static,-1.549594,37.931363,981.0000
static,-1.549594,37.976279,961.0000
static,-1.549594,38.021194,952.0000
static,-1.549594,38.066110,934.0000
static,-1.549594,38.111026,925.0000
static,-1.549594,38.155942,847.0000
static,-1.549594,38.200857,749.0000
static,-1.549594,38.245773,575.0000
static,-1.549594,38.290689,611.0000
static,-1.549594,38.335605,599.0000
static,-1.549594,38.380521,564.0000
static,-1.549594,38.425436,584.0000
static,-1.549594,38.470352,563.0000
static,-1.549594,38.515268,534.0000
static,-1.549594,38.560184,494.0000
static,-1.549594,38.605099,471.0000
static,-1.549594,38.650015,455.0000
static,-1.549594,38.694931,426.0000
static,-1.549594,38.739847,385.0000
static,-1.549594,38.784762,366.0000
static,-1.549594,38.829678,351.0000
static,-1.549594,38.874594,339.0000
static,-1.549594,38.919510,314.0000
static,-1.549594,38.964425,300.0000
static,-1.549594,39.009341,287.0000
static,-1.549594,39.054257,277.0000
static,-1.549594,39.099173,263.0000
static,-1.549594,39.144089,256.0000
static,-1.549594,39.189004,249.0000
static,-1.549594,39.233920,241.0000
static,-1.549594,39.278836,228.0000
static,-1.549594,39.323752,219.0000
static,-1.549594,39.368667,211.0000
static,-1.549594,39.413583,194.0000
static,-1.549594,39.458499,187.0000
static,-1.549594,39.503415,179.0000
static,-1.549594,39.548330,168.0000
static,-1.549594,39.593246,149.0000
static,-1.549594,39.638162,141.0000
static,-1.549594,39.683078,132.0000
static,-1.549594,39.727993,122.0000
static,-1.549594,39.772909,105.0000
static,-1.549594,39.817825,97.0000
static,-1.549594,39.862741,90.0000
static,-1.549594,39.907656,83.0000
static,-1.549594,39.952572,70.0000
static,-1.549594,39.997488,65.0000
static,-1.549594,40.042404,60.0000
static,-1.549594,40.087320,53.0000
static,-1.549594,40.132235,78.0000
static,-1.549594,40.177151,82.0000
static,-1.549594,40.222067,84.0000
static,-1.549594,40.266983,81.0000
static,-1.549594,40.311898,79.0000
static,-1.549594,40.356814,78.0000
static,-1.549594,40.401730,74.0000
static,-1.549594,40.446646,66.0000
static,-1.549594,40.491561,62.0000
static,-1.549594,40.536477,60.0000
static,-1.549594,40.581393,61.0000
static,-1.549594,40.626309,58.0000
static,-1.549594,40.671224,58.0000
static,-1.549594,40.716140,59.0000
static,-1.549594,40.761056,57.0000
static,-1.549594,40.805972,55.0000
static,-1.549594,40.850888,53.0000
static,-1.549594,40.895803,51.0000
static,-1.549594,40.940719,49.0000
static,-1.549594,40.985635,45.0000
static,-1.549594,41.030551,37.0000
static,-1.549594,41.075466,34.0000
static,-1.549594,41.120382,38.0000
static,-1.549594,41.165298,37.0000
static,-1.549594,41.210214,37.0000
static,-1.549594,41.255129,40.0000
static,-1.549594,41.300045,35.0000
static,-1.549594,41.344961,31.0000
static,-1.549594,41.389877,26.0000
static,-1.549594,41.434792,24.0000
static,-1.549594,41.479708,58.0000
static,-1.549594,41.524624,46.0000
static,-1.594510,35.056754,1524.0000
static,-1.594510,35.101670,1538.0000
static,-1.594510,35.146585,1566.0000
static,-1.594510,35.191501,1600.0000
static,-1.594510,35.236417,1654.0000
static,-1.594510,35.281333,1699.0000
static,-1.594510,35.326249,1840.0000
static,-1.594510,35.371164,1908.0000
static,-1.594510,35.416080,1937.0000
static,-1.594510,35.460996,1870.0000
static,-1.594510,35.505912,1961.0000
static,-1.594510,35.550827,2026.0000
static,-1.594510,35.595743,2016.0000
static,-1.594510,35.640659,2025.0000
static,-1.594510,35.685575,2308.0000
static,-1.594510,35.730490,2369.0000
static,-1.594510,35.775406,2413.0000
static,-1.594510,35.820322,2295.0000
static,-1.594510,35.865238,1946.0000
static,-1.594510,35.910153,2054.0000
static,-1.594510,35.955069,1899.0000
static,-1.594510,35.999985,1550.0000
static,-1.594510,36.044901,1437.0000
static,-1.594510,36.089817,1114.0000
static,-1.594510,36.134732,1101.0000
static,-1.594510,36.179648,1009.0000
static,-1.594510,36.224564,1013.0000
static,-1.594510,36.269480,1018.0000
static,-1.594510,36.314395,916.0000
static,-1.594510,36.359311,1034.0000
static,-1.594510,36.404227,963.0000
static,-1.594510,36.449143,1023.0000
static,-1.594510,36.494058,1022.0000
static,-1.594510,36.538974,1198.0000
static,-1.594510,36.583890,1403.0000
static,-1.594510,36.628806,1487.0000
static,-1.594510,36.673721,1678.0000
static,-1.594510,36.718637,1804.0000
static,-1.594510,36.763553,1742.0000
static,-1.594510,36.808469,1677.0000
static,-1.594510,36.853385,1625.0000
static,-1.594510,36.898300,1616.0000
static,-1.594510,36.943216,1603.0000
static,-1.594510,36.988132,1600.0000
static,-1.594510,37.033048,1611.0000
static,-1.594510,37.077963,1620.0000
static,-1.594510,37.122879,1632.0000
static,-1.594510,37.167795,1634.0000
static,-1.594510,37.212711,1612.0000
static,-1.594510,37.257626,1583.0000
static,-1.594510,37.302542,1523.0000
static,-1.594510,37.347458,1568.0000
static,-1.594510,37.392374,1537.0000
static,-1.594510,37.437289,1419.0000
static,-1.594510,37.482205,1622.0000
static,-1.594510,37.527121,1250.0000
static,-1.594510,37.572037,1228.0000
static,-1.594510,37.616953,1165.0000
static,-1.594510,37.661868,1144.0000
static,-1.594510,37.706784,1101.0000
static,-1.594510,37.751700,992.0000
static,-1.594510,37.796616,1003.0000
static,-1.594510,37.841531,1097.0000
static,-1.594510,37.886447,955.0000
static,-1.594510,37.931363,957.0000
static,-1.594510,37.976279,938.0000
static,-1.594510,38.021194,929.0000
static,-1.594510,38.066110,912.0000
static,-1.594510,38.111026,910.0000
static,-1.594510,38.155942,885.0000
static,-1.594510,38.200857,790.0000
static,-1.594510,38.245773,565.0000
static,-1.594510,38.290689,604.0000
static,-1.594510,38.335605,593.0000
static,-1.594510,38.380521,545.0000
static,-1.594510,38.425436,543.0000
static,-1.594510,38.470352,553.0000
static,-1.594510,38.515268,542.0000
static,-1.594510,38.560184,500.0000
static,-1.594510,38.605099,480.0000
static,-1.594510,38.650015,456.0000
static,-1.594510,38.694931,430.0000
static,-1.594510,38.739847,386.0000
static,-1.594510,38.784762,370.0000
static,-1.594510,38.829678,354.0000
static,-1.594510,38.874594,338.0000
static,-1.594510,38.919510,311.0000
static,-1.594510,38.964425,299.0000
static,-1.594510,39.009341,290.0000
static,-1.594510,39.054257,284.0000
static,-1.594510,39.099173,269.0000
static,-1.594510,39.144089,261.0000
static,-1.594510,39.189004,252.0000
static,-1.594510,39.233920,245.0000
static,-1.594510,39.278836,229.0000
static,-1.594510,39.323752,222.0000
static,-1.594510,39.368667,216.0000
static,-1.594510,39.413583,202.0000
static,-1.594510,39.458499,195.0000
static,-1.594510,39.503415,186.0000
static,-1.594510,39.548330,177.0000
static,-1.594510,39.593246,149.0000
static,-1.594510,39.638162,138.0000
static,-1.594510,39.683078,129.0000
static,-1.594510,39.727993,122.0000
static,-1.594510,39.772909,104.0000
static,-1.594510,39.817825,96.0000
static,-1.594510,39.862741,88.0000
static,-1.594510,39.907656,81.0000
static,-1.594510,39.952572,67.0000
static,-1.594510,39.997488,63.0000
static,-1.594510,40.042404,61.0000
static,-1.594510,40.087320,54.0000
static,-1.594510,40.132235,72.0000
static,-1.594510,40.177151,77.0000
static,-1.594510,40.222067,80.0000
static,-1.594510,40.266983,80.0000
static,-1.594510,40.311898,78.0000
static,-1.594510,40.356814,77.0000
static,-1.594510,40.401730,73.0000
static,-1.594510,40.446646,67.0000
static,-1.594510,40.491561,65.0000
static,-1.594510,40.536477,57.0000
static,-1.594510,40.581393,58.0000
static,-1.594510,40.626309,55.0000
static,-1.594510,40.671224,56.0000
static,-1.594510,40.716140,55.0000
static,-1.594510,40.761056,54.0000
static,-1.594510,40.805972,53.0000
static,-1.594510,40.850888,52.0000
static,-1.594510,40.895803,49.0000
static,-1.594510,40.940719,50.0000
static,-1.594510,40.985635,45.0000
static,-1.594510,41.030551,40.0000
static,-1.594510,41.075466,32.0000
static,-1.594510,41.120382,34.0000
static,-1.594510,41.165298,31.0000
static,-1.594510,41.210214,36.0000
static,-1.594510,41.255129,37.0000
static,-1.594510,41.300045,34.0000
static,-1.594510,41.344961,29.0000
static,-1.594510,41.389877,24.0000
static,-1.594510,41.434792,25.0000
static,-1.594510,41.479708,50.0000
static,-1.594510,41.524624,28.0000
static,-1.594510,41.569540,23.0000
static,-1.639425,35.146585,1578.0000
static,-1.639425,35.191501,1603.0000
static,-1.639425,35.236417,1668.0000
static,-1.639425,35.281333,1685.0000
static,-1.639425,35.326249,1840.0000
static,-1.639425,35.371164,1795.0000
static,-1.639425,35.416080,1834.0000
static,-1.639425,35.460996,1870.0000
static,-1.639425,35.505912,2069.0000
static,-1.639425,35.550827,1950.0000
static,-1.639425,35.595743,1955.0000
static,-1.639425,35.640659,1987.0000
static,-1.639425,35.685575,2132.0000
static,-1.639425,35.730490,2294.0000
static,-1.639425,35.775406,2447.0000
static,-1.639425,35.820322,2528.0000
static,-1.639425,35.865238,2111.0000
static,-1.639425,35.910153,2181.0000
static,-1.639425,35.955069,1938.0000
static,-1.639425,35.999985,1622.0000
static,-1.639425,36.044901,1342.0000
static,-1.639425,36.089817,940.0000
static,-1.639425,36.134732,997.0000
static,-1.639425,36.179648,911.0000
static,-1.639425,36.224564,946.0000
static,-1.639425,36.269480,965.0000
static,-1.639425,36.314395,828.0000
static,-1.639425,36.359311,1034.0000
static,-1.639425,36.404227,1059.0000
static,-1.639425,36.449143,1181.0000
static,-1.639425,36.494058,1061.0000
static,-1.639425,36.538974,1215.0000
static,-1.639425,36.583890,1394.0000
static,-1.639425,36.628806,1459.0000
static,-1.639425,36.673721,1679.0000
static,-1.639425,36.718637,1805.0000
static,-1.639425,36.763553,1700.0000
static,-1.639425,36.808469,1677.0000
static,-1.639425,36.853385,1637.0000
static,-1.639425,36.898300,1620.0000
static,-1.639425,36.943216,1605.0000
static,-1.639425,36.988132,1619.0000
static,-1.639425,37.033048,1621.0000
static,-1.639425,37.077963,1636.0000
static,-1.639425,37.122879,1709.0000
static,-1.639425,37.167795,1709.0000
static,-1.639425,37.212711,1646.0000
static,-1.639425,37.257626,1715.0000
static,-1.639425,37.302542,1723.0000
static,-1.639425,37.347458,1616.0000
static,-1.639425,37.392374,1661.0000
static,-1.639425,37.437289,1780.0000
static,-1.639425,37.482205,1651.0000
static,-1.639425,37.527121,1291.0000
static,-1.639425,37.572037,1244.0000
static,-1.639425,37.616953,1168.0000
static,-1.639425,37.661868,1096.0000
static,-1.639425,37.706784,1142.0000
static,-1.639425,37.751700,1047.0000
static,-1.639425,37.796616,966.0000
static,-1.639425,37.841531,1062.0000
static,-1.639425,37.886447,934.0000
static,-1.639425,37.931363,928.0000
static,-1.639425,37.976279,918.0000
static,-1.639425,38.021194,911.0000
static,-1.639425,38.066110,893.0000
static,-1.639425,38.111026,883.0000
static,-1.639425,38.155942,848.0000
static,-1.639425,38.200857,751.0000
static,-1.639425,38.245773,597.0000
static,-1.639425,38.290689,562.0000
static,-1.639425,38.335605,563.0000
static,-1.639425,38.380521,527.0000
static,-1.639425,38.425436,500.0000
static,-1.639425,38.470352,504.0000
static,-1.639425,38.515268,501.0000
static,-1.639425,38.560184,488.0000
static,-1.639425,38.605099,469.0000
static,-1.639425,38.650015,458.0000
static,-1.639425,38.694931,434.0000
static,-1.639425,38.739847,394.0000
static,-1.639425,38.784762,375.0000
static,-1.639425,38.829678,357.0000
static,-1.639425,38.874594,343.0000
static,-1.639425,38.919510,317.0000
static,-1.639425,38.964425,306.0000
static,-1.639425,39.009341,299.0000
static,-1.639425,39.054257,291.0000
static,-1.639425,39.099173,272.0000
static,-1.639425,39.144089,262.0000
static,-1.639425,39.189004,254.0000
static,-1.639425,39.233920,246.0000
static,-1.639425,39.278836,230.0000
static,-1.639425,39.323752,222.0000
static,-1.639425,39.368667,214.0000
static,-1.639425,39.413583,198.0000
static,-1.639425,39.458499,189.0000
static,-1.639425,39.503415,181.0000
static,-1.639425,39.548330,171.0000
static,-1.639425,39.593246,149.0000
static,-1.639425,39.638162,139.0000
static,-1.639425,39.683078,126.0000
static,-1.639425,39.727993,117.0000
static,-1.639425,39.772909,102.0000
static,-1.639425,39.817825,94.0000
static,-1.639425,39.862741,87.0000
static,-1.639425,39.907656,80.0000
static,-1.639425,39.952572,66.0000
static,-1.639425,39.997488,61.0000
static,-1.639425,40.042404,59.0000
static,-1.639425,40.087320,54.0000
static,-1.639425,40.132235,70.0000
static,-1.639425,40.177151,73.0000
static,-1.639425,40.222067,74.0000
static,-1.639425,40.266983,83.0000
static,-1.639425,40.311898,78.0000
static,-1.639425,40.356814,77.0000
static,-1.639425,40.401730,73.0000
static,-1.639425,40.446646,65.0000
static,-1.639425,40.491561,64.0000
static,-1.639425,40.536477,59.0000
static,-1.639425,40.581393,53.0000
static,-1.639425,40.626309,53.0000
static,-1.639425,40.671224,53.0000
static,-1.639425,40.716140,54.0000
static,-1.639425,40.761056,54.0000
static,-1.639425,40.805972,49.0000
static,-1.639425,40.850888,53.0000
static,-1.639425,40.895803,50.0000
static,-1.639425,40.940719,49.0000
static,-1.639425,40.985635,44.0000
static,-1.639425,41.030551,40.0000
static,-1.639425,41.075466,36.0000
static,-1.639425,41.120382,33.0000
static,-1.639425,41.165298,35.0000
static,-1.639425,41.210214,35.0000
static,-1.639425,41.255129,35.0000
static,-1.639425,41.300045,29.0000
static,-1.639425,41.344961,26.0000
static,-1.639425,41.389877,28.0000
static,-1.639425,41.434792,44.0000
static,-1.639425,41.479708,27.0000
static,-1.639425,41.524624,21.0000
static,-1.639425,41.569540,14.0000
static,-1.684341,35.236417,1652.0000
static,-1.684341,35.281333,1687.0000
static,-1.684341,35.326249,1748.0000
static,-1.684341,35.371164,1760.0000
static,-1.684341,35.416080,1799.0000
static,-1.684341,35.460996,1922.0000
static,-1.684341,35.505912,2040.0000
static,-1.684341,35.550827,1941.0000
static,-1.684341,35.595743,1997.0000
static,-1.684341,35.640659,2022.0000
static,-1.684341,35.685575,2101.0000
static,-1.684341,35.730490,2204.0000
static,-1.684341,35.775406,2422.0000
static,-1.684341,35.820322,2504.0000
static,-1.684341,35.865238,2203.0000
static,-1.684341,35.910153,2286.0000
static,-1.684341,35.955069,1903.0000
static,-1.684341,35.999985,1695.0000
static,-1.684341,36.044901,1373.0000
static,-1.684341,36.089817,868.0000
static,-1.684341,36.134732,961.0000
static,-1.684341,36.179648,804.0000
static,-1.684341,36.224564,889.0000
static,-1.684341,36.269480,873.0000
static,-1.684341,36.314395,754.0000
static,-1.684341,36.359311,993.0000
static,-1.684341,36.404227,1310.0000
static,-1.684341,36.449143,1309.0000
static,-1.684341,36.494058,1111.0000
static,-1.684341,36.538974,1257.0000
static,-1.684341,36.583890,1391.0000
static,-1.684341,36.628806,1460.0000
static,-1.684341,36.673721,1781.0000
static,-1.684341,36.718637,1786.0000
static,-1.684341,36.763553,1711.0000
static,-1.684341,36.808469,1674.0000
static,-1.684341,36.853385,1637.0000
static,-1.684341,36.898300,1622.0000
static,-1.684341,36.943216,1608.0000
static,-1.684341,36.988132,1615.0000
static,-1.684341,37.033048,1626.0000
static,-1.684341,37.077963,1638.0000
static,-1.684341,37.122879,1689.0000
static,-1.684341,37.167795,1670.0000
static,-1.684341,37.212711,1687.0000
static,-1.684341,37.257626,1745.0000
static,-1.684341,37.302542,1721.0000
static,-1.684341,37.347458,1641.0000
static,-1.684341,37.392374,1450.0000
static,-1.684341,37.437289,1726.0000
static,-1.684341,37.482205,1691.0000
static,-1.684341,37.527121,1445.0000
static,-1.684341,37.572037,1289.0000
static,-1.684341,37.616953,1228.0000
static,-1.684341,37.661868,1079.0000
static,-1.684341,37.706784,1097.0000
static,-1.684341,37.751700,1077.0000
static,-1.684341,37.796616,988.0000
static,-1.684341,37.841531,971.0000
static,-1.684341,37.886447,913.0000
static,-1.684341,37.931363,904.0000
static,-1.684341,37.976279,898.0000
static,-1.684341,38.021194,890.0000
static,-1.684341,38.066110,873.0000
static,-1.684341,38.111026,881.0000
static,-1.684341,38.155942,805.0000
static,-1.684341,38.200857,719.0000
static,-1.684341,38.245773,626.0000
static,-1.684341,38.290689,577.0000
static,-1.684341,38.335605,547.0000
static,-1.684341,38.380521,571.0000
static,-1.684341,38.425436,539.0000
static,-1.684341,38.470352,497.0000
static,-1.684341,38.515268,484.0000
static,-1.684341,38.560184,455.0000
static,-1.684341,38.605099,443.0000
static,-1.684341,38.650015,437.0000
static,-1.684341,38.694931,437.0000
static,-1.684341,38.739847,399.0000
static,-1.684341,38.784762,382.0000
static,-1.684341,38.829678,367.0000
static,-1.684341,38.874594,351.0000
static,-1.684341,38.919510,323.0000
static,-1.684341,38.964425,314.0000
static,-1.684341,39.009341,305.0000
static,-1.684341,39.054257,294.0000
static,-1.684341,39.099173,274.0000
static,-1.684341,39.144089,263.0000
static,-1.684341,39.189004,254.0000
static,-1.684341,39.233920,246.0000
static,-1.684341,39.278836,230.0000
static,-1.684341,39.323752,221.0000
static,-1.684341,39.368667,213.0000
static,-1.684341,39.413583,196.0000
static,-1.684341,39.458499,188.0000
static,-1.684341,39.503415,180.0000
static,-1.684341,39.548330,172.0000
static,-1.684341,39.593246,152.0000
static,-1.684341,39.638162,141.0000
static,-1.684341,39.683078,126.0000
static,-1.684341,39.727993,117.0000
static,-1.684341,39.772909,98.0000
static,-1.684341,39.817825,90.0000
static,-1.684341,39.862741,83.0000
static,-1.684341,39.907656,76.0000
static,-1.684341,39.952572,64.0000
static,-1.684341,39.997488,61.0000
static,-1.684341,40.042404,57.0000
static,-1.684341,40.087320,52.0000
static,-1.684341,40.132235,69.0000
static,-1.684341,40.177151,75.0000
static,-1.684341,40.222067,73.0000
static,-1.684341,40.266983,84.0000
static,-1.684341,40.311898,79.0000
static,-1.684341,40.356814,77.0000
static,-1.684341,40.401730,73.0000
static,-1.684341,40.446646,65.0000
static,-1.684341,40.491561,60.0000
static,-1.684341,40.536477,60.0000
static,-1.684341,40.581393,54.0000
static,-1.684341,40.626309,50.0000
static,-1.684341,40.671224,49.0000
static,-1.684341,40.716140,50.0000
static,-1.684341,40.761056,50.0000
static,-1.684341,40.805972,45.0000
static,-1.684341,40.850888,50.0000
static,-1.684341,40.895803,48.0000
static,-1.684341,40.940719,45.0000
static,-1.684341,40.985635,41.0000
static,-1.684341,41.030551,40.0000
static,-1.684341,41.075466,38.0000
static,-1.684341,41.120382,28.0000
static,-1.684341,41.165298,30.0000
static,-1.684341,41.210214,33.0000
static,-1.684341,41.255129,32.0000
static,-1.684341,41.300045,22.0000
static,-1.684341,41.344961,25.0000
static,-1.684341,41.389877,36.0000
static,-1.684341,41.434792,62.0000
static,-1.684341,41.479708,26.0000
static,-1.684341,41.524624,15.0000
static,-1.684341,41.569540,2.0000
static,-1.729257,35.281333,1892.0000
static,-1.729257,35.326249,1938.0000
static,-1.729257,35.371164,1960.0000
static,-1.729257,35.416080,1904.0000
static,-1.729257,35.460996,1946.0000
static,-1.729257,35.505912,1946.0000
static,-1.729257,35.550827,1987.0000
static,-1.729257,35.595743,2056.0000
static,-1.729257,35.640659,2051.0000
static,-1.729257,35.685575,2057.0000
static,-1.729257,35.730490,2076.0000
static,-1.729257,35.775406,2111.0000
static,-1.729257,35.820322,2179.0000
static,-1.729257,35.865238,2262.0000
static,-1.729257,35.910153,2303.0000
static,-1.729257,35.955069,2221.0000
static,-1.729257,35.999985,1503.0000
static,-1.729257,36.044901,1066.0000
static,-1.729257,36.089817,733.0000
static,-1.729257,36.134732,781.0000
static,-1.729257,36.179648,664.0000
static,-1.729257,36.224564,734.0000
static,-1.729257,36.269480,708.0000
static,-1.729257,36.314395,658.0000
static,-1.729257,36.359311,926.0000
static,-1.729257,36.404227,884.0000
static,-1.729257,36.449143,1011.0000
static,-1.729257,36.494058,1069.0000
static,-1.729257,36.538974,1270.0000
static,-1.729257,36.583890,1398.0000
static,-1.729257,36.628806,1579.0000
static,-1.729257,36.673721,1863.0000
static,-1.729257,36.718637,1788.0000
static,-1.729257,36.763553,1744.0000
static,-1.729257,36.808469,1707.0000
static,-1.729257,36.853385,1657.0000
static,-1.729257,36.898300,1640.0000
static,-1.729257,36.943216,1631.0000
static,-1.729257,36.988132,1633.0000
static,-1.729257,37.033048,1663.0000
static,-1.729257,37.077963,1640.0000
static,-1.729257,37.122879,1650.0000
static,-1.729257,37.167795,1669.0000
static,-1.729257,37.212711,1675.0000
static,-1.729257,37.257626,1650.0000
static,-1.729257,37.302542,1591.0000
static,-1.729257,37.347458,1566.0000
static,-1.729257,37.392374,1416.0000
static,-1.729257,37.437289,1317.0000
static,-1.729257,37.482205,1301.0000
static,-1.729257,37.527121,1369.0000
static,-1.729257,37.572037,1180.0000
static,-1.729257,37.616953,1194.0000
static,-1.729257,37.661868,1082.0000
static,-1.729257,37.706784,1043.0000
static,-1.729257,37.751700,998.0000
static,-1.729257,37.796616,955.0000
static,-1.729257,37.841531,947.0000
static,-1.729257,37.886447,1002.0000
static,-1.729257,37.931363,960.0000
static,-1.729257,37.976279,881.0000
static,-1.729257,38.021194,858.0000
static,-1.729257,38.066110,847.0000
static,-1.729257,38.111026,871.0000
static,-1.729257,38.155942,875.0000
static,-1.729257,38.200857,770.0000
static,-1.729257,38.245773,669.0000
static,-1.729257,38.290689,657.0000
static,-1.729257,38.335605,630.0000
static,-1.729257,38.380521,592.0000
static,-1.729257,38.425436,573.0000
static,-1.729257,38.470352,566.0000
static,-1.729257,38.515268,545.0000
static,-1.729257,38.560184,492.0000
static,-1.729257,38.605099,464.0000
static,-1.729257,38.650015,441.0000
static,-1.729257,38.694931,416.0000
static,-1.729257,38.739847,378.0000
static,-1.729257,38.784762,367.0000
static,-1.729257,38.829678,355.0000
static,-1.729257,38.874594,345.0000
static,-1.729257,38.919510,329.0000
static,-1.729257,38.964425,316.0000
static,-1.729257,39.009341,305.0000
static,-1.729257,39.054257,294.0000
static,-1.729257,39.099173,274.0000
static,-1.729257,39.144089,263.0000
static,-1.729257,39.189004,253.0000
static,-1.729257,39.233920,244.0000
static,-1.729257,39.278836,227.0000
static,-1.729257,39.323752,220.0000
static,-1.729257,39.368667,210.0000
static,-1.729257,39.413583,193.0000
static,-1.729257,39.458499,185.0000
static,-1.729257,39.503415,175.0000
static,-1.729257,39.548330,166.0000
static,-1.729257,39.593246,147.0000
static,-1.729257,39.638162,138.0000
static,-1.729257,39.683078,129.0000
static,-1.729257,39.727993,117.0000
static,-1.729257,39.772909,96.0000
static,-1.729257,39.817825,85.0000
static,-1.729257,39.862741,77.0000
static,-1.729257,39.907656,71.0000
static,-1.729257,39.952572,59.0000
static,-1.729257,39.997488,55.0000
static,-1.729257,40.042404,51.0000
static,-1.729257,40.087320,48.0000
static,-1.729257,40.132235,55.0000
static,-1.729257,40.177151,67.0000
static,-1.729257,40.222067,70.0000
static,-1.729257,40.266983,83.0000
static,-1.729257,40.311898,78.0000
static,-1.729257,40.356814,76.0000
static,-1.729257,40.401730,71.0000
static,-1.729257,40.446646,67.0000
static,-1.729257,40.491561,61.0000
static,-1.729257,40.536477,57.0000
static,-1.729257,40.581393,53.0000
static,-1.729257,40.626309,45.0000
static,-1.729257,40.671224,43.0000
static,-1.729257,40.716140,46.0000
static,-1.729257,40.761056,44.0000
static,-1.729257,40.805972,42.0000
static,-1.729257,40.850888,39.0000
static,-1.729257,40.895803,40.0000
static,-1.729257,40.940719,36.0000
static,-1.729257,40.985635,34.0000
static,-1.729257,41.030551,37.0000
static,-1.729257,41.075466,36.0000
static,-1.729257,41.120382,30.0000
static,-1.729257,41.165298,21.0000
static,-1.729257,41.210214,23.0000
static,-1.729257,41.255129,18.0000
static,-1.729257,41.300045,24.0000
static,-1.729257,41.344961,61.0000
static,-1.729257,41.389877,25.0000
static,-1.729257,41.434792,20.0000
static,-1.729257,41.479708,5.0000
static,-1.729257,41.524624,0.0000
static,-1.774173,35.371164,2074.0000
static,-1.774173,35.416080,2048.0000
static,-1.774173,35.460996,1992.0000
static,-1.774173,35.505912,1979.0000
static,-1.774173,35.550827,2054.0000
static,-1.774173,35.595743,2140.0000
static,-1.774173,35.640659,2181.0000
static,-1.774173,35.685575,2131.0000
static,-1.774173,35.730490,2107.0000
static,-1.774173,35.775406,2118.0000
static,-1.774173,35.820322,2167.0000
static,-1.774173,35.865238,2143.0000
static,-1.774173,35.910153,2205.0000
static,-1.774173,35.955069,2267.0000
static,-1.774173,35.999985,1448.0000
static,-1.774173,36.044901,842.0000
static,-1.774173,36.089817,706.0000
static,-1.774173,36.134732,719.0000
static,-1.774173,36.179648,678.0000
static,-1.774173,36.224564,707.0000
static,-1.774173,36.269480,664.0000
static,-1.774173,36.314395,630.0000
static,-1.774173,36.359311,911.0000
static,-1.774173,36.404227,855.0000
static,-1.774173,36.449143,948.0000
static,-1.774173,36.494058,1040.0000
static,-1.774173,36.538974,1291.0000
static,-1.774173,36.583890,1399.0000
static,-1.774173,36.628806,1511.0000
static,-1.774173,36.673721,1750.0000
static,-1.774173,36.718637,1746.0000
static,-1.774173,36.763553,1730.0000
static,-1.774173,36.808469,1724.0000
static,-1.774173,36.853385,1681.0000
static,-1.774173,36.898300,1670.0000
static,-1.774173,36.943216,1656.0000
static,-1.774173,36.988132,1647.0000
static,-1.774173,37.033048,1693.0000
static,-1.774173,37.077963,1648.0000
static,-1.774173,37.122879,1650.0000
static,-1.774173,37.167795,1622.0000
static,-1.774173,37.212711,1735.0000
static,-1.774173,37.257626,1735.0000
static,-1.774173,37.302542,1643.0000
static,-1.774173,37.347458,1751.0000
static,-1.774173,37.392374,1649.0000
static,-1.774173,37.437289,1494.0000
static,-1.774173,37.482205,1269.0000
static,-1.774173,37.527121,1220.0000
static,-1.774173,37.572037,1159.0000
static,-1.774173,37.616953,1135.0000
static,-1.774173,37.661868,1094.0000
static,-1.774173,37.706784,1009.0000
static,-1.774173,37.751700,978.0000
static,-1.774173,37.796616,917.0000
static,-1.774173,37.841531,883.0000
static,-1.774173,37.886447,998.0000
static,-1.774173,37.931363,954.0000
static,-1.774173,37.976279,871.0000
static,-1.774173,38.021194,850.0000
static,-1.774173,38.066110,841.0000
static,-1.774173,38.111026,854.0000
static,-1.774173,38.155942,894.0000
static,-1.774173,38.200857,824.0000
static,-1.774173,38.245773,733.0000
static,-1.774173,38.290689,695.0000
static,-1.774173,38.335605,643.0000
static,-1.774173,38.380521,634.0000
static,-1.774173,38.425436,680.0000
static,-1.774173,38.470352,572.0000
static,-1.774173,38.515268,540.0000
static,-1.774173,38.560184,492.0000
static,-1.774173,38.605099,473.0000
static,-1.774173,38.650015,453.0000
static,-1.774173,38.694931,429.0000
static,-1.774173,38.739847,390.0000
static,-1.774173,38.784762,377.0000
static,-1.774173,38.829678,364.0000
static,-1.774173,38.874594,349.0000
static,-1.774173,38.919510,326.0000
static,-1.774173,38.964425,315.0000
static,-1.774173,39.009341,304.0000
static,-1.774173,39.054257,293.0000
static,-1.774173,39.099173,273.0000
static,-1.774173,39.144089,262.0000
static,-1.774173,39.189004,250.0000
static,-1.774173,39.233920,239.0000
static,-1.774173,39.278836,223.0000
static,-1.774173,39.323752,216.0000
static,-1.774173,39.368667,208.0000
static,-1.774173,39.413583,191.0000
static,-1.774173,39.458499,182.0000
static,-1.774173,39.503415,173.0000
static,-1.774173,39.548330,164.0000
static,-1.774173,39.593246,145.0000
static,-1.774173,39.638162,135.0000
static,-1.774173,39.683078,126.0000
static,-1.774173,39.727993,114.0000
static,-1.774173,39.772909,93.0000
static,-1.774173,39.817825,84.0000
static,-1.774173,39.862741,75.0000
static,-1.774173,39.907656,67.0000
static,-1.774173,39.952572,56.0000
static,-1.774173,39.997488,51.0000
static,-1.774173,40.042404,49.0000
static,-1.774173,40.087320,47.0000
static,-1.774173,40.132235,49.0000
static,-1.774173,40.177151,59.0000
static,-1.774173,40.222067,65.0000
static,-1.774173,40.266983,81.0000
static,-1.774173,40.311898,83.0000
static,-1.774173,40.356814,77.0000
static,-1.774173,40.401730,71.0000
static,-1.774173,40.446646,66.0000
static,-1.774173,40.491561,61.0000
static,-1.774173,40.536477,55.0000
static,-1.774173,40.581393,51.0000
static,-1.774173,40.626309,39.0000
static,-1.774173,40.671224,39.0000
static,-1.774173,40.716140,41.0000
static,-1.774173,40.761056,41.0000
static,-1.774173,40.805972,36.0000
static,-1.774173,40.850888,39.0000
static,-1.774173,40.895803,38.0000
static,-1.774173,40.940719,36.0000
static,-1.774173,40.985635,34.0000
static,-1.774173,41.030551,33.0000
static,-1.774173,41.075466,30.0000
static,-1.774173,41.120382,22.0000
static,-1.774173,41.165298,18.0000
static,-1.774173,41.210214,14.0000
static,-1.774173,41.255129,19.0000
static,-1.774173,41.300045,65.0000
static,-1.774173,41.344961,34.0000
static,-1.774173,41.389877,27.0000
static,-1.774173,41.434792,45.0000
static,-1.774173,41.479708,4.0000
static,-1.819088,35.460996,1988.0000
static,-1.819088,35.505912,2041.0000
static,-1.819088,35.550827,2099.0000
static,-1.819088,35.595743,2132.0000
static,-1.819088,35.640659,2153.0000
static,-1.819088,35.685575,2154.0000
static,-1.819088,35.730490,2098.0000
static,-1.819088,35.775406,2088.0000
static,-1.819088,35.820322,2044.0000
static,-1.819088,35.865238,2112.0000
static,-1.819088,35.910153,2083.0000
static,-1.819088,35.955069,2084.0000
static,-1.819088,35.999985,1419.0000
static,-1.819088,36.044901,861.0000
static,-1.819088,36.089817,689.0000
static,-1.819088,36.134732,692.0000
static,-1.819088,36.179648,719.0000
static,-1.819088,36.224564,671.0000
static,-1.819088,36.269480,633.0000
static,-1.819088,36.314395,627.0000
static,-1.819088,36.359311,883.0000
static,-1.819088,36.404227,843.0000
static,-1.819088,36.449143,963.0000
static,-1.819088,36.494058,1054.0000
static,-1.819088,36.538974,1310.0000
static,-1.819088,36.583890,1395.0000
static,-1.819088,36.628806,1499.0000
static,-1.819088,36.673721,1621.0000
static,-1.819088,36.718637,1734.0000
static,-1.819088,36.763553,1697.0000
static,-1.819088,36.808469,1720.0000
static,-1.819088,36.853385,1703.0000
static,-1.819088,36.898300,1676.0000
static,-1.819088,36.943216,1677.0000
static,-1.819088,36.988132,1673.0000
static,-1.819088,37.033048,1649.0000
static,-1.819088,37.077963,1645.0000
static,-1.819088,37.122879,1588.0000
static,-1.819088,37.167795,1603.0000
static,-1.819088,37.212711,1688.0000
static,-1.819088,37.257626,1638.0000
static,-1.819088,37.302542,1651.0000
static,-1.819088,37.347458,1805.0000
static,-1.819088,37.392374,1737.0000
static,-1.819088,37.437289,1517.0000
static,-1.819088,37.482205,1444.0000
static,-1.819088,37.527121,1475.0000
static,-1.819088,37.572037,1235.0000
static,-1.819088,37.616953,1186.0000
static,-1.819088,37.661868,1117.0000
static,-1.819088,37.706784,1057.0000
static,-1.819088,37.751700,1031.0000
static,-1.819088,37.796616,1040.0000
static,-1.819088,37.841531,919.0000
static,-1.819088,37.886447,918.0000
static,-1.819088,37.931363,967.0000
static,-1.819088,37.976279,878.0000
static,-1.819088,38.021194,839.0000
static,-1.819088,38.066110,830.0000
static,-1.819088,38.111026,844.0000
static,-1.819088,38.155942,864.0000
static,-1.819088,38.200857,877.0000
static,-1.819088,38.245773,791.0000
static,-1.819088,38.290689,767.0000
static,-1.819088,38.335605,681.0000
static,-1.819088,38.380521,634.0000
static,-1.819088,38.425436,611.0000
static,-1.819088,38.470352,574.0000
static,-1.819088,38.515268,551.0000
static,-1.819088,38.560184,502.0000
static,-1.819088,38.605099,480.0000
static,-1.819088,38.650015,462.0000
static,-1.819088,38.694931,437.0000
static,-1.819088,38.739847,392.0000
static,-1.819088,38.784762,372.0000
static,-1.819088,38.829678,358.0000
static,-1.819088,38.874594,344.0000
static,-1.819088,38.919510,321.0000
static,-1.819088,38.964425,311.0000
static,-1.819088,39.009341,300.0000
static,-1.819088,39.054257,290.0000
static,-1.819088,39.099173,270.0000
static,-1.819088,39.144089,258.0000
static,-1.819088,39.189004,248.0000
static,-1.819088,39.233920,237.0000
static,-1.819088,39.278836,220.0000
static,-1.819088,39.323752,212.0000
static,-1.819088,39.368667,205.0000
static,-1.819088,39.413583,188.0000
static,-1.819088,39.458499,179.0000
static,-1.819088,39.503415,170.0000
static,-1.819088,39.548330,162.0000
static,-1.819088,39.593246,143.0000
static,-1.819088,39.638162,132.0000
static,-1.819088,39.683078,122.0000
static,-1.819088,39.727993,109.0000
static,-1.819088,39.772909,90.0000
static,-1.819088,39.817825,81.0000
static,-1.819088,39.862741,72.0000
static,-1.819088,39.907656,63.0000
static,-1.819088,39.952572,51.0000
static,-1.819088,39.997488,48.0000
static,-1.819088,40.042404,45.0000
static,-1.819088,40.087320,44.0000
static,-1.819088,40.132235,42.0000
static,-1.819088,40.177151,54.0000
static,-1.819088,40.222067,59.0000
static,-1.819088,40.266983,73.0000
static,-1.819088,40.311898,79.0000
static,-1.819088,40.356814,78.0000
static,-1.819088,40.401730,73.0000
static,-1.819088,40.446646,63.0000
static,-1.819088,40.491561,60.0000
static,-1.819088,40.536477,55.0000
static,-1.819088,40.581393,47.0000
static,-1.819088,40.626309,36.0000
static,-1.819088,40.671224,33.0000
static,-1.819088,40.716140,35.0000
static,-1.819088,40.761056,36.0000
static,-1.819088,40.805972,38.0000
static,-1.819088,40.850888,35.0000
static,-1.819088,40.895803,32.0000
static,-1.819088,40.940719,31.0000
static,-1.819088,40.985635,27.0000
static,-1.819088,41.030551,24.0000
static,-1.819088,41.075466,17.0000
static,-1.819088,41.120382,14.0000
static,-1.819088,41.165298,18.0000
static,-1.819088,41.210214,27.0000
static,-1.819088,41.255129,38.0000
static,-1.819088,41.300045,42.0000
static,-1.819088,41.344961,32.0000
static,-1.819088,41.389877,34.0000
static,-1.819088,41.434792,12.0000
static,-1.819088,41.479708,0.0000
static,-1.864004,35.550827,2085.0000
static,-1.864004,35.595743,2069.0000
static,-1.864004,35.640659,2090.0000
static,-1.864004,35.685575,2083.0000
static,-1.864004,35.730490,2051.0000
static,-1.864004,35.775406,2016.0000
static,-1.864004,35.820322,2004.0000
static,-1.864004,35.865238,2109.0000
static,-1.864004,35.910153,2107.0000
static,-1.864004,35.955069,2117.0000
static,-1.864004,35.999985,1325.0000
static,-1.864004,36.044901,968.0000
static,-1.864004,36.089817,668.0000
static,-1.864004,36.134732,671.0000
static,-1.864004,36.179648,715.0000
static,-1.864004,36.224564,628.0000
static,-1.864004,36.269480,618.0000
static,-1.864004,36.314395,638.0000
static,-1.864004,36.359311,864.0000
static,-1.864004,36.404227,857.0000
static,-1.864004,36.449143,971.0000
static,-1.864004,36.494058,1087.0000
static,-1.864004,36.538974,1328.0000
static,-1.864004,36.583890,1395.0000
static,-1.864004,36.628806,1446.0000
static,-1.864004,36.673721,1623.0000
static,-1.864004,36.718637,1731.0000
static,-1.864004,36.763553,1688.0000
static,-1.864004,36.808469,1711.0000
static,-1.864004,36.853385,1696.0000
static,-1.864004,36.898300,1653.0000
static,-1.864004,36.943216,1631.0000
static,-1.864004,36.988132,1631.0000
static,-1.864004,37.033048,1597.0000
static,-1.864004,37.077963,1603.0000
static,-1.864004,37.122879,1555.0000
static,-1.864004,37.167795,1572.0000
static,-1.864004,37.212711,1595.0000
static,-1.864004,37.257626,1551.0000
static,-1.864004,37.302542,1544.0000
static,-1.864004,37.347458,1506.0000
static,-1.864004,37.392374,1492.0000
static,-1.864004,37.437289,1455.0000
static,-1.864004,37.482205,1343.0000
static,-1.864004,37.527121,1215.0000
static,-1.864004,37.572037,1241.0000
static,-1.864004,37.616953,1165.0000
static,-1.864004,37.661868,1159.0000
static,-1.864004,37.706784,1091.0000
static,-1.864004,37.751700,1074.0000
static,-1.864004,37.796616,1046.0000
static,-1.864004,37.841531,955.0000
static,-1.864004,37.886447,854.0000
static,-1.864004,37.931363,963.0000
static,-1.864004,37.976279,913.0000
static,-1.864004,38.021194,848.0000
static,-1.864004,38.066110,817.0000
static,-1.864004,38.111026,839.0000
static,-1.864004,38.155942,845.0000
static,-1.864004,38.200857,872.0000
static,-1.864004,38.245773,829.0000
static,-1.864004,38.290689,829.0000
static,-1.864004,38.335605,732.0000
static,-1.864004,38.380521,660.0000
static,-1.864004,38.425436,632.0000
static,-1.864004,38.470352,583.0000
static,-1.864004,38.515268,556.0000
static,-1.864004,38.560184,523.0000
static,-1.864004,38.605099,497.0000
static,-1.864004,38.650015,460.0000
static,-1.864004,38.694931,435.0000
static,-1.864004,38.739847,387.0000
static,-1.864004,38.784762,367.0000
static,-1.864004,38.829678,349.0000
static,-1.864004,38.874594,336.0000
static,-1.864004,38.919510,314.0000
static,-1.864004,38.964425,303.0000
static,-1.864004,39.009341,295.0000
static,-1.864004,39.054257,285.0000
static,-1.864004,39.099173,266.0000
static,-1.864004,39.144089,256.0000
static,-1.864004,39.189004,246.0000
static,-1.864004,39.233920,236.0000
static,-1.864004,39.278836,218.0000
static,-1.864004,39.323752,210.0000
static,-1.864004,39.368667,201.0000
static,-1.864004,39.413583,184.0000
static,-1.864004,39.458499,176.0000
static,-1.864004,39.503415,167.0000
static,-1.864004,39.548330,159.0000
static,-1.864004,39.593246,141.0000
static,-1.864004,39.638162,131.0000
static,-1.864004,39.683078,121.0000
static,-1.864004,39.727993,109.0000
static,-1.864004,39.772909,89.0000
static,-1.864004,39.817825,78.0000
static,-1.864004,39.862741,70.0000
static,-1.864004,39.907656,62.0000
static,-1.864004,39.952572,48.0000
static,-1.864004,39.997488,43.0000
static,-1.864004,40.042404,41.0000
static,-1.864004,40.087320,41.0000
static,-1.864004,40.132235,40.0000
static,-1.864004,40.177151,44.0000
static,-1.864004,40.222067,54.0000
static,-1.864004,40.266983,66.0000
static,-1.864004,40.311898,78.0000
static,-1.864004,40.356814,82.0000
static,-1.864004,40.401730,73.0000
static,-1.864004,40.446646,64.0000
static,-1.864004,40.491561,57.0000
static,-1.864004,40.536477,52.0000
static,-1.864004,40.581393,45.0000
static,-1.864004,40.626309,39.0000
static,-1.864004,40.671224,28.0000
static,-1.864004,40.716140,32.0000
static,-1.864004,40.761056,28.0000
static,-1.864004,40.805972,27.0000
static,-1.864004,40.850888,27.0000
static,-1.864004,40.895803,29.0000
static,-1.864004,40.940719,29.0000
static,-1.864004,40.985635,25.0000
static,-1.864004,41.030551,12.0000
static,-1.864004,41.075466,15.0000
static,-1.864004,41.120382,29.0000
static,-1.864004,41.165298,36.0000
static,-1.864004,41.210214,34.0000
static,-1.864004,41.255129,41.0000
static,-1.864004,41.300045,19.0000
static,-1.864004,41.344961,19.0000
static,-1.864004,41.389877,13.0000
static,-1.864004,41.434792,7.0000
static,-1.908920,35.640659,2191.0000
static,-1.908920,35.685575,2146.0000
static,-1.908920,35.730490,1967.0000
static,-1.908920,35.775406,1888.0000
static,-1.908920,35.820322,2008.0000
static,-1.908920,35.865238,2175.0000
static,-1.908920,35.910153,1973.0000
static,-1.908920,35.955069,1934.0000
static,-1.908920,35.999985,1076.0000
static,-1.908920,36.044901,760.0000
static,-1.908920,36.089817,650.0000
static,-1.908920,36.134732,645.0000
static,-1.908920,36.179648,678.0000
static,-1.908920,36.224564,666.0000
static,-1.908920,36.269480,612.0000
static,-1.908920,36.314395,653.0000
static,-1.908920,36.359311,851.0000
static,-1.908920,36.404227,917.0000
static,-1.908920,36.449143,1051.0000
static,-1.908920,36.494058,1158.0000
static,-1.908920,36.538974,1346.0000
static,-1.908920,36.583890,1390.0000
static,-1.908920,36.628806,1486.0000
static,-1.908920,36.673721,1597.0000
static,-1.908920,36.718637,1689.0000
static,-1.908920,36.763553,1682.0000
static,-1.908920,36.808469,1632.0000
static,-1.908920,36.853385,1665.0000
static,-1.908920,36.898300,1706.0000
static,-1.908920,36.943216,1676.0000
static,-1.908920,36.988132,1590.0000
static,-1.908920,37.033048,1483.0000
static,-1.908920,37.077963,1516.0000
static,-1.908920,37.122879,1553.0000
static,-1.908920,37.167795,1495.0000
static,-1.908920,37.212711,1406.0000
static,-1.908920,37.257626,1413.0000
static,-1.908920,37.302542,1384.0000
static,-1.908920,37.347458,1394.0000
static,-1.908920,37.392374,1383.0000
static,-1.908920,37.437289,1552.0000
static,-1.908920,37.482205,1470.0000
static,-1.908920,37.527121,1166.0000
static,-1.908920,37.572037,1127.0000
static,-1.908920,37.616953,1086.0000
static,-1.908920,37.661868,1086.0000
static,-1.908920,37.706784,1072.0000
static,-1.908920,37.751700,1058.0000
static,-1.908920,37.796616,1037.0000
static,-1.908920,37.841531,989.0000
static,-1.908920,37.886447,835.0000
static,-1.908920,37.931363,873.0000
static,-1.908920,37.976279,914.0000
static,-1.908920,38.021194,867.0000
static,-1.908920,38.066110,772.0000
static,-1.908920,38.111026,788.0000
static,-1.908920,38.155942,810.0000
static,-1.908920,38.200857,821.0000
static,-1.908920,38.245773,804.0000
static,-1.908920,38.290689,709.0000
static,-1.908920,38.335605,708.0000
static,-1.908920,38.380521,788.0000
static,-1.908920,38.425436,577.0000
static,-1.908920,38.470352,558.0000
static,-1.908920,38.515268,536.0000
static,-1.908920,38.560184,510.0000
static,-1.908920,38.605099,484.0000
static,-1.908920,38.650015,461.0000
static,-1.908920,38.694931,435.0000
static,-1.908920,38.739847,386.0000
static,-1.908920,38.784762,370.0000
static,-1.908920,38.829678,353.0000
static,-1.908920,38.874594,336.0000
static,-1.908920,38.919510,306.0000
static,-1.908920,38.964425,295.0000
static,-1.908920,39.009341,281.0000
static,-1.908920,39.054257,271.0000
static,-1.908920,39.099173,257.0000
static,-1.908920,39.144089,247.0000
static,-1.908920,39.189004,237.0000
static,-1.908920,39.233920,229.0000
static,-1.908920,39.278836,213.0000
static,-1.908920,39.323752,204.0000
static,-1.908920,39.368667,195.0000
static,-1.908920,39.413583,178.0000
static,-1.908920,39.458499,168.0000
static,-1.908920,39.503415,160.0000
static,-1.908920,39.548330,152.0000
static,-1.908920,39.593246,135.0000
static,-1.908920,39.638162,127.0000
static,-1.908920,39.683078,120.0000
static,-1.908920,39.727993,111.0000
static,-1.908920,39.772909,92.0000
static,-1.908920,39.817825,80.0000
static,-1.908920,39.862741,72.0000
static,-1.908920,39.907656,64.0000
static,-1.908920,39.952572,49.0000
static,-1.908920,39.997488,41.0000
static,-1.908920,40.042404,37.0000
static,-1.908920,40.087320,34.0000
static,-1.908920,40.132235,36.0000
static,-1.908920,40.177151,37.0000
static,-1.908920,40.222067,44.0000
static,-1.908920,40.266983,65.0000
static,-1.908920,40.311898,61.0000
static,-1.908920,40.356814,69.0000
static,-1.908920,40.401730,76.0000
static,-1.908920,40.446646,59.0000
static,-1.908920,40.491561,56.0000
static,-1.908920,40.536477,46.0000
static,-1.908920,40.581393,42.0000
static,-1.908920,40.626309,34.0000
static,-1.908920,40.671224,26.0000
static,-1.908920,40.716140,22.0000
static,-1.908920,40.761056,17.0000
static,-1.908920,40.805972,23.0000
static,-1.908920,40.850888,22.0000
static,-1.908920,40.895803,24.0000
static,-1.908920,40.940719,25.0000
static,-1.908920,40.985635,10.0000
static,-1.908920,41.030551,25.0000
static,-1.908920,41.075466,27.0000
static,-1.908920,41.120382,12.0000
static,-1.908920,41.165298,7.0000
static,-1.908920,41.210214,4.0000
static,-1.908920,41.255129,4.0000
static,-1.908920,41.300045,9.0000
static,-1.908920,41.344961,5.0000
static,-1.908920,41.389877,0.0000
static,-1.953836,35.685575,2331.0000
static,-1.953836,35.730490,2082.0000
static,-1.953836,35.775406,1951.0000
static,-1.953836,35.820322,1865.0000
static,-1.953836,35.865238,1970.0000
static,-1.953836,35.910153,1791.0000
static,-1.953836,35.955069,1532.0000
static,-1.953836,35.999985,1127.0000
static,-1.953836,36.044901,727.0000
static,-1.953836,36.089817,640.0000
static,-1.953836,36.134732,636.0000
static,-1.953836,36.179648,675.0000
static,-1.953836,36.224564,648.0000
static,-1.953836,36.269480,622.0000
static,-1.953836,36.314395,653.0000
static,-1.953836,36.359311,831.0000
static,-1.953836,36.404227,1001.0000
static,-1.953836,36.449143,1079.0000
static,-1.953836,36.494058,1169.0000
static,-1.953836,36.538974,1346.0000
static,-1.953836,36.583890,1368.0000
static,-1.953836,36.628806,1474.0000
static,-1.953836,36.673721,1725.0000
static,-1.953836,36.718637,1768.0000
static,-1.953836,36.763553,1715.0000
static,-1.953836,36.808469,1643.0000
static,-1.953836,36.853385,1639.0000
static,-1.953836,36.898300,1715.0000
static,-1.953836,36.943216,1741.0000
static,-1.953836,36.988132,1574.0000
static,-1.953836,37.033048,1458.0000
static,-1.953836,37.077963,1502.0000
static,-1.953836,37.122879,1506.0000
static,-1.953836,37.167795,1495.0000
static,-1.953836,37.212711,1416.0000
static,-1.953836,37.257626,1340.0000
static,-1.953836,37.302542,1330.0000
static,-1.953836,37.347458,1430.0000
static,-1.953836,37.392374,1260.0000
static,-1.953836,37.437289,1261.0000
static,-1.953836,37.482205,1492.0000
static,-1.953836,37.527121,1214.0000
static,-1.953836,37.572037,1081.0000
static,-1.953836,37.616953,1062.0000
static,-1.953836,37.661868,1040.0000
static,-1.953836,37.706784,1039.0000
static,-1.953836,37.751700,1034.0000
static,-1.953836,37.796616,1015.0000
static,-1.953836,37.841531,968.0000
static,-1.953836,37.886447,840.0000
static,-1.953836,37.931363,896.0000
static,-1.953836,37.976279,927.0000
static,-1.953836,38.021194,876.0000
static,-1.953836,38.066110,779.0000
static,-1.953836,38.111026,730.0000
static,-1.953836,38.155942,778.0000
static,-1.953836,38.200857,796.0000
static,-1.953836,38.245773,773.0000
static,-1.953836,38.290689,708.0000
static,-1.953836,38.335605,649.0000
static,-1.953836,38.380521,668.0000
static,-1.953836,38.425436,603.0000
static,-1.953836,38.470352,550.0000
static,-1.953836,38.515268,526.0000
static,-1.953836,38.560184,498.0000
static,-1.953836,38.605099,476.0000
static,-1.953836,38.650015,448.0000
static,-1.953836,38.694931,427.0000
static,-1.953836,38.739847,392.0000
static,-1.953836,38.784762,375.0000
static,-1.953836,38.829678,357.0000
static,-1.953836,38.874594,339.0000
static,-1.953836,38.919510,305.0000
static,-1.953836,38.964425,291.0000
static,-1.953836,39.009341,280.0000
static,-1.953836,39.054257,265.0000
static,-1.953836,39.099173,250.0000
static,-1.953836,39.144089,243.0000
static,-1.953836,39.189004,234.0000
static,-1.953836,39.233920,225.0000
static,-1.953836,39.278836,210.0000
static,-1.953836,39.323752,202.0000
static,-1.953836,39.368667,194.0000
static,-1.953836,39.413583,175.0000
static,-1.953836,39.458499,166.0000
static,-1.953836,39.503415,158.0000
static,-1.953836,39.548330,149.0000
static,-1.953836,39.593246,133.0000
static,-1.953836,39.638162,124.0000
static,-1.953836,39.683078,116.0000
static,-1.953836,39.727993,109.0000
static,-1.953836,39.772909,91.0000
static,-1.953836,39.817825,81.0000
static,-1.953836,39.862741,73.0000
static,-1.953836,39.907656,66.0000
static,-1.953836,39.952572,50.0000
static,-1.953836,39.997488,43.0000
static,-1.953836,40.042404,38.0000
static,-1.953836,40.087320,35.0000
static,-1.953836,40.132235,33.0000
static,-1.953836,40.177151,35.0000
static,-1.953836,40.222067,37.0000
static,-1.953836,40.266983,57.0000
static,-1.953836,40.311898,62.0000
static,-1.953836,40.356814,57.0000
static,-1.953836,40.401730,70.0000
static,-1.953836,40.446646,57.0000
static,-1.953836,40.491561,53.0000
static,-1.953836,40.536477,47.0000
static,-1.953836,40.581393,38.0000
static,-1.953836,40.626309,31.0000
static,-1.953836,40.671224,27.0000
static,-1.953836,40.716140,24.0000
static,-1.953836,40.761056,23.0000
static,-1.953836,40.805972,12.0000
static,-1.953836,40.850888,13.0000
static,-1.953836,40.895803,17.0000
static,-1.953836,40.940719,19.0000
static,-1.953836,40.985635,10.0000
static,-1.953836,41.030551,15.0000
static,-1.953836,41.075466,12.0000
static,-1.953836,41.120382,7.0000
static,-1.953836,41.165298,5.0000
static,-1.953836,41.210214,2.0000
static,-1.953836,41.255129,4.0000
static,-1.953836,41.300045,5.0000
static,-1.953836,41.344961,0.0000
static,-1.998752,35.775406,1945.0000
static,-1.998752,35.820322,1881.0000
static,-1.998752,35.865238,1836.0000
static,-1.998752,35.910153,1916.0000
static,-1.998752,35.955069,1539.0000
static,-1.998752,35.999985,892.0000
static,-1.998752,36.044901,654.0000
static,-1.998752,36.089817,628.0000
static,-1.998752,36.134732,628.0000
static,-1.998752,36.179648,657.0000
static,-1.998752,36.224564,626.0000
static,-1.998752,36.269480,629.0000
static,-1.998752,36.314395,680.0000
static,-1.998752,36.359311,870.0000
static,-1.998752,36.404227,1033.0000
static,-1.998752,36.449143,1099.0000
static,-1.998752,36.494058,1186.0000
static,-1.998752,36.538974,1341.0000
static,-1.998752,36.583890,1358.0000
static,-1.998752,36.628806,1427.0000
static,-1.998752,36.673721,1660.0000
static,-1.998752,36.718637,1844.0000
static,-1.998752,36.763553,1890.0000
static,-1.998752,36.808469,1680.0000
static,-1.998752,36.853385,1612.0000
static,-1.998752,36.898300,1733.0000
static,-1.998752,36.943216,1714.0000
static,-1.998752,36.988132,1545.0000
static,-1.998752,37.033048,1428.0000
static,-1.998752,37.077963,1450.0000
static,-1.998752,37.122879,1462.0000
static,-1.998752,37.167795,1513.0000
static,-1.998752,37.212711,1434.0000
static,-1.998752,37.257626,1330.0000
static,-1.998752,37.302542,1280.0000
static,-1.998752,37.347458,1260.0000
static,-1.998752,37.392374,1236.0000
static,-1.998752,37.437289,1237.0000
static,-1.998752,37.482205,1369.0000
static,-1.998752,37.527121,1172.0000
static,-1.998752,37.572037,1060.0000
static,-1.998752,37.616953,1035.0000
static,-1.998752,37.661868,1014.0000
static,-1.998752,37.706784,999.0000
static,-1.998752,37.751700,1010.0000
static,-1.998752,37.796616,983.0000
static,-1.998752,37.841531,957.0000
static,-1.998752,37.886447,865.0000
static,-1.998752,37.931363,825.0000
static,-1.998752,37.976279,919.0000
static,-1.998752,38.021194,882.0000
static,-1.998752,38.066110,791.0000
static,-1.998752,38.111026,714.0000
static,-1.998752,38.155942,736.0000
static,-1.998752,38.200857,771.0000
static,-1.998752,38.245773,713.0000
static,-1.998752,38.290689,701.0000
static,-1.998752,38.335605,644.0000
static,-1.998752,38.380521,619.0000
static,-1.998752,38.425436,581.0000
static,-1.998752,38.470352,552.0000
static,-1.998752,38.515268,525.0000
static,-1.998752,38.560184,482.0000
static,-1.998752,38.605099,470.0000
static,-1.998752,38.650015,447.0000
static,-1.998752,38.694931,428.0000
static,-1.998752,38.739847,393.0000
static,-1.998752,38.784762,374.0000
static,-1.998752,38.829678,357.0000
static,-1.998752,38.874594,338.0000
static,-1.998752,38.919510,306.0000
static,-1.998752,38.964425,290.0000
static,-1.998752,39.009341,276.0000
static,-1.998752,39.054257,268.0000
static,-1.998752,39.099173,243.0000
static,-1.998752,39.144089,236.0000
static,-1.998752,39.189004,230.0000
static,-1.998752,39.233920,223.0000
static,-1.998752,39.278836,206.0000
static,-1.998752,39.323752,198.0000
static,-1.998752,39.368667,189.0000
static,-1.998752,39.413583,173.0000
static,-1.998752,39.458499,165.0000
static,-1.998752,39.503415,156.0000
static,-1.998752,39.548330,148.0000
static,-1.998752,39.593246,132.0000
static,-1.998752,39.638162,124.0000
static,-1.998752,39.683078,115.0000
static,-1.998752,39.727993,106.0000
static,-1.998752,39.772909,91.0000
static,-1.998752,39.817825,84.0000
static,-1.998752,39.862741,76.0000
static,-1.998752,39.907656,67.0000
static,-1.998752,39.952572,51.0000
static,-1.998752,39.997488,44.0000
static,-1.998752,40.042404,40.0000
static,-1.998752,40.087320,35.0000
static,-1.998752,40.132235,29.0000
static,-1.998752,40.177151,32.0000
static,-1.998752,40.222067,34.0000
static,-1.998752,40.266983,56.0000
static,-1.998752,40.311898,56.0000
static,-1.998752,40.356814,58.0000
static,-1.998752,40.401730,61.0000
static,-1.998752,40.446646,59.0000
static,-1.998752,40.491561,49.0000
static,-1.998752,40.536477,46.0000
static,-1.998752,40.581393,38.0000
static,-1.998752,40.626309,29.0000
static,-1.998752,40.671224,26.0000
static,-1.998752,40.716140,24.0000
static,-1.998752,40.761056,22.0000
static,-1.998752,40.805972,17.0000
static,-1.998752,40.850888,9.0000
static,-1.998752,40.895803,7.0000
static,-1.998752,40.940719,12.0000
static,-1.998752,40.985635,8.0000
static,-1.998752,41.030551,11.0000
static,-1.998752,41.075466,5.0000
static,-1.998752,41.120382,4.0000
static,-1.998752,41.165298,4.0000
static,-1.998752,41.210214,2.0000
static,-1.998752,41.300045,1.0000
static,-2.043667,35.865238,1770.0000
static,-2.043667,35.910153,1776.0000
static,-2.043667,35.955069,1518.0000
static,-2.043667,35.999985,731.0000
static,-2.043667,36.044901,622.0000
static,-2.043667,36.089817,621.0000
static,-2.043667,36.134732,620.0000
static,-2.043667,36.179648,634.0000
static,-2.043667,36.224564,629.0000
static,-2.043667,36.269480,673.0000
static,-2.043667,36.314395,734.0000
static,-2.043667,36.359311,906.0000
static,-2.043667,36.404227,1042.0000
static,-2.043667,36.449143,1113.0000
static,-2.043667,36.494058,1211.0000
static,-2.043667,36.538974,1332.0000
static,-2.043667,36.583890,1381.0000
static,-2.043667,36.628806,1446.0000
static,-2.043667,36.673721,1542.0000
static,-2.043667,36.718637,1692.0000
static,-2.043667,36.763553,1755.0000
static,-2.043667,36.808469,1681.0000
static,-2.043667,36.853385,1587.0000
static,-2.043667,36.898300,1649.0000
static,-2.043667,36.943216,1676.0000
static,-2.043667,36.988132,1577.0000
static,-2.043667,37.033048,1437.0000
static,-2.043667,37.077963,1396.0000
static,-2.043667,37.122879,1412.0000
static,-2.043667,37.167795,1461.0000
static,-2.043667,37.212711,1381.0000
static,-2.043667,37.257626,1341.0000
static,-2.043667,37.302542,1286.0000
static,-2.043667,37.347458,1251.0000
static,-2.043667,37.392374,1211.0000
static,-2.043667,37.437289,1196.0000
static,-2.043667,37.482205,1184.0000
static,-2.043667,37.527121,1240.0000
static,-2.043667,37.572037,1087.0000
static,-2.043667,37.616953,1062.0000
static,-2.043667,37.661868,1018.0000
static,-2.043667,37.706784,955.0000
static,-2.043667,37.751700,979.0000
static,-2.043667,37.796616,971.0000
static,-2.043667,37.841531,932.0000
static,-2.043667,37.886447,863.0000
static,-2.043667,37.931363,813.0000
static,-2.043667,37.976279,869.0000
static,-2.043667,38.021194,928.0000
static,-2.043667,38.066110,815.0000
static,-2.043667,38.111026,738.0000
static,-2.043667,38.155942,701.0000
static,-2.043667,38.200857,746.0000
static,-2.043667,38.245773,677.0000
static,-2.043667,38.290689,671.0000
static,-2.043667,38.335605,694.0000
static,-2.043667,38.380521,608.0000
static,-2.043667,38.425436,563.0000
static,-2.043667,38.470352,545.0000
static,-2.043667,38.515268,524.0000
static,-2.043667,38.560184,483.0000
static,-2.043667,38.605099,468.0000
static,-2.043667,38.650015,445.0000
static,-2.043667,38.694931,431.0000
static,-2.043667,38.739847,391.0000
static,-2.043667,38.784762,369.0000
static,-2.043667,38.829678,353.0000
static,-2.043667,38.874594,337.0000
static,-2.043667,38.919510,304.0000
static,-2.043667,38.964425,289.0000
static,-2.043667,39.009341,274.0000
static,-2.043667,39.054257,263.0000
static,-2.043667,39.099173,245.0000
static,-2.043667,39.144089,233.0000
static,-2.043667,39.189004,223.0000
static,-2.043667,39.233920,217.0000
static,-2.043667,39.278836,199.0000
static,-2.043667,39.323752,195.0000
static,-2.043667,39.368667,185.0000
static,-2.043667,39.413583,170.0000
static,-2.043667,39.458499,162.0000
static,-2.043667,39.503415,154.0000
static,-2.043667,39.548330,146.0000
static,-2.043667,39.593246,130.0000
static,-2.043667,39.638162,122.0000
static,-2.043667,39.683078,115.0000
static,-2.043667,39.727993,108.0000
static,-2.043667,39.772909,92.0000
static,-2.043667,39.817825,85.0000
static,-2.043667,39.862741,76.0000
static,-2.043667,39.907656,68.0000
static,-2.043667,39.952572,53.0000
static,-2.043667,39.997488,46.0000
static,-2.043667,40.042404,39.0000
static,-2.043667,40.087320,34.0000
static,-2.043667,40.132235,26.0000
static,-2.043667,40.177151,28.0000
static,-2.043667,40.222067,31.0000
static,-2.043667,40.266983,39.0000
static,-2.043667,40.311898,50.0000
static,-2.043667,40.356814,55.0000
static,-2.043667,40.401730,57.0000
static,-2.043667,40.446646,61.0000
static,-2.043667,40.491561,51.0000
static,-2.043667,40.536477,42.0000
static,-2.043667,40.581393,35.0000
static,-2.043667,40.626309,26.0000
static,-2.043667,40.671224,25.0000
static,-2.043667,40.716140,23.0000
static,-2.043667,40.761056,22.0000
static,-2.043667,40.805972,17.0000
static,-2.043667,40.850888,12.0000
static,-2.043667,40.895803,9.0000
static,-2.043667,40.940719,4.0000
static,-2.043667,40.985635,7.0000
static,-2.043667,41.030551,7.0000
static,-2.043667,41.075466,2.0000
static,-2.043667,41.120382,2.0000
static,-2.088583,35.955069,1260.0000
static,-2.088583,35.999985,607.0000
static,-2.088583,36.044901,608.0000
static,-2.088583,36.089817,659.0000
static,-2.088583,36.134732,648.0000
static,-2.088583,36.179648,672.0000
static,-2.088583,36.224564,691.0000
static,-2.088583,36.269480,860.0000
static,-2.088583,36.314395,891.0000
static,-2.088583,36.359311,986.0000
static,-2.088583,36.404227,1064.0000
static,-2.088583,36.449143,1180.0000
static,-2.088583,36.494058,1248.0000
static,-2.088583,36.538974,1367.0000
static,-2.088583,36.583890,1436.0000
static,-2.088583,36.628806,1506.0000
static,-2.088583,36.673721,1583.0000
static,-2.088583,36.718637,1635.0000
static,-2.088583,36.763553,1609.0000
static,-2.088583,36.808469,1558.0000
static,-2.088583,36.853385,1486.0000
static,-2.088583,36.898300,1506.0000
static,-2.088583,36.943216,1557.0000
static,-2.088583,36.988132,1660.0000
static,-2.088583,37.033048,1448.0000
static,-2.088583,37.077963,1365.0000
static,-2.088583,37.122879,1343.0000
static,-2.088583,37.167795,1357.0000
static,-2.088583,37.212711,1419.0000
static,-2.088583,37.257626,1386.0000
static,-2.088583,37.302542,1494.0000
static,-2.088583,37.347458,1403.0000
static,-2.088583,37.392374,1346.0000
static,-2.088583,37.437289,1167.0000
static,-2.088583,37.482205,1148.0000
static,-2.088583,37.527121,1132.0000
static,-2.088583,37.572037,1046.0000
static,-2.088583,37.616953,1051.0000
static,-2.088583,37.661868,1046.0000
static,-2.088583,37.706784,943.0000
static,-2.088583,37.751700,892.0000
static,-2.088583,37.796616,871.0000
static,-2.088583,37.841531,873.0000
static,-2.088583,37.886447,857.0000
static,-2.088583,37.931363,817.0000
static,-2.088583,37.976279,803.0000
static,-2.088583,38.021194,858.0000
static,-2.088583,38.066110,810.0000
static,-2.088583,38.111026,759.0000
static,-2.088583,38.155942,708.0000
static,-2.088583,38.200857,676.0000
static,-2.088583,38.245773,689.0000
static,-2.088583,38.290689,619.0000
static,-2.088583,38.335605,627.0000
static,-2.088583,38.380521,645.0000
static,-2.088583,38.425436,535.0000
static,-2.088583,38.470352,512.0000
static,-2.088583,38.515268,507.0000
static,-2.088583,38.560184,486.0000
static,-2.088583,38.605099,465.0000
static,-2.088583,38.650015,437.0000
static,-2.088583,38.694931,416.0000
static,-2.088583,38.739847,381.0000
static,-2.088583,38.784762,364.0000
static,-2.088583,38.829678,339.0000
static,-2.088583,38.874594,324.0000
static,-2.088583,38.919510,296.0000
static,-2.088583,38.964425,283.0000
static,-2.088583,39.009341,271.0000
static,-2.088583,39.054257,259.0000
static,-2.088583,39.099173,238.0000
static,-2.088583,39.144089,230.0000
static,-2.088583,39.189004,223.0000
static,-2.088583,39.233920,216.0000
static,-2.088583,39.278836,196.0000
static,-2.088583,39.323752,188.0000
static,-2.088583,39.368667,182.0000
static,-2.088583,39.413583,167.0000
static,-2.088583,39.458499,160.0000
static,-2.088583,39.503415,153.0000
static,-2.088583,39.548330,147.0000
static,-2.088583,39.593246,134.0000
static,-2.088583,39.638162,126.0000
static,-2.088583,39.683078,119.0000
static,-2.088583,39.727993,111.0000
static,-2.088583,39.772909,95.0000
static,-2.088583,39.817825,88.0000
static,-2.088583,39.862741,79.0000
static,-2.088583,39.907656,70.0000
static,-2.088583,39.952572,52.0000
static,-2.088583,39.997488,44.0000
static,-2.088583,40.042404,37.0000
static,-2.088583,40.087320,31.0000
static,-2.088583,40.132235,20.0000
static,-2.088583,40.177151,23.0000
static,-2.088583,40.222067,25.0000
static,-2.088583,40.266983,25.0000
static,-2.088583,40.311898,33.0000
static,-2.088583,40.356814,37.0000
static,-2.088583,40.401730,47.0000
static,-2.088583,40.446646,45.0000
static,-2.088583,40.491561,38.0000
static,-2.088583,40.536477,34.0000
static,-2.088583,40.581393,31.0000
static,-2.088583,40.626309,23.0000
static,-2.088583,40.671224,20.0000
static,-2.088583,40.716140,20.0000
static,-2.088583,40.761056,21.0000
static,-2.088583,40.805972,16.0000
static,-2.088583,40.850888,15.0000
static,-2.088583,40.895803,12.0000
static,-2.088583,40.940719,2.0000
static,-2.088583,40.985635,4.0000
static,-2.088583,41.030551,6.0000
static,-2.088583,41.075466,7.0000
static,-2.088583,41.120382,6.0000
static,-2.088583,41.165298,3.0000
static,-2.133499,35.999985,605.0000
static,-2.133499,36.044901,640.0000
static,-2.133499,36.089817,1126.0000
static,-2.133499,36.134732,892.0000
static,-2.133499,36.179648,707.0000
static,-2.133499,36.224564,716.0000
static,-2.133499,36.269480,797.0000
static,-2.133499,36.314395,824.0000
static,-2.133499,36.359311,972.0000
static,-2.133499,36.404227,1103.0000
static,-2.133499,36.449143,1201.0000
static,-2.133499,36.494058,1259.0000
static,-2.133499,36.538974,1392.0000
static,-2.133499,36.583890,1530.0000
static,-2.133499,36.628806,1532.0000
static,-2.133499,36.673721,1617.0000
static,-2.133499,36.718637,1688.0000
static,-2.133499,36.763553,1781.0000
static,-2.133499,36.808469,1593.0000
static,-2.133499,36.853385,1443.0000
static,-2.133499,36.898300,1444.0000
static,-2.133499,36.943216,1458.0000
static,-2.133499,36.988132,1505.0000
static,-2.133499,37.033048,1424.0000
static,-2.133499,37.077963,1358.0000
static,-2.133499,37.122879,1320.0000
static,-2.133499,37.167795,1317.0000
static,-2.133499,37.212711,1459.0000
static,-2.133499,37.257626,1437.0000
static,-2.133499,37.302542,1337.0000
static,-2.133499,37.347458,1324.0000
static,-2.133499,37.392374,1186.0000
static,-2.133499,37.437289,1147.0000
static,-2.133499,37.482205,1134.0000
static,-2.133499,37.527121,1127.0000
static,-2.133499,37.572037,1035.0000
static,-2.133499,37.616953,1012.0000
static,-2.133499,37.661868,1016.0000
static,-2.133499,37.706784,964.0000
static,-2.133499,37.751700,921.0000
static,-2.133499,37.796616,869.0000
static,-2.133499,37.841531,847.0000
static,-2.133499,37.886447,814.0000
static,-2.133499,37.931363,789.0000
static,-2.133499,37.976279,801.0000
static,-2.133499,38.021194,852.0000
static,-2.133499,38.066110,837.0000
static,-2.133499,38.111026,750.0000
static,-2.133499,38.155942,727.0000
static,-2.133499,38.200857,661.0000
static,-2.133499,38.245773,679.0000
static,-2.133499,38.290689,637.0000
static,-2.133499,38.335605,588.0000
static,-2.133499,38.380521,619.0000
static,-2.133499,38.425436,533.0000
static,-2.133499,38.470352,500.0000
static,-2.133499,38.515268,487.0000
static,-2.133499,38.560184,465.0000
static,-2.133499,38.605099,459.0000
static,-2.133499,38.650015,428.0000
static,-2.133499,38.694931,408.0000
static,-2.133499,38.739847,375.0000
static,-2.133499,38.784762,355.0000
static,-2.133499,38.829678,337.0000
static,-2.133499,38.874594,321.0000
static,-2.133499,38.919510,292.0000
static,-2.133499,38.964425,280.0000
static,-2.133499,39.009341,270.0000
static,-2.133499,39.054257,258.0000
static,-2.133499,39.099173,237.0000
static,-2.133499,39.144089,227.0000
static,-2.133499,39.189004,217.0000
static,-2.133499,39.233920,212.0000
static,-2.133499,39.278836,200.0000
static,-2.133499,39.323752,192.0000
static,-2.133499,39.368667,185.0000
static,-2.133499,39.413583,173.0000
static,-2.133499,39.458499,165.0000
static,-2.133499,39.503415,158.0000
static,-2.133499,39.548330,151.0000
static,-2.133499,39.593246,136.0000
static,-2.133499,39.638162,129.0000
static,-2.133499,39.683078,122.0000
static,-2.133499,39.727993,114.0000
static,-2.133499,39.772909,98.0000
static,-2.133499,39.817825,89.0000
static,-2.133499,39.862741,79.0000
static,-2.133499,39.907656,69.0000
static,-2.133499,39.952572,53.0000
static,-2.133499,39.997488,45.0000
static,-2.133499,40.042404,37.0000
static,-2.133499,40.087320,30.0000
static,-2.133499,40.132235,18.0000
static,-2.133499,40.177151,20.0000
static,-2.133499,40.222067,22.0000
static,-2.133499,40.266983,23.0000
static,-2.133499,40.311898,28.0000
static,-2.133499,40.356814,35.0000
static,-2.133499,40.401730,39.0000
static,-2.133499,40.446646,37.0000
static,-2.133499,40.491561,35.0000
static,-2.133499,40.536477,33.0000
static,-2.133499,40.581393,28.0000
static,-2.133499,40.626309,21.0000
static,-2.133499,40.671224,17.0000
static,-2.133499,40.716140,18.0000
static,-2.133499,40.761056,19.0000
static,-2.133499,40.805972,17.0000
static,-2.133499,40.850888,15.0000
static,-2.133499,40.895803,16.0000
static,-2.133499,40.940719,3.0000
static,-2.133499,40.985635,7.0000
static,-2.133499,41.030551,5.0000
static,-2.133499,41.075466,4.0000
static,-2.133499,41.120382,2.0000
static,-2.133499,41.165298,0.0000
static,-2.178415,36.089817,702.0000
static,-2.178415,36.134732,686.0000
static,-2.178415,36.179648,733.0000
static,-2.178415,36.224564,718.0000
static,-2.178415,36.269480,806.0000
static,-2.178415,36.314395,821.0000
static,-2.178415,36.359311,1011.0000
static,-2.178415,36.404227,1153.0000
static,-2.178415,36.449143,1211.0000
static,-2.178415,36.494058,1264.0000
static,-2.178415,36.538974,1428.0000
static,-2.178415,36.583890,1562.0000
static,-2.178415,36.628806,1594.0000
static,-2.178415,36.673721,1629.0000
static,-2.178415,36.718637,1641.0000
static,-2.178415,36.763553,1640.0000
static,-2.178415,36.808469,1641.0000
static,-2.178415,36.853385,1543.0000
static,-2.178415,36.898300,1410.0000
static,-2.178415,36.943216,1387.0000
static,-2.178415,36.988132,1388.0000
static,-2.178415,37.033048,1436.0000
static,-2.178415,37.077963,1366.0000
static,-2.178415,37.122879,1327.0000
static,-2.178415,37.167795,1293.0000
static,-2.178415,37.212711,1302.0000
static,-2.178415,37.257626,1335.0000
static,-2.178415,37.302542,1264.0000
static,-2.178415,37.347458,1214.0000
static,-2.178415,37.392374,1159.0000
static,-2.178415,37.437289,1159.0000
static,-2.178415,37.482205,1140.0000
static,-2.178415,37.527121,1147.0000
static,-2.178415,37.572037,1056.0000
static,-2.178415,37.616953,1006.0000
static,-2.178415,37.661868,978.0000
static,-2.178415,37.706784,918.0000
static,-2.178415,37.751700,895.0000
static,-2.178415,37.796616,884.0000
static,-2.178415,37.841531,886.0000
static,-2.178415,37.886447,834.0000
static,-2.178415,37.931363,807.0000
static,-2.178415,37.976279,758.0000
static,-2.178415,38.021194,759.0000
static,-2.178415,38.066110,874.0000
static,-2.178415,38.111026,773.0000
static,-2.178415,38.155942,723.0000
static,-2.178415,38.200857,665.0000
static,-2.178415,38.245773,646.0000
static,-2.178415,38.290689,653.0000
static,-2.178415,38.335605,593.0000
static,-2.178415,38.380521,562.0000
static,-2.178415,38.425436,523.0000
static,-2.178415,38.470352,496.0000
static,-2.178415,38.515268,475.0000
static,-2.178415,38.560184,445.0000
static,-2.178415,38.605099,433.0000
static,-2.178415,38.650015,427.0000
static,-2.178415,38.694931,408.0000
static,-2.178415,38.739847,371.0000
static,-2.178415,38.784762,358.0000
static,-2.178415,38.829678,342.0000
static,-2.178415,38.874594,327.0000
static,-2.178415,38.919510,298.0000
static,-2.178415,38.964425,284.0000
static,-2.178415,39.009341,268.0000
static,-2.178415,39.054257,254.0000
static,-2.178415,39.099173,237.0000
static,-2.178415,39.144089,227.0000
static,-2.178415,39.189004,220.0000
static,-2.178415,39.233920,214.0000
static,-2.178415,39.278836,202.0000
static,-2.178415,39.323752,195.0000
static,-2.178415,39.368667,188.0000
static,-2.178415,39.413583,175.0000
static,-2.178415,39.458499,167.0000
static,-2.178415,39.503415,161.0000
static,-2.178415,39.548330,153.0000
static,-2.178415,39.593246,139.0000
static,-2.178415,39.638162,134.0000
static,-2.178415,39.683078,128.0000
static,-2.178415,39.727993,121.0000
static,-2.178415,39.772909,105.0000
static,-2.178415,39.817825,96.0000
static,-2.178415,39.862741,82.0000
static,-2.178415,39.907656,71.0000
static,-2.178415,39.952572,54.0000
static,-2.178415,39.997488,45.0000
static,-2.178415,40.042404,37.0000
static,-2.178415,40.087320,29.0000
static,-2.178415,40.132235,18.0000
static,-2.178415,40.177151,18.0000
static,-2.178415,40.222067,20.0000
static,-2.178415,40.266983,21.0000
static,-2.178415,40.311898,25.0000
static,-2.178415,40.356814,24.0000
static,-2.178415,40.401730,32.0000
static,-2.178415,40.446646,32.0000
static,-2.178415,40.491561,34.0000
static,-2.178415,40.536477,31.0000
static,-2.178415,40.581393,25.0000
static,-2.178415,40.626309,18.0000
static,-2.178415,40.671224,15.0000
static,-2.178415,40.716140,14.0000
static,-2.178415,40.761056,16.0000
static,-2.178415,40.805972,13.0000
static,-2.178415,40.850888,14.0000
static,-2.178415,40.895803,13.0000
static,-2.178415,40.940719,4.0000
static,-2.178415,40.985635,4.0000
static,-2.178415,41.030551,1.0000
static,-2.223330,36.179648,717.0000
static,-2.223330,36.224564,663.0000
static,-2.223330,36.269480,799.0000
static,-2.223330,36.314395,885.0000
static,-2.223330,36.359311,1093.0000
static,-2.223330,36.404227,1199.0000
static,-2.223330,36.449143,1271.0000
static,-2.223330,36.494058,1343.0000
static,-2.223330,36.538974,1694.0000
static,-2.223330,36.583890,1690.0000
static,-2.223330,36.628806,1611.0000
static,-2.223330,36.673721,1575.0000
static,-2.223330,36.718637,1530.0000
static,-2.223330,36.763553,1558.0000
static,-2.223330,36.808469,1512.0000
static,-2.223330,36.853385,1534.0000
static,-2.223330,36.898300,1462.0000
static,-2.223330,36.943216,1342.0000
static,-2.223330,36.988132,1321.0000
static,-2.223330,37.033048,1299.0000
static,-2.223330,37.077963,1308.0000
static,-2.223330,37.122879,1293.0000
static,-2.223330,37.167795,1277.0000
static,-2.223330,37.212711,1255.0000
static,-2.223330,37.257626,1234.0000
static,-2.223330,37.302542,1242.0000
static,-2.223330,37.347458,1262.0000
static,-2.223330,37.392374,1239.0000
static,-2.223330,37.437289,1207.0000
static,-2.223330,37.482205,1165.0000
static,-2.223330,37.527121,1154.0000
static,-2.223330,37.572037,1102.0000
static,-2.223330,37.616953,1035.0000
static,-2.223330,37.661868,987.0000
static,-2.223330,37.706784,975.0000
static,-2.223330,37.751700,972.0000
static,-2.223330,37.796616,977.0000
static,-2.223330,37.841531,944.0000
static,-2.223330,37.886447,931.0000
static,-2.223330,37.931363,880.0000
static,-2.223330,37.976279,865.0000
static,-2.223330,38.021194,825.0000
static,-2.223330,38.066110,746.0000
static,-2.223330,38.111026,856.0000
static,-2.223330,38.155942,759.0000
static,-2.223330,38.200857,764.0000
static,-2.223330,38.245773,722.0000
static,-2.223330,38.290689,597.0000
static,-2.223330,38.335605,599.0000
static,-2.223330,38.380521,575.0000
static,-2.223330,38.425436,526.0000
static,-2.223330,38.470352,505.0000
static,-2.223330,38.515268,485.0000
static,-2.223330,38.560184,447.0000
static,-2.223330,38.605099,430.0000
static,-2.223330,38.650015,418.0000
static,-2.223330,38.694931,403.0000
static,-2.223330,38.739847,368.0000
static,-2.223330,38.784762,361.0000
static,-2.223330,38.829678,342.0000
static,-2.223330,38.874594,326.0000
static,-2.223330,38.919510,301.0000
static,-2.223330,38.964425,287.0000
static,-2.223330,39.009341,274.0000
static,-2.223330,39.054257,263.0000
static,-2.223330,39.099173,241.0000
static,-2.223330,39.144089,235.0000
static,-2.223330,39.189004,228.0000
static,-2.223330,39.233920,221.0000
static,-2.223330,39.278836,208.0000
static,-2.223330,39.323752,201.0000
static,-2.223330,39.368667,195.0000
static,-2.223330,39.413583,181.0000
static,-2.223330,39.458499,177.0000
static,-2.223330,39.503415,168.0000
static,-2.223330,39.548330,161.0000
static,-2.223330,39.593246,150.0000
static,-2.223330,39.638162,143.0000
static,-2.223330,39.683078,138.0000
static,-2.223330,39.727993,129.0000
static,-2.223330,39.772909,115.0000
static,-2.223330,39.817825,108.0000
static,-2.223330,39.862741,92.0000
static,-2.223330,39.907656,83.0000
static,-2.223330,39.952572,58.0000
static,-2.223330,39.997488,49.0000
static,-2.223330,40.042404,37.0000
static,-2.223330,40.087320,27.0000
static,-2.223330,40.132235,15.0000
static,-2.223330,40.177151,15.0000
static,-2.223330,40.222067,16.0000
static,-2.223330,40.266983,18.0000
static,-2.223330,40.311898,20.0000
static,-2.223330,40.356814,22.0000
static,-2.223330,40.401730,22.0000
static,-2.223330,40.446646,28.0000
static,-2.223330,40.491561,27.0000
static,-2.223330,40.536477,24.0000
static,-2.223330,40.581393,22.0000
static,-2.223330,40.626309,15.0000
static,-2.223330,40.671224,11.0000
static,-2.223330,40.716140,9.0000
static,-2.223330,40.761056,7.0000
static,-2.223330,40.805972,5.0000
static,-2.223330,40.850888,5.0000
static,-2.223330,40.895803,4.0000
static,-2.223330,40.940719,7.0000
static,-2.223330,40.985635,1.0000
static,-2.223330,41.030551,0.0000
static,-2.268246,36.269480,829.0000
static,-2.268246,36.314395,924.0000
static,-2.268246,36.359311,1142.0000
static,-2.268246,36.404227,1235.0000
static,-2.268246,36.449143,1338.0000
static,-2.268246,36.494058,1426.0000
static,-2.268246,36.538974,1795.0000
static,-2.268246,36.583890,1649.0000
static,-2.268246,36.628806,1650.0000
static,-2.268246,36.673721,1630.0000
static,-2.268246,36.718637,1491.0000
static,-2.268246,36.763553,1485.0000
static,-2.268246,36.808469,1482.0000
static,-2.268246,36.853385,1424.0000
static,-2.268246,36.898300,1372.0000
static,-2.268246,36.943216,1343.0000
static,-2.268246,36.988132,1306.0000
static,-2.268246,37.033048,1275.0000
static,-2.268246,37.077963,1275.0000
static,-2.268246,37.122879,1278.0000
static,-2.268246,37.167795,1239.0000
static,-2.268246,37.212711,1256.0000
static,-2.268246,37.257626,1239.0000
static,-2.268246,37.302542,1213.0000
static,-2.268246,37.347458,1241.0000
static,-2.268246,37.392374,1208.0000
static,-2.268246,37.437289,1173.0000
static,-2.268246,37.482205,1157.0000
static,-2.268246,37.527121,1158.0000
static,-2.268246,37.572037,1077.0000
static,-2.268246,37.616953,1024.0000
static,-2.268246,37.661868,990.0000
static,-2.268246,37.706784,1014.0000
static,-2.268246,37.751700,1026.0000
static,-2.268246,37.796616,994.0000
static,-2.268246,37.841531,981.0000
static,-2.268246,37.886447,961.0000
static,-2.268246,37.931363,912.0000
static,-2.268246,37.976279,882.0000
static,-2.268246,38.021194,823.0000
static,-2.268246,38.066110,722.0000
static,-2.268246,38.111026,824.0000
static,-2.268246,38.155942,802.0000
static,-2.268246,38.200857,820.0000
static,-2.268246,38.245773,801.0000
static,-2.268246,38.290689,571.0000
static,-2.268246,38.335605,561.0000
static,-2.268246,38.380521,568.0000
static,-2.268246,38.425436,510.0000
static,-2.268246,38.470352,489.0000
static,-2.268246,38.515268,471.0000
static,-2.268246,38.560184,438.0000
static,-2.268246,38.605099,419.0000
static,-2.268246,38.650015,412.0000
static,-2.268246,38.694931,396.0000
static,-2.268246,38.739847,357.0000
static,-2.268246,38.784762,354.0000
static,-2.268246,38.829678,339.0000
static,-2.268246,38.874594,323.0000
static,-2.268246,38.919510,298.0000
static,-2.268246,38.964425,286.0000
static,-2.268246,39.009341,275.0000
static,-2.268246,39.054257,263.0000
static,-2.268246,39.099173,246.0000
static,-2.268246,39.144089,239.0000
static,-2.268246,39.189004,231.0000
static,-2.268246,39.233920,224.0000
static,-2.268246,39.278836,209.0000
static,-2.268246,39.323752,204.0000
static,-2.268246,39.368667,197.0000
static,-2.268246,39.413583,184.0000
static,-2.268246,39.458499,178.0000
static,-2.268246,39.503415,171.0000
static,-2.268246,39.548330,166.0000
static,-2.268246,39.593246,150.0000
static,-2.268246,39.638162,143.0000
static,-2.268246,39.683078,137.0000
static,-2.268246,39.727993,136.0000
static,-2.268246,39.772909,117.0000
static,-2.268246,39.817825,107.0000
static,-2.268246,39.862741,99.0000
static,-2.268246,39.907656,87.0000
static,-2.268246,39.952572,60.0000
static,-2.268246,39.997488,50.0000
static,-2.268246,40.042404,38.0000
static,-2.268246,40.087320,28.0000
static,-2.268246,40.132235,15.0000
static,-2.268246,40.177151,14.0000
static,-2.268246,40.222067,12.0000
static,-2.268246,40.266983,16.0000
static,-2.268246,40.311898,17.0000
static,-2.268246,40.356814,22.0000
static,-2.268246,40.401730,22.0000
static,-2.268246,40.446646,23.0000
static,-2.268246,40.491561,21.0000
static,-2.268246,40.536477,23.0000
static,-2.268246,40.581393,18.0000
static,-2.268246,40.626309,16.0000
static,-2.268246,40.671224,10.0000
static,-2.268246,40.716140,5.0000
static,-2.268246,40.761056,4.0000
static,-2.268246,40.805972,4.0000
static,-2.268246,40.850888,7.0000
static,-2.268246,40.895803,9.0000
static,-2.268246,40.940719,5.0000
static,-2.268246,40.985635,1.0000
static,-2.313162,36.359311,1200.0000
static,-2.313162,36.404227,1350.0000
static,-2.313162,36.449143,1576.0000
static,-2.313162,36.494058,1577.0000
static,-2.313162,36.538974,1766.0000
static,-2.313162,36.583890,1679.0000
static,-2.313162,36.628806,1717.0000
static,-2.313162,36.673721,1790.0000
static,-2.313162,36.718637,1497.0000
static,-2.313162,36.763553,1432.0000
static,-2.313162,36.808469,1447.0000
static,-2.313162,36.853385,1412.0000
static,-2.313162,36.898300,1355.0000
static,-2.313162,36.943216,1320.0000
static,-2.313162,36.988132,1293.0000
static,-2.313162,37.033048,1264.0000
static,-2.313162,37.077963,1252.0000
static,-2.313162,37.122879,1265.0000
static,-2.313162,37.167795,1245.0000
static,-2.313162,37.212711,1225.0000
static,-2.313162,37.257626,1225.0000
static,-2.313162,37.302542,1202.0000
static,-2.313162,37.347458,1221.0000
static,-2.313162,37.392374,1193.0000
static,-2.313162,37.437289,1146.0000
static,-2.313162,37.482205,1114.0000
static,-2.313162,37.527121,1116.0000
static,-2.313162,37.572037,1039.0000
static,-2.313162,37.616953,1016.0000
static,-2.313162,37.661868,1017.0000
static,-2.313162,37.706784,1048.0000
static,-2.313162,37.751700,1043.0000
static,-2.313162,37.796616,1017.0000
static,-2.313162,37.841531,1016.0000
static,-2.313162,37.886447,969.0000
static,-2.313162,37.931363,943.0000
static,-2.313162,37.976279,889.0000
static,-2.313162,38.021194,836.0000
static,-2.313162,38.066110,741.0000
static,-2.313162,38.111026,725.0000
static,-2.313162,38.155942,788.0000
static,-2.313162,38.200857,738.0000
static,-2.313162,38.245773,769.0000
static,-2.313162,38.290689,606.0000
static,-2.313162,38.335605,526.0000
static,-2.313162,38.380521,560.0000
static,-2.313162,38.425436,508.0000
static,-2.313162,38.470352,488.0000
static,-2.313162,38.515268,467.0000
static,-2.313162,38.560184,431.0000
static,-2.313162,38.605099,406.0000
static,-2.313162,38.650015,394.0000
static,-2.313162,38.694931,384.0000
static,-2.313162,38.739847,351.0000
static,-2.313162,38.784762,338.0000
static,-2.313162,38.829678,331.0000
static,-2.313162,38.874594,317.0000
static,-2.313162,38.919510,296.0000
static,-2.313162,38.964425,285.0000
static,-2.313162,39.009341,276.0000
static,-2.313162,39.054257,266.0000
static,-2.313162,39.099173,250.0000
static,-2.313162,39.144089,240.0000
static,-2.313162,39.189004,232.0000
static,-2.313162,39.233920,226.0000
static,-2.313162,39.278836,210.0000
static,-2.313162,39.323752,205.0000
static,-2.313162,39.368667,198.0000
static,-2.313162,39.413583,187.0000
static,-2.313162,39.458499,178.0000
static,-2.313162,39.503415,169.0000
static,-2.313162,39.548330,166.0000
static,-2.313162,39.593246,156.0000
static,-2.313162,39.638162,151.0000
static,-2.313162,39.683078,146.0000
static,-2.313162,39.727993,140.0000
static,-2.313162,39.772909,114.0000
static,-2.313162,39.817825,115.0000
static,-2.313162,39.862741,111.0000
static,-2.313162,39.907656,93.0000
static,-2.313162,39.952572,65.0000
static,-2.313162,39.997488,54.0000
static,-2.313162,40.042404,37.0000
static,-2.313162,40.087320,25.0000
static,-2.313162,40.132235,15.0000
static,-2.313162,40.177151,14.0000
static,-2.313162,40.222067,11.0000
static,-2.313162,40.266983,13.0000
static,-2.313162,40.311898,15.0000
static,-2.313162,40.356814,22.0000
static,-2.313162,40.401730,24.0000
static,-2.313162,40.446646,20.0000
static,-2.313162,40.491561,21.0000
static,-2.313162,40.536477,23.0000
static,-2.313162,40.581393,20.0000
static,-2.313162,40.626309,19.0000
static,-2.313162,40.671224,13.0000
static,-2.313162,40.716140,6.0000
static,-2.313162,40.761056,5.0000
static,-2.313162,40.805972,11.0000
static,-2.313162,40.895803,2.0000
static,-2.313162,40.940719,6.0000
static,-2.313162,40.985635,0.0000
static,-2.358078,36.404227,1405.0000
static,-2.358078,36.449143,1635.0000
static,-2.358078,36.494058,1844.0000
static,-2.358078,36.538974,1755.0000
static,-2.358078,36.583890,1748.0000
static,-2.358078,36.628806,1695.0000
static,-2.358078,36.673721,1720.0000
static,-2.358078,36.718637,1496.0000
static,-2.358078,36.763553,1403.0000
static,-2.358078,36.808469,1384.0000
static,-2.358078,36.853385,1422.0000
static,-2.358078,36.898300,1443.0000
static,-2.358078,36.943216,1382.0000
static,-2.358078,36.988132,1348.0000
static,-2.358078,37.033048,1246.0000
static,-2.358078,37.077963,1236.0000
static,-2.358078,37.122879,1233.0000
static,-2.358078,37.167795,1236.0000
static,-2.358078,37.212711,1186.0000
static,-2.358078,37.257626,1206.0000
static,-2.358078,37.302542,1185.0000
static,-2.358078,37.347458,1194.0000
static,-2.358078,37.392374,1171.0000
static,-2.358078,37.437289,1139.0000
static,-2.358078,37.482205,1100.0000
static,-2.358078,37.527121,1074.0000
static,-2.358078,37.572037,1060.0000
static,-2.358078,37.616953,1067.0000
static,-2.358078,37.661868,1060.0000
static,-2.358078,37.706784,1131.0000
static,-2.358078,37.751700,1093.0000
static,-2.358078,37.796616,1051.0000
static,-2.358078,37.841531,1043.0000
static,-2.358078,37.886447,1050.0000
static,-2.358078,37.931363,989.0000
static,-2.358078,37.976279,890.0000
static,-2.358078,38.021194,838.0000
static,-2.358078,38.066110,753.0000
static,-2.358078,38.111026,708.0000
static,-2.358078,38.155942,683.0000
static,-2.358078,38.200857,651.0000
static,-2.358078,38.245773,714.0000
static,-2.358078,38.290689,686.0000
static,-2.358078,38.335605,528.0000
static,-2.358078,38.380521,537.0000
static,-2.358078,38.425436,496.0000
static,-2.358078,38.470352,472.0000
static,-2.358078,38.515268,454.0000
static,-2.358078,38.560184,413.0000
static,-2.358078,38.605099,390.0000
static,-2.358078,38.650015,378.0000
static,-2.358078,38.694931,366.0000
static,-2.358078,38.739847,343.0000
static,-2.358078,38.784762,328.0000
static,-2.358078,38.829678,319.0000
static,-2.358078,38.874594,310.0000
static,-2.358078,38.919510,295.0000
static,-2.358078,38.964425,286.0000
static,-2.358078,39.009341,276.0000
static,-2.358078,39.054257,268.0000
static,-2.358078,39.099173,251.0000
static,-2.358078,39.144089,242.0000
static,-2.358078,39.189004,234.0000
static,-2.358078,39.233920,226.0000
static,-2.358078,39.278836,212.0000
static,-2.358078,39.323752,208.0000
static,-2.358078,39.368667,200.0000
static,-2.358078,39.413583,188.0000
static,-2.358078,39.458499,180.0000
static,-2.358078,39.503415,171.0000
static,-2.358078,39.548330,164.0000
static,-2.358078,39.593246,160.0000
static,-2.358078,39.638162,159.0000
static,-2.358078,39.683078,151.0000
static,-2.358078,39.727993,136.0000
static,-2.358078,39.772909,129.0000
static,-2.358078,39.817825,139.0000
static,-2.358078,39.862741,120.0000
static,-2.358078,39.907656,99.0000
static,-2.358078,39.952572,67.0000
static,-2.358078,39.997488,57.0000
static,-2.358078,40.042404,41.0000
static,-2.358078,40.087320,26.0000
static,-2.358078,40.132235,15.0000
static,-2.358078,40.177151,14.0000
static,-2.358078,40.222067,11.0000
static,-2.358078,40.266983,9.0000
static,-2.358078,40.311898,11.0000
static,-2.358078,40.356814,16.0000
static,-2.358078,40.401730,19.0000
static,-2.358078,40.446646,21.0000
static,-2.358078,40.491561,22.0000
static,-2.358078,40.536477,20.0000
static,-2.358078,40.581393,18.0000
static,-2.358078,40.626309,19.0000
static,-2.358078,40.671224,17.0000
static,-2.358078,40.716140,12.0000
static,-2.358078,40.761056,9.0000
static,-2.358078,40.805972,2.0000
static,-2.402993,36.494058,2084.0000
static,-2.402993,36.538974,1698.0000
static,-2.402993,36.583890,1660.0000
static,-2.402993,36.628806,1565.0000
static,-2.402993,36.673721,1507.0000
static,-2.402993,36.718637,1378.0000
static,-2.402993,36.763553,1574.0000
static,-2.402993,36.808469,1489.0000
static,-2.402993,36.853385,1312.0000
static,-2.402993,36.898300,1280.0000
static,-2.402993,36.943216,1279.0000
static,-2.402993,36.988132,1429.0000
static,-2.402993,37.033048,1234.0000
static,-2.402993,37.077963,1207.0000
static,-2.402993,37.122879,1194.0000
static,-2.402993,37.167795,1186.0000
static,-2.402993,37.212711,1164.0000
static,-2.402993,37.257626,1149.0000
static,-2.402993,37.302542,1144.0000
static,-2.402993,37.347458,1140.0000
static,-2.402993,37.392374,1118.0000
static,-2.402993,37.437289,1102.0000
static,-2.402993,37.482205,1086.0000
static,-2.402993,37.527121,1075.0000
static,-2.402993,37.572037,1134.0000
static,-2.402993,37.616953,1094.0000
static,-2.402993,37.661868,1105.0000
static,-2.402993,37.706784,1253.0000
static,-2.402993,37.751700,1198.0000
static,-2.402993,37.796616,1103.0000
static,-2.402993,37.841531,1059.0000
static,-2.402993,37.886447,979.0000
static,-2.402993,37.931363,944.0000
static,-2.402993,37.976279,907.0000
static,-2.402993,38.021194,857.0000
static,-2.402993,38.066110,791.0000
static,-2.402993,38.111026,747.0000
static,-2.402993,38.155942,722.0000
static,-2.402993,38.200857,685.0000
static,-2.402993,38.245773,605.0000
static,-2.402993,38.290689,677.0000
static,-2.402993,38.335605,613.0000
static,-2.402993,38.380521,500.0000
static,-2.402993,38.425436,455.0000
static,-2.402993,38.470352,437.0000
static,-2.402993,38.515268,426.0000
static,-2.402993,38.560184,406.0000
static,-2.402993,38.605099,392.0000
static,-2.402993,38.650015,376.0000
static,-2.402993,38.694931,362.0000
static,-2.402993,38.739847,348.0000
static,-2.402993,38.784762,332.0000
static,-2.402993,38.829678,320.0000
static,-2.402993,38.874594,311.0000
static,-2.402993,38.919510,293.0000
static,-2.402993,38.964425,285.0000
static,-2.402993,39.009341,275.0000
static,-2.402993,39.054257,265.0000
static,-2.402993,39.099173,248.0000
static,-2.402993,39.144089,240.0000
static,-2.402993,39.189004,234.0000
static,-2.402993,39.233920,226.0000
static,-2.402993,39.278836,212.0000
static,-2.402993,39.323752,208.0000
static,-2.402993,39.368667,203.0000
static,-2.402993,39.413583,187.0000
static,-2.402993,39.458499,179.0000
static,-2.402993,39.503415,171.0000
static,-2.402993,39.548330,164.0000
static,-2.402993,39.593246,151.0000
static,-2.402993,39.638162,148.0000
static,-2.402993,39.683078,142.0000
static,-2.402993,39.727993,137.0000
static,-2.402993,39.772909,161.0000
static,-2.402993,39.817825,149.0000
static,-2.402993,39.862741,124.0000
static,-2.402993,39.907656,101.0000
static,-2.402993,39.952572,66.0000
static,-2.402993,39.997488,55.0000
static,-2.402993,40.042404,46.0000
static,-2.402993,40.087320,36.0000
static,-2.402993,40.132235,18.0000
static,-2.402993,40.177151,13.0000
static,-2.402993,40.222067,10.0000
static,-2.402993,40.266983,4.0000
static,-2.402993,40.311898,5.0000
static,-2.402993,40.356814,5.0000
static,-2.402993,40.401730,5.0000
static,-2.402993,40.446646,13.0000
static,-2.402993,40.491561,23.0000
static,-2.402993,40.536477,26.0000
static,-2.402993,40.581393,20.0000
static,-2.402993,40.626309,12.0000
static,-2.402993,40.671224,8.0000
static,-2.402993,40.716140,10.0000
static,-2.402993,40.761056,9.0000
static,-2.402993,40.805972,2.0000
static,-2.447909,36.583890,1761.0000
static,-2.447909,36.628806,1610.0000
static,-2.447909,36.673721,1516.0000
static,-2.447909,36.718637,1406.0000
static,-2.447909,36.763553,1961.0000
static,-2.447909,36.808469,1568.0000
static,-2.447909,36.853385,1267.0000
static,-2.447909,36.898300,1249.0000
static,-2.447909,36.943216,1240.0000
static,-2.447909,36.988132,1294.0000
static,-2.447909,37.033048,1248.0000
static,-2.447909,37.077963,1221.0000
static,-2.447909,37.122879,1195.0000
static,-2.447909,37.167795,1184.0000
static,-2.447909,37.212711,1158.0000
static,-2.447909,37.257626,1153.0000
static,-2.447909,37.302542,1143.0000
static,-2.447909,37.347458,1130.0000
static,-2.447909,37.392374,1108.0000
static,-2.447909,37.437289,1101.0000
static,-2.447909,37.482205,1098.0000
static,-2.447909,37.527121,1097.0000
static,-2.447909,37.572037,1137.0000
static,-2.447909,37.616953,1117.0000
static,-2.447909,37.661868,1117.0000
static,-2.447909,37.706784,1193.0000
static,-2.447909,37.751700,1225.0000
static,-2.447909,37.796616,1199.0000
static,-2.447909,37.841531,1125.0000
static,-2.447909,37.886447,1006.0000
static,-2.447909,37.931363,975.0000
static,-2.447909,37.976279,948.0000
static,-2.447909,38.021194,900.0000
static,-2.447909,38.066110,804.0000
static,-2.447909,38.111026,775.0000
static,-2.447909,38.155942,734.0000
static,-2.447909,38.200857,694.0000
static,-2.447909,38.245773,616.0000
static,-2.447909,38.290689,596.0000
static,-2.447909,38.335605,743.0000
static,-2.447909,38.380521,549.0000
static,-2.447909,38.425436,464.0000
static,-2.447909,38.470352,464.0000
static,-2.447909,38.515268,450.0000
static,-2.447909,38.560184,427.0000
static,-2.447909,38.605099,411.0000
static,-2.447909,38.650015,389.0000
static,-2.447909,38.694931,370.0000
static,-2.447909,38.739847,345.0000
static,-2.447909,38.784762,330.0000
static,-2.447909,38.829678,318.0000
static,-2.447909,38.874594,309.0000
static,-2.447909,38.919510,291.0000
static,-2.447909,38.964425,283.0000
static,-2.447909,39.009341,275.0000
static,-2.447909,39.054257,265.0000
static,-2.447909,39.099173,246.0000
static,-2.447909,39.144089,238.0000
static,-2.447909,39.189004,231.0000
static,-2.447909,39.233920,224.0000
static,-2.447909,39.278836,211.0000
static,-2.447909,39.323752,205.0000
static,-2.447909,39.368667,199.0000
static,-2.447909,39.413583,187.0000
static,-2.447909,39.458499,180.0000
static,-2.447909,39.503415,174.0000
static,-2.447909,39.548330,170.0000
static,-2.447909,39.593246,154.0000
static,-2.447909,39.638162,149.0000
static,-2.447909,39.683078,145.0000
static,-2.447909,39.727993,157.0000
static,-2.447909,39.772909,143.0000
static,-2.447909,39.817825,124.0000
static,-2.447909,39.862741,114.0000
static,-2.447909,39.907656,127.0000
static,-2.447909,39.952572,77.0000
static,-2.447909,39.997488,60.0000
static,-2.447909,40.042404,46.0000
static,-2.447909,40.087320,36.0000
static,-2.447909,40.132235,20.0000
static,-2.447909,40.177151,12.0000
static,-2.447909,40.222067,8.0000
static,-2.447909,40.266983,3.0000
static,-2.447909,40.311898,2.0000
static,-2.447909,40.356814,3.0000
static,-2.447909,40.401730,3.0000
static,-2.447909,40.446646,11.0000
static,-2.447909,40.491561,17.0000
static,-2.447909,40.536477,17.0000
static,-2.447909,40.581393,17.0000
static,-2.447909,40.626309,17.0000
static,-2.447909,40.671224,11.0000
static,-2.447909,40.716140,11.0000
static,-2.447909,40.761056,5.0000
static,-2.492825,36.673721,1477.0000
static,-2.492825,36.718637,1544.0000
static,-2.492825,36.763553,2158.0000
static,-2.492825,36.808469,1730.0000
static,-2.492825,36.853385,1285.0000
static,-2.492825,36.898300,1241.0000
static,-2.492825,36.943216,1240.0000
static,-2.492825,36.988132,1270.0000
static,-2.492825,37.033048,1254.0000
static,-2.492825,37.077963,1187.0000
static,-2.492825,37.122879,1212.0000
static,-2.492825,37.167795,1191.0000
static,-2.492825,37.212711,1165.0000
static,-2.492825,37.257626,1154.0000
static,-2.492825,37.302542,1137.0000
static,-2.492825,37.347458,1124.0000
static,-2.492825,37.392374,1129.0000
static,-2.492825,37.437289,1138.0000
static,-2.492825,37.482205,1135.0000
static,-2.492825,37.527121,1148.0000
static,-2.492825,37.572037,1152.0000
static,-2.492825,37.616953,1143.0000
static,-2.492825,37.661868,1140.0000
static,-2.492825,37.706784,1161.0000
static,-2.492825,37.751700,1235.0000
static,-2.492825,37.796616,1402.0000
static,-2.492825,37.841531,1278.0000
static,-2.492825,37.886447,1032.0000
static,-2.492825,37.931363,1005.0000
static,-2.492825,37.976279,968.0000
static,-2.492825,38.021194,909.0000
static,-2.492825,38.066110,823.0000
static,-2.492825,38.111026,797.0000
static,-2.492825,38.155942,745.0000
static,-2.492825,38.200857,700.0000
static,-2.492825,38.245773,621.0000
static,-2.492825,38.290689,577.0000
static,-2.492825,38.335605,654.0000
static,-2.492825,38.380521,694.0000
static,-2.492825,38.425436,501.0000
static,-2.492825,38.470352,491.0000
static,-2.492825,38.515268,473.0000
static,-2.492825,38.560184,436.0000
static,-2.492825,38.605099,417.0000
static,-2.492825,38.650015,394.0000
static,-2.492825,38.694931,376.0000
static,-2.492825,38.739847,341.0000
static,-2.492825,38.784762,322.0000
static,-2.492825,38.829678,313.0000
static,-2.492825,38.874594,304.0000
static,-2.492825,38.919510,288.0000
static,-2.492825,38.964425,280.0000
static,-2.492825,39.009341,271.0000
static,-2.492825,39.054257,263.0000
static,-2.492825,39.099173,246.0000
static,-2.492825,39.144089,240.0000
static,-2.492825,39.189004,232.0000
static,-2.492825,39.233920,224.0000
static,-2.492825,39.278836,209.0000
static,-2.492825,39.323752,204.0000
static,-2.492825,39.368667,198.0000
static,-2.492825,39.413583,185.0000
static,-2.492825,39.458499,179.0000
static,-2.492825,39.503415,174.0000
static,-2.492825,39.548330,168.0000
static,-2.492825,39.593246,155.0000
static,-2.492825,39.638162,150.0000
static,-2.492825,39.683078,159.0000
static,-2.492825,39.727993,170.0000
static,-2.492825,39.772909,131.0000
static,-2.492825,39.817825,133.0000
static,-2.492825,39.862741,153.0000
static,-2.492825,39.907656,146.0000
static,-2.492825,39.952572,98.0000
static,-2.492825,39.997488,63.0000
static,-2.492825,40.042404,48.0000
static,-2.492825,40.087320,37.0000
static,-2.492825,40.132235,19.0000
static,-2.492825,40.177151,9.0000
static,-2.492825,40.222067,7.0000
static,-2.492825,40.266983,5.0000
static,-2.492825,40.311898,2.0000
static,-2.492825,40.356814,2.0000
static,-2.492825,40.401730,2.0000
static,-2.492825,40.446646,4.0000
static,-2.492825,40.491561,6.0000
static,-2.492825,40.536477,14.0000
static,-2.492825,40.581393,18.0000
static,-2.492825,40.626309,27.0000
static,-2.492825,40.671224,9.0000
static,-2.492825,40.716140,1.0000
static,-2.537741,36.718637,1445.0000
static,-2.537741,36.763553,1803.0000
static,-2.537741,36.808469,1608.0000
static,-2.537741,36.853385,1253.0000
static,-2.537741,36.898300,1213.0000
static,-2.537741,36.943216,1208.0000
static,-2.537741,36.988132,1196.0000
static,-2.537741,37.033048,1190.0000
static,-2.537741,37.077963,1156.0000
static,-2.537741,37.122879,1170.0000
static,-2.537741,37.167795,1158.0000
static,-2.537741,37.212711,1175.0000
static,-2.537741,37.257626,1150.0000
static,-2.537741,37.302542,1137.0000
static,-2.537741,37.347458,1152.0000
static,-2.537741,37.392374,1171.0000
static,-2.537741,37.437289,1174.0000
static,-2.537741,37.482205,1215.0000
static,-2.537741,37.527121,1225.0000
static,-2.537741,37.572037,1164.0000
static,-2.537741,37.616953,1161.0000
static,-2.537741,37.661868,1163.0000
static,-2.537741,37.706784,1155.0000
static,-2.537741,37.751700,1261.0000
static,-2.537741,37.796616,1625.0000
static,-2.537741,37.841531,1510.0000
static,-2.537741,37.886447,1077.0000
static,-2.537741,37.931363,1019.0000
static,-2.537741,37.976279,970.0000
static,-2.537741,38.021194,920.0000
static,-2.537741,38.066110,853.0000
static,-2.537741,38.111026,802.0000
static,-2.537741,38.155942,750.0000
static,-2.537741,38.200857,705.0000
static,-2.537741,38.245773,630.0000
static,-2.537741,38.290689,590.0000
static,-2.537741,38.335605,596.0000
static,-2.537741,38.380521,698.0000
static,-2.537741,38.425436,542.0000
static,-2.537741,38.470352,519.0000
static,-2.537741,38.515268,493.0000
static,-2.537741,38.560184,449.0000
static,-2.537741,38.605099,426.0000
static,-2.537741,38.650015,403.0000
static,-2.537741,38.694931,380.0000
static,-2.537741,38.739847,340.0000
static,-2.537741,38.784762,319.0000
static,-2.537741,38.829678,306.0000
static,-2.537741,38.874594,296.0000
static,-2.537741,38.919510,280.0000
static,-2.537741,38.964425,274.0000
static,-2.537741,39.009341,266.0000
static,-2.537741,39.054257,258.0000
static,-2.537741,39.099173,245.0000
static,-2.537741,39.144089,238.0000
static,-2.537741,39.189004,231.0000
static,-2.537741,39.233920,224.0000
static,-2.537741,39.278836,209.0000
static,-2.537741,39.323752,202.0000
static,-2.537741,39.368667,197.0000
static,-2.537741,39.413583,184.0000
static,-2.537741,39.458499,178.0000
static,-2.537741,39.503415,173.0000
static,-2.537741,39.548330,170.0000
static,-2.537741,39.593246,155.0000
static,-2.537741,39.638162,168.0000
static,-2.537741,39.683078,163.0000
static,-2.537741,39.727993,149.0000
static,-2.537741,39.772909,140.0000
static,-2.537741,39.817825,160.0000
static,-2.537741,39.862741,163.0000
static,-2.537741,39.907656,142.0000
static,-2.537741,39.952572,122.0000
static,-2.537741,39.997488,84.0000
static,-2.537741,40.042404,54.0000
static,-2.537741,40.087320,37.0000
static,-2.537741,40.132235,14.0000
static,-2.537741,40.177151,8.0000
static,-2.537741,40.222067,5.0000
static,-2.537741,40.266983,4.0000
static,-2.537741,40.311898,4.0000
static,-2.537741,40.356814,3.0000
static,-2.537741,40.401730,4.0000
static,-2.537741,40.446646,8.0000
static,-2.537741,40.491561,7.0000
static,-2.537741,40.536477,9.0000
static,-2.537741,40.581393,18.0000
static,-2.537741,40.626309,11.0000
static,-2.537741,40.671224,1.0000
static,-2.582656,36.808469,1275.0000
static,-2.582656,36.853385,1230.0000
static,-2.582656,36.898300,1233.0000
static,-2.582656,36.943216,1216.0000
static,-2.582656,36.988132,1179.0000
static,-2.582656,37.033048,1149.0000
static,-2.582656,37.077963,1140.0000
static,-2.582656,37.122879,1129.0000
static,-2.582656,37.167795,1127.0000
static,-2.582656,37.212711,1130.0000
static,-2.582656,37.257626,1133.0000
static,-2.582656,37.302542,1135.0000
static,-2.582656,37.347458,1165.0000
static,-2.582656,37.392374,1209.0000
static,-2.582656,37.437289,1244.0000
static,-2.582656,37.482205,1215.0000
static,-2.582656,37.527121,1203.0000
static,-2.582656,37.572037,1151.0000
static,-2.582656,37.616953,1122.0000
static,-2.582656,37.661868,1100.0000
static,-2.582656,37.706784,1161.0000
static,-2.582656,37.751700,1200.0000
static,-2.582656,37.796616,1362.0000
static,-2.582656,37.841531,1779.0000
static,-2.582656,37.886447,1230.0000
static,-2.582656,37.931363,1071.0000
static,-2.582656,37.976279,986.0000
static,-2.582656,38.021194,924.0000
static,-2.582656,38.066110,843.0000
static,-2.582656,38.111026,784.0000
static,-2.582656,38.155942,734.0000
static,-2.582656,38.200857,696.0000
static,-2.582656,38.245773,636.0000
static,-2.582656,38.290689,606.0000
static,-2.582656,38.335605,561.0000
static,-2.582656,38.380521,648.0000
static,-2.582656,38.425436,580.0000
static,-2.582656,38.470352,560.0000
static,-2.582656,38.515268,527.0000
static,-2.582656,38.560184,463.0000
static,-2.582656,38.605099,436.0000
static,-2.582656,38.650015,414.0000
static,-2.582656,38.694931,394.0000
static,-2.582656,38.739847,355.0000
static,-2.582656,38.784762,324.0000
static,-2.582656,38.829678,303.0000
static,-2.582656,38.874594,286.0000
static,-2.582656,38.919510,264.0000
static,-2.582656,38.964425,259.0000
static,-2.582656,39.009341,254.0000
static,-2.582656,39.054257,247.0000
static,-2.582656,39.099173,238.0000
static,-2.582656,39.144089,232.0000
static,-2.582656,39.189004,224.0000
static,-2.582656,39.233920,218.0000
static,-2.582656,39.278836,205.0000
static,-2.582656,39.323752,199.0000
static,-2.582656,39.368667,193.0000
static,-2.582656,39.413583,178.0000
static,-2.582656,39.458499,173.0000
static,-2.582656,39.503415,172.0000
static,-2.582656,39.548330,169.0000
static,-2.582656,39.593246,167.0000
static,-2.582656,39.638162,151.0000
static,-2.582656,39.683078,180.0000
static,-2.582656,39.727993,171.0000
static,-2.582656,39.772909,190.0000
static,-2.582656,39.817825,178.0000
static,-2.582656,39.862741,169.0000
static,-2.582656,39.907656,166.0000
static,-2.582656,39.952572,144.0000
static,-2.582656,39.997488,141.0000
static,-2.582656,40.042404,86.0000
static,-2.582656,40.087320,41.0000
static,-2.582656,40.132235,12.0000
static,-2.582656,40.177151,6.0000
static,-2.582656,40.222067,3.0000
static,-2.582656,40.266983,11.0000
static,-2.582656,40.311898,11.0000
static,-2.582656,40.356814,3.0000
static,-2.582656,40.401730,0.0000
static,-2.627572,36.898300,1203.0000
static,-2.627572,36.943216,1184.0000
static,-2.627572,36.988132,1175.0000
static,-2.627572,37.033048,1140.0000
static,-2.627572,37.077963,1132.0000
static,-2.627572,37.122879,1125.0000
static,-2.627572,37.167795,1127.0000
static,-2.627572,37.212711,1132.0000
static,-2.627572,37.257626,1132.0000
static,-2.627572,37.302542,1133.0000
static,-2.627572,37.347458,1148.0000
static,-2.627572,37.392374,1202.0000
static,-2.627572,37.437289,1205.0000
static,-2.627572,37.482205,1194.0000
static,-2.627572,37.527121,1177.0000
static,-2.627572,37.572037,1135.0000
static,-2.627572,37.616953,1118.0000
static,-2.627572,37.661868,1089.0000
static,-2.627572,37.706784,1096.0000
static,-2.627572,37.751700,1143.0000
static,-2.627572,37.796616,1261.0000
static,-2.627572,37.841531,1563.0000
static,-2.627572,37.886447,1407.0000
static,-2.627572,37.931363,1154.0000
static,-2.627572,37.976279,1023.0000
static,-2.627572,38.021194,952.0000
static,-2.627572,38.066110,857.0000
static,-2.627572,38.111026,818.0000
static,-2.627572,38.155942,767.0000
static,-2.627572,38.200857,717.0000
static,-2.627572,38.245773,642.0000
static,-2.627572,38.290689,616.0000
static,-2.627572,38.335605,576.0000
static,-2.627572,38.380521,564.0000
static,-2.627572,38.425436,574.0000
static,-2.627572,38.470352,566.0000
static,-2.627572,38.515268,538.0000
static,-2.627572,38.560184,469.0000
static,-2.627572,38.605099,440.0000
static,-2.627572,38.650015,420.0000
static,-2.627572,38.694931,401.0000
static,-2.627572,38.739847,359.0000
static,-2.627572,38.784762,331.0000
static,-2.627572,38.829678,305.0000
static,-2.627572,38.874594,284.0000
static,-2.627572,38.919510,257.0000
static,-2.627572,38.964425,252.0000
static,-2.627572,39.009341,248.0000
static,-2.627572,39.054257,242.0000
static,-2.627572,39.099173,233.0000
static,-2.627572,39.144089,229.0000
static,-2.627572,39.189004,222.0000
static,-2.627572,39.233920,215.0000
static,-2.627572,39.278836,203.0000
static,-2.627572,39.323752,197.0000
static,-2.627572,39.368667,191.0000
static,-2.627572,39.413583,180.0000
static,-2.627572,39.458499,175.0000
static,-2.627572,39.503415,170.0000
static,-2.627572,39.548330,167.0000
static,-2.627572,39.593246,166.0000
static,-2.627572,39.638162,168.0000
static,-2.627572,39.683078,177.0000
static,-2.627572,39.727993,183.0000
static,-2.627572,39.772909,181.0000
static,-2.627572,39.817825,174.0000
static,-2.627572,39.862741,169.0000
static,-2.627572,39.907656,173.0000
static,-2.627572,39.952572,170.0000
static,-2.627572,39.997488,151.0000
static,-2.627572,40.042404,96.0000
static,-2.627572,40.087320,48.0000
static,-2.627572,40.132235,15.0000
static,-2.627572,40.177151,6.0000
static,-2.627572,40.222067,3.0000
static,-2.627572,40.266983,7.0000
static,-2.627572,40.311898,0.0000
static,-2.672488,36.988132,1150.0000
static,-2.672488,37.033048,1133.0000
static,-2.672488,37.077963,1127.0000
static,-2.672488,37.122879,1126.0000
static,-2.672488,37.167795,1132.0000
static,-2.672488,37.212711,1135.0000
static,-2.672488,37.257626,1132.0000
static,-2.672488,37.302542,1133.0000
static,-2.672488,37.347458,1137.0000
static,-2.672488,37.392374,1162.0000
static,-2.672488,37.437289,1192.0000
static,-2.672488,37.482205,1192.0000
static,-2.672488,37.527121,1184.0000
static,-2.672488,37.572037,1168.0000
static,-2.672488,37.616953,1116.0000
static,-2.672488,37.661868,1079.0000
static,-2.672488,37.706784,1058.0000
static,-2.672488,37.751700,1082.0000
static,-2.672488,37.796616,1174.0000
static,-2.672488,37.841531,1369.0000
static,-2.672488,37.886447,1760.0000
static,-2.672488,37.931363,1284.0000
static,-2.672488,37.976279,1082.0000
static,-2.672488,38.021194,967.0000
static,-2.672488,38.066110,866.0000
static,-2.672488,38.111026,835.0000
static,-2.672488,38.155942,779.0000
static,-2.672488,38.200857,730.0000
static,-2.672488,38.245773,651.0000
static,-2.672488,38.290689,616.0000
static,-2.672488,38.335605,582.0000
static,-2.672488,38.380521,535.0000
static,-2.672488,38.425436,593.0000
static,-2.672488,38.470352,558.0000
static,-2.672488,38.515268,547.0000
static,-2.672488,38.560184,478.0000
static,-2.672488,38.605099,450.0000
static,-2.672488,38.650015,435.0000
static,-2.672488,38.694931,406.0000
static,-2.672488,38.739847,366.0000
static,-2.672488,38.784762,344.0000
static,-2.672488,38.829678,308.0000
static,-2.672488,38.874594,284.0000
static,-2.672488,38.919510,254.0000
static,-2.672488,38.964425,249.0000
static,-2.672488,39.009341,242.0000
static,-2.672488,39.054257,236.0000
static,-2.672488,39.099173,227.0000
static,-2.672488,39.144089,224.0000
static,-2.672488,39.189004,219.0000
static,-2.672488,39.233920,213.0000
static,-2.672488,39.278836,200.0000
static,-2.672488,39.323752,193.0000
static,-2.672488,39.368667,187.0000
static,-2.672488,39.413583,177.0000
static,-2.672488,39.458499,173.0000
static,-2.672488,39.503415,174.0000
static,-2.672488,39.548330,162.0000
static,-2.672488,39.593246,195.0000
static,-2.672488,39.638162,200.0000
static,-2.672488,39.683078,187.0000
static,-2.672488,39.727993,184.0000
static,-2.672488,39.772909,192.0000
static,-2.672488,39.817825,196.0000
static,-2.672488,39.862741,193.0000
static,-2.672488,39.907656,189.0000
static,-2.672488,39.952572,184.0000
static,-2.672488,39.997488,143.0000
static,-2.672488,40.042404,95.0000
static,-2.672488,40.087320,47.0000
static,-2.672488,40.132235,12.0000
static,-2.672488,40.177151,6.0000
static,-2.672488,40.222067,8.0000
static,-2.672488,40.266983,0.0000
static,-2.717404,37.033048,1129.0000
static,-2.717404,37.077963,1129.0000
static,-2.717404,37.122879,1130.0000
static,-2.717404,37.167795,1138.0000
static,-2.717404,37.212711,1142.0000
static,-2.717404,37.257626,1139.0000
static,-2.717404,37.302542,1141.0000
static,-2.717404,37.347458,1143.0000
static,-2.717404,37.392374,1148.0000
static,-2.717404,37.437289,1161.0000
static,-2.717404,37.482205,1187.0000
static,-2.717404,37.527121,1212.0000
static,-2.717404,37.572037,1190.0000
static,-2.717404,37.616953,1150.0000
static,-2.717404,37.661868,1077.0000
static,-2.717404,37.706784,1050.0000
static,-2.717404,37.751700,1050.0000
static,-2.717404,37.796616,1092.0000
static,-2.717404,37.841531,1202.0000
static,-2.717404,37.886447,1825.0000
static,-2.717404,37.931363,1554.0000
static,-2.717404,37.976279,1150.0000
static,-2.717404,38.021194,994.0000
static,-2.717404,38.066110,854.0000
static,-2.717404,38.111026,811.0000
static,-2.717404,38.155942,775.0000
static,-2.717404,38.200857,737.0000
static,-2.717404,38.245773,657.0000
static,-2.717404,38.290689,625.0000
static,-2.717404,38.335605,594.0000
static,-2.717404,38.380521,554.0000
static,-2.717404,38.425436,654.0000
static,-2.717404,38.470352,558.0000
static,-2.717404,38.515268,543.0000
static,-2.717404,38.560184,489.0000
static,-2.717404,38.605099,460.0000
static,-2.717404,38.650015,437.0000
static,-2.717404,38.694931,416.0000
static,-2.717404,38.739847,380.0000
static,-2.717404,38.784762,361.0000
static,-2.717404,38.829678,328.0000
static,-2.717404,38.874594,295.0000
static,-2.717404,38.919510,269.0000
static,-2.717404,38.964425,257.0000
static,-2.717404,39.009341,242.0000
static,-2.717404,39.054257,233.0000
static,-2.717404,39.099173,222.0000
static,-2.717404,39.144089,217.0000
static,-2.717404,39.189004,213.0000
static,-2.717404,39.233920,209.0000
static,-2.717404,39.278836,197.0000
static,-2.717404,39.323752,190.0000
static,-2.717404,39.368667,184.0000
static,-2.717404,39.413583,174.0000
static,-2.717404,39.458499,172.0000
static,-2.717404,39.503415,166.0000
static,-2.717404,39.548330,167.0000
static,-2.717404,39.593246,189.0000
static,-2.717404,39.638162,199.0000
static,-2.717404,39.683078,185.0000
static,-2.717404,39.727993,189.0000
static,-2.717404,39.772909,199.0000
static,-2.717404,39.817825,207.0000
static,-2.717404,39.862741,207.0000
static,-2.717404,39.907656,193.0000
static,-2.717404,39.952572,196.0000
static,-2.717404,39.997488,173.0000
static,-2.717404,40.042404,119.0000
static,-2.717404,40.087320,46.0000
static,-2.717404,40.132235,10.0000
static,-2.717404,40.177151,5.0000
static,-2.717404,40.222067,7.0000
static,-2.762319,37.122879,1192.0000
static,-2.762319,37.167795,1226.0000
static,-2.762319,37.212711,1265.0000
static,-2.762319,37.257626,1245.0000
static,-2.762319,37.302542,1229.0000
static,-2.762319,37.347458,1240.0000
static,-2.762319,37.392374,1261.0000
static,-2.762319,37.437289,1314.0000
static,-2.762319,37.482205,1294.0000
static,-2.762319,37.527121,1257.0000
static,-2.762319,37.572037,1237.0000
static,-2.762319,37.616953,1238.0000
static,-2.762319,37.661868,1164.0000
static,-2.762319,37.706784,1121.0000
static,-2.762319,37.751700,1068.0000
static,-2.762319,37.796616,1020.0000
static,-2.762319,37.841531,1017.0000
static,-2.762319,37.886447,1229.0000
static,-2.762319,37.931363,1486.0000
static,-2.762319,37.976279,1456.0000
static,-2.762319,38.021194,1095.0000
static,-2.762319,38.066110,900.0000
static,-2.762319,38.111026,871.0000
static,-2.762319,38.155942,823.0000
static,-2.762319,38.200857,779.0000
static,-2.762319,38.245773,679.0000
static,-2.762319,38.290689,640.0000
static,-2.762319,38.335605,607.0000
static,-2.762319,38.380521,572.0000
static,-2.762319,38.425436,538.0000
static,-2.762319,38.470352,634.0000
static,-2.762319,38.515268,523.0000
static,-2.762319,38.560184,494.0000
static,-2.762319,38.605099,462.0000
static,-2.762319,38.650015,440.0000
static,-2.762319,38.694931,424.0000
static,-2.762319,38.739847,402.0000
static,-2.762319,38.784762,382.0000
static,-2.762319,38.829678,354.0000
static,-2.762319,38.874594,329.0000
static,-2.762319,38.919510,296.0000
static,-2.762319,38.964425,283.0000
static,-2.762319,39.009341,267.0000
static,-2.762319,39.054257,242.0000
static,-2.762319,39.099173,217.0000
static,-2.762319,39.144089,209.0000
static,-2.762319,39.189004,205.0000
static,-2.762319,39.233920,201.0000
static,-2.762319,39.278836,193.0000
static,-2.762319,39.323752,185.0000
static,-2.762319,39.368667,179.0000
static,-2.762319,39.413583,170.0000
static,-2.762319,39.458499,167.0000
static,-2.762319,39.503415,174.0000
static,-2.762319,39.548330,174.0000
static,-2.762319,39.593246,168.0000
static,-2.762319,39.638162,162.0000
static,-2.762319,39.683078,152.0000
static,-2.762319,39.727993,153.0000
static,-2.762319,39.772909,156.0000
static,-2.762319,39.817825,201.0000
static,-2.762319,39.862741,196.0000
static,-2.762319,39.907656,174.0000
static,-2.762319,39.952572,169.0000
static,-2.762319,39.997488,190.0000
static,-2.762319,40.042404,137.0000
static,-2.762319,40.087320,61.0000
static,-2.762319,40.132235,7.0000
static,-2.762319,40.177151,3.0000
static,-2.807235,37.212711,1391.0000
static,-2.807235,37.257626,1350.0000
static,-2.807235,37.302542,1327.0000
static,-2.807235,37.347458,1345.0000
static,-2.807235,37.392374,1439.0000
static,-2.807235,37.437289,1433.0000
static,-2.807235,37.482205,1372.0000
static,-2.807235,37.527121,1319.0000
static,-2.807235,37.572037,1298.0000
static,-2.807235,37.616953,1293.0000
static,-2.807235,37.661868,1207.0000
static,-2.807235,37.706784,1175.0000
static,-2.807235,37.751700,1111.0000
static,-2.807235,37.796616,1042.0000
static,-2.807235,37.841531,983.0000
static,-2.807235,37.886447,1073.0000
static,-2.807235,37.931363,1218.0000
static,-2.807235,37.976279,1467.0000
static,-2.807235,38.021194,1151.0000
static,-2.807235,38.066110,900.0000
static,-2.807235,38.111026,877.0000
static,-2.807235,38.155942,823.0000
static,-2.807235,38.200857,777.0000
static,-2.807235,38.245773,688.0000
static,-2.807235,38.290689,645.0000
static,-2.807235,38.335605,604.0000
static,-2.807235,38.380521,565.0000
static,-2.807235,38.425436,487.0000
static,-2.807235,38.470352,606.0000
static,-2.807235,38.515268,553.0000
static,-2.807235,38.560184,493.0000
static,-2.807235,38.605099,459.0000
static,-2.807235,38.650015,438.0000
static,-2.807235,38.694931,419.0000
static,-2.807235,38.739847,388.0000
static,-2.807235,38.784762,375.0000
static,-2.807235,38.829678,352.0000
static,-2.807235,38.874594,336.0000
static,-2.807235,38.919510,303.0000
static,-2.807235,38.964425,289.0000
static,-2.807235,39.009341,274.0000
static,-2.807235,39.054257,257.0000
static,-2.807235,39.099173,219.0000
static,-2.807235,39.144089,207.0000
static,-2.807235,39.189004,202.0000
static,-2.807235,39.233920,200.0000
static,-2.807235,39.278836,192.0000
static,-2.807235,39.323752,187.0000
static,-2.807235,39.368667,179.0000
static,-2.807235,39.413583,171.0000
static,-2.807235,39.458499,171.0000
static,-2.807235,39.503415,169.0000
static,-2.807235,39.548330,168.0000
static,-2.807235,39.593246,168.0000
static,-2.807235,39.638162,179.0000
static,-2.807235,39.683078,170.0000
static,-2.807235,39.727993,157.0000
static,-2.807235,39.772909,137.0000
static,-2.807235,39.817825,155.0000
static,-2.807235,39.862741,174.0000
static,-2.807235,39.907656,170.0000
static,-2.807235,39.952572,149.0000
static,-2.807235,39.997488,174.0000
static,-2.807235,40.042404,171.0000
static,-2.807235,40.087320,82.0000
static,-2.807235,40.132235,8.0000
static,-2.807235,40.177151,4.0000
static,-2.852151,37.302542,1541.0000
static,-2.852151,37.347458,1568.0000
static,-2.852151,37.392374,1612.0000
static,-2.852151,37.437289,1558.0000
static,-2.852151,37.482205,1479.0000
static,-2.852151,37.527121,1427.0000
static,-2.852151,37.572037,1377.0000
static,-2.852151,37.616953,1348.0000
static,-2.852151,37.661868,1262.0000
static,-2.852151,37.706784,1197.0000
static,-2.852151,37.751700,1126.0000
static,-2.852151,37.796616,1050.0000
static,-2.852151,37.841531,982.0000
static,-2.852151,37.886447,941.0000
static,-2.852151,37.931363,993.0000
static,-2.852151,37.976279,1139.0000
static,-2.852151,38.021194,1098.0000
static,-2.852151,38.066110,888.0000
static,-2.852151,38.111026,904.0000
static,-2.852151,38.155942,837.0000
static,-2.852151,38.200857,800.0000
static,-2.852151,38.245773,697.0000
static,-2.852151,38.290689,651.0000
static,-2.852151,38.335605,611.0000
static,-2.852151,38.380521,573.0000
static,-2.852151,38.425436,478.0000
static,-2.852151,38.470352,618.0000
static,-2.852151,38.515268,577.0000
static,-2.852151,38.560184,484.0000
static,-2.852151,38.605099,461.0000
static,-2.852151,38.650015,443.0000
static,-2.852151,38.694931,427.0000
static,-2.852151,38.739847,400.0000
static,-2.852151,38.784762,380.0000
static,-2.852151,38.829678,361.0000
static,-2.852151,38.874594,341.0000
static,-2.852151,38.919510,301.0000
static,-2.852151,38.964425,289.0000
static,-2.852151,39.009341,275.0000
static,-2.852151,39.054257,260.0000
static,-2.852151,39.099173,224.0000
static,-2.852151,39.144089,211.0000
static,-2.852151,39.189004,200.0000
static,-2.852151,39.233920,196.0000
static,-2.852151,39.278836,194.0000
static,-2.852151,39.323752,191.0000
static,-2.852151,39.368667,185.0000
static,-2.852151,39.413583,172.0000
static,-2.852151,39.458499,170.0000
static,-2.852151,39.503415,169.0000
static,-2.852151,39.548330,167.0000
static,-2.852151,39.593246,177.0000
static,-2.852151,39.638162,191.0000
static,-2.852151,39.683078,187.0000
static,-2.852151,39.727993,166.0000
static,-2.852151,39.772909,165.0000
static,-2.852151,39.817825,120.0000
static,-2.852151,39.862741,139.0000
static,-2.852151,39.907656,146.0000
static,-2.852151,39.952572,138.0000
static,-2.852151,39.997488,160.0000
static,-2.852151,40.042404,155.0000
static,-2.852151,40.087320,90.0000
static,-2.852151,40.132235,13.0000
static,-2.852151,40.177151,4.0000
static,-2.897067,37.392374,1805.0000
static,-2.897067,37.437289,1737.0000
static,-2.897067,37.482205,1620.0000
static,-2.897067,37.527121,1561.0000
static,-2.897067,37.572037,1443.0000
static,-2.897067,37.616953,1381.0000
static,-2.897067,37.661868,1323.0000
static,-2.897067,37.706784,1213.0000
static,-2.897067,37.751700,1119.0000
static,-2.897067,37.796616,1045.0000
static,-2.897067,37.841531,969.0000
static,-2.897067,37.886447,890.0000
static,-2.897067,37.931363,888.0000
static,-2.897067,37.976279,917.0000
static,-2.897067,38.021194,883.0000
static,-2.897067,38.066110,873.0000
static,-2.897067,38.111026,913.0000
static,-2.897067,38.155942,884.0000
static,-2.897067,38.200857,841.0000
static,-2.897067,38.245773,710.0000
static,-2.897067,38.290689,662.0000
static,-2.897067,38.335605,624.0000
static,-2.897067,38.380521,582.0000
static,-2.897067,38.425436,479.0000
static,-2.897067,38.470352,555.0000
static,-2.897067,38.515268,643.0000
static,-2.897067,38.560184,473.0000
static,-2.897067,38.605099,460.0000
static,-2.897067,38.650015,451.0000
static,-2.897067,38.694931,434.0000
static,-2.897067,38.739847,406.0000
static,-2.897067,38.784762,380.0000
static,-2.897067,38.829678,365.0000
static,-2.897067,38.874594,366.0000
static,-2.897067,38.919510,293.0000
static,-2.897067,38.964425,282.0000
static,-2.897067,39.009341,270.0000
static,-2.897067,39.054257,259.0000
static,-2.897067,39.099173,237.0000
static,-2.897067,39.144089,220.0000
static,-2.897067,39.189004,204.0000
static,-2.897067,39.233920,195.0000
static,-2.897067,39.278836,196.0000
static,-2.897067,39.323752,194.0000
static,-2.897067,39.368667,186.0000
static,-2.897067,39.413583,173.0000
static,-2.897067,39.458499,168.0000
static,-2.897067,39.503415,163.0000
static,-2.897067,39.548330,155.0000
static,-2.897067,39.593246,165.0000
static,-2.897067,39.638162,213.0000
static,-2.897067,39.683078,222.0000
static,-2.897067,39.727993,192.0000
static,-2.897067,39.772909,176.0000
static,-2.897067,39.817825,140.0000
static,-2.897067,39.862741,114.0000
static,-2.897067,39.907656,126.0000
static,-2.897067,39.952572,124.0000
static,-2.897067,39.997488,140.0000
static,-2.897067,40.042404,146.0000
static,-2.897067,40.087320,96.0000
static,-2.897067,40.132235,12.0000
static,-2.897067,40.177151,1.0000
static,-2.941983,37.437289,2366.0000
static,-2.941983,37.482205,2116.0000
static,-2.941983,37.527121,1840.0000
static,-2.941983,37.572037,1513.0000
static,-2.941983,37.616953,1457.0000
static,-2.941983,37.661868,1370.0000
static,-2.941983,37.706784,1207.0000
static,-2.941983,37.751700,1103.0000
static,-2.941983,37.796616,1000.0000
static,-2.941983,37.841531,913.0000
static,-2.941983,37.886447,807.0000
static,-2.941983,37.931363,783.0000
static,-2.941983,37.976279,798.0000
static,-2.941983,38.021194,742.0000
static,-2.941983,38.066110,885.0000
static,-2.941983,38.111026,841.0000
static,-2.941983,38.155942,862.0000
static,-2.941983,38.200857,921.0000
static,-2.941983,38.245773,711.0000
static,-2.941983,38.290689,672.0000
static,-2.941983,38.335605,640.0000
static,-2.941983,38.380521,590.0000
static,-2.941983,38.425436,530.0000
static,-2.941983,38.470352,472.0000
static,-2.941983,38.515268,487.0000
static,-2.941983,38.560184,558.0000
static,-2.941983,38.605099,474.0000
static,-2.941983,38.650015,441.0000
static,-2.941983,38.694931,421.0000
static,-2.941983,38.739847,396.0000
static,-2.941983,38.784762,395.0000
static,-2.941983,38.829678,396.0000
static,-2.941983,38.874594,401.0000
static,-2.941983,38.919510,320.0000
static,-2.941983,38.964425,294.0000
static,-2.941983,39.009341,279.0000
static,-2.941983,39.054257,270.0000
static,-2.941983,39.099173,247.0000
static,-2.941983,39.144089,237.0000
static,-2.941983,39.189004,226.0000
static,-2.941983,39.233920,215.0000
static,-2.941983,39.278836,199.0000
static,-2.941983,39.323752,201.0000
static,-2.941983,39.368667,195.0000
static,-2.941983,39.413583,170.0000
static,-2.941983,39.458499,156.0000
static,-2.941983,39.503415,146.0000
static,-2.941983,39.548330,138.0000
static,-2.941983,39.593246,117.0000
static,-2.941983,39.638162,133.0000
static,-2.941983,39.683078,221.0000
static,-2.941983,39.727993,186.0000
static,-2.941983,39.772909,172.0000
static,-2.941983,39.817825,135.0000
static,-2.941983,39.862741,126.0000
static,-2.941983,39.907656,114.0000
static,-2.941983,39.952572,88.0000
static,-2.941983,39.997488,123.0000
static,-2.941983,40.042404,116.0000
static,-2.941983,40.087320,85.0000
static,-2.941983,40.132235,12.0000
static,-2.941983,40.177151,2.0000
static,-2.986898,37.527121,2009.0000
static,-2.986898,37.572037,1549.0000
static,-2.986898,37.616953,1435.0000
static,-2.986898,37.661868,1346.0000
static,-2.986898,37.706784,1176.0000
static,-2.986898,37.751700,1067.0000
static,-2.986898,37.796616,966.0000
static,-2.986898,37.841531,907.0000
static,-2.986898,37.886447,789.0000
static,-2.986898,37.931363,752.0000
static,-2.986898,37.976279,749.0000
static,-2.986898,38.021194,732.0000
static,-2.986898,38.066110,916.0000
static,-2.986898,38.111026,749.0000
static,-2.986898,38.155942,1113.0000
static,-2.986898,38.200857,900.0000
static,-2.986898,38.245773,685.0000
static,-2.986898,38.290689,658.0000
static,-2.986898,38.335605,604.0000
static,-2.986898,38.380521,556.0000
static,-2.986898,38.425436,505.0000
static,-2.986898,38.470352,465.0000
static,-2.986898,38.515268,440.0000
static,-2.986898,38.560184,465.0000
static,-2.986898,38.605099,492.0000
static,-2.986898,38.650015,486.0000
static,-2.986898,38.694931,433.0000
static,-2.986898,38.739847,411.0000
static,-2.986898,38.784762,415.0000
static,-2.986898,38.829678,410.0000
static,-2.986898,38.874594,365.0000
static,-2.986898,38.919510,304.0000
static,-2.986898,38.964425,269.0000
static,-2.986898,39.009341,258.0000
static,-2.986898,39.054257,251.0000
static,-2.986898,39.099173,225.0000
static,-2.986898,39.144089,228.0000
static,-2.986898,39.189004,232.0000
static,-2.986898,39.233920,213.0000
static,-2.986898,39.278836,194.0000
static,-2.986898,39.323752,185.0000
static,-2.986898,39.368667,183.0000
static,-2.986898,39.413583,163.0000
static,-2.986898,39.458499,153.0000
static,-2.986898,39.503415,142.0000
static,-2.986898,39.548330,134.0000
static,-2.986898,39.593246,121.0000
static,-2.986898,39.638162,106.0000
static,-2.986898,39.683078,154.0000
static,-2.986898,39.727993,155.0000
static,-2.986898,39.772909,149.0000
static,-2.986898,39.817825,107.0000
static,-2.986898,39.862741,141.0000
static,-2.986898,39.907656,141.0000
static,-2.986898,39.952572,73.0000
static,-2.986898,39.997488,106.0000
static,-2.986898,40.042404,104.0000
static,-2.986898,40.087320,83.0000
static,-2.986898,40.132235,9.0000
static,-2.986898,40.177151,4.0000
static,-2.986898,40.222067,5.0000
static,-3.031814,37.616953,1472.0000
static,-3.031814,37.661868,1342.0000
static,-3.031814,37.706784,1165.0000
static,-3.031814,37.751700,1091.0000
static,-3.031814,37.796616,1013.0000
static,-3.031814,37.841531,900.0000
static,-3.031814,37.886447,770.0000
static,-3.031814,37.931363,735.0000
static,-3.031814,37.976279,720.0000
static,-3.031814,38.021194,696.0000
static,-3.031814,38.066110,737.0000
static,-3.031814,38.111026,675.0000
static,-3.031814,38.155942,944.0000
static,-3.031814,38.200857,965.0000
static,-3.031814,38.245773,650.0000
static,-3.031814,38.290689,629.0000
static,-3.031814,38.335605,576.0000
static,-3.031814,38.380521,522.0000
static,-3.031814,38.425436,511.0000
static,-3.031814,38.470352,505.0000
static,-3.031814,38.515268,487.0000
static,-3.031814,38.560184,430.0000
static,-3.031814,38.605099,396.0000
static,-3.031814,38.650015,399.0000
static,-3.031814,38.694931,411.0000
static,-3.031814,38.739847,422.0000
static,-3.031814,38.784762,447.0000
static,-3.031814,38.829678,380.0000
static,-3.031814,38.874594,330.0000
static,-3.031814,38.919510,252.0000
static,-3.031814,38.964425,241.0000
static,-3.031814,39.009341,223.0000
static,-3.031814,39.054257,215.0000
static,-3.031814,39.099173,200.0000
static,-3.031814,39.144089,206.0000
static,-3.031814,39.189004,224.0000
static,-3.031814,39.233920,210.0000
static,-3.031814,39.278836,219.0000
static,-3.031814,39.323752,177.0000
static,-3.031814,39.368667,168.0000
static,-3.031814,39.413583,147.0000
static,-3.031814,39.458499,137.0000
static,-3.031814,39.503415,134.0000
static,-3.031814,39.548330,130.0000
static,-3.031814,39.593246,118.0000
static,-3.031814,39.638162,108.0000
static,-3.031814,39.683078,115.0000
static,-3.031814,39.727993,138.0000
static,-3.031814,39.772909,164.0000
static,-3.031814,39.817825,114.0000
static,-3.031814,39.862741,81.0000
static,-3.031814,39.907656,102.0000
static,-3.031814,39.952572,65.0000
static,-3.031814,39.997488,84.0000
static,-3.031814,40.042404,90.0000
static,-3.031814,40.087320,87.0000
static,-3.031814,40.132235,11.0000
static,-3.031814,40.177151,9.0000
static,-3.076730,37.661868,1243.0000
static,-3.076730,37.706784,1066.0000
static,-3.076730,37.751700,1022.0000
static,-3.076730,37.796616,966.0000
static,-3.076730,37.841531,905.0000
static,-3.076730,37.886447,825.0000
static,-3.076730,37.931363,822.0000
static,-3.076730,37.976279,840.0000
static,-3.076730,38.021194,848.0000
static,-3.076730,38.066110,745.0000
static,-3.076730,38.111026,698.0000
static,-3.076730,38.155942,684.0000
static,-3.076730,38.200857,657.0000
static,-3.076730,38.245773,611.0000
static,-3.076730,38.290689,619.0000
static,-3.076730,38.335605,610.0000
static,-3.076730,38.380521,627.0000
static,-3.076730,38.425436,581.0000
static,-3.076730,38.470352,580.0000
static,-3.076730,38.515268,536.0000
static,-3.076730,38.560184,474.0000
static,-3.076730,38.605099,450.0000
static,-3.076730,38.650015,421.0000
static,-3.076730,38.694931,385.0000
static,-3.076730,38.739847,342.0000
static,-3.076730,38.784762,318.0000
static,-3.076730,38.829678,307.0000
static,-3.076730,38.874594,307.0000
static,-3.076730,38.919510,276.0000
static,-3.076730,38.964425,277.0000
static,-3.076730,39.009341,275.0000
static,-3.076730,39.054257,257.0000
static,-3.076730,39.099173,251.0000
static,-3.076730,39.144089,226.0000
static,-3.076730,39.189004,210.0000
static,-3.076730,39.233920,195.0000
static,-3.076730,39.278836,181.0000
static,-3.076730,39.323752,155.0000
static,-3.076730,39.368667,137.0000
static,-3.076730,39.413583,129.0000
static,-3.076730,39.458499,121.0000
static,-3.076730,39.503415,110.0000
static,-3.076730,39.548330,111.0000
static,-3.076730,39.593246,90.0000
static,-3.076730,39.638162,93.0000
static,-3.076730,39.683078,97.0000
static,-3.076730,39.727993,106.0000
static,-3.076730,39.772909,81.0000
static,-3.076730,39.817825,62.0000
static,-3.076730,39.862741,67.0000
static,-3.076730,39.907656,51.0000
static,-3.076730,39.952572,36.0000
static,-3.076730,39.997488,46.0000
static,-3.076730,40.042404,33.0000
static,-3.076730,40.087320,40.0000
static,-3.076730,40.132235,16.0000
static,-3.076730,40.177151,0.0000
static,-3.121646,37.661868,1187.0000
static,-3.121646,37.706784,1042.0000
static,-3.121646,37.751700,991.0000
static,-3.121646,37.796616,948.0000
static,-3.121646,37.841531,926.0000
static,-3.121646,37.886447,843.0000
static,-3.121646,37.931363,858.0000
static,-3.121646,37.976279,898.0000
static,-3.121646,38.021194,935.0000
static,-3.121646,38.066110,822.0000
static,-3.121646,38.111026,794.0000
static,-3.121646,38.155942,936.0000
static,-3.121646,38.200857,755.0000
static,-3.121646,38.245773,677.0000
static,-3.121646,38.290689,665.0000
static,-3.121646,38.335605,673.0000
static,-3.121646,38.380521,678.0000
static,-3.121646,38.425436,638.0000
static,-3.121646,38.470352,602.0000
static,-3.121646,38.515268,562.0000
static,-3.121646,38.560184,501.0000
static,-3.121646,38.605099,466.0000
static,-3.121646,38.650015,431.0000
static,-3.121646,38.694931,416.0000
static,-3.121646,38.739847,375.0000
static,-3.121646,38.784762,362.0000
static,-3.121646,38.829678,350.0000
static,-3.121646,38.874594,340.0000
static,-3.121646,38.919510,296.0000
static,-3.121646,38.964425,307.0000
static,-3.121646,39.009341,306.0000
static,-3.121646,39.054257,291.0000
static,-3.121646,39.099173,269.0000
static,-3.121646,39.144089,246.0000
static,-3.121646,39.189004,239.0000
static,-3.121646,39.233920,213.0000
static,-3.121646,39.278836,214.0000
static,-3.121646,39.323752,176.0000
static,-3.121646,39.368667,163.0000
static,-3.121646,39.413583,167.0000
static,-3.121646,39.458499,164.0000
static,-3.121646,39.503415,153.0000
static,-3.121646,39.548330,113.0000
static,-3.121646,39.593246,108.0000
static,-3.121646,39.638162,96.0000
static,-3.121646,39.683078,87.0000
static,-3.121646,39.727993,78.0000
static,-3.121646,39.772909,88.0000
static,-3.121646,39.817825,63.0000
static,-3.121646,39.862741,48.0000
static,-3.121646,39.907656,46.0000
static,-3.121646,39.952572,37.0000
static,-3.121646,39.997488,28.0000
static,-3.121646,40.042404,21.0000
static,-3.121646,40.087320,14.0000
static,-3.121646,40.132235,28.0000
static,-3.121646,40.177151,1.0000
static,-3.166561,37.706784,1012.0000
static,-3.166561,37.751700,979.0000
static,-3.166561,37.796616,945.0000
static,-3.166561,37.841531,910.0000
static,-3.166561,37.886447,867.0000
static,-3.166561,37.931363,889.0000
static,-3.166561,37.976279,925.0000
static,-3.166561,38.021194,997.0000
static,-3.166561,38.066110,922.0000
static,-3.166561,38.111026,875.0000
static,-3.166561,38.155942,970.0000
static,-3.166561,38.200857,790.0000
static,-3.166561,38.245773,735.0000
static,-3.166561,38.290689,717.0000
static,-3.166561,38.335605,731.0000
static,-3.166561,38.380521,708.0000
static,-3.166561,38.425436,767.0000
static,-3.166561,38.470352,628.0000
static,-3.166561,38.515268,569.0000
static,-3.166561,38.560184,501.0000
static,-3.166561,38.605099,468.0000
static,-3.166561,38.650015,452.0000
static,-3.166561,38.694931,440.0000
static,-3.166561,38.739847,414.0000
static,-3.166561,38.784762,402.0000
static,-3.166561,38.829678,391.0000
static,-3.166561,38.874594,381.0000
static,-3.166561,38.919510,319.0000
static,-3.166561,38.964425,320.0000
static,-3.166561,39.009341,338.0000
static,-3.166561,39.054257,326.0000
static,-3.166561,39.099173,303.0000
static,-3.166561,39.144089,274.0000
static,-3.166561,39.189004,258.0000
static,-3.166561,39.233920,237.0000
static,-3.166561,39.278836,217.0000
static,-3.166561,39.323752,182.0000
static,-3.166561,39.368667,181.0000
static,-3.166561,39.413583,182.0000
static,-3.166561,39.458499,177.0000
static,-3.166561,39.503415,170.0000
static,-3.166561,39.548330,154.0000
static,-3.166561,39.593246,131.0000
static,-3.166561,39.638162,123.0000
static,-3.166561,39.683078,112.0000
static,-3.166561,39.727993,123.0000
static,-3.166561,39.772909,120.0000
static,-3.166561,39.817825,96.0000
static,-3.166561,39.862741,61.0000
static,-3.166561,39.907656,42.0000
static,-3.166561,39.952572,24.0000
static,-3.166561,39.997488,19.0000
static,-3.166561,40.042404,16.0000
static,-3.166561,40.087320,17.0000
static,-3.166561,40.132235,4.0000
static,-3.166561,40.177151,0.0000
static,-3.211477,37.706784,983.0000
static,-3.211477,37.751700,964.0000
static,-3.211477,37.796616,931.0000
static,-3.211477,37.841531,905.0000
static,-3.211477,37.886447,899.0000
static,-3.211477,37.931363,906.0000
static,-3.211477,37.976279,949.0000
static,-3.211477,38.021194,988.0000
static,-3.211477,38.066110,982.0000
static,-3.211477,38.111026,939.0000
static,-3.211477,38.155942,873.0000
static,-3.211477,38.200857,835.0000
static,-3.211477,38.245773,794.0000
static,-3.211477,38.290689,768.0000
static,-3.211477,38.335605,776.0000
static,-3.211477,38.380521,746.0000
static,-3.211477,38.425436,798.0000
static,-3.211477,38.470352,629.0000
static,-3.211477,38.515268,596.0000
static,-3.211477,38.560184,514.0000
static,-3.211477,38.605099,494.0000
static,-3.211477,38.650015,476.0000
static,-3.211477,38.694931,454.0000
static,-3.211477,38.739847,437.0000
static,-3.211477,38.784762,433.0000
static,-3.211477,38.829678,429.0000
static,-3.211477,38.874594,414.0000
static,-3.211477,38.919510,350.0000
static,-3.211477,38.964425,335.0000
static,-3.211477,39.009341,348.0000
static,-3.211477,39.054257,338.0000
static,-3.211477,39.099173,322.0000
static,-3.211477,39.144089,312.0000
static,-3.211477,39.189004,278.0000
static,-3.211477,39.233920,265.0000
static,-3.211477,39.278836,214.0000
static,-3.211477,39.323752,193.0000
static,-3.211477,39.368667,176.0000
static,-3.211477,39.413583,165.0000
static,-3.211477,39.458499,171.0000
static,-3.211477,39.503415,173.0000
static,-3.211477,39.548330,165.0000
static,-3.211477,39.593246,138.0000
static,-3.211477,39.638162,140.0000
static,-3.211477,39.683078,147.0000
static,-3.211477,39.727993,150.0000
static,-3.211477,39.772909,119.0000
static,-3.211477,39.817825,96.0000
static,-3.211477,39.862741,68.0000
static,-3.211477,39.907656,51.0000
static,-3.211477,39.952572,68.0000
static,-3.211477,39.997488,42.0000
static,-3.211477,40.042404,19.0000
static,-3.211477,40.087320,34.0000
static,-3.211477,40.132235,0.0000
static,-3.256393,37.706784,915.0000
static,-3.256393,37.751700,912.0000
static,-3.256393,37.796616,939.0000
static,-3.256393,37.841531,965.0000
static,-3.256393,37.886447,959.0000
static,-3.256393,37.931363,950.0000
static,-3.256393,37.976279,964.0000
static,-3.256393,38.021194,1011.0000
static,-3.256393,38.066110,1000.0000
static,-3.256393,38.111026,973.0000
static,-3.256393,38.155942,953.0000
static,-3.256393,38.200857,923.0000
static,-3.256393,38.245773,888.0000
static,-3.256393,38.290689,930.0000
static,-3.256393,38.335605,881.0000
static,-3.256393,38.380521,865.0000
static,-3.256393,38.425436,653.0000
static,-3.256393,38.470352,810.0000
static,-3.256393,38.515268,623.0000
static,-3.256393,38.560184,541.0000
static,-3.256393,38.605099,517.0000
static,-3.256393,38.650015,498.0000
static,-3.256393,38.694931,477.0000
static,-3.256393,38.739847,438.0000
static,-3.256393,38.784762,428.0000
static,-3.256393,38.829678,421.0000
static,-3.256393,38.874594,418.0000
static,-3.256393,38.919510,374.0000
static,-3.256393,38.964425,370.0000
static,-3.256393,39.009341,352.0000
static,-3.256393,39.054257,335.0000
static,-3.256393,39.099173,327.0000
static,-3.256393,39.144089,320.0000
static,-3.256393,39.189004,327.0000
static,-3.256393,39.233920,297.0000
static,-3.256393,39.278836,225.0000
static,-3.256393,39.323752,195.0000
static,-3.256393,39.368667,194.0000
static,-3.256393,39.413583,181.0000
static,-3.256393,39.458499,171.0000
static,-3.256393,39.503415,155.0000
static,-3.256393,39.548330,166.0000
static,-3.256393,39.593246,149.0000
static,-3.256393,39.638162,131.0000
static,-3.256393,39.683078,181.0000
static,-3.256393,39.727993,330.0000
static,-3.256393,39.772909,152.0000
static,-3.256393,39.817825,119.0000
static,-3.256393,39.862741,109.0000
static,-3.256393,39.907656,66.0000
static,-3.256393,39.952572,56.0000
static,-3.256393,39.997488,43.0000
static,-3.256393,40.042404,31.0000
static,-3.256393,40.087320,23.0000
static,-3.256393,40.132235,1.0000
static,-3.301309,37.706784,881.0000
static,-3.301309,37.751700,898.0000
static,-3.301309,37.796616,951.0000
static,-3.301309,37.841531,1002.0000
static,-3.301309,37.886447,981.0000
static,-3.301309,37.931363,976.0000
static,-3.301309,37.976279,982.0000
static,-3.301309,38.021194,1021.0000
static,-3.301309,38.066110,1024.0000
static,-3.301309,38.111026,1005.0000
static,-3.301309,38.155942,993.0000
static,-3.301309,38.200857,971.0000
static,-3.301309,38.245773,959.0000
static,-3.301309,38.290689,1131.0000
static,-3.301309,38.335605,1124.0000
static,-3.301309,38.380521,1332.0000
static,-3.301309,38.425436,992.0000
static,-3.301309,38.470352,1064.0000
static,-3.301309,38.515268,655.0000
static,-3.301309,38.560184,555.0000
static,-3.301309,38.605099,530.0000
static,-3.301309,38.650015,508.0000
static,-3.301309,38.694931,484.0000
static,-3.301309,38.739847,447.0000
static,-3.301309,38.784762,435.0000
static,-3.301309,38.829678,422.0000
static,-3.301309,38.874594,410.0000
static,-3.301309,38.919510,381.0000
static,-3.301309,38.964425,368.0000
static,-3.301309,39.009341,362.0000
static,-3.301309,39.054257,347.0000
static,-3.301309,39.099173,316.0000
static,-3.301309,39.144089,315.0000
static,-3.301309,39.189004,336.0000
static,-3.301309,39.233920,283.0000
static,-3.301309,39.278836,235.0000
static,-3.301309,39.323752,206.0000
static,-3.301309,39.368667,185.0000
static,-3.301309,39.413583,179.0000
static,-3.301309,39.458499,166.0000
static,-3.301309,39.503415,162.0000
static,-3.301309,39.548330,152.0000
static,-3.301309,39.593246,138.0000
static,-3.301309,39.638162,130.0000
static,-3.301309,39.683078,143.0000
static,-3.301309,39.727993,167.0000
static,-3.301309,39.772909,161.0000
static,-3.301309,39.817825,143.0000
static,-3.301309,39.862741,110.0000
static,-3.301309,39.907656,56.0000
static,-3.301309,39.952572,24.0000
static,-3.301309,39.997488,19.0000
static,-3.301309,40.042404,23.0000
static,-3.301309,40.087320,15.0000
static,-3.301309,40.132235,0.0000
static,-3.346224,37.661868,982.0000
static,-3.346224,37.706784,836.0000
static,-3.346224,37.751700,890.0000
static,-3.346224,37.796616,946.0000
static,-3.346224,37.841531,1014.0000
static,-3.346224,37.886447,1011.0000
static,-3.346224,37.931363,1007.0000
static,-3.346224,37.976279,1014.0000
static,-3.346224,38.021194,1043.0000
static,-3.346224,38.066110,1083.0000
static,-3.346224,38.111026,1066.0000
static,-3.346224,38.155942,1080.0000
static,-3.346224,38.200857,1020.0000
static,-3.346224,38.245773,1141.0000
static,-3.346224,38.290689,1303.0000
static,-3.346224,38.335605,1541.0000
static,-3.346224,38.380521,1512.0000
static,-3.346224,38.425436,1333.0000
static,-3.346224,38.470352,860.0000
static,-3.346224,38.515268,652.0000
static,-3.346224,38.560184,605.0000
static,-3.346224,38.605099,545.0000
static,-3.346224,38.650015,512.0000
static,-3.346224,38.694931,489.0000
static,-3.346224,38.739847,454.0000
static,-3.346224,38.784762,440.0000
static,-3.346224,38.829678,426.0000
static,-3.346224,38.874594,412.0000
static,-3.346224,38.919510,384.0000
static,-3.346224,38.964425,367.0000
static,-3.346224,39.009341,356.0000
static,-3.346224,39.054257,348.0000
static,-3.346224,39.099173,314.0000
static,-3.346224,39.144089,309.0000
static,-3.346224,39.189004,326.0000
static,-3.346224,39.233920,301.0000
static,-3.346224,39.278836,259.0000
static,-3.346224,39.323752,222.0000
static,-3.346224,39.368667,191.0000
static,-3.346224,39.413583,172.0000
static,-3.346224,39.458499,164.0000
static,-3.346224,39.503415,159.0000
static,-3.346224,39.548330,158.0000
static,-3.346224,39.593246,141.0000
static,-3.346224,39.638162,126.0000
static,-3.346224,39.683078,123.0000
static,-3.346224,39.727993,127.0000
static,-3.346224,39.772909,148.0000
static,-3.346224,39.817825,160.0000
static,-3.346224,39.862741,138.0000
static,-3.346224,39.907656,46.0000
static,-3.346224,39.952572,4.0000
static,-3.346224,39.997488,12.0000
static,-3.346224,40.042404,8.0000
static,-3.346224,40.087320,1.0000
static,-3.391140,37.616953,895.0000
static,-3.391140,37.661868,834.0000
static,-3.391140,37.706784,782.0000
static,-3.391140,37.751700,840.0000
static,-3.391140,37.796616,912.0000
static,-3.391140,37.841531,982.0000
static,-3.391140,37.886447,1043.0000
static,-3.391140,37.931363,1056.0000
static,-3.391140,37.976279,1050.0000
static,-3.391140,38.021194,1070.0000
static,-3.391140,38.066110,1124.0000
static,-3.391140,38.111026,1127.0000
static,-3.391140,38.155942,1180.0000
static,-3.391140,38.200857,1055.0000
static,-3.391140,38.245773,1288.0000
static,-3.391140,38.290689,1427.0000
static,-3.391140,38.335605,1648.0000
static,-3.391140,38.380521,1440.0000
static,-3.391140,38.425436,1059.0000
static,-3.391140,38.470352,836.0000
static,-3.391140,38.515268,676.0000
static,-3.391140,38.560184,599.0000
static,-3.391140,38.605099,533.0000
static,-3.391140,38.650015,508.0000
static,-3.391140,38.694931,491.0000
static,-3.391140,38.739847,453.0000
static,-3.391140,38.784762,438.0000
static,-3.391140,38.829678,426.0000
static,-3.391140,38.874594,414.0000
static,-3.391140,38.919510,386.0000
static,-3.391140,38.964425,366.0000
static,-3.391140,39.009341,355.0000
static,-3.391140,39.054257,345.0000
static,-3.391140,39.099173,319.0000
static,-3.391140,39.144089,306.0000
static,-3.391140,39.189004,316.0000
static,-3.391140,39.233920,306.0000
static,-3.391140,39.278836,270.0000
static,-3.391140,39.323752,230.0000
static,-3.391140,39.368667,206.0000
static,-3.391140,39.413583,190.0000
static,-3.391140,39.458499,173.0000
static,-3.391140,39.503415,166.0000
static,-3.391140,39.548330,197.0000
static,-3.391140,39.593246,164.0000
static,-3.391140,39.638162,141.0000
static,-3.391140,39.683078,129.0000
static,-3.391140,39.727993,124.0000
static,-3.391140,39.772909,134.0000
static,-3.391140,39.817825,165.0000
static,-3.391140,39.862741,128.0000
static,-3.391140,39.907656,41.0000
static,-3.391140,39.952572,6.0000
static,-3.391140,39.997488,3.0000
static,-3.436056,37.572037,736.0000
static,-3.436056,37.616953,721.0000
static,-3.436056,37.661868,730.0000
static,-3.436056,37.706784,720.0000
static,-3.436056,37.751700,764.0000
static,-3.436056,37.796616,827.0000
static,-3.436056,37.841531,890.0000
static,-3.436056,37.886447,985.0000
static,-3.436056,37.931363,1011.0000
static,-3.436056,37.976279,1024.0000
static,-3.436056,38.021194,1028.0000
static,-3.436056,38.066110,1041.0000
static,-3.436056,38.111026,1023.0000
static,-3.436056,38.155942,1022.0000
static,-3.436056,38.200857,1023.0000
static,-3.436056,38.245773,1066.0000
static,-3.436056,38.290689,1306.0000
static,-3.436056,38.335605,1388.0000
static,-3.436056,38.380521,1120.0000
static,-3.436056,38.425436,792.0000
static,-3.436056,38.470352,683.0000
static,-3.436056,38.515268,647.0000
static,-3.436056,38.560184,877.0000
static,-3.436056,38.605099,630.0000
static,-3.436056,38.650015,543.0000
static,-3.436056,38.694931,502.0000
static,-3.436056,38.739847,464.0000
static,-3.436056,38.784762,444.0000
static,-3.436056,38.829678,426.0000
static,-3.436056,38.874594,411.0000
static,-3.436056,38.919510,384.0000
static,-3.436056,38.964425,369.0000
static,-3.436056,39.009341,354.0000
static,-3.436056,39.054257,347.0000
static,-3.436056,39.099173,326.0000
static,-3.436056,39.144089,309.0000
static,-3.436056,39.189004,294.0000
static,-3.436056,39.233920,283.0000
static,-3.436056,39.278836,268.0000
static,-3.436056,39.323752,230.0000
static,-3.436056,39.368667,221.0000
static,-3.436056,39.413583,201.0000
static,-3.436056,39.458499,211.0000
static,-3.436056,39.503415,206.0000
static,-3.436056,39.548330,238.0000
static,-3.436056,39.593246,167.0000
static,-3.436056,39.638162,137.0000
static,-3.436056,39.683078,130.0000
static,-3.436056,39.727993,113.0000
static,-3.436056,39.772909,72.0000
static,-3.436056,39.817825,133.0000
static,-3.436056,39.862741,79.0000
static,-3.436056,39.907656,28.0000
static,-3.436056,39.952572,1.0000
static,-3.480972,37.572037,716.0000
static,-3.480972,37.616953,719.0000
static,-3.480972,37.661868,725.0000
static,-3.480972,37.706784,716.0000
static,-3.480972,37.751700,736.0000
static,-3.480972,37.796616,795.0000
static,-3.480972,37.841531,851.0000
static,-3.480972,37.886447,953.0000
static,-3.480972,37.931363,1010.0000
static,-3.480972,37.976279,1005.0000
static,-3.480972,38.021194,994.0000
static,-3.480972,38.066110,999.0000
static,-3.480972,38.111026,982.0000
static,-3.480972,38.155942,985.0000
static,-3.480972,38.200857,992.0000
static,-3.480972,38.245773,994.0000
static,-3.480972,38.290689,1033.0000
static,-3.480972,38.335605,1147.0000
static,-3.480972,38.380521,1096.0000
static,-3.480972,38.425436,782.0000
static,-3.480972,38.470352,731.0000
static,-3.480972,38.515268,733.0000
static,-3.480972,38.560184,1062.0000
static,-3.480972,38.605099,749.0000
static,-3.480972,38.650015,550.0000
static,-3.480972,38.694931,518.0000
static,-3.480972,38.739847,482.0000
static,-3.480972,38.784762,456.0000
static,-3.480972,38.829678,437.0000
static,-3.480972,38.874594,419.0000
static,-3.480972,38.919510,397.0000
static,-3.480972,38.964425,391.0000
static,-3.480972,39.009341,376.0000
static,-3.480972,39.054257,367.0000
static,-3.480972,39.099173,329.0000
static,-3.480972,39.144089,309.0000
static,-3.480972,39.189004,299.0000
static,-3.480972,39.233920,282.0000
static,-3.480972,39.278836,252.0000
static,-3.480972,39.323752,232.0000
static,-3.480972,39.368667,221.0000
static,-3.480972,39.413583,225.0000
static,-3.480972,39.458499,239.0000
static,-3.480972,39.503415,244.0000
static,-3.480972,39.548330,264.0000
static,-3.480972,39.593246,192.0000
static,-3.480972,39.638162,165.0000
static,-3.480972,39.683078,121.0000
static,-3.480972,39.727993,125.0000
static,-3.480972,39.772909,66.0000
static,-3.480972,39.817825,140.0000
static,-3.480972,39.862741,50.0000
static,-3.480972,39.907656,21.0000
static,-3.480972,39.952572,0.0000
static,-3.525887,37.616953,709.0000
static,-3.525887,37.661868,726.0000
static,-3.525887,37.706784,714.0000
static,-3.525887,37.751700,722.0000
static,-3.525887,37.796616,777.0000
static,-3.525887,37.841531,813.0000
static,-3.525887,37.886447,914.0000
static,-3.525887,37.931363,992.0000
static,-3.525887,37.976279,997.0000
static,-3.525887,38.021194,965.0000
static,-3.525887,38.066110,975.0000
static,-3.525887,38.111026,958.0000
static,-3.525887,38.155942,953.0000
static,-3.525887,38.200857,939.0000
static,-3.525887,38.245773,935.0000
static,-3.525887,38.290689,981.0000
static,-3.525887,38.335605,984.0000
static,-3.525887,38.380521,917.0000
static,-3.525887,38.425436,810.0000
static,-3.525887,38.470352,786.0000
static,-3.525887,38.515268,830.0000
static,-3.525887,38.560184,990.0000
static,-3.525887,38.605099,763.0000
static,-3.525887,38.650015,566.0000
static,-3.525887,38.694931,537.0000
static,-3.525887,38.739847,489.0000
static,-3.525887,38.784762,464.0000
static,-3.525887,38.829678,443.0000
static,-3.525887,38.874594,425.0000
static,-3.525887,38.919510,412.0000
static,-3.525887,38.964425,391.0000
static,-3.525887,39.009341,369.0000
static,-3.525887,39.054257,356.0000
static,-3.525887,39.099173,341.0000
static,-3.525887,39.144089,318.0000
static,-3.525887,39.189004,333.0000
static,-3.525887,39.233920,311.0000
static,-3.525887,39.278836,272.0000
static,-3.525887,39.323752,250.0000
static,-3.525887,39.368667,238.0000
static,-3.525887,39.413583,238.0000
static,-3.525887,39.458499,233.0000
static,-3.525887,39.503415,237.0000
static,-3.525887,39.548330,288.0000
static,-3.525887,39.593246,228.0000
static,-3.525887,39.638162,194.0000
static,-3.525887,39.683078,157.0000
static,-3.525887,39.727993,150.0000
static,-3.525887,39.772909,68.0000
static,-3.525887,39.817825,111.0000
static,-3.525887,39.862741,37.0000
static,-3.525887,39.907656,16.0000
static,-3.570803,37.751700,712.0000
static,-3.570803,37.796616,759.0000
static,-3.570803,37.841531,787.0000
static,-3.570803,37.886447,882.0000
static,-3.570803,37.931363,943.0000
static,-3.570803,37.976279,964.0000
static,-3.570803,38.021194,938.0000
static,-3.570803,38.066110,956.0000
static,-3.570803,38.111026,940.0000
static,-3.570803,38.155942,921.0000
static,-3.570803,38.200857,898.0000
static,-3.570803,38.245773,944.0000
static,-3.570803,38.290689,1068.0000
static,-3.570803,38.335605,996.0000
static,-3.570803,38.380521,969.0000
static,-3.570803,38.425436,869.0000
static,-3.570803,38.470352,852.0000
static,-3.570803,38.515268,863.0000
static,-3.570803,38.560184,700.0000
static,-3.570803,38.605099,654.0000
static,-3.570803,38.650015,573.0000
static,-3.570803,38.694931,551.0000
static,-3.570803,38.739847,519.0000
static,-3.570803,38.784762,475.0000
static,-3.570803,38.829678,452.0000
static,-3.570803,38.874594,429.0000
static,-3.570803,38.919510,399.0000
static,-3.570803,38.964425,385.0000
static,-3.570803,39.009341,379.0000
static,-3.570803,39.054257,372.0000
static,-3.570803,39.099173,350.0000
static,-3.570803,39.144089,337.0000
static,-3.570803,39.189004,350.0000
static,-3.570803,39.233920,333.0000
static,-3.570803,39.278836,286.0000
static,-3.570803,39.323752,270.0000
static,-3.570803,39.368667,246.0000
static,-3.570803,39.413583,237.0000
static,-3.570803,39.458499,228.0000
static,-3.570803,39.503415,232.0000
static,-3.570803,39.548330,277.0000
static,-3.570803,39.593246,233.0000
static,-3.570803,39.638162,183.0000
static,-3.570803,39.683078,141.0000
static,-3.570803,39.727993,128.0000
static,-3.570803,39.772909,57.0000
static,-3.570803,39.817825,81.0000
static,-3.570803,39.862741,32.0000
static,-3.570803,39.907656,9.0000
static,-3.615719,37.751700,708.0000
static,-3.615719,37.796616,732.0000
static,-3.615719,37.841531,764.0000
static,-3.615719,37.886447,819.0000
static,-3.615719,37.931363,856.0000
static,-3.615719,37.976279,871.0000
static,-3.615719,38.021194,887.0000
static,-3.615719,38.066110,886.0000
static,-3.615719,38.111026,907.0000
static,-3.615719,38.155942,874.0000
static,-3.615719,38.200857,829.0000
static,-3.615719,38.245773,875.0000
static,-3.615719,38.290689,1031.0000
static,-3.615719,38.335605,900.0000
static,-3.615719,38.380521,853.0000
static,-3.615719,38.425436,798.0000
static,-3.615719,38.470352,817.0000
static,-3.615719,38.515268,783.0000
static,-3.615719,38.560184,665.0000
static,-3.615719,38.605099,624.0000
static,-3.615719,38.650015,627.0000
static,-3.615719,38.694931,638.0000
static,-3.615719,38.739847,601.0000
static,-3.615719,38.784762,482.0000
static,-3.615719,38.829678,453.0000
static,-3.615719,38.874594,448.0000
static,-3.615719,38.919510,416.0000
static,-3.615719,38.964425,418.0000
static,-3.615719,39.009341,406.0000
static,-3.615719,39.054257,401.0000
static,-3.615719,39.099173,370.0000
static,-3.615719,39.144089,336.0000
static,-3.615719,39.189004,314.0000
static,-3.615719,39.233920,320.0000
static,-3.615719,39.278836,278.0000
static,-3.615719,39.323752,250.0000
static,-3.615719,39.368667,243.0000
static,-3.615719,39.413583,235.0000
static,-3.615719,39.458499,230.0000
static,-3.615719,39.503415,220.0000
static,-3.615719,39.548330,231.0000
static,-3.615719,39.593246,221.0000
static,-3.615719,39.638162,210.0000
static,-3.615719,39.683078,141.0000
static,-3.615719,39.727993,114.0000
static,-3.615719,39.772909,31.0000
static,-3.615719,39.817825,10.0000
static,-3.615719,39.862741,19.0000
static,-3.615719,39.907656,1.0000
static,-3.660635,37.751700,713.0000
static,-3.660635,37.796616,719.0000
static,-3.660635,37.841531,744.0000
static,-3.660635,37.886447,780.0000
static,-3.660635,37.931363,814.0000
static,-3.660635,37.976279,829.0000
static,-3.660635,38.021194,837.0000
static,-3.660635,38.066110,847.0000
static,-3.660635,38.111026,849.0000
static,-3.660635,38.155942,841.0000
static,-3.660635,38.200857,802.0000
static,-3.660635,38.245773,807.0000
static,-3.660635,38.290689,903.0000
static,-3.660635,38.335605,902.0000
static,-3.660635,38.380521,838.0000
static,-3.660635,38.425436,758.0000
static,-3.660635,38.470352,787.0000
static,-3.660635,38.515268,761.0000
static,-3.660635,38.560184,674.0000
static,-3.660635,38.605099,646.0000
static,-3.660635,38.650015,690.0000
static,-3.660635,38.694931,683.0000
static,-3.660635,38.739847,520.0000
static,-3.660635,38.784762,481.0000
static,-3.660635,38.829678,464.0000
static,-3.660635,38.874594,449.0000
static,-3.660635,38.919510,437.0000
static,-3.660635,38.964425,431.0000
static,-3.660635,39.009341,415.0000
static,-3.660635,39.054257,399.0000
static,-3.660635,39.099173,375.0000
static,-3.660635,39.144089,345.0000
static,-3.660635,39.189004,326.0000
static,-3.660635,39.233920,303.0000
static,-3.660635,39.278836,274.0000
static,-3.660635,39.323752,244.0000
static,-3.660635,39.368667,234.0000
static,-3.660635,39.413583,220.0000
static,-3.660635,39.458499,231.0000
static,-3.660635,39.503415,236.0000
static,-3.660635,39.548330,238.0000
static,-3.660635,39.593246,212.0000
static,-3.660635,39.638162,190.0000
static,-3.660635,39.683078,129.0000
static,-3.660635,39.727993,142.0000
static,-3.660635,39.772909,52.0000
static,-3.660635,39.817825,35.0000
static,-3.660635,39.862741,18.0000
static,-3.705551,37.796616,711.0000
static,-3.705551,37.841531,715.0000
static,-3.705551,37.886447,737.0000
static,-3.705551,37.931363,769.0000
static,-3.705551,37.976279,784.0000
static,-3.705551,38.021194,791.0000
static,-3.705551,38.066110,824.0000
static,-3.705551,38.111026,801.0000
static,-3.705551,38.155942,803.0000
static,-3.705551,38.200857,770.0000
static,-3.705551,38.245773,781.0000
static,-3.705551,38.290689,808.0000
static,-3.705551,38.335605,833.0000
static,-3.705551,38.380521,823.0000
static,-3.705551,38.425436,733.0000
static,-3.705551,38.470352,748.0000
static,-3.705551,38.515268,749.0000
static,-3.705551,38.560184,668.0000
static,-3.705551,38.605099,675.0000
static,-3.705551,38.650015,671.0000
static,-3.705551,38.694931,612.0000
static,-3.705551,38.739847,497.0000
static,-3.705551,38.784762,470.0000
static,-3.705551,38.829678,449.0000
static,-3.705551,38.874594,431.0000
static,-3.705551,38.919510,420.0000
static,-3.705551,38.964425,415.0000
static,-3.705551,39.009341,401.0000
static,-3.705551,39.054257,383.0000
static,-3.705551,39.099173,382.0000
static,-3.705551,39.144089,351.0000
static,-3.705551,39.189004,323.0000
static,-3.705551,39.233920,306.0000
static,-3.705551,39.278836,251.0000
static,-3.705551,39.323752,234.0000
static,-3.705551,39.368667,226.0000
static,-3.705551,39.413583,220.0000
static,-3.705551,39.458499,208.0000
static,-3.705551,39.503415,223.0000
static,-3.705551,39.548330,264.0000
static,-3.705551,39.593246,263.0000
static,-3.705551,39.638162,225.0000
static,-3.705551,39.683078,184.0000
static,-3.705551,39.727993,203.0000
static,-3.705551,39.772909,50.0000
static,-3.705551,39.817825,33.0000
static,-3.705551,39.862741,17.0000
static,-3.750466,37.886447,726.0000
static,-3.750466,37.931363,728.0000
static,-3.750466,37.976279,757.0000
static,-3.750466,38.021194,755.0000
static,-3.750466,38.066110,778.0000
static,-3.750466,38.111026,783.0000
static,-3.750466,38.155942,764.0000
static,-3.750466,38.200857,752.0000
static,-3.750466,38.245773,757.0000
static,-3.750466,38.290689,763.0000
static,-3.750466,38.335605,761.0000
static,-3.750466,38.380521,774.0000
static,-3.750466,38.425436,713.0000
static,-3.750466,38.470352,709.0000
static,-3.750466,38.515268,722.0000
static,-3.750466,38.560184,652.0000
static,-3.750466,38.605099,634.0000
static,-3.750466,38.650015,628.0000
static,-3.750466,38.694931,567.0000
static,-3.750466,38.739847,495.0000
static,-3.750466,38.784762,472.0000
static,-3.750466,38.829678,455.0000
static,-3.750466,38.874594,429.0000
static,-3.750466,38.919510,397.0000
static,-3.750466,38.964425,394.0000
static,-3.750466,39.009341,389.0000
static,-3.750466,39.054257,371.0000
static,-3.750466,39.099173,364.0000
static,-3.750466,39.144089,337.0000
static,-3.750466,39.189004,305.0000
static,-3.750466,39.233920,287.0000
static,-3.750466,39.278836,257.0000
static,-3.750466,39.323752,229.0000
static,-3.750466,39.368667,220.0000
static,-3.750466,39.413583,217.0000
static,-3.750466,39.458499,202.0000
static,-3.750466,39.503415,209.0000
static,-3.750466,39.548330,256.0000
static,-3.750466,39.593246,280.0000
static,-3.750466,39.638162,212.0000
static,-3.750466,39.683078,221.0000
static,-3.750466,39.727993,176.0000
static,-3.750466,39.772909,62.0000
static,-3.750466,39.817825,46.0000
static,-3.750466,39.862741,7.0000
static,-3.795382,37.931363,769.0000
static,-3.795382,37.976279,762.0000
static,-3.795382,38.021194,745.0000
static,-3.795382,38.066110,741.0000
static,-3.795382,38.111026,722.0000
static,-3.795382,38.155942,718.0000
static,-3.795382,38.200857,718.0000
static,-3.795382,38.245773,820.0000
static,-3.795382,38.290689,788.0000
static,-3.795382,38.335605,732.0000
static,-3.795382,38.380521,690.0000
static,-3.795382,38.425436,660.0000
static,-3.795382,38.470352,655.0000
static,-3.795382,38.515268,645.0000
static,-3.795382,38.560184,631.0000
static,-3.795382,38.605099,588.0000
static,-3.795382,38.650015,765.0000
static,-3.795382,38.694931,617.0000
static,-3.795382,38.739847,517.0000
static,-3.795382,38.784762,500.0000
static,-3.795382,38.829678,463.0000
static,-3.795382,38.874594,436.0000
static,-3.795382,38.919510,391.0000
static,-3.795382,38.964425,363.0000
static,-3.795382,39.009341,354.0000
static,-3.795382,39.054257,340.0000
static,-3.795382,39.099173,350.0000
static,-3.795382,39.144089,312.0000
static,-3.795382,39.189004,310.0000
static,-3.795382,39.233920,285.0000
static,-3.795382,39.278836,268.0000
static,-3.795382,39.323752,223.0000
static,-3.795382,39.368667,217.0000
static,-3.795382,39.413583,211.0000
static,-3.795382,39.458499,201.0000
static,-3.795382,39.503415,186.0000
static,-3.795382,39.548330,203.0000
static,-3.795382,39.593246,223.0000
static,-3.795382,39.638162,224.0000
static,-3.795382,39.683078,174.0000
static,-3.795382,39.727993,84.0000
static,-3.795382,39.772909,85.0000
static,-3.795382,39.817825,21.0000
static,-3.795382,39.862741,0.0000
static,-3.840298,37.976279,771.0000
static,-3.840298,38.021194,756.0000
static,-3.840298,38.066110,741.0000
static,-3.840298,38.111026,734.0000
static,-3.840298,38.155942,723.0000
static,-3.840298,38.200857,748.0000
static,-3.840298,38.245773,859.0000
static,-3.840298,38.290689,834.0000
static,-3.840298,38.335605,787.0000
static,-3.840298,38.380521,736.0000
static,-3.840298,38.425436,647.0000
static,-3.840298,38.470352,633.0000
static,-3.840298,38.515268,621.0000
static,-3.840298,38.560184,618.0000
static,-3.840298,38.605099,582.0000
static,-3.840298,38.650015,794.0000
static,-3.840298,38.694931,637.0000
static,-3.840298,38.739847,554.0000
static,-3.840298,38.784762,513.0000
static,-3.840298,38.829678,472.0000
static,-3.840298,38.874594,446.0000
static,-3.840298,38.919510,377.0000
static,-3.840298,38.964425,358.0000
static,-3.840298,39.009341,332.0000
static,-3.840298,39.054257,327.0000
static,-3.840298,39.099173,299.0000
static,-3.840298,39.144089,287.0000
static,-3.840298,39.189004,293.0000
static,-3.840298,39.233920,272.0000
static,-3.840298,39.278836,240.0000
static,-3.840298,39.323752,207.0000
static,-3.840298,39.368667,215.0000
static,-3.840298,39.413583,198.0000
static,-3.840298,39.458499,199.0000
static,-3.840298,39.503415,188.0000
static,-3.840298,39.548330,182.0000
static,-3.840298,39.593246,180.0000
static,-3.840298,39.638162,189.0000
static,-3.840298,39.683078,138.0000
static,-3.840298,39.727993,55.0000
static,-3.840298,39.772909,39.0000
static,-3.840298,39.817825,10.0000
static,-3.885214,38.066110,750.0000
static,-3.885214,38.111026,736.0000
static,-3.885214,38.155942,714.0000
static,-3.885214,38.200857,732.0000
static,-3.885214,38.245773,820.0000
static,-3.885214,38.290689,829.0000
static,-3.885214,38.335605,791.0000
static,-3.885214,38.380521,740.0000
static,-3.885214,38.425436,667.0000
static,-3.885214,38.470352,654.0000
static,-3.885214,38.515268,633.0000
static,-3.885214,38.560184,615.0000
static,-3.885214,38.605099,586.0000
static,-3.885214,38.650015,541.0000
static,-3.885214,38.694931,506.0000
static,-3.885214,38.739847,593.0000
static,-3.885214,38.784762,514.0000
static,-3.885214,38.829678,473.0000
static,-3.885214,38.874594,433.0000
static,-3.885214,38.919510,365.0000
static,-3.885214,38.964425,349.0000
static,-3.885214,39.009341,340.0000
static,-3.885214,39.054257,316.0000
static,-3.885214,39.099173,295.0000
static,-3.885214,39.144089,279.0000
static,-3.885214,39.189004,275.0000
static,-3.885214,39.233920,285.0000
static,-3.885214,39.278836,229.0000
static,-3.885214,39.323752,191.0000
static,-3.885214,39.368667,225.0000
static,-3.885214,39.413583,181.0000
static,-3.885214,39.458499,186.0000
static,-3.885214,39.503415,184.0000
static,-3.885214,39.548330,173.0000
static,-3.885214,39.593246,157.0000
static,-3.885214,39.638162,143.0000
static,-3.885214,39.683078,65.0000
static,-3.885214,39.727993,41.0000
static,-3.885214,39.772909,22.0000
static,-3.885214,39.817825,1.0000
static,-3.930129,38.111026,797.0000
static,-3.930129,38.155942,686.0000
static,-3.930129,38.200857,672.0000
static,-3.930129,38.245773,729.0000
static,-3.930129,38.290689,780.0000
static,-3.930129,38.335605,776.0000
static,-3.930129,38.380521,757.0000
static,-3.930129,38.425436,744.0000
static,-3.930129,38.470352,708.0000
static,-3.930129,38.515268,663.0000
static,-3.930129,38.560184,590.0000
static,-3.930129,38.605099,576.0000
static,-3.930129,38.650015,553.0000
static,-3.930129,38.694931,562.0000
static,-3.930129,38.739847,475.0000
static,-3.930129,38.784762,448.0000
static,-3.930129,38.829678,449.0000
static,-3.930129,38.874594,425.0000
static,-3.930129,38.919510,404.0000
static,-3.930129,38.964425,376.0000
static,-3.930129,39.009341,341.0000
static,-3.930129,39.054257,318.0000
static,-3.930129,39.099173,286.0000
static,-3.930129,39.144089,283.0000
static,-3.930129,39.189004,258.0000
static,-3.930129,39.233920,231.0000
static,-3.930129,39.278836,186.0000
static,-3.930129,39.323752,170.0000
static,-3.930129,39.368667,203.0000
static,-3.930129,39.413583,137.0000
static,-3.930129,39.458499,130.0000
static,-3.930129,39.503415,120.0000
static,-3.930129,39.548330,157.0000
static,-3.930129,39.593246,45.0000
static,-3.930129,39.638162,34.0000
static,-3.930129,39.683078,30.0000
static,-3.930129,39.727993,19.0000
static,-3.930129,39.772909,1.0000
static,-3.975045,38.200857,653.0000
static,-3.975045,38.245773,710.0000
static,-3.975045,38.290689,790.0000
static,-3.975045,38.335605,798.0000
static,-3.975045,38.380521,754.0000
static,-3.975045,38.425436,728.0000
static,-3.975045,38.470352,706.0000
static,-3.975045,38.515268,673.0000
static,-3.975045,38.560184,632.0000
static,-3.975045,38.605099,620.0000
static,-3.975045,38.650015,609.0000
static,-3.975045,38.694931,589.0000
static,-3.975045,38.739847,499.0000
static,-3.975045,38.784762,436.0000
static,-3.975045,38.829678,424.0000
static,-3.975045,38.874594,405.0000
static,-3.975045,38.919510,404.0000
static,-3.975045,38.964425,376.0000
static,-3.975045,39.009341,347.0000
static,-3.975045,39.054257,321.0000
static,-3.975045,39.099173,289.0000
static,-3.975045,39.144089,269.0000
static,-3.975045,39.189004,241.0000
static,-3.975045,39.233920,214.0000
static,-3.975045,39.278836,204.0000
static,-3.975045,39.323752,196.0000
static,-3.975045,39.368667,211.0000
static,-3.975045,39.413583,151.0000
static,-3.975045,39.458499,134.0000
static,-3.975045,39.503415,120.0000
static,-3.975045,39.548330,103.0000
static,-3.975045,39.593246,22.0000
static,-3.975045,39.638162,12.0000
static,-3.975045,39.683078,35.0000
static,-3.975045,39.727993,24.0000
static,-3.975045,39.772909,0.0000
static,-4.019961,38.245773,733.0000
static,-4.019961,38.290689,783.0000
static,-4.019961,38.335605,768.0000
static,-4.019961,38.380521,732.0000
static,-4.019961,38.425436,728.0000
static,-4.019961,38.470352,715.0000
static,-4.019961,38.515268,686.0000
static,-4.019961,38.560184,662.0000
static,-4.019961,38.605099,673.0000
static,-4.019961,38.650015,665.0000
static,-4.019961,38.694931,627.0000
static,-4.019961,38.739847,527.0000
static,-4.019961,38.784762,459.0000
static,-4.019961,38.829678,421.0000
static,-4.019961,38.874594,394.0000
static,-4.019961,38.919510,360.0000
static,-4.019961,38.964425,371.0000
static,-4.019961,39.009341,346.0000
static,-4.019961,39.054257,323.0000
static,-4.019961,39.099173,305.0000
static,-4.019961,39.144089,287.0000
static,-4.019961,39.189004,242.0000
static,-4.019961,39.233920,237.0000
static,-4.019961,39.278836,200.0000
static,-4.019961,39.323752,239.0000
static,-4.019961,39.368667,225.0000
static,-4.019961,39.413583,167.0000
static,-4.019961,39.458499,151.0000
static,-4.019961,39.503415,133.0000
static,-4.019961,39.548330,48.0000
static,-4.019961,39.593246,54.0000
static,-4.019961,39.638162,17.0000
static,-4.019961,39.683078,24.0000
static,-4.019961,39.727993,14.0000
static,-4.064877,38.290689,744.0000
static,-4.064877,38.335605,704.0000
static,-4.064877,38.380521,703.0000
static,-4.064877,38.425436,727.0000
static,-4.064877,38.470352,712.0000
static,-4.064877,38.515268,710.0000
static,-4.064877,38.560184,681.0000
static,-4.064877,38.605099,699.0000
static,-4.064877,38.650015,688.0000
static,-4.064877,38.694931,667.0000
static,-4.064877,38.739847,521.0000
static,-4.064877,38.784762,489.0000
static,-4.064877,38.829678,450.0000
static,-4.064877,38.874594,421.0000
static,-4.064877,38.919510,358.0000
static,-4.064877,38.964425,346.0000
static,-4.064877,39.009341,333.0000
static,-4.064877,39.054257,314.0000
static,-4.064877,39.099173,288.0000
static,-4.064877,39.144089,261.0000
static,-4.064877,39.189004,245.0000
static,-4.064877,39.233920,270.0000
static,-4.064877,39.278836,218.0000
static,-4.064877,39.323752,234.0000
static,-4.064877,39.368667,188.0000
static,-4.064877,39.413583,162.0000
static,-4.064877,39.458499,160.0000
static,-4.064877,39.503415,92.0000
static,-4.064877,39.548330,29.0000
static,-4.064877,39.593246,14.0000
static,-4.064877,39.638162,14.0000
static,-4.064877,39.683078,17.0000
static,-4.064877,39.727993,4.0000
static,-4.109792,38.380521,612.0000
static,-4.109792,38.425436,646.0000
static,-4.109792,38.470352,654.0000
static,-4.109792,38.515268,634.0000
static,-4.109792,38.560184,619.0000
static,-4.109792,38.605099,622.0000
static,-4.109792,38.650015,636.0000
static,-4.109792,38.694931,656.0000
static,-4.109792,38.739847,576.0000
static,-4.109792,38.784762,535.0000
static,-4.109792,38.829678,490.0000
static,-4.109792,38.874594,448.0000
static,-4.109792,38.919510,370.0000
static,-4.109792,38.964425,346.0000
static,-4.109792,39.009341,308.0000
static,-4.109792,39.054257,297.0000
static,-4.109792,39.099173,272.0000
static,-4.109792,39.144089,255.0000
static,-4.109792,39.189004,241.0000
static,-4.109792,39.233920,227.0000
static,-4.109792,39.278836,225.0000
static,-4.109792,39.323752,213.0000
static,-4.109792,39.368667,217.0000
static,-4.109792,39.413583,145.0000
static,-4.109792,39.458499,199.0000
static,-4.109792,39.503415,118.0000
static,-4.109792,39.548330,72.0000
static,-4.109792,39.593246,43.0000
static,-4.109792,39.638162,18.0000
static,-4.109792,39.683078,0.0000
static,-4.154708,38.425436,615.0000
static,-4.154708,38.470352,597.0000
static,-4.154708,38.515268,590.0000
static,-4.154708,38.560184,590.0000
static,-4.154708,38.605099,588.0000
static,-4.154708,38.650015,613.0000
static,-4.154708,38.694931,604.0000
static,-4.154708,38.739847,578.0000
static,-4.154708,38.784762,562.0000
static,-4.154708,38.829678,523.0000
static,-4.154708,38.874594,479.0000
static,-4.154708,38.919510,359.0000
static,-4.154708,38.964425,319.0000
static,-4.154708,39.009341,271.0000
static,-4.154708,39.054257,256.0000
static,-4.154708,39.099173,246.0000
static,-4.154708,39.144089,239.0000
static,-4.154708,39.189004,244.0000
static,-4.154708,39.233920,239.0000
static,-4.154708,39.278836,199.0000
static,-4.154708,39.323752,204.0000
static,-4.154708,39.368667,183.0000
static,-4.154708,39.413583,287.0000
static,-4.154708,39.458499,346.0000
static,-4.154708,39.503415,158.0000
static,-4.154708,39.548330,70.0000
static,-4.154708,39.593246,28.0000
static,-4.154708,39.638162,7.0000
static,-4.199624,38.515268,543.0000
static,-4.199624,38.560184,547.0000
static,-4.199624,38.605099,538.0000
static,-4.199624,38.650015,564.0000
static,-4.199624,38.694931,568.0000
static,-4.199624,38.739847,551.0000
static,-4.199624,38.784762,537.0000
static,-4.199624,38.829678,517.0000
static,-4.199624,38.874594,455.0000
static,-4.199624,38.919510,344.0000
static,-4.199624,38.964425,307.0000
static,-4.199624,39.009341,263.0000
static,-4.199624,39.054257,224.0000
static,-4.199624,39.099173,206.0000
static,-4.199624,39.144089,178.0000
static,-4.199624,39.189004,210.0000
static,-4.199624,39.233920,234.0000
static,-4.199624,39.278836,218.0000
static,-4.199624,39.323752,215.0000
static,-4.199624,39.368667,168.0000
static,-4.199624,39.413583,326.0000
static,-4.199624,39.458499,272.0000
static,-4.199624,39.503415,163.0000
static,-4.199624,39.548330,83.0000
static,-4.199624,39.593246,19.0000
static,-4.199624,39.638162,1.0000
static,-4.244540,38.560184,490.0000
static,-4.244540,38.605099,493.0000
static,-4.244540,38.650015,500.0000
static,-4.244540,38.694931,506.0000
static,-4.244540,38.739847,507.0000
static,-4.244540,38.784762,489.0000
static,-4.244540,38.829678,510.0000
static,-4.244540,38.874594,469.0000
static,-4.244540,38.919510,335.0000
static,-4.244540,38.964425,292.0000
static,-4.244540,39.009341,255.0000
static,-4.244540,39.054257,232.0000
static,-4.244540,39.099173,167.0000
static,-4.244540,39.144089,162.0000
static,-4.244540,39.189004,198.0000
static,-4.244540,39.233920,202.0000
static,-4.244540,39.278836,178.0000
static,-4.244540,39.323752,175.0000
static,-4.244540,39.368667,198.0000
static,-4.244540,39.413583,351.0000
static,-4.244540,39.458499,201.0000
static,-4.244540,39.503415,141.0000
static,-4.244540,39.548330,60.0000
static,-4.244540,39.593246,8.0000
static,-4.289455,38.650015,401.0000
static,-4.289455,38.694931,384.0000
static,-4.289455,38.739847,465.0000
static,-4.289455,38.784762,427.0000
static,-4.289455,38.829678,458.0000
static,-4.289455,38.874594,417.0000
static,-4.289455,38.919510,338.0000
static,-4.289455,38.964425,277.0000
static,-4.289455,39.009341,237.0000
static,-4.289455,39.054257,209.0000
static,-4.289455,39.099173,143.0000
static,-4.289455,39.144089,135.0000
static,-4.289455,39.189004,137.0000
static,-4.289455,39.233920,162.0000
static,-4.289455,39.278836,180.0000
static,-4.289455,39.323752,203.0000
static,-4.289455,39.368667,221.0000
static,-4.289455,39.413583,167.0000
static,-4.289455,39.458499,135.0000
static,-4.289455,39.503415,88.0000
static,-4.289455,39.548330,46.0000
static,-4.289455,39.593246,0.0000
static,-4.334371,38.694931,362.0000
static,-4.334371,38.739847,437.0000
static,-4.334371,38.784762,395.0000
static,-4.334371,38.829678,401.0000
static,-4.334371,38.874594,365.0000
static,-4.334371,38.919510,353.0000
static,-4.334371,38.964425,275.0000
static,-4.334371,39.009341,237.0000
static,-4.334371,39.054257,200.0000
static,-4.334371,39.099173,153.0000
static,-4.334371,39.144089,119.0000
static,-4.334371,39.189004,126.0000
static,-4.334371,39.233920,125.0000
static,-4.334371,39.278836,132.0000
static,-4.334371,39.323752,136.0000
static,-4.334371,39.368667,126.0000
static,-4.334371,39.413583,116.0000
static,-4.334371,39.458499,114.0000
static,-4.334371,39.503415,68.0000
static,-4.334371,39.548330,30.0000
static,-4.334371,39.593246,0.0000
static,-4.379287,38.739847,392.0000
static,-4.379287,38.784762,350.0000
static,-4.379287,38.829678,335.0000
static,-4.379287,38.874594,307.0000
static,-4.379287,38.919510,352.0000
static,-4.379287,38.964425,257.0000
static,-4.379287,39.009341,224.0000
static,-4.379287,39.054257,186.0000
static,-4.379287,39.099173,147.0000
static,-4.379287,39.144089,119.0000
static,-4.379287,39.189004,96.0000
static,-4.379287,39.233920,87.0000
static,-4.379287,39.278836,99.0000
static,-4.379287,39.323752,97.0000
static,-4.379287,39.368667,93.0000
static,-4.379287,39.413583,104.0000
static,-4.379287,39.458499,74.0000
static,-4.379287,39.503415,33.0000
static,-4.379287,39.548330,15.0000
static,-4.424203,38.829678,288.0000
static,-4.424203,38.874594,270.0000
static,-4.424203,38.919510,334.0000
static,-4.424203,38.964425,239.0000
static,-4.424203,39.009341,197.0000
static,-4.424203,39.054257,179.0000
static,-4.424203,39.099173,115.0000
static,-4.424203,39.144089,114.0000
static,-4.424203,39.189004,109.0000
static,-4.424203,39.233920,94.0000
static,-4.424203,39.278836,61.0000
static,-4.424203,39.323752,52.0000
static,-4.424203,39.368667,60.0000
static,-4.424203,39.413583,72.0000
static,-4.424203,39.458499,43.0000
static,-4.424203,39.503415,16.0000
static,-4.424203,39.548330,7.0000
static,-4.469119,38.874594,211.0000
static,-4.469119,38.919510,207.0000
static,-4.469119,38.964425,210.0000
static,-4.469119,39.009341,173.0000
static,-4.469119,39.054257,135.0000
static,-4.469119,39.099173,77.0000
static,-4.469119,39.144089,95.0000
static,-4.469119,39.189004,92.0000
static,-4.469119,39.233920,82.0000
static,-4.469119,39.278836,47.0000
static,-4.469119,39.323752,66.0000
static,-4.469119,39.368667,53.0000
static,-4.469119,39.413583,36.0000
static,-4.469119,39.458499,21.0000
static,-4.469119,39.503415,2.0000
static,-4.514034,38.964425,172.0000
static,-4.514034,39.009341,146.0000
static,-4.514034,39.054257,131.0000
static,-4.514034,39.099173,81.0000
static,-4.514034,39.144089,61.0000
static,-4.514034,39.189004,52.0000
static,-4.514034,39.233920,91.0000
static,-4.514034,39.278836,25.0000
static,-4.514034,39.323752,40.0000
static,-4.514034,39.368667,30.0000
static,-4.514034,39.413583,10.0000
static,-4.514034,39.458499,7.0000
static,-4.558950,39.009341,122.0000
static,-4.558950,39.054257,116.0000
static,-4.558950,39.099173,69.0000
static,-4.558950,39.144089,53.0000
static,-4.558950,39.189004,39.0000
static,-4.558950,39.233920,33.0000
static,-4.558950,39.278836,18.0000
static,-4.558950,39.323752,14.0000
static,-4.558950,39.368667,13.0000
static,-4.558950,39.413583,5.0000
static,-4.558950,39.458499,4.0000
static,-4.603866,39.099173,71.0000
static,-4.603866,39.144089,49.0000
static,-4.603866,39.189004,30.0000
static,-4.603866,39.233920,22.0000
static,-4.603866,39.278836,6.0000
static,-4.603866,39.323752,9.0000
static,-4.603866,39.368667,17.0000
static,-4.603866,39.413583,3.0000
static,-4.603866,39.458499,1.0000
static,-4.648782,39.144089,53.0000
static,-4.648782,39.189004,14.0000
static,-4.648782,39.233920,7.0000
static,-4.648782,39.323752,1.0000
static,-4.648782,39.368667,4.0000
static,-4.648782,39.413583,0.0000
static,-4.693697,39.189004,12.0000
static,-4.693697,39.233920,3.0000
