{"type": "FeatureCollection", "columns": {"shapeGroup": "String", "shapeID": "String", "shapeName": "String", "shapeType": "String", "system:index": "String"}, "version": 1710456086816431, "id": "WM/geoLab/geoBoundaries/600/ADM1", "properties": {"system:asset_size": 71364159}, "features": [{"type": "Feature", "geometry": {"type": "Polygon", "coordinates": [[[33.99440728922437, 4.2212615296301825], [34.03901167762095, 4.1874526114227395], [34.048567486144755, 4.178338185113453], [34.067014800962184, 4.142166019061932], [34.06598474733209, 4.140801482682873], [34.06637712581575, 4.140070195283372], [34.05128751723112, 4.119857075947543], [34.064013822759314, 4.093218447573525], [34.08179673358903, 4.084995878846515], [34.09312725559931, 4.0687156464543275], [34.09312725559931, 4.0470444463197754], [34.09129461417332, 4.040815094643663], [34.08977852665386, 4.034483180553809], [34.06025929539967, 4.025114591504145], [34.060629350871835, 4.020775887117954], [34.06195813925149, 4.009373965412719], [34.08146227467354, 4.003483464733142], [34.09558425358992, 3.9865255415739096], [34.10594723416568, 3.976925105744387], [34.134387332416615, 3.961648175122117], [34.13429368408615, 3.9596103964420535], [34.1344898954813, 3.9595033660030787], [34.134547884314856, 3.9594721434374165], [34.134168876096844, 3.9544422668359767], [34.12881793226589, 3.9319461141997856], [34.11947165766751, 3.8991628178120643], [34.11869576536066, 3.897686859552156], [34.11485645685136, 3.893918930562227], [34.09130795033048, 3.882739932898116], [34.08881532901801, 3.8614878577208294], [34.092632297415975, 3.8602259732101425], [34.10888576266518, 3.8687294750140144], [34.12783689436041, 3.8722254194228816], [34.14947253045515, 3.8689435121757807], [34.16720631930942, 3.8702990231910066], [34.169538412093345, 3.8755652259043125], [34.175375423680954, 3.879979746147327], [34.193256415859054, 3.8817901748315817], [34.20444426070755, 3.8822895538521265], [34.21555640412107, 3.8815448853580947], [34.22539313801658, 3.851370183971358], [34.22539313801657, 3.847900986877464], [34.225553697300626, 3.8471028080552574], [34.22555369730062, 3.8412212811470865], [34.225553697300626, 3.83101437826465], [34.18006195322665, 3.8315583701607907], [34.16859753644776, 3.8183148734220693], [34.1639021773918, 3.8104712885671987], [34.15827475732171, 3.80752829471609], [34.15317353281818, 3.8069664265055514], [34.15339652696401, 3.8042998839653204], [34.15334296427886, 3.8042954328399543], [34.15358378389856, 3.800335773013028], [34.159220069611585, 3.8017359036550933], [34.16246632743612, 3.797780677373092], [34.17073795912477, 3.8005185794996548], [34.18863675824498, 3.795386173622946], [34.188146311378986, 3.792273696947975], [34.1883959474709, 3.792197898707883], [34.18823099426416, 3.7902403682202612], [34.18824881329798, 3.790164524657211], [34.187923318390155, 3.7888089974552366], [34.18947509375414, 3.78300323976254], [34.18957767901011, 3.7826108386606947], [34.190282196428086, 3.779979975003549], [34.1846190880923, 3.7778663734176936], [34.16997540755162, 3.7721140999826934], [34.167723614915964, 3.7716191640271046], [34.17179924024713, 3.7676862005361005], [34.18848071497336, 3.771949108324566], [34.221157000202936, 3.7844970290161037], [34.22584351753088, 3.783114685221115], [34.226360730235385, 3.7793958393838794], [34.226668444085924, 3.779217473251294], [34.22696716638931, 3.776113912793494], [34.22702518048614, 3.774562133152597], [34.22707869930533, 3.7741964821257845], [34.22898720531625, 3.774575520836907], [34.23304495676193, 3.7811393161494893], [34.24554383735269, 3.7842562310208496], [34.259019234898474, 3.7650686994419793], [34.267241788708084, 3.747370533019069], [34.28304043155789, 3.7314471334542185], [34.29712672939017, 3.7216281426296556], [34.30775274200866, 3.712411225581805], [34.30748962602061, 3.710105839113589], [34.30808271632318, 3.7096242899563774], [34.306584433294276, 3.697397422425768], [34.31179717335179, 3.7006480639291603], [34.3122252559448, 3.7018832366422454], [34.31705443071007, 3.715724286322203], [34.31760288936461, 3.7172938922030108], [34.317865975469765, 3.718043030757946], [34.32448328840003, 3.7250081365911214], [34.336282102767434, 3.728682483280899], [34.354180909801116, 3.7326376620846804], [34.37007759959849, 3.7321649982694343], [34.37734148278265, 3.7280581629904335], [34.39541418261043, 3.708032387175216], [34.39988668281346, 3.7028731743820846], [34.402896581192415, 3.6905170101298337], [34.41878435556593, 3.687475890108937], [34.45468906659617, 3.67447319986304], [34.46273328586542, 3.667570468114854], [34.46288487297242, 3.6674367331679516], [34.4557458687801, 3.623933712092909], [34.45435904595937, 3.616652019329841], [34.4532442759986, 3.6107927779456603], [34.456490495552146, 3.578740747273726], [34.45630319738652, 3.576698457529205], [34.4564013301698, 3.5757709921876573], [34.454738049302485, 3.557395029220191], [34.45215182665839, 3.528892421972914], [34.451041512673164, 3.5166388051966497], [34.450938974588865, 3.5154660554728734], [34.44577079896346, 3.50801492163274], [34.43372679027446, 3.4953599811593885], [34.423461913517556, 3.4880203262037637], [34.3968901419954, 3.485184364849814], [34.39111560159457, 3.4893669695836906], [34.38961736462304, 3.488938871404216], [34.38942120435295, 3.4888809510876237], [34.38961736462305, 3.4879668206772747], [34.390504779108085, 3.4842078149626245], [34.3937643127655, 3.4797754305297333], [34.40569687890454, 3.467441575421043], [34.41651022979925, 3.451067725953536], [34.41897613439072, 3.433686159187187], [34.41894930569229, 3.433646012698938], [34.41905188098743, 3.432968269405894], [34.40980371449705, 3.418088262534364], [34.40169261720819, 3.4150426575179442], [34.400305875522726, 3.39026343991207], [34.40048423498429, 3.3788838296801553], [34.400395012973036, 3.3760478550564974], [34.40051538648127, 3.373657739920436], [34.40057337225479, 3.373309932445919], [34.40097021401693, 3.371000149990586], [34.41675550304795, 3.3564634894638585], [34.42924094066601, 3.3431218506928992], [34.432982140310635, 3.329646408948223], [34.43828399564716, 3.307921671860433], [34.44198056001373, 3.296952312861073], [34.44743408001396, 3.2838871461674026], [34.44828580244563, 3.2791471263658742], [34.45169700909014, 3.240972737792909], [34.45169252519989, 3.238769921434368], [34.45180842945946, 3.2374366884264245], [34.45186646613357, 3.2304715418540715], [34.45191105113274, 3.2255531762311014], [34.4519288174449, 3.2234484925123112], [34.453476164879575, 3.2112706674593157], [34.45549165199456, 3.1886362513452777], [34.455612034943265, 3.18247825914379], [34.455674468199675, 3.179316781501378], [34.46062854971825, 3.170750809097571], [34.47093798534881, 3.169297152694085], [34.482331026898166, 3.161587396026374], [34.482964216937845, 3.1611771326969595], [34.489282758579726, 3.1513002160125243], [34.49470501804955, 3.1383510197830105], [34.51148018020318, 3.1458288960977683], [34.535987364856254, 3.1379898115736435], [34.5459044349471, 3.132808348813925], [34.557466871941216, 3.1113689703012057], [34.559999629247784, 3.1066646088108567], [34.566607993451214, 3.100858869541379], [34.57230232198455, 3.0913966798856207], [34.57485289696304, 3.0688826410442904], [34.572743756745716, 3.0500697343090883], [34.5757358229072, 3.0352030559159617], [34.576574133849256, 3.0204880571513613], [34.57708693320279, 3.0198414828081437], [34.57722514351741, 3.0165863399905835], [34.58179567571001, 3.0061163686761665], [34.58772628987932, 2.998451178185591], [34.58877870004259, 2.982108522716915], [34.599039095891676, 2.92467533506123], [34.59942254076243, 2.924514834469294], [34.60000218119965, 2.9212240054000915], [34.63337857642487, 2.907249148678649], [34.6405265503866, 2.903177985287253], [34.65289610299274, 2.867563155565713], [34.65315919933708, 2.867487342047263], [34.65426500555421, 2.8643302893923432], [34.669586493309566, 2.8600629254327075], [34.68621004665152, 2.8609012946189742], [34.69360769059369, 2.859741911222], [34.70282466656887, 2.874216124840948], [34.70947758212545, 2.8702787462425507], [34.71296014526167, 2.8620517265312224], [34.722114667010636, 2.858042955742239], [34.72760827955535, 2.8563931108190346], [34.73258022017444, 2.8546674361686746], [34.73740051139556, 2.8519295590042244], [34.74152514478481, 2.8432923049101877], [34.74409359150637, 2.837499935991699], [34.750425550449805, 2.822526250324381], [34.758420711964604, 2.824831596534952], [34.762148548576796, 2.8209343699076226], [34.76698665485348, 2.811173350581103], [34.76722740238304, 2.8024469304222492], [34.775378701840516, 2.7877943067848117], [34.77816114680944, 2.7703280164813435], [34.783503184823225, 2.755171499120102], [34.783793020672, 2.742690523516586], [34.775409888110445, 2.697880988742682], [34.776908164310306, 2.696431782284829], [34.77682783997294, 2.6959769303253336], [34.789478375411065, 2.6839953721149152], [34.79039695028988, 2.681270827438455], [34.791391275432616, 2.680329977959578], [34.791507232931956, 2.6802185204044875], [34.79668867071655, 2.664535819690646], [34.79958712911861, 2.655408079013588], [34.80001072035761, 2.6540658380945477], [34.83018992840565, 2.6206894791132767], [34.8301943927703, 2.6206761144435786], [34.832901102537676, 2.61778214124857], [34.83291003098341, 2.617768762304065], [34.83876478466184, 2.6038697649523423], [34.8398127037169, 2.6013771277953794], [34.851241362061806, 2.5845707899993586], [34.85382765809651, 2.580767185981517], [34.86986705516516, 2.568054285705912], [34.88002043064828, 2.5700073643519405], [34.8819779408691, 2.5867022044427177], [34.895297293486394, 2.590287355235413], [34.89703183005735, 2.587857124717016], [34.897450981974046, 2.5872685425705853], [34.89892254233628, 2.5852039806975666], [34.90652082206318, 2.5462938492174785], [34.914154775086146, 2.516734488143599], [34.93182180482278, 2.516605132050019], [34.93272252548959, 2.513519457530545], [34.933632154469414, 2.51347487557169], [34.936784735852974, 2.499901388314514], [34.94640748943403, 2.47723128991753], [34.94808411857274, 2.4726428695966733], [34.9490606228229, 2.469980794205868], [34.952467406458126, 2.4701056342234797], [34.95470585664352, 2.470181439113755], [34.95475043495472, 2.4700387376667203], [34.95428227740552, 2.469142484460367], [34.95471477230764, 2.4686385806429962], [34.95255210746961, 2.461191918045869], [34.952650266331204, 2.4608530274067633], [34.95220876083885, 2.460072648966134], [34.95211514354672, 2.457838649632961], [34.95268592984826, 2.457160869480827], [34.95373379129054, 2.455916801125895], [34.95404146880368, 2.4554129239551155], [34.95333695461774, 2.4549001424294645], [34.952427284896785, 2.45490011798633], [34.95031814249922, 2.4532680755127094], [34.94910074597999, 2.4538700684654176], [34.948498812510735, 2.453664923548602], [34.94719230943425, 2.452443154198033], [34.94659027827895, 2.4515290352751085], [34.9459838686705, 2.451323887301688], [34.94557807904158, 2.452639325883314], [34.94486912018951, 2.452536789469485], [34.94416898805663, 2.451823354419542], [34.943500143219474, 2.451644982090757], [34.97117779346038, 2.436492955022182], [35.00996751087757, 2.4034688195301794], [35.01342327796476, 2.406946938274522], [35.00854058083137, 2.421269582198157], [35.0087055834618, 2.4247254024180838], [35.02140510913919, 2.4337862806600663], [35.01988457854419, 2.4401895157665274], [35.022131915079925, 2.443328743796793], [35.01686125318349, 2.453459838131564], [35.00561545000863, 2.4626366322796422], [35.00097348042375, 2.4684201083764346], [34.99732149366247, 2.4750909239898244], [34.99704953445209, 2.4794341037060432], [34.99846749576197, 2.489467074121191], [35.00264120935066, 2.5002893047844217], [35.004683478759496, 2.5084182237806774], [35.00712707588009, 2.5391458873985604], [35.00960632569646, 2.5540259438529187], [35.012424487248495, 2.561807085286065], [35.016134485795206, 2.567648472175153], [35.02048650754767, 2.568509078210404], [35.02637698185399, 2.564790175188746], [35.02804916607316, 2.5597023962885848], [35.029600978428135, 2.5429851753140746], [35.03160309845864, 2.537237439867358], [35.044307067393454, 2.5168860620641227], [35.05434450757362, 2.496597167883001], [35.060038726683594, 2.4840849515863193], [35.0649705145347, 2.4665383635613174], [35.06785553064538, 2.46247169899325], [35.079743562206914, 2.4681570024439496], [35.08620480252096, 2.472446675928018], [35.093343786007885, 2.478560095357742], [35.10098225161456, 2.4882988029542057], [35.101209625695944, 2.491250678108929], [35.10481704944821, 2.4979170598874676], [35.107492479410794, 2.5051452532077803], [35.107648556110426, 2.511628790247525], [35.11052471460249, 2.5205827054351206], [35.109227105691694, 2.52609414328415], [35.110217021246726, 2.5296212876340545], [35.10766643900577, 2.5366933846104978], [35.10759062557811, 2.5418659355602404], [35.10451831885607, 2.547533488523276], [35.104754667065876, 2.5541775378699545], [35.10763075716854, 2.5601973367215143], [35.10734983563121, 2.568941631216075], [35.11401168690867, 2.5946171327273353], [35.11698148029327, 2.60368248489089], [35.12240375053492, 2.6101883203860847], [35.124994509950916, 2.6153608677706295], [35.12568121896259, 2.6204085903399235], [35.127710087518196, 2.623400605349667], [35.128120287171875, 2.6343521803592784], [35.129270799573085, 2.636153666828686], [35.13051043439008, 2.6449380536523304], [35.13440321625672, 2.6515509095718364], [35.13705638129884, 2.6460216467268114], [35.14336599601773, 2.647930127308986], [35.15169108338227, 2.6491475045848576], [35.1605379794239, 2.6482378065668195], [35.17438351795444, 2.6368135717516026], [35.18699829357953, 2.611441335764229], [35.19821739648769, 2.591848026556156], [35.207429909096504, 2.5682816879968406], [35.21286105039529, 2.5507396001155325], [35.22492737795417, 2.5299200365556755], [35.22199329361395, 2.5166987948284887], [35.22012493639244, 2.493774572848413], [35.22067788530755, 2.479416243215535], [35.222568531900706, 2.462266575878181], [35.22465984702111, 2.4556091006564187], [35.230443302747794, 2.4461335542353173], [35.23169635257388, 2.441384580802046], [35.226644132995695, 2.4327517827487406], [35.22351383902795, 2.418210634416832], [35.22331765200509, 2.4120481576601134], [35.22817809065237, 2.3979707907935253], [35.23664146823228, 2.3785915016641352], [35.23443418414468, 2.3682463766728867], [35.232133285007045, 2.351217113278266], [35.235112026381614, 2.3467401329172217], [35.238973592628206, 2.3435117735677284], [35.24543481248923, 2.341522986393942], [35.261260125521005, 2.331681751770952], [35.26604476224522, 2.324756793646022], [35.27114594104946, 2.3197313910189536], [35.27416475334796, 2.3140326371458624], [35.280683965641245, 2.3052883869297505], [35.28555778943267, 2.297560739086231], [35.29444921650102, 2.279104496681633], [35.29804331364233, 2.270694638423719], [35.30160609486189, 2.2599838813807804], [35.308820895732644, 2.234174604124397], [35.31439478635164, 2.2118434310675155], [35.31568793400548, 2.201970969187378], [35.31834560228563, 2.1894230939513277], [35.32486475406367, 2.166793164386005], [35.329475471878034, 2.1558326526329474], [35.333395002541316, 2.143659316349574], [35.34031558110059, 2.1250336482426406], [35.345425724938245, 2.104606489558118], [35.35384443273928, 2.0784494058242338], [35.356225643548534, 2.067645049840322], [35.35965022369794, 2.057398039592527], [35.361977865544425, 2.0442258368414676], [35.36579482418386, 2.0362128374738013], [35.371649648570084, 2.0121827175440923], [35.374940439377646, 1.9921747259866076], [35.3751901598307, 1.9819812530922842], [35.37336644656836, 1.9661915874505396], [35.374008500029404, 1.9628428022810445], [35.379172194410955, 1.9480118097019434], [35.37348235466247, 1.9457465765281086], [35.369585074779515, 1.939860575780231], [35.36923281408049, 1.9349020471781546], [35.365406892567364, 1.9284675582997743], [35.441657563593324, 1.8519003486389793], [35.44555483708312, 1.8492962296822761], [35.4482213380783, 1.8503352245141234], [35.44957692159232, 1.8451760293495765], [35.45938690143651, 1.845657582077397], [35.45992645492198, 1.8436376448086174], [35.46537997454707, 1.8401595337724612], [35.466013196490074, 1.834616874783111], [35.46855038171079, 1.8304743561079464], [35.468412122535135, 1.825551531955982], [35.46434549245767, 1.8213822800546655], [35.46875994338708, 1.818274266235742], [35.465986363026516, 1.8086425835913555], [35.46819369930791, 1.8046829382260854], [35.47748197825322, 1.8026941532360101], [35.478543206224145, 1.795613128913238], [35.48174043010925, 1.7908909377805324], [35.48484392544732, 1.7912833498383325], [35.49858692149902, 1.7789494200502056], [35.50438819026612, 1.7760153714995464], [35.50770128412549, 1.7673423887649928], [35.50992194129422, 1.763886597748941], [35.5143409341992, 1.7659110293237095], [35.524949109822934, 1.7681316521433423], [35.54217906730907, 1.7664639928597978], [35.55048194432939, 1.762134188819305], [35.554887535344044, 1.7625444368989318], [35.56044797886317, 1.7587051188599283], [35.56373431644184, 1.7585580076327083], [35.57040518730457, 1.7543753158358297], [35.57583191300706, 1.755316235972264], [35.581963129766514, 1.75172661130406], [35.59263379830398, 1.7523063050824361], [35.59691448955143, 1.7539963434007046], [35.60209157708533, 1.7580897893225786], [35.60498992986237, 1.7561277419897159], [35.61017142166992, 1.7488505348371275], [35.61408204097689, 1.748221809738034], [35.61726590210303, 1.7450379663920292], [35.62135038500651, 1.7454214538834159], [35.626554183366956, 1.7433747318967017], [35.62658980694645, 1.7470623885870933], [35.641603615066984, 1.7414974852201448], [35.65681360100379, 1.738032719116437], [35.66336402034321, 1.7337029626027332], [35.670507502944304, 1.7238483291957116], [35.68213685590039, 1.7189522590582649], [35.693413916979296, 1.7109570649809551], [35.698693477984904, 1.7079204257956908], [35.70877108881988, 1.7056908650596414], [35.716159773779516, 1.7075993663342488], [35.72003922857567, 1.7070999324034353], [35.72805220515704, 1.6993589382832037], [35.731561566276575, 1.6974905605151214], [35.73565497322131, 1.692893285319801], [35.74396678150142, 1.6862224379795132], [35.75532857183183, 1.675908557416493], [35.768554227547085, 1.6685109062973063], [35.774065733092925, 1.668189805480888], [35.778257212963155, 1.6656838444938395], [35.785703987122986, 1.6637039617626785], [35.79194220710977, 1.6636192656134454], [35.8681048057329, 1.5400665114054273], [35.94426733382703, 1.4165136936577942], [36.09659249817058, 1.1694081436987414], [36.173957909804955, 1.170861855494345], [36.316881013704155, 0.9912626334736286], [36.340367103112484, 0.9931265513308715], [36.34464784318882, 0.9833566390768288], [36.3460791946448, 0.9744830126219742], [36.34993184770641, 0.9662871970642282], [36.35435083027474, 0.9637989975339244], [36.35827034390371, 0.9646819197772016], [36.36277851487693, 0.9631613714989945], [36.364044897151516, 0.9585372885792901], [36.366822880860674, 0.9558885526155665], [36.372807011544225, 0.9564147311953928], [36.376909430773196, 0.9540737490948445], [36.38216665960604, 0.954265448973924], [36.3830585140081, 0.951260007639278], [36.38742839994863, 0.948611335315874], [36.38907829918613, 0.9406741445601149], [36.38687104483144, 0.9402861729406926], [36.38749532194582, 0.9341460147872621], [36.38589892710061, 0.927256676889835], [36.39206141124391, 0.9187754491968949], [36.40501512760655, 0.9260393704949672], [36.417821614210474, 0.9369106381033332], [36.436460725426215, 0.9605929219152667], [36.44266773618643, 0.9710718150108085], [36.44538778223649, 0.9842751848505349], [36.44111601049975, 1.002909819117093], [36.4457757979675, 0.9998018293014678], [36.447331968755236, 0.9943661675439132], [36.447331968755236, 0.9831069303581568], [36.448495815014766, 0.9803913574596477], [36.45819884609765, 0.9772833301203918], [36.45936706516662, 0.9784515984233438], [36.457034983838334, 0.9862149212642579], [36.45703498383833, 0.9920384843178849], [36.458586796208415, 0.9966982570021041], [36.45315110381213, 0.9974741324361586], [36.45351233427013, 1.0147130262367992], [36.44529416282431, 1.035389912894753], [36.441553006746226, 1.0428677789249392], [36.4413077178351, 1.0480983266581088], [36.44379590626663, 1.0553220858811656], [36.441553006746226, 1.0605570388026964], [36.44055863641897, 1.067281403644738], [36.444050103412565, 1.0732610365855817], [36.4413077178351, 1.0792407116193967], [36.43881507184066, 1.080734515502567], [36.43732131088647, 1.0864644537763026], [36.437321310886475, 1.0919491258620209], [36.43906482725365, 1.097179658986854], [36.43881507184066, 1.1019107819541407], [36.441058052372675, 1.1039040032843577], [36.44479923288125, 1.1133751158902], [36.44205687440931, 1.1173615700460429], [36.442801565362856, 1.1198497030968273], [36.43906482725365, 1.1273231674904454], [36.43881507184066, 1.132308450668193], [36.434084012268634, 1.138537790920356], [36.435577754427754, 1.1430192348140842], [36.43507838494286, 1.1562270546427678], [36.44006367555287, 1.161457569451926], [36.442302078336084, 1.1729175053878407], [36.43856985663472, 1.177653066291961], [36.43159137651769, 1.1779027840264502], [36.428853494806795, 1.18163947683925], [36.42386821057498, 1.1826338399995842], [36.41863764956989, 1.1866203077404578], [36.41465120760403, 1.1816394874149618], [36.40792245076446, 1.1796462697250765], [36.39895075668989, 1.173666596685362], [36.3922263927305, 1.1731671707745925], [36.38998345654896, 1.1788971624096989], [36.39147732268445, 1.1843773540997413], [36.38699142264606, 1.1866203184460558], [36.39471908147822, 1.1901073076623725], [36.39641351463188, 1.193982282172217], [36.394964273107995, 1.1980801715027303], [36.397956323856896, 1.2068021753157414], [36.3939699533674, 1.213776209516687], [36.3939699533674, 1.2200055844753175], [36.397956323856896, 1.2239920084091376], [36.39870549530631, 1.22673439549908], [36.403436612198746, 1.2272337623918848], [36.40617896229113, 1.2299716541270511], [36.40941621224636, 1.228977271658378], [36.412408272290136, 1.2324643355314977], [36.414151782992676, 1.2264846668981912], [36.41813825117608, 1.2269840577721478], [36.421625299775116, 1.2367004833725208], [36.41340268121371, 1.2466665285474738], [36.41340268121371, 1.259620252924706], [36.409665981828425, 1.2601196322345294], [36.40717328755663, 1.2568778780155596], [36.40617896229113, 1.252396502173872], [36.40393602464812, 1.2513976806070564], [36.40069424576329, 1.2548846551475719], [36.396462584972454, 1.2553840992493033], [36.39172698598101, 1.262612282905371], [36.387740536859745, 1.2655999045475843], [36.39097782840132, 1.2695863053814287], [36.39596312342746, 1.2695863274053227], [36.394964273107995, 1.2768100569437582], [36.39745695473198, 1.2773094852863662], [36.40418572964223, 1.272573912631336], [36.40817214265989, 1.2790529994063906], [36.415895336260405, 1.274816845264894], [36.417888509454066, 1.2713298631386172], [36.42286939673836, 1.2670936795533707], [36.430097555849045, 1.2673434086243964], [36.43184107315077, 1.264850762085426], [36.43856985663473, 1.2613637554033623], [36.444050103412565, 1.2526461792987678], [36.44828621173453, 1.251147932423546], [36.45351233427014, 1.2543897391249044], [36.45351233427013, 1.2616134747096046], [36.45002526574496, 1.266099338536575], [36.45077441869168, 1.2725739308977744], [36.444050103412565, 1.2778089048554813], [36.438070424289656, 1.2887693871678985], [36.4345833883012, 1.2930055479612972], [36.43756653013042, 1.2974914121686818], [36.43782074816594, 1.3027219255479443], [36.432585699301086, 1.3042156853815554], [36.43059695812754, 1.301228141010022], [36.42586142218009, 1.3002292546417908], [36.419382322701054, 1.2944993579978559], [36.415895336260405, 1.298485795425894], [36.407672758048484, 1.3012281352625419], [36.403436612198746, 1.3004789770905172], [36.40194281577929, 1.3082021776682586], [36.39571339142482, 1.3079524694288087], [36.39048287474448, 1.312937689836655], [36.394469345390426, 1.3169241281971589], [36.40393602464812, 1.3171738894260288], [36.40617896229112, 1.3224043863913915], [36.409915667994, 1.3241478869559402], [36.41016535333896, 1.3286337285324714], [36.41614500194936, 1.3313716593595313], [36.42112583845092, 1.3368563222645125], [36.42062645642419, 1.345823576786651], [36.426111137671775, 1.3478167819392073], [36.428853494806795, 1.3505591263697232], [36.43507838494286, 1.3520529302568298], [36.43756653013042, 1.3600258060612802], [36.4487812014554, 1.3650066468222686], [36.45326708407155, 1.369242780905], [36.458247876497985, 1.3687433516189607], [36.46223433799891, 1.3784597283459412], [36.46273369360018, 1.3822009586918937], [36.46572579636121, 1.387431432708473], [36.46422753128994, 1.3936608231098246], [36.46647041968269, 1.3986416572020826], [36.46298345270296, 1.4028777657893297], [36.45501056377827, 1.3981422402671109], [36.45351233427013, 1.401883380336501], [36.44928064577791, 1.4061150966907037], [36.448781201455404, 1.409856275170519], [36.44504442793595, 1.4120947492056704], [36.441058052372675, 1.4096065742902821], [36.431591376517694, 1.410101542809203], [36.427604954255045, 1.4081083119692648], [36.42810437294119, 1.413592994656542], [36.423618487702974, 1.417329753863182], [36.42112583845092, 1.41558622498092], [36.4121585943172, 1.422060862251898], [36.40892129601936, 1.4282902070717358], [36.406923592378845, 1.4285398996411174], [36.39969983573441, 1.434020129330108], [36.39771114187419, 1.4375071540192452], [36.38948403507502, 1.444985075308102], [36.38500264437078, 1.444235950379046], [36.38026707570374, 1.4414935889795535], [36.372294255580925, 1.4409986634581031], [36.36880717558001, 1.4390054045598442], [36.36282752425406, 1.43800656055148], [36.35834167204427, 1.4395003647854707], [36.35584903216599, 1.4360133446799084], [36.35111793334763, 1.4387557316050692], [36.347876219834724, 1.4387557246503775], [36.33317903354216, 1.455446130662218], [36.32271798685464, 1.467904823639701], [36.31822762722203, 1.4698980546913478], [36.31050892123468, 1.469898049902903], [36.305273965681266, 1.4688992055183434], [36.29406379018484, 1.4634190018768198], [36.28858350101805, 1.4639184199431519], [36.286590338264595, 1.4698980853470713], [36.289827619289454, 1.4736348049187857], [36.29157112121763, 1.4816076485888212], [36.29755080969542, 1.4883319896832083], [36.296306651409985, 1.497053978792034], [36.29381405542741, 1.5020392676525087], [36.296057006683924, 1.5060212512579052], [36.29481290685189, 1.5127500335809811], [36.294812906851895, 1.5197240532782064], [36.2965563780405, 1.5299398908291462], [36.29979373423319, 1.542148859046743], [36.30627275032771, 1.5476291405119587], [36.30901512295489, 1.5481285396292104], [36.32097445011368, 1.559588432332057], [36.325455800911186, 1.5665668958444625], [36.3311857919489, 1.571048339446478], [36.34090214674687, 1.5707986174732103], [36.35211678021138, 1.5712980072566105], [36.35784675420881, 1.5707986161308805], [36.36183319799395, 1.5752844660757392], [36.35983549774628, 1.5782765438385429], [36.36058463114246, 1.5835070303400791], [36.35784675420881, 1.5877431660752088], [36.36332695528359, 1.5912301813835827], [36.366814038150586, 1.5957160746237578], [36.372294255580925, 1.5922290435931974], [36.37478685346443, 1.5847511651609119], [36.37403777704206, 1.5780268021934616], [36.369306650063244, 1.5635748388279702], [36.36955192356112, 1.5593387449465603], [36.37204899091192, 1.553858498922502], [36.37204899091192, 1.5478788065645102], [36.373538333577706, 1.5443918324546306], [36.37752478286059, 1.5404053964858722], [36.37927272915462, 1.5331816079178993], [36.383508898988886, 1.5311884020971094], [36.385002644370786, 1.5227161109224316], [36.39347047545215, 1.5227161224125363], [36.39546374121314, 1.5242099373399631], [36.39820604849355, 1.5311883948641665], [36.39845577231002, 1.5346754362137545], [36.40567948198057, 1.5453861681969856], [36.409915667994, 1.5610822011793053], [36.413153006509496, 1.5660675186932016], [36.417638849497564, 1.5663172134432646], [36.41988179549633, 1.5715477386042693], [36.424367653854, 1.573540956432325], [36.42635639315839, 1.5832573357003548], [36.43134167906266, 1.5845014189107967], [36.431091898213396, 1.5979590071764287], [36.43682632888546, 1.6029397985743192], [36.43682632888546, 1.6094188918510046], [36.4425562804921, 1.6181364496578468], [36.4487812014554, 1.6178866917931694], [36.45351233427013, 1.6124065014818603], [36.455509967027695, 1.6139047283406907], [36.46397777629261, 1.6131556365477209], [36.46572579636123, 1.6168923105782855], [36.4619845764242, 1.619135282394785], [36.464477202927114, 1.6238663832320293], [36.46547158942635, 1.6291013461765993], [36.46771452347848, 1.631344293215468], [36.46597100620254, 1.635575946821861], [36.468963063494606, 1.638318342880442], [36.47045686073928, 1.6433035692660116], [36.46846366646694, 1.652520537934304], [36.4719507110144, 1.6632313415427245], [36.4754421336316, 1.6632313236518312], [36.47892918652711, 1.6684663044841561], [36.47693596796335, 1.6754403092320653], [36.48540377218877, 1.682913790214797], [36.483660250148475, 1.692135225359172], [36.4856579946404, 1.6946233985409893], [36.484159711851056, 1.702845972674706], [36.4901393809845, 1.705088885817827], [36.49886136863687, 1.7060877505898382], [36.501603730825536, 1.71056915872525], [36.499360812332576, 1.7175476008834694], [36.50384221054516, 1.7205352142455237], [36.506330322247386, 1.7277589716959196], [36.505590133674396, 1.7312504696613262], [36.511565301350416, 1.737974790894687], [36.51580150475136, 1.7412165548203926], [36.51854382858313, 1.7409668136578713], [36.52053256748673, 1.7504334910891648], [36.52526811653934, 1.7549193724658356], [36.52402405344676, 1.765630121797773], [36.51929296241042, 1.7666289228653034], [36.518789114441034, 1.759400721532285], [36.51505233623294, 1.760649287623203], [36.51779468731186, 1.7733532666524847], [36.51355851339661, 1.776840278554707], [36.51953824583094, 1.778588259392189], [36.520786754112926, 1.7850628860092113], [36.51854382858312, 1.791292221753602], [36.52551783385509, 1.7917916341032454], [36.52476876189531, 1.797271884714971], [36.52925458804382, 1.7997645331067023], [36.529504292147294, 1.805244762214719], [36.52726583189363, 1.8077374223559275], [36.519292962410425, 1.80599391720499], [36.51355851339661, 1.8159600005063268], [36.514057942302124, 1.8224346167034264], [36.51804442938852, 1.8234334239881678], [36.518789114441034, 1.82791484103653], [36.52153141207591, 1.8319012957687093], [36.51754502688591, 1.8353927744997933], [36.52053256748673, 1.8398741205505302], [36.5230252418907, 1.846353203685237], [36.52003763513006, 1.8520831386788648], [36.51804442938852, 1.8530820028606658], [36.51206474345485, 1.8495905418019005], [36.512813859169036, 1.8558198854833912], [36.50982180593904, 1.8595566300496793], [36.512314504508744, 1.868528356196991], [36.51206474345485, 1.879488796109981], [36.51754502688592, 1.8792390669741967], [36.51929296241041, 1.8822311732718693], [36.52327942011078, 1.8832255006505685], [36.52801050830393, 1.8936910632819213], [36.53523422960643, 1.8949351456771912], [36.53598336241944, 1.9046514878268639], [36.53399016616899, 1.9066447235728137], [36.537477153053736, 1.9133735340206113], [36.53947042190768, 1.926576900419485], [36.53598336241944, 1.9315621790809767], [36.537976588365595, 1.9367927032963117], [36.538221810962916, 1.942772389294895], [36.53498454449889, 1.9462594037143457], [36.535483913886075, 1.9509949283227945], [36.53847602036436, 1.956974585638942], [36.53448954215022, 1.9634492280551132], [36.529504292147294, 1.9532378535588213], [36.52651669484258, 1.953483132343156], [36.529504292147294, 1.9639486224215725], [36.537726912351744, 1.9711723650996185], [36.53772691235175, 1.9779011466799958], [36.54196304684917, 1.9888616160341794], [36.53935449152521, 2.0039200171522107], [36.54134317581632, 2.0075006898424963], [36.54611443512324, 2.00709933289886], [36.54648008534715, 2.017190287960918], [36.54378231164232, 2.0211098252496145], [36.54451808519434, 2.029269994103583], [36.54925369260886, 2.0314772609458704], [36.5550504670238, 2.042986227786706], [36.55521550552782, 2.048131976365483], [36.55994656518413, 2.0498442738927434], [36.56411138565676, 2.0547448317527173], [36.567705445296745, 2.0568674040549393], [36.5683564195462, 2.0602964270823736], [36.566434553889906, 2.066744309211269], [36.56521276675653, 2.082021142702179], [36.566804638631076, 2.0896016552639805], [36.563166024793716, 2.1019221605495577], [36.564517172533655, 2.105930867568963], [36.57660133037944, 2.117689547476745], [36.580275635907554, 2.1231563898634125], [36.583049149778525, 2.138014094589787], [36.58586730604826, 2.1442479202240685], [36.58920274427575, 2.146896656770743], [36.593501316911194, 2.1460181686538857], [36.59774641922442, 2.1522207699434226], [36.60966558036132, 2.162588202211616], [36.61244360874561, 2.162182445648301], [36.61113261690694, 2.1562206186847668], [36.619381969044994, 2.1612816631646146], [36.63620165572827, 2.1638947343187738], [36.649507618424245, 2.169526555356576], [36.656281018109695, 2.1733658321167617], [36.663469097251166, 2.1794881725930715], [36.66811990134471, 2.18463402312439], [36.68175586893188, 2.193369405972632], [36.68656723697989, 2.1957327028481726], [36.69922212423977, 2.197939984675132], [36.70240597584872, 2.2034915229087746], [36.70053313361452, 2.2087978990408477], [36.699552141388736, 2.2167974857046944], [36.70167018969724, 2.220146285254648], [36.710655283579726, 2.22324535123638], [36.71196181379649, 2.2307589640890786], [36.70934873041332, 2.23949431962793], [36.713428815366306, 2.245536429441617], [36.713754327352795, 2.2523098037350064], [36.71138209628906, 2.2568714224927344], [36.70730650614464, 2.259738629830663], [36.70763204492435, 2.2639034399905857], [36.710655283579726, 2.266271244318058], [36.714490076261924, 2.2665164790676724], [36.716777646194636, 2.269865240998122], [36.72281527859525, 2.2750066043084765], [36.721267935776666, 2.2845580194079567], [36.7234171971057, 2.2921340357336875], [36.72216425028563, 2.2963969296190014], [36.72371149219241, 2.3009719378112607], [36.60096137451245, 2.3600149249293807], [36.60089447663744, 2.405734061713953], [36.59240883753738, 2.412012467221655], [36.58380720046329, 2.4070762299138697], [36.577497569292234, 2.40714757720931], [36.57448327958441, 2.4043695931423223], [36.56646134182212, 2.404882381485719], [36.56519496278989, 2.401047567642344], [36.55909932906797, 2.397070017845713], [36.550462053757826, 2.3997767146784894], [36.54672536268648, 2.4031031821123423], [36.54035325147435, 2.40457468609768], [36.53720067703763, 2.4088242201773205], [36.535350166333295, 2.4164314732569885], [36.532884287262036, 2.4224289681849647], [36.52955781184247, 2.4340805926753877], [36.52356031821084, 2.444773525153145], [36.52253469694503, 2.450668459482871], [36.52461709927647, 2.4653790197368117], [36.52764039762599, 2.4743864095447172], [36.525513380515235, 2.4844327706585925], [36.52676195475445, 2.4945861409922236], [36.529267947399234, 2.5001555189059514], [36.52784549260461, 2.509185211340158], [36.52846976298768, 2.5222191943993444], [36.52314119740827, 2.5260762737357503], [36.522481254733876, 2.5320247143865537], [36.51789283571675, 2.544162392888561], [36.51392869322298, 2.5588551190707443], [36.50886759694268, 2.5643130493080966], [36.493069015903124, 2.5743103689089], [36.489421476036945, 2.5801429059144865], [36.47304312347991, 2.6005120520223075], [36.47163850774107, 2.608641012194221], [36.46981923575557, 2.6099965714617324], [36.46431221339869, 2.609300968795954], [36.45362377384888, 2.6110266237428474], [36.44952136851017, 2.6145002855586683], [36.44590062303135, 2.6209347578479396], [36.44184725331911, 2.624296927289406], [36.44041142821211, 2.6294115246110286], [36.436763908907444, 2.6335495260014943], [36.436188668411006, 2.643863425347427], [36.43323230762953, 2.653312282489523], [36.434752901276354, 2.6666405118179135], [36.43426681994781, 2.672303600140157], [36.43239396991326, 2.6779041985784344], [36.4347618186557, 2.686452324602945], [36.43849406268335, 2.6933014793044756], [36.445682096478244, 2.7027860026009063], [36.445196085220836, 2.7063711166763835], [36.436616775898834, 2.711507977454221], [36.43077085636351, 2.7140452243367164], [36.4260085760514, 2.7220582250948357], [36.4238815885628, 2.7286353831551042], [36.41972125102763, 2.737437656910578], [36.41986841680359, 2.7471629471770114], [36.41833001658366, 2.7521214994026244], [36.41754073613085, 2.7619894875457884], [36.41152989444333, 2.7694852513299053], [36.40973734441535, 2.7748985649853313], [36.406005007721745, 2.779437961935637], [36.403325098881474, 2.786010662676475], [36.39844685066614, 2.792538796932347], [36.39454072224549, 2.7997447249140026], [36.39238691268172, 2.806139062423072], [36.385778547557805, 2.819257697388195], [36.38505618367984, 2.8271904777924357], [36.38180996449493, 2.833861252346308], [36.37516589241672, 2.842485177252502], [36.365685881741115, 2.8509842552326212], [36.36253768250517, 2.8565581161691287], [36.358774267935374, 2.8607719256801163], [36.3533787107892, 2.8621319636542415], [36.34457203826564, 2.8627919462806393], [36.33376315558853, 2.868570900910037], [36.31904812034429, 2.8747646210681226], [36.31460683362694, 2.8781401356065204], [36.29725650162227, 2.8873794379354796], [36.289809750588326, 2.8876201732532474], [36.28299179250945, 2.890188641939476], [36.277079062312495, 2.8965072047166474], [36.27014958810226, 2.905536900586708], [36.268116226714326, 2.9107049709154684], [36.265124216993875, 2.924340892312536], [36.2620072954956, 2.929914781346403], [36.26017010208394, 2.9360371460339025], [36.25920696484003, 2.9496819484752965], [36.256500300791075, 2.96162345310557], [36.252237390828284, 2.9520631031869384], [36.24627113780332, 2.9492004133361167], [36.23579226258841, 2.956049563145094], [36.23039672820548, 2.9564374869378707], [36.22571020246793, 2.95853776848107], [36.22220534649604, 2.9548723737720453], [36.21666271018106, 2.9586670286643253], [36.200444944472544, 2.961993554921713], [36.192583521526124, 2.9677770159813015], [36.1774270983309, 2.9663545733093315], [36.17206724666556, 2.968098027083968], [36.16372872128059, 2.966697898970028], [36.152126137321524, 2.969007701590746], [36.13839650564475, 2.969346618483329], [36.13442348825247, 2.9671170847092205], [36.1355561227651, 2.9795400845101545], [36.1284304620807, 2.9744032076344515], [36.12967451568363, 2.980280304971773], [36.125719289495514, 2.9793127176782828], [36.12344070044098, 2.9813014695680375], [36.12421212038699, 2.988213093240852], [36.12594229497771, 2.9931715955197147], [36.12799350081964, 3.003931360613003], [36.133099103846135, 3.0118284655881986], [36.13704541579414, 3.0150479053579535], [36.13802640883587, 3.0244165086802375], [36.137897102479094, 3.031069474407301], [36.14114337271442, 3.0362375762204645], [36.14248104678332, 3.0464489202621556], [36.14284225377554, 3.0560493607268397], [36.1420307374966, 3.0607715760776464], [36.139827889177084, 3.0630412410898398], [36.14129944554965, 3.0729805686354634], [36.148367068574245, 3.075290367206303], [36.152732520545534, 3.082531970427627], [36.1535262728996, 3.0907054687971667], [36.150605558902186, 3.098085320523514], [36.15293323839566, 3.1158548154714727], [36.1530937625774, 3.12411756215053], [36.150966727988234, 3.137655373847884], [36.147118508173776, 3.1446740031170277], [36.14112107656942, 3.150377170165951], [36.14134403773051, 3.157395806078284], [36.146984741530616, 3.17272176791792], [36.15257647075896, 3.1898803865363243], [36.153682320770706, 3.199208785992578], [36.154159495473394, 3.21460162275855], [36.15212166215091, 3.220532213958415], [36.14699369246562, 3.22373388864846], [36.14324805016737, 3.2187441567587562], [36.142249220297366, 3.2151010583260278], [36.14474183665819, 3.2126975802958477], [36.14234287927586, 3.2094647527157876], [36.13170340680541, 3.2111146037356844], [36.122852078232675, 3.2139907045621374], [36.11882105671355, 3.21824468525841], [36.114250554634765, 3.2210539467397408], [36.10275051973135, 3.2215042890245558], [36.08699200699267, 3.226351353422442], [36.07995114208285, 3.2260793449600245], [36.07194259048469, 3.228674529954207], [36.05915387795416, 3.2374902031226407], [36.05208618140441, 3.2405669878624006], [36.049816469898836, 4.056618130399171], [36.05061019599146, 4.4562160112848614], [35.98542708507356, 4.512324860165666], [35.973494546753315, 4.52252732681992], [35.94792607720831, 4.544550802031977], [35.945295209316924, 4.546432525276917], [35.93960092575639, 4.551266217631486], [35.943132500456244, 4.553843563607581], [35.93885626583516, 4.584361646464244], [35.939382373246936, 4.586591200642234], [35.938205170835346, 4.586934588894844], [35.94319939267801, 4.607508836509715], [35.94690488350393, 4.622656447128968], [35.94859046917221, 4.629407495101056], [35.947239327981585, 4.630923583066002], [35.908632463385985, 4.628341759992885], [35.78125377537416, 4.628636087317535], [35.781039697314, 4.653094275957571], [35.78080338644055, 4.6798532963662245], [35.78070080165669, 4.67982658816256], [35.78056257844313, 4.679773043756068], [35.78050912096718, 4.679692805437063], [35.78041994182685, 4.679603601093754], [35.780397626209314, 4.67953672003105], [35.780295040901905, 4.679451965947555], [35.780183545843826, 4.6793806256095705], [35.78008104352777, 4.679353911950581], [35.78000518673275, 4.6793494571126315], [35.77991159383652, 4.679349444437786], [35.77969751216236, 4.679246879326234], [35.77954146782508, 4.679139866146727], [35.77935419756242, 4.679090830180293], [35.77925610740445, 4.679081853471427], [35.779158017125475, 4.679041727065096], [35.7790643399634, 4.678948138956005], [35.77882802321884, 4.6788455662422415], [35.77879679738082, 4.678832148110911], [35.778453478891855, 4.678774191909233], [35.778172527854075, 4.678760810974272], [35.777989667664905, 4.678747441817567], [35.7779049822709, 4.678729629734517], [35.77781130363264, 4.678742970845454], [35.77775784430696, 4.6787697269950295], [35.77772661804868, 4.678809904897447], [35.777690978464264, 4.678858914223605], [35.77762402929522, 4.678907991057172], [35.77753484691905, 4.678961511783282], [35.77746798088885, 4.678983818373144], [35.77737879833767, 4.679019473740083], [35.77734315859737, 4.679059583456225], [35.77729852562905, 4.679072996325126], [35.77724506595864, 4.679077437274184], [35.77720492954696, 4.67910419863731], [35.77712907000815, 4.679104193075313], [35.77703547372664, 4.679157711235325], [35.776986427232636, 4.679166605492077], [35.776973020630535, 4.67918892146139], [35.77699533720918, 4.679215688675711], [35.77696860727656, 4.679242384612116], [35.77688833415389, 4.679237925855096], [35.77681697094671, 4.679220118334701], [35.77676342768155, 4.679246880114219], [35.77668315435176, 4.679251321501389], [35.77662078425019, 4.679237960643761], [35.776544924154166, 4.679229054906817], [35.776486967325134, 4.67928251417796], [35.776388873630324, 4.679318234218314], [35.77626404964511, 4.679304867603739], [35.77614813553543, 4.679282536750712], [35.776090095145484, 4.679304850283355], [35.77598758755275, 4.679291484890028], [35.77589390665587, 4.679278060405663], [35.77582254255638, 4.679206720066845], [35.77573335815998, 4.679233475901485], [35.77565758048971, 4.679246881209437], [35.77531424844819, 4.679237938974992], [35.7752072431311, 4.679255791511938], [35.77514478859935, 4.679313768758068], [35.7750511899826, 4.679336071451519], [35.77497532838945, 4.679313749379751], [35.7748103645656, 4.67925581037319], [35.77466322087622, 4.679255792195862], [35.774533897420234, 4.67918889323845], [35.77444920834639, 4.679188880892688], [35.77436893268086, 4.679188871750591], [35.77394973250547, 4.679104203124964], [35.773802587224004, 4.67913985166314], [35.77362421380137, 4.679202264106563], [35.773370060129125, 4.679220097918025], [35.77311590564484, 4.679371701722121], [35.772915212965216, 4.679550083362805], [35.77279488038962, 4.679648168230778], [35.772576365959935, 4.679871118017004], [35.77238016880361, 4.680156507586154], [35.77213933529994, 4.6805222018584445], [35.77192531597981, 4.680923504274239], [35.77179598807265, 4.68124006637921], [35.771742524703825, 4.681529932549908], [35.77173802778331, 4.681810844135126], [35.771666659955244, 4.682114068583488], [35.771595375339615, 4.682435158727203], [35.771590878410784, 4.682716076428939], [35.771555236077006, 4.682885525061809], [35.77145263936354, 4.683161986454333], [35.77133230457564, 4.683460696722496], [35.771176160548414, 4.683679234906157], [35.770993367551185, 4.683973496145883], [35.77086403812907, 4.684089470741437], [35.770650015378266, 4.68425446277924], [35.77052068539803, 4.684352569794824], [35.77040034920057, 4.6845754956384456], [35.77025319735397, 4.68472707864304], [35.77007031895821, 4.684856408333197], [35.76983397549078, 4.684963412015384], [35.769673498042806, 4.68506596710153], [35.76949511536218, 4.685230970875301], [35.76940151009809, 4.685253282942798], [35.76925877018622, 4.6853157215428665], [35.76907597278398, 4.68537370217707], [35.768884180798445, 4.685369240821597], [35.7685409028035, 4.685271092166852], [35.768259916753514, 4.685159667358338], [35.7680102430764, 4.684958954907548], [35.767787301642635, 4.684820756938914], [35.7675108100914, 4.68469145880293], [35.767430527424885, 4.684584431129835], [35.76731018655419, 4.684544292832752], [35.767203170471326, 4.684419457309008], [35.76718085114563, 4.684281212011096], [35.76703819053169, 4.68411173047394], [35.76673496300661, 4.684093899753514], [35.76657439602725, 4.684013637561227], [35.7662979002621, 4.683710418454104], [35.76594120264979, 4.683242237964048], [35.76568702443579, 4.683121838692491], [35.76552204135327, 4.682961322941212], [35.765241127927695, 4.68274280023066], [35.76516084297166, 4.682622419361787], [35.764995858798464, 4.68251983166171], [35.76469712081104, 4.6823191746616155], [35.76446076138588, 4.682198775804499], [35.76428245030505, 4.68207392770118], [35.763774082471336, 4.681877762873591], [35.76344860542358, 4.681690451524438], [35.76322565121216, 4.681601272629692], [35.76285103342847, 4.681396154749202], [35.76228918673378, 4.681177654477144], [35.76173183356014, 4.6810260462096975], [35.761410762379995, 4.680945818983065], [35.76102281005408, 4.680883385370886], [35.76067500060826, 4.6807852822290865], [35.76046544801521, 4.680736223712128], [35.76013995744085, 4.680718370903605], [35.759743087015536, 4.680615807981521], [35.75917230641739, 4.680526636808166], [35.7587174613977, 4.680539987836876], [35.75839637806249, 4.680575680583653], [35.75832508156131, 4.680620243636778], [35.75812884927285, 4.6806069276870765], [35.7580263185427, 4.680571235722227], [35.75783899763958, 4.680580177014462], [35.7577230566909, 4.680508810000037], [35.7576517595869, 4.680504344954405], [35.75736632065865, 4.680548946567261], [35.7573039354167, 4.680535580862955], [35.757219228007294, 4.680526664397616], [35.757067637334906, 4.680437419568637], [35.756907050857336, 4.680450816738528], [35.75675995735776, 4.680419631816445], [35.756621692552145, 4.680392839152606], [35.75653248663752, 4.6803437977003375], [35.75643436834525, 4.680272498428696], [35.75631401085224, 4.680254606530315], [35.756140096035864, 4.680250193229061], [35.7560687975148, 4.680223406188158], [35.75601082577305, 4.680183270623496], [35.75594835617653, 4.6801119126825705], [35.755894882162984, 4.680045068342867], [35.755805675434324, 4.6799915097352125], [35.75573879114553, 4.679893441262112], [35.755703141713354, 4.679853307746502], [35.75559161219519, 4.6797863932852435], [35.755515815346136, 4.679737351477718], [35.75541769580145, 4.679621408739802], [35.75534639663373, 4.679518885765381], [35.75528392651611, 4.679367275883964], [35.75519921695833, 4.679224561383556], [35.755127917595054, 4.679171066804298], [35.75500306026192, 4.679095244320251], [35.754864792406465, 4.679041742464408], [35.75471769513531, 4.678992684804172], [35.75465080993294, 4.678952546826921], [35.75445906648859, 4.6789169029745645], [35.75429406014027, 4.678921325293618], [35.754084490756895, 4.678899030715997], [35.75387492082219, 4.678907959712038], [35.75371432790771, 4.678921353115124], [35.75362520203228, 4.678943654909909], [35.753535992761776, 4.6790016367683895], [35.75338880974139, 4.679064059734751], [35.75322829914263, 4.6791131238562755], [35.75305887556507, 4.679104189034608], [35.75278683085639, 4.6790284045329775], [35.75261740633998, 4.678988245099624], [35.75251037050846, 4.678979323677777], [35.752340945404136, 4.679006063933957], [35.75218043269417, 4.679081901291973], [35.75193962137437, 4.679148758019354], [35.75161409595668, 4.679220115544671], [35.75153829532308, 4.679269196796967], [35.751475905516685, 4.679389565741246], [35.751355457234254, 4.679496575684409], [35.751306478212555, 4.679630365701187], [35.7512395901462, 4.679697255376175], [35.7512038554028, 4.679804282541253], [35.75098986309591, 4.6801119137250975], [35.75077578691607, 4.680317038189313], [35.75056179345953, 4.680415127094634], [35.75030315132126, 4.680562309791601], [35.749919643043405, 4.680718375651657], [35.74971456031812, 4.680847695322938], [35.74945141725046, 4.681088497970745], [35.74929539690796, 4.68116872864497], [35.74883608057582, 4.6812445261215805], [35.74844373536646, 4.68128019976673], [35.7478551306294, 4.681266873887449], [35.74739580599619, 4.681253440626555], [35.74723078502006, 4.681289158558983], [35.747030193691444, 4.681217825724367], [35.74684284693233, 4.6811643097490245], [35.746544124154745, 4.681079539768843], [35.74624090189699, 4.681008191466625], [35.745977830663016, 4.680972528460071], [35.74586637083463, 4.680945796347554], [35.74563895231571, 4.680910140532514], [35.745349055241, 4.680780791701375], [35.74506815396632, 4.680651504778993], [35.7449700215558, 4.6805667731107174], [35.744849646744626, 4.680361639503555], [35.74474268378412, 4.680134248023549], [35.74461781017745, 4.6798622095829545], [35.744475109145284, 4.679657140077916], [35.74433690632597, 4.67952336233012], [35.74417187901689, 4.679402938257885], [35.74388205991232, 4.679224546689334], [35.74369029055506, 4.679095277747917], [35.743543172655514, 4.678983755777278], [35.743395971178536, 4.678841076646253], [35.74322211147223, 4.678756389012033], [35.742785086309965, 4.678569063048148], [35.74254432990746, 4.678457584732793], [35.74227233261268, 4.678274807895527], [35.74215187042088, 4.678185619995052], [35.74203598995258, 4.6780651985201], [35.74185762867262, 4.677940379709958], [35.74175507700405, 4.677909128593537], [35.74165252520358, 4.677864522337645], [35.7415767150957, 4.677753082164172], [35.74136261363254, 4.67766387182661], [35.741148594902775, 4.6776104007000034], [35.74097473029577, 4.677583647528176], [35.74076512588604, 4.6776014722293775], [35.74061800258891, 4.677637115287703], [35.74051095064207, 4.677677288579387], [35.740448552203645, 4.6777441791711665], [35.74037715633369, 4.677837782983584], [35.74029692962642, 4.677918090124152], [35.74020770543662, 4.677976010307451], [35.74012297985305, 4.677993863368275], [35.74001151183903, 4.6779938369258405], [35.73986438715146, 4.67800722204152], [35.73972167761137, 4.678033966154125], [35.73954780989313, 4.678083024326356], [35.73943634107511, 4.678132098840682], [35.73928913201617, 4.678239108535321], [35.73916433317835, 4.6783059850265785], [35.73902162238548, 4.678381831266033], [35.738910152831984, 4.678462069809144], [35.73879868312267, 4.678591410491934], [35.73871837151655, 4.6786672082764476], [35.73858015871875, 4.678751893016801], [35.738473187347324, 4.678823227775191], [35.73839737421684, 4.6789258022481475], [35.73833489081337, 4.679059612161465], [35.73825016324006, 4.679211222601132], [35.73814760693209, 4.679304822374592], [35.73805396482652, 4.679376164660463], [35.737924665226025, 4.679452015865389], [35.73778645105272, 4.679679431316713], [35.737701722896766, 4.6798042673131715], [35.737550095097056, 4.680013810890476], [35.737282579633195, 4.680482011233658], [35.737202266500375, 4.6807049987406115], [35.73709970884495, 4.680869970402431], [35.736948163213434, 4.680936849251821], [35.73682327739963, 4.680959151661148], [35.73635505799804, 4.680914597532806], [35.73604738136814, 4.680887819057676], [35.735521254080595, 4.680829825001377], [35.73511992868436, 4.680762954968999], [35.73454472264436, 4.680611385303679], [35.73417905141069, 4.680562331042229], [35.733728646124725, 4.6805355850944155], [35.73336747023758, 4.680464200952336], [35.733104356531896, 4.680348251259167], [35.732899313869, 4.680210046408317], [35.73264511355816, 4.67997368820918], [35.73242657229606, 4.679621447544813], [35.732292847744034, 4.679496551845654], [35.732087719677864, 4.679385130270951], [35.731735451402855, 4.679269154471261], [35.73153482109416, 4.6792022539316624], [35.73107998498385, 4.678943646656196], [35.73062514628096, 4.678702847078487], [35.73037093872502, 4.678471003108121], [35.7301568905024, 4.678136568497277], [35.73000974763879, 4.677855643704256], [35.729858188539225, 4.677641565154523], [35.72962180909417, 4.677351781828405], [35.72947466524396, 4.6771822951861415], [35.729354267044656, 4.676932611163716], [35.72927844524808, 4.676665066812323], [35.729300775191255, 4.676442069627272], [35.72942117347126, 4.676076438767353], [35.7295059104217, 4.6757197050377295], [35.729514825710176, 4.675461095166976], [35.729461333964394, 4.675171237684828], [35.729416674161634, 4.674957204398931], [35.72945241866995, 4.674524713545838], [35.729465749951, 4.674159071557016], [35.72942567278062, 4.673936067431359], [35.729207122701155, 4.673601652560509], [35.7289529939492, 4.673253866048786], [35.728587297089014, 4.6726919686461885], [35.72821276644204, 4.672286205632759], [35.72797646544551, 4.671956234549144], [35.72779807272763, 4.671826944031497], [35.727570686008995, 4.671746668531577], [35.727343215319834, 4.671715432673903], [35.72697309495949, 4.671728860268825], [35.7266520504024, 4.671697588069895], [35.725746902774475, 4.672023115211475], [35.72556850507366, 4.672121260729332], [35.72532769670884, 4.672223771183131], [35.72522512379027, 4.6724021428869], [35.72511371828587, 4.672477981172821], [35.72456518764507, 4.672531486370548], [35.72440911861513, 4.6726027971487945], [35.72429321237357, 4.672700897576487], [35.72419513773006, 4.672794552622571], [35.7240747315671, 4.672861424830576], [35.72401232027347, 4.672932767132147], [35.72395874151383, 4.672990761350245], [35.723811587223864, 4.673084402998608], [35.72369126380898, 4.673111136873248], [35.72354852533998, 4.673102253430107], [35.72337462237704, 4.673053156591718], [35.72312489139349, 4.672946157894582], [35.72297773556663, 4.672888165685934], [35.72279491532241, 4.672830226231563], [35.72256309798422, 4.672700901799752], [35.722407025040624, 4.672589414848192], [35.722215287386916, 4.672473528347036], [35.72210821074804, 4.6724512343527556], [35.721952220243644, 4.672473502197707], [35.72182289455167, 4.672500236660268], [35.72166682016125, 4.672634009793952], [35.721515161892206, 4.672700939587238], [35.721265508421986, 4.67273214686371], [35.721113849390754, 4.672705384495475], [35.72089535988444, 4.672642912555892], [35.720667953504794, 4.672531462854902], [35.72055645831184, 4.672495807524443], [35.720427130359376, 4.672424462557966], [35.7203424671018, 4.672330802295342], [35.72023988777872, 4.67223268821602], [35.72017747348761, 4.672130134143446], [35.72009272663508, 4.672098940300808], [35.71989656690872, 4.672147973636084], [35.7197048232271, 4.672165845718324], [35.71949074640413, 4.672165837706579], [35.71929458519918, 4.672125695719881], [35.71904484145558, 4.672000815298922], [35.718728264930476, 4.6718001537856315], [35.71834477149706, 4.6715727555639415], [35.71808169160358, 4.671389921520876], [35.71774277809114, 4.671104528804246], [35.71748419619722, 4.6708414880075315], [35.717279030077044, 4.670573889619907], [35.717118530137185, 4.67041341792951], [35.71684202948445, 4.670275166337762], [35.71672169556814, 4.670199364232512], [35.71663244501866, 4.670083446708706], [35.71656561120857, 4.6698961654658895], [35.716458526994785, 4.66969545409452], [35.71632927574087, 4.669548348703118], [35.71621335777176, 4.669374407545605], [35.71602602197797, 4.669213864242295], [35.71583426900452, 4.669013247650365], [35.71575851770304, 4.668906233054387], [35.715660349242874, 4.668772438681074], [35.7155622639971, 4.668589601305902], [35.71538834364328, 4.668424608821265], [35.715325925561025, 4.668322054589907], [35.71531700868814, 4.668210618763082], [35.71533042566471, 4.6681481624713195], [35.71556676408748, 4.667867258794516], [35.715611348302524, 4.667782493419437], [35.715606848214655, 4.667564019896282], [35.71556226399709, 4.667251906145436], [35.71548651243769, 4.666939778305203], [35.715348259406476, 4.666565172442388], [35.71528584129289, 4.666342224331833], [35.71526800753719, 4.666083616559394], [35.715254590550146, 4.665704554009667], [35.71521450624621, 4.665432581889955], [35.71525017377751, 4.664768175974681], [35.71522342313053, 4.664505055529741], [35.715147587914394, 4.664152817613291], [35.71514317113585, 4.663965516854813], [35.71508516964401, 4.663733680506312], [35.71507625274427, 4.6635285098212895], [35.71502275132488, 4.663341256143943], [35.71496924986966, 4.663225293507188], [35.71491124825156, 4.663127203033233], [35.71491124825155, 4.663051395629865], [35.71491124825156, 4.66294887908426], [35.71488449749109, 4.662850736024552], [35.71479082809101, 4.66273482276792], [35.71469274177766, 4.66260548494536], [35.7146437402438, 4.662511846052003], [35.714554570708835, 4.662467287781121], [35.71444306698209, 4.6623647204863445], [35.714362814203525, 4.662226488435099], [35.714300395320016, 4.662061490874262], [35.71428256134435, 4.6619321928148585], [35.714269144191796, 4.661802899693381], [35.71427806118163, 4.661628970079061], [35.71432714627607, 4.661397059216877], [35.71434048008258, 4.661290103426334], [35.71435389722315, 4.660951147302947], [35.71434048008258, 4.660585542578362], [35.71428697817048, 4.660313526271651], [35.71427806118163, 4.6599835364410715], [35.71425581037337, 4.659680312604411], [35.714184391070546, 4.6593548163355525], [35.714095221022895, 4.659024856504355], [35.71402388491313, 4.6587171636584594], [35.71402388491313, 4.658449635973536], [35.71403280193034, 4.658235593525757], [35.71403280193033, 4.658057221656903], [35.7140952210229, 4.6578432098194265], [35.71421114206544, 4.657660385485364], [35.71427806118163, 4.657508756153867], [35.71428697817047, 4.657321490422673], [35.71424689338106, 4.657129745407444], [35.71422897605704, 4.656839902524758], [35.71416655706898, 4.656688273503986], [35.71409080418617, 4.6564341322633345], [35.71398379999173, 4.656037220517617], [35.71393471468635, 4.655925792077552], [35.71380095915958, 4.655823215779396], [35.713613701045915, 4.655734027518487], [35.71343977645021, 4.655604725415262], [35.71321676572946, 4.655502168684255], [35.712971586558055, 4.655337148277102], [35.71277090909649, 4.655261371784548], [35.71265940288051, 4.655270278179529], [35.712570231130925, 4.655319318422489], [35.71249439339644, 4.655319343289658], [35.71243197305328, 4.6553193078602035], [35.712253628946996, 4.655359461288967], [35.71211987060607, 4.6553549998721415], [35.71184343599197, 4.655261372993195], [35.71154908249662, 4.65514987100857], [35.711281563232205, 4.654976000242904], [35.711009542725414, 4.654824383498728], [35.71068401696811, 4.6546772516433474], [35.71043432964634, 4.654561317136558], [35.7102381462034, 4.654445347836381], [35.710104384488915, 4.654333865605036], [35.709917034371614, 4.654186749389333], [35.709703014661066, 4.654044063332657], [35.709426571686706, 4.653861216400458], [35.7092393033221, 4.6537051272432945], [35.70912779217827, 4.653499994531913], [35.708976193445466, 4.653299352173305], [35.70869974795716, 4.653129922184568], [35.70854364792683, 4.653085322110091], [35.70829395391824, 4.653071950335686], [35.707977334793064, 4.653005064155511], [35.70775889270182, 4.653098726712175], [35.70759387309933, 4.653071924201098], [35.707330757806304, 4.652978298270812], [35.707045388831254, 4.652799957193706], [35.70690720453976, 4.65270181940459], [35.706777854491946, 4.6525457642915855], [35.70669317676996, 4.652443208092311], [35.70661283286422, 4.652434327477961], [35.70647906508265, 4.652193503581696], [35.70651473651295, 4.652095409444418], [35.70648356568455, 4.6519883701664835], [35.70632304406024, 4.651801072347615], [35.70617144000799, 4.651533533812467], [35.70600199984465, 4.651306173182766], [35.705850395183575, 4.6510921110050605], [35.705672036390695, 4.650842425714643], [35.70544458667989, 4.650548073217845], [35.70538666149441, 4.6504499857274535], [35.705337570908696, 4.6503117864138765], [35.70527064430608, 4.6501378389709], [35.705252808315365, 4.650021911589645], [35.70527956229996, 4.649950585936903], [35.7053509062151, 4.6498569699940555], [35.70543125138911, 4.649629506791738], [35.7054936771999, 4.649437774739007], [35.70560069276213, 4.649259424665539], [35.705663118440604, 4.649125618512368], [35.70568095433979, 4.648951728259937], [35.70563636458437, 4.648844687971935], [35.70557835619243, 4.648715388464014], [35.70555160230783, 4.6485281186576435], [35.70557835619243, 4.648318566504355], [35.7056229459802, 4.6482427400518205], [35.705658617792515, 4.64817587444609], [35.70569428958892, 4.647984132287045], [35.70570320753553, 4.647836943841885], [35.70564078188835, 4.647609534007246], [35.70568095433979, 4.646940680835375], [35.70573887931203, 4.646717743695788], [35.70575229789673, 4.646552758644192], [35.70573887931203, 4.646338675975327], [35.70578346901028, 4.646044394527109], [35.70583697661534, 4.64568323608055], [35.70586373040444, 4.645513751060665], [35.70593957443079, 4.645344298279871], [35.706019835668236, 4.645317586839572], [35.706122349904156, 4.645281927366733], [35.70643005851226, 4.644965322152951], [35.7065860793258, 4.644760201373905], [35.706773437250796, 4.64446589779109], [35.70694287577903, 4.644314254431679], [35.7070409716049, 4.644198358996974], [35.70707214221595, 4.64394414018529], [35.70700971763775, 4.643828263800893], [35.70700971763775, 4.6436766350738505], [35.706969629198014, 4.6431816709874925], [35.70701863543763, 4.643034531823102], [35.70705430662716, 4.642927496365991], [35.707032053807524, 4.642749152641574], [35.70702313600915, 4.64251277623828], [35.70701421820978, 4.642356695598217], [35.7070409716049, 4.642115962582637], [35.70706322442205, 4.642044586807625], [35.707103396158686, 4.6419643195769495], [35.707192574008104, 4.641848360972261], [35.707299587296085, 4.641710166725344], [35.707384264375705, 4.641683401076939], [35.70746010695944, 4.6416388248839935], [35.707580538167086, 4.641513988624023], [35.70764296229951, 4.6414203269215495], [35.70767413267583, 4.641268732639409], [35.707669715484194, 4.641175085621533], [35.70775889270182, 4.641072479677616], [35.707825733878195, 4.641010104060077], [35.70788815781915, 4.640894129933087], [35.707941664015436, 4.640729137501658], [35.707981835310605, 4.640577548031055], [35.707977334793064, 4.640421481285607], [35.70787482293599, 4.6403858053957725], [35.707732139546984, 4.640278776424126], [35.707589455903275, 4.640104871551341], [35.707504695697615, 4.639980024095977], [35.707469024709056, 4.639841796723492], [35.70745560641252, 4.639739251260076], [35.7074333537046, 4.639556405098359], [35.707375346616615, 4.6394137147392485], [35.707321840041246, 4.639271025596528], [35.70731292227521, 4.639150618389224], [35.70729066952756, 4.638954425491694], [35.70723716289551, 4.63875376244268], [35.7071702378832, 4.638624480985508], [35.70704538883127, 4.638472839877848], [35.70692053958434, 4.638392587412156], [35.706822443610676, 4.638334602969169], [35.70671101243933, 4.638223146119585], [35.706630668551504, 4.638125069054721], [35.706523654368034, 4.638058178526897], [35.70646572996443, 4.638031368922015], [35.706327461326275, 4.637906547560355], [35.70623386524079, 4.637830765745932], [35.70615360421824, 4.637835218538649], [35.706024252951025, 4.637844150698218], [35.705890484184586, 4.637804001433185], [35.705747797253665, 4.637763845128187], [35.70564969984093, 4.637768283956664], [35.70554268434431, 4.637714806589424], [35.705408914772065, 4.637634545758097], [35.70518146431268, 4.637545380618353], [35.70505219481853, 4.6374784690514215], [35.70497193260963, 4.6374383606690195], [35.70490500570094, 4.637402649197283], [35.704726644798946, 4.637259994076562], [35.70467763715431, 4.637201978628545], [35.70460629263837, 4.637099452992939], [35.704508193824985, 4.636992456860251], [35.704347668234384, 4.636889861005982], [35.704236150266766, 4.636854179475914], [35.70396418913001, 4.636684750198453], [35.70387500767935, 4.636617871663407], [35.70380807985244, 4.636506387400208], [35.703714480817496, 4.6363859781702725], [35.70360296196672, 4.636278973466763], [35.70349594373051, 4.636171969872812], [35.70338000714631, 4.636078307525816], [35.703295325825444, 4.635980218222295], [35.70330424403964, 4.635899938816403], [35.70332208046505, 4.635779556301322], [35.70333099867627, 4.635627955555685], [35.70329082504408, 4.635511978965199], [35.70321056106701, 4.635364887331984], [35.703183806390086, 4.635293544392813], [35.70307678759287, 4.6351731277575965], [35.70301886069194, 4.635039334947538], [35.70298318770187, 4.63488776541521], [35.702969768652416, 4.634713839218182], [35.70296085040091, 4.634588988470346], [35.70295193214841, 4.6344997981295935], [35.702978686902924, 4.634357114442803], [35.70299210595087, 4.634250077770442], [35.70302777893698, 4.6340538800141475], [35.703108043097515, 4.6337818863428], [35.703143716031896, 4.633603487990014], [35.703161552493114, 4.633469764174528], [35.703223980076054, 4.6332824256744916], [35.70328190682837, 4.633081804795351], [35.70334433431735, 4.6327830433558965], [35.703411262532434, 4.632470872866996], [35.70347368992041, 4.632270257851343], [35.703553953633346, 4.631958105430395], [35.70362971650341, 4.631628158266656], [35.70367880813775, 4.631494334653575], [35.703727816394604, 4.631422998525738], [35.70378582612922, 4.631369526711144], [35.70388392582889, 4.631222336107438], [35.70392851656169, 4.631097476199479], [35.70408012486717, 4.630919124816136], [35.70418714232149, 4.630807666339647], [35.70426740531822, 4.630700634338402], [35.70436992180124, 4.630540106949878], [35.70441009489126, 4.630455414249953], [35.70432983203776, 4.630339478573682], [35.70425398648429, 4.630227998079656], [35.70423173288518, 4.630161112896858], [35.70425398648429, 4.630005032812064], [35.704262904591566, 4.629911353579934], [35.70422723215651, 4.629576942868163], [35.70423173288518, 4.6294163958073336], [35.70426290459157, 4.629180117945982], [35.70426740531822, 4.628863474608824], [35.704262904591566, 4.628814471859728], [35.627561899094935, 4.628988366835635], [35.594627031272616, 4.628966063107276], [35.57222006375604, 4.669307545885139], [35.546847750241916, 4.714995496054793], [35.521832194837664, 4.760027928922532], [35.519402015624294, 4.795468847912111], [35.54503288854777, 4.851738307636985], [35.56608426642178, 4.897956876287811], [35.56145126113484, 4.918178858393829], [35.53856270731815, 4.915512355459961], [35.47003084356267, 4.929567432101875], [35.387912007925515, 4.917135439429221], [35.42444542350201, 4.993943455897699], [35.4267552490528, 4.997229794603619], [35.42943516025886, 5.006616202483877], [35.41434107136189, 5.03142224843859], [35.40829012359757, 5.0334198971672], [35.36636119267874, 5.007414445925723], [35.318515016830794, 4.977743573282969], [35.26406938175569, 4.943974810092972], [35.24481941608521, 4.987112101028038], [35.192812974731915, 4.96553900539917], [35.13670858413119, 4.942266917934388], [35.08419818959485, 4.920484243267173], [35.027808399813196, 4.899330265533736], [34.97336722769019, 4.878907583216604], [34.92075871745263, 4.859176037047159], [34.86753939237504, 4.839208230712282], [34.812250986818235, 4.81846892354641], [34.75658354221831, 4.79758695856767], [34.70420695093999, 4.777940169013525], [34.65647674445348, 4.760032379313403], [34.59898107225854, 4.730620154476069], [34.54890088610944, 4.7050026480696525], [34.496689287965495, 4.678292657656975], [34.46992128939794, 4.664598736140433], [34.36576567866938, 4.57662956392242], [34.27688347237534, 4.4922266169013145], [34.18800138296969, 4.407823595810789], [34.09911920353788, 4.323420611379667], [34.01023706385832, 4.239017694349729], [33.99440728922437, 4.2212615296301825]]]}, "id": "00000000000000000772", "properties": {"shapeGroup": "KEN", "shapeID": "32016919B72266624462344", "shapeName": "Turkana", "shapeType": "ADM1"}}, {"type": "Feature", "geometry": {"type": "Polygon", "coordinates": [[[36.60089447663744, 2.405734061713953], [36.60453760515104, 2.401698609188081], [36.6050503525599, 2.3981357568783723], [36.60888521955101, 2.3965572340234136], [36.61899847079642, 2.3998123594587972], [36.62118790968694, 2.405194529799371], [36.62050560101265, 2.412391525283579], [36.62324352876337, 2.415816068136058], [36.629686924923824, 2.4132788672366616], [36.63356187010946, 2.405502216318188], [36.637231736461345, 2.4068042630615407], [36.63867204699294, 2.403883550725018], [36.63863186261482, 2.3963520940081486], [36.64079454196702, 2.396490327928143], [36.643363012955966, 2.405774179169823], [36.64319355735825, 2.417733536223397], [36.64781763059063, 2.4141037777837213], [36.650114081400154, 2.418933032863904], [36.6562452887868, 2.4198248245972205], [36.66107896508299, 2.430312621250403], [36.667076500148674, 2.438432663399979], [36.67112087428816, 2.4454602130725545], [36.68033786951043, 2.4546771638364873], [36.68578685608266, 2.4587528059004238], [36.68798075646934, 2.4588910425677106], [36.69675176242428, 2.454298131175185], [36.69939161714924, 2.4586190308878146], [36.69740284861831, 2.4638584337448655], [36.69819207626449, 2.4683487852209893], [36.70295441688303, 2.477431924272926], [36.70134470711113, 2.4864438131656166], [36.70220086477457, 2.4975469691891004], [36.70089877062008, 2.5083736546271203], [36.699717108275735, 2.512368994121391], [36.70551391947856, 2.5127302108598797], [36.70773899442741, 2.5085030012892795], [36.71496719040246, 2.508676899889855], [36.724670205051964, 2.512030119270553], [36.73215705059121, 2.5127168222347906], [36.73992931345301, 2.515013286135995], [36.74786644489794, 2.514246309747754], [36.75244595407557, 2.5165025880783953], [36.756699940361415, 2.5160611632590273], [36.77236032654006, 2.472308441042977], [36.79814282392911, 2.4015202365894357], [36.84351863358985, 2.2747613349379505], [36.84491438123363, 2.2742173471721085], [36.8657918456831, 2.2538481690323824], [36.889995844977804, 2.203941914128049], [36.89285415574632, 2.1974940747709195], [36.89666670492055, 2.1924507805770563], [36.89721518365535, 2.188228065168279], [36.903524774092936, 2.1552619278595175], [36.91528790747808, 2.1256534801271862], [36.91274616384197, 2.1000315030812935], [36.91999222248955, 2.0995275984925255], [36.920063590887324, 2.0944709489601365], [36.91824876118892, 2.0834703735925326], [36.92092418985501, 2.057415847136457], [36.91899338576085, 2.0516011919238104], [36.91959985912611, 2.04821673490785], [36.918498474182975, 2.0384958884287347], [36.91888641360932, 2.0337959718308483], [36.916041504162685, 2.0215825299866106], [36.91774933264938, 2.016632926020721], [36.9253431830285, 2.01690493173514], [36.93587555558014, 2.0232903548777856], [36.940967847694374, 2.0250740046931814], [36.950010935151866, 2.0251096865570775], [36.96065035974274, 2.016664141266682], [36.97846440261686, 2.005596629069037], [37.00589233985669, 1.9854905346931775], [37.01291542005387, 1.9842553566967462], [37.0190333329426, 1.984255403218161], [37.02717121105906, 1.983020208405283], [37.0420913345816, 1.9825073888097269], [37.090771364182345, 1.9834125851042537], [37.09990355422775, 1.9825966114788942], [37.107377063248386, 1.979341463558269], [37.12094162051394, 1.9760862755498005], [37.13106382156875, 1.970722007148382], [37.13775688835416, 1.9703608246900917], [37.149453114129514, 1.9683096432553229], [37.15861656889468, 1.9655984770450434], [37.16590717012437, 1.96138017350977], [37.17681859706144, 1.9580046477510595], [37.17952972496353, 1.959177366029937], [37.18076489038065, 1.949715182509527], [37.186918495555396, 1.935548596053947], [37.18990164452047, 1.9314507225372575], [37.19668388431775, 1.9262960012419506], [37.20334136257884, 1.9199952447989397], [37.21066763520264, 1.9143901817975906], [37.216995149805925, 1.9111038491597898], [37.21985785925024, 1.9070371011937308], [37.22700134976871, 1.9038087067528635], [37.23209806361793, 1.9002235963218759], [37.23999514764236, 1.8902174203835793], [37.24095829261254, 1.885847457223225], [37.248917852050496, 1.8807819514386563], [37.26549227860021, 1.879033982180953], [37.2666962489478, 1.8776471865522306], [37.27700121725366, 1.848199292412036], [37.282851592907974, 1.8324363937589512], [37.30610576090996, 1.7654517494270514], [37.350549679133785, 1.742139584913277], [37.43084466381485, 1.6081034468733615], [37.44299128164011, 1.5873686038916566], [37.469197420036735, 1.5542865451020251], [37.4998760317696, 1.5011697264041437], [37.55780418042738, 1.3962069589771935], [37.562062641445365, 1.3912484488032522], [37.56979919672856, 1.388470450636224], [37.57301863489866, 1.3809925312398954], [37.57677765652682, 1.3803771329089398], [37.58160245775315, 1.3723017071490906], [37.58239167159027, 1.3666698951468306], [37.587448281318196, 1.3682395081858816], [37.589370178467405, 1.3790884904910263], [37.59543898979971, 1.3841450927298193], [37.59592063316035, 1.3888227080172726], [37.59933624848769, 1.3906197286718764], [37.60097724153829, 1.3841183286517018], [37.603505571289155, 1.379137518061586], [37.60871380848815, 1.3753205528508572], [37.61665545937975, 1.3778755911061586], [37.62145785529356, 1.3769391883058497], [37.62151138759419, 1.3823258085960646], [37.623861325840835, 1.3841941254745658], [37.629738465587025, 1.383725950583586], [37.6329400417917, 1.3886978503936365], [37.6393611891328, 1.3910968475242695], [37.646745472992684, 1.3991633583808631], [37.653902279833915, 1.4009336023719514], [37.655949011571046, 1.396635012942234], [37.663939767782864, 1.3976472627775465], [37.670539247156356, 1.3995423458110023], [37.67463711232298, 1.4032344943635557], [37.68363561113298, 1.3989626782792295], [37.69398067007663, 1.4030338487509202], [37.69951443502091, 1.403689360940036], [37.70998888763741, 1.4072298676645654], [37.71696292121845, 1.407608879416494], [37.72490457827397, 1.4056379548989646], [37.72971144176583, 1.4070024670453771], [37.737398941259826, 1.4076178229689533], [37.74794025283304, 1.413365599512142], [37.755293318875, 1.4118494953463823], [37.7602964571977, 1.4137579883246205], [37.768068680242024, 1.4139987988965885], [37.77442735141203, 1.4117959824144934], [37.778596573699886, 1.412054618540905], [37.78002351355979, 1.4166653355991856], [37.78308242785586, 1.4194121065720129], [37.78652930872584, 1.4154301551281063], [37.7935791896698, 1.4141325380807888], [37.80047294840189, 1.4183999337791202], [37.80455301911193, 1.4175482053494046], [37.811571654625936, 1.4188146196525873], [37.818340574766104, 1.4230507505834673], [37.82586750503005, 1.4208345935393831], [37.83073684808196, 1.4248210003546697], [37.843418591926905, 1.4261810555217223], [37.843324905781934, 1.4320001569540028], [37.84648643913103, 1.4370567939617749], [37.84597810966107, 1.4422115382072218], [37.8495810304377, 1.4477809078578348], [37.84882302226416, 1.4527126725699917], [37.85212275020976, 1.4590624364805027], [37.95061976706425, 1.38696324385953], [37.94529562715245, 1.2628798709921294], [38.14247929668922, 1.4201478566980552], [38.33966297468774, 1.5774159303074093], [38.383165955798944, 1.7612824904464657], [38.52801320586113, 1.8453086772098788], [38.672860386231385, 1.9293348339393523], [38.81770762311764, 2.013361046418937], [38.96255485431257, 2.097387218550616], [38.95637446946664, 2.102720289903045], [38.954185126851954, 2.1062251625713126], [38.95123313071843, 2.114371948757216], [38.948825246126354, 2.12394562765025], [38.946230035357964, 2.129733566142478], [38.941191266374524, 2.1464864045168235], [38.93697738726751, 2.1561358635186347], [38.93584479790146, 2.161196966987168], [38.937717594003, 2.1713815788068778], [38.937860329540996, 2.189846708971887], [38.93709336125255, 2.19587986502399], [38.938480094401484, 2.2108802656098567], [38.9383285189958, 2.214822118311988], [38.93431088370116, 2.2436992255736405], [38.932910678090884, 2.2499241319879584], [38.92927651707782, 2.2606393597020116], [38.92893317259509, 2.2742352081003716], [38.9261239722719, 2.2829304155690164], [38.929517335095156, 2.295897469909385], [38.93556385784675, 2.3136179352354787], [38.9360543670714, 2.317898676051882], [38.9333120713612, 2.3309593957265093], [38.93157743541625, 2.343962130363819], [38.93254950962772, 2.355801077869553], [38.93416821993343, 2.3600461310999923], [38.93485039044019, 2.370038969087107], [38.9342662764153, 2.37434202348242], [38.930868464373575, 2.380566922736659], [38.93067672220976, 2.393587470490115], [38.92816179592348, 2.411954491077397], [38.92413523947605, 2.4187323539272], [38.921125294931485, 2.4282703783075736], [38.9144678616507, 2.440831679426579], [38.913522526113745, 2.449874704691597], [38.905567500147924, 2.469289617804255], [38.90198686378758, 2.479398422165432], [38.901407153339235, 2.4871483605746625], [38.897848840987734, 2.5005657785680757], [38.89596707282609, 2.504088441288694], [38.893719638786074, 2.513836035359422], [38.89278324457388, 2.527712773008009], [38.891307288132836, 2.536680009981898], [38.8886095569806, 2.5426463117162585], [38.968035079309246, 2.5632473509019746], [38.97669912427687, 2.5669127490667267], [38.98169777397782, 2.571246989065353], [39.04342064339716, 2.676022483915187], [39.04078974173844, 2.681730137534419], [39.03621474919067, 2.686866991138764], [39.036772087471554, 2.6920083770168954], [39.046024718903276, 2.7001372725443082], [39.04826769472172, 2.7041549720612825], [39.04845495037464, 2.712096615305989], [39.05247258479805, 2.726481656126916], [39.05844780027766, 2.7335849965643138], [39.0659881515094, 2.737580389303351], [39.06506953417217, 2.8823138574270377], [39.07850931175584, 2.8821221514498627], [39.098842823125516, 2.8824074893145966], [39.1052148785729, 2.8835311771432797], [39.11181427396055, 2.883348381137651], [39.11253665066863, 2.892792767872495], [39.11722768941981, 2.9160558684633333], [39.12074141259459, 2.9231681790917112], [39.12356406891526, 2.9313193601877616], [39.1274167049353, 2.9351809542778433], [39.13379764766515, 2.9362199353131833], [39.13960785860687, 2.9410313198453317], [39.142996803372654, 2.947274076701394], [39.14741129871312, 2.9528300863019323], [39.153283927965056, 2.9547475071379963], [39.20216910859922, 2.9569057038938364], [39.24810227256619, 2.989060266830663], [39.24942216280972, 2.9958693365336133], [39.26135469074215, 3.0061074234355796], [39.268743436028835, 3.013866279025423], [39.2823615519947, 3.026695106254203], [39.289326661418876, 3.035296693346138], [39.31197446644612, 3.046225938322848], [39.32400509422681, 3.052821004588878], [39.33736008741928, 3.0622698096231664], [39.34675545790033, 3.070082126791676], [39.34564955088233, 3.098691721252437], [39.345912694260775, 3.113313115048143], [39.345279486324, 3.1381770674196816], [39.34448577119803, 3.155433836931751], [39.342363212478126, 3.248432811718784], [39.3391571173679, 3.2740414120041526], [39.33678037913428, 3.2798472047192107], [39.32896804171816, 3.2861300428011053], [39.328178790628556, 3.2886628343932154], [39.32585562741614, 3.314632606338224], [39.3235859755124, 3.3302573401507907], [39.3135217729889, 3.4067710425351634], [39.310320142067866, 3.4129379904570842], [39.30640500328056, 3.4169823977855946], [39.30173630821557, 3.4265828004674512], [39.29975200970253, 3.440704793104057], [39.300131054764506, 3.443888583947177], [39.305174290609955, 3.4567843037792234], [39.31016406699769, 3.462037149753912], [39.31221074969368, 3.4657426827322584], [39.31811461230732, 3.4719720005140875], [39.305303611208096, 3.4741078970750947], [39.30035399808605, 3.4756596895489076], [39.295114581255966, 3.4794410044470956], [39.28706590752339, 3.4802168871104393], [39.281251261666945, 3.478954977212585], [39.274076562851995, 3.4758514367111677], [39.26941679713999, 3.4727479138890214], [39.259624618672675, 3.4748838379869373], [39.25516104941424, 3.4775994016373253], [39.249538123500756, 3.4769171716270217], [39.232660389069274, 3.4794409905981967], [39.22722924158579, 3.4831242025203677], [39.20919217970231, 3.4811845114564663], [39.201197013578934, 3.479815569347047], [39.193090325005166, 3.4800207178743077], [39.191560843639884, 3.481889031130897], [39.191409234233824, 3.483356108745221], [39.19090981711001, 3.4835210800140657], [39.1903926246719, 3.4838064473330292], [39.18897907070256, 3.4848097801619606], [39.188952333703526, 3.4865354204817964], [39.18903254466671, 3.486896625035847], [39.18905483869479, 3.48699916836558], [39.189491831793795, 3.488158525643771], [39.189313480581376, 3.489032537101471], [39.18915742285795, 3.490865243841968], [39.18833246058425, 3.492332252929368], [39.188154106102616, 3.4928450520713774], [39.188024782921055, 3.49330881960027], [39.188015896901334, 3.493344507447452], [39.17973977309582, 3.490570955364522], [39.17456722135169, 3.4919487652541834], [39.162821950592736, 3.4976876400910695], [39.15087159152991, 3.50541525590783], [39.14983257880454, 3.505308233008197], [39.14867327517766, 3.5064676497827256], [39.148133667403975, 3.5068020572329552], [39.14833880940261, 3.5076492852765204], [39.148517196661444, 3.5083761245745637], [39.14873122895413, 3.509441826487289], [39.1490076598001, 3.510676996043603], [39.14917715370612, 3.5117382984473635], [39.149484782003405, 3.512255509271561], [39.14997087136448, 3.5130804577952053], [39.150929543297, 3.5146233016985935], [39.14928416882889, 3.514658976099697], [39.14852608822508, 3.5147972103402867], [39.147188370215126, 3.514935456972044], [39.146568564535464, 3.5150023511192816], [39.14567675459831, 3.5161706169770057], [39.143959947450014, 3.51620185466599], [39.14227890178562, 3.516032418182677], [39.14193550979946, 3.515929839430445], [39.140869831550006, 3.515278810843363], [39.13977285184008, 3.5153813971207337], [39.138189915432726, 3.5160680548108365], [39.13606294125465, 3.5169955587849793], [39.134827711968, 3.5167547613344494], [39.13252679907299, 3.5162375345616943], [39.13186246006972, 3.516050239918442], [39.096969974452634, 3.533842020974997], [39.09530222510089, 3.535674743798126], [39.09490097349589, 3.5360671267231627], [39.091699292311574, 3.53921082002883], [39.089706086143316, 3.5409944146680368], [39.089295819926285, 3.541578600886364], [39.088158773506514, 3.54250608794971], [39.08768166726027, 3.54363425631091], [39.08737397792398, 3.544008810547235], [39.08675414468272, 3.544213932970205], [39.08536736514495, 3.5444769748105136], [39.08459596538685, 3.5444190503159243], [39.083989535464205, 3.54437000501568], [39.08330283461462, 3.544182701944218], [39.082691941983406, 3.5439730997869794], [39.0822192451846, 3.5437590815028175], [39.08113571678536, 3.5434959797660692], [39.08071204374266, 3.543496013111854], [39.0801591426057, 3.5437858599115724], [39.08005216994701, 3.544552806072554], [39.07960178606151, 3.5449317984847832], [39.078901685922546, 3.5451102156695815], [39.07852266380287, 3.5452573527611544], [39.07817042314882, 3.5452350693513317], [39.07776906353064, 3.545056661540146], [39.077465856518096, 3.544855998998797], [39.0773142127315, 3.5443521342036384], [39.07736778086089, 3.5439017566305915], [39.07759516673643, 3.543576266915262], [39.07764420440883, 3.543121410869265], [39.07736778086089, 3.542898461077216], [39.07698874961195, 3.5421939563225178], [39.07693971143486, 3.541765889753933], [39.07741681870837, 3.5412397051989535], [39.07794295985003, 3.540811646291642], [39.07794295985003, 3.5399064286725377], [39.07761749994361, 3.5391038076657693], [39.077465856518096, 3.5383724856350933], [39.077465856518096, 3.537717002606774], [39.07741681870838, 3.537092704619324], [39.07752824654558, 3.5367761503692807], [39.07755057977623, 3.536495225060025], [39.07742572022607, 3.5363079475208274], [39.077153746507534, 3.5363079483577007], [39.07673457725719, 3.5363658922895267], [39.07646705141288, 3.536356974284396], [39.07571787769464, 3.536125084930452], [39.075423562714406, 3.5362499701381584], [39.074968774645285, 3.536169694226901], [39.07402342184107, 3.5357728166441222], [39.07330998672625, 3.535630133635973], [39.073006758486244, 3.535679215671282], [39.07227995863241, 3.5359021458509354], [39.07208371171209, 3.5358887420959775], [39.07090208422491, 3.5335878554024664], [39.07062110069783, 3.533213312958555], [39.07013066820636, 3.5331196685737623], [39.06964015245234, 3.533155368699839], [39.06943054345057, 3.533213297412677], [39.06907825251696, 3.5335968115380845], [39.06815522831601, 3.5343102805483775], [39.06751310972625, 3.5346491294054903], [39.067406115829, 3.5346624969299363], [39.06720993338731, 3.5345555007340805], [39.06693791605279, 3.5344395527812567], [39.06676398969091, 3.534238902213495], [39.06586326929666, 3.5337840591575045], [39.06524791676785, 3.533739454100601], [39.06495363291328, 3.533561101304804], [39.06447206013051, 3.5331196775363183], [39.06333941967254, 3.5325578208036346], [39.06271068741873, 3.5325578446978563], [39.06248770022008, 3.5324998275119035], [39.062255888102136, 3.5322545924468143], [39.06200618830363, 3.5321832695708006], [39.06091810266134, 3.531206736524104], [39.0603250416605, 3.531126449197106], [39.0601288374232, 3.531179966948481], [39.05977657457273, 3.5310863176241964], [39.05955365661102, 3.531309289521078], [39.059509057025124, 3.5313315422001756], [39.05866627003693, 3.531037279856572], [39.05838539156632, 3.5309703836969586], [39.058175745549896, 3.530845546518844], [39.04411175001243, 3.52899945355794], [39.04409839075632, 3.529017270680377], [39.04370150824708, 3.529552392912901], [39.042858750947325, 3.530560121075007], [39.04241287551004, 3.5309347100743413], [39.042065047564776, 3.5312646600634254], [39.04122226865636, 3.531451989564297], [39.04082099447112, 3.53173291003485], [39.04044635828875, 3.5320806920716707], [39.038693944691346, 3.5317997569536668], [39.03806075455844, 3.532174346769328], [39.03761484560589, 3.5320138274549375], [39.036963830438545, 3.532646998822699], [39.03668293594157, 3.533039390616302], [39.03639750705689, 3.5332044050753515], [39.03581336399916, 3.533182073462715], [39.03558153446975, 3.5321743281636215], [39.035113339642706, 3.530769744604689], [39.034903696681134, 3.5299760353061025], [39.0343151657208, 3.529579145660694], [39.03319145417746, 3.5290618787095123], [39.032442328674676, 3.5289682708853305], [39.03110900829303, 3.5285267931115474], [39.030596240413544, 3.5284331681575325], [39.03001212382563, 3.528455454831426], [39.02806797291051, 3.5285267773908413], [39.02689968815395, 3.5287809468754943], [39.026056868156154, 3.5291555458791066], [39.0252810121351, 3.5291778234087117], [39.02471911913647, 3.529084182408153], [39.02350185295982, 3.528736362614824], [39.02282404606575, 3.5285714066934752], [39.02219085768161, 3.528455449215246], [39.02064795177728, 3.528009542854293], [39.0207416599523, 3.5262080593746354], [39.020772842947814, 3.5259360671472457], [39.007449079847746, 3.5241836569826437], [39.00707003098241, 3.5248346302305826], [39.0025975780854, 3.525418791272112], [39.00007814985531, 3.521106852237363], [38.98034214261044, 3.5171783717605267], [38.97883054518883, 3.5212629424994155], [38.97499121400234, 3.5226496857840623], [38.96404860281163, 3.523621790247677], [38.95808677732633, 3.519002132820222], [38.95735994389464, 3.514382520286546], [38.958577273762046, 3.508906737368056], [38.927443864797105, 3.5073282118501203], [38.90433681334401, 3.505870117003907], [38.889742181005374, 3.5114617874764957], [38.867250420201515, 3.518395710597676], [38.840857050630746, 3.5282458838377933], [38.838061160760766, 3.527394157185532], [38.719128028909694, 3.563753670634535], [38.71378155725361, 3.56557749291821], [38.711467286278214, 3.571169166744157], [38.711712513054806, 3.5754276001197147], [38.69261867232658, 3.605098505449959], [38.68896668200418, 3.61251842093686], [38.68787420345025, 3.6173832850907335], [38.682282470655, 3.620179139527224], [38.67290053515859, 3.6157691294699386], [38.673034338078466, 3.615341005454369], [38.67383690991124, 3.613263072649573], [38.67326171443796, 3.6125273368925366], [38.672374358316326, 3.6113768994840063], [38.670956402994705, 3.6093480130420033], [38.6713354285295, 3.608545386894085], [38.66944475786455, 3.607033712439693], [38.66770120373009, 3.6064674484158292], [38.66642592186679, 3.6052857532880798], [38.66533786536253, 3.602877870788557], [38.66429890366735, 3.6000909130510275], [38.66325992545469, 3.597874718333939], [38.660428468011744, 3.5999036483924853], [38.65797591094638, 3.6005635886842335], [38.65518902441706, 3.601178906998951], [38.65254474431301, 3.6017942621686316], [38.64985147356747, 3.6023606083950126], [38.64720721768991, 3.602971462749772], [38.64446932014512, 3.6036358987597894], [38.641731388052776, 3.604153133341382], [38.639229878339655, 3.6047194802198277], [38.63663464701634, 3.6054284355580974], [38.634133102578204, 3.605994786050095], [38.631395218301, 3.6066547092542347], [38.628701957448065, 3.607176445470318], [38.6258703647884, 3.6077873354620404], [38.62317711688266, 3.608451726087684], [38.62072460426347, 3.609062604647005], [38.62072460426347, 3.60849630866853], [38.61770135855693, 3.6073191024652123], [38.61581514119003, 3.608353625785085], [38.61189556739482, 3.613405773096376], [38.612368275745396, 3.6146320355284427], [38.612225542998864, 3.6174189725129557], [38.61099929339959, 3.6174189710847022], [38.61066482860018, 3.6170399222208065], [38.60863598844912, 3.6163800005486224], [38.60806966641933, 3.616286367079544], [38.607646082524376, 3.6160990739731647], [38.60651341647927, 3.6143511050461825], [38.6048591349054, 3.613833834802753], [38.603632827630605, 3.611234179088864], [38.60287479062087, 3.610953286780932], [38.59787167082473, 3.610855201527598], [38.595133793101915, 3.610855149129437], [38.592444968005566, 3.6108551490002183], [38.59064346805075, 3.610855197102435], [38.56320662958755, 3.617289674240353], [38.5619893182874, 3.6185070126994647], [38.55972407391931, 3.6185069744602125], [38.558020702982446, 3.618507005971721], [38.556977315429016, 3.618752244810514], [38.55547457753523, 3.6205849612045884], [38.55408333662155, 3.6222927994726875], [38.55358833492008, 3.622899223218199], [38.55372214118586, 3.623144445339163], [38.54678821474627, 3.6395762597620527], [38.53428044523967, 3.649190051981722], [38.52233896996196, 3.6483472832352746], [38.51992662250329, 3.6469872763489217], [38.5199266225033, 3.645368640391496], [38.519877561785, 3.6432906655126205], [38.51992662250329, 3.642113506665654], [38.51869592496346, 3.6411191130512415], [38.51884751876793, 3.638849415039935], [38.51888768184863, 3.638287555339609], [38.519074948904105, 3.6356923722290784], [38.519547603456935, 3.6345107281819233], [38.51940490959677, 3.633284437014123], [38.51718870605475, 3.6321028003147564], [38.51491903443517, 3.6312065332936245], [38.512747497055386, 3.630354809577442], [38.512136573931194, 3.6297885484920474], [38.51152123553923, 3.6291776233605684], [38.50944323346663, 3.6288431818266065], [38.50670536303974, 3.6284686105424906], [38.50401653178002, 3.6280450401563042], [38.50188954008617, 3.6278086820777435], [38.4997179749404, 3.6270060716026298], [38.49778274318209, 3.6261543353508006], [38.49523212487373, 3.625258079908964], [38.49268597934004, 3.6242681816705278], [38.48994805567315, 3.6232737489134257], [38.48758473188039, 3.622422104582587], [38.48503412089004, 3.621432143682554], [38.48248798344427, 3.620535890664445], [38.48008011538032, 3.619639585344185], [38.47823848110147, 3.618979656654248], [38.476303261981464, 3.6182706503183666], [38.47375261684351, 3.6174189620684816], [38.47115742940446, 3.616335400939985], [38.46851320173309, 3.6153410523354705], [38.46591355657475, 3.6144938149839687], [38.463367405090246, 3.6134993984872126], [38.460816742663155, 3.6125094814743677], [38.458078863462724, 3.611613205597412], [38.45557285293102, 3.610667883747165], [38.452933058128366, 3.6096779818641824], [38.45023979247934, 3.6087326167993017], [38.4477382202056, 3.607880970706797], [38.44570933495937, 3.6070783139874227], [38.44396136692019, 3.607176390654689], [38.44122351330361, 3.607319103730152], [38.43857921384456, 3.6075509687475025], [38.435747707605394, 3.607693698835664], [38.43310343054939, 3.607979060508006], [38.430503840403794, 3.608072676538953], [38.42790864383429, 3.6082599621581157], [38.425028032561755, 3.60845169299237], [38.42233917258263, 3.6085899423562116], [38.41969492301456, 3.6088753629063004], [38.41685891732268, 3.609018026137439], [38.414027447463454, 3.6092053096215255], [38.41133862362249, 3.6093925967927487], [38.40968426076056, 3.609441663100841], [38.40779802965626, 3.6096289318382744], [38.40524747737211, 3.609865258307769], [38.4026031895699, 3.6099589206579297], [38.39991438512272, 3.6101952603512175], [38.39731469983789, 3.610288851129126], [38.394527775690705, 3.610574258618967], [38.391981613555785, 3.610716970156694], [38.38943101649489, 3.610953289431426], [38.386742161195166, 3.610997880070133], [38.384097940516554, 3.6112832340960703], [38.38116827382645, 3.6114259564945956], [38.37847948621714, 3.6116578208682824], [38.37574158308427, 3.6117559444626925], [38.37290562975992, 3.611943190781209], [38.37016773839955, 3.6121305027297095], [38.36757251486002, 3.612322223508716], [38.364740954369424, 3.6125585811530536], [38.36209674349617, 3.6126967646122377], [38.359265191309845, 3.6129331160997515], [38.35737455677844, 3.61316944526604], [38.355720217606695, 3.6131694322550563], [38.35312499376181, 3.613361197864507], [38.350338067476414, 3.613597550435127], [38.34783650963968, 3.613784835699231], [38.345054024109544, 3.6138338755827446], [38.34245436609259, 3.6141147793575494], [38.339671897166134, 3.614257503808021], [38.33702765641119, 3.6144447499036945], [38.334383391255386, 3.6145874596196896], [38.33164552508593, 3.6147747090779556], [38.328952246579064, 3.6150110872425367], [38.326307983088, 3.6152027797418635], [38.323525484161706, 3.6154391338460066], [38.32083219972864, 3.6155773797410693], [38.31809434071708, 3.6157200653202985], [38.3154500493707, 3.615862736128775], [38.312663157787256, 3.6160500383095866], [38.31001889276924, 3.61624176732156], [38.30728099279415, 3.6163800286455023], [38.30440038706113, 3.6166654187094203], [38.30260784743942, 3.616710000342415], [38.30085989810069, 3.616808068396707], [38.298220072623245, 3.617039963061909], [38.29538412075573, 3.6171826381086136], [38.29269525260462, 3.6174189497197977], [38.28995736737677, 3.6175616946345723], [38.287406808594426, 3.6177980061914274], [38.28476251034416, 3.6179406745104146], [38.28211826855412, 3.618127961922309], [38.27933135574337, 3.618364302345195], [38.27678521964938, 3.6185069725436163], [38.274140984722685, 3.6186942487682288], [38.271403064932294, 3.6189796642961714], [38.26875885899146, 3.619073320731335], [38.265922866170406, 3.6193096083172596], [38.26323402205139, 3.619447874760024], [38.260683411344054, 3.6195905495197485], [38.258797229704165, 3.619639626264323], [38.25690656849179, 3.619875930861617], [38.25402596818811, 3.620112251476315], [38.25110081417906, 3.620348613575611], [38.24661492250109, 3.620299533497527], [38.23820955813572, 3.6210085235320486], [38.21521841428523, 3.622564788144175], [38.203085148203954, 3.6233674111661784], [38.192133611632656, 3.62407641277427], [38.18679607165873, 3.624500056099496], [38.181650274099255, 3.624830007377673], [38.17943409553154, 3.6242681487477753], [38.1683354280587, 3.6218111933191652], [38.16305137194981, 3.6206785607419256], [38.15511862781164, 3.618787946346315], [38.14727951103914, 3.6170890208009685], [38.14496530275666, 3.616616356348142], [38.141567407669456, 3.616571752210624], [38.1410947297366, 3.6163353948455446], [38.13354102812272, 3.6152028155212212], [38.13101275339368, 3.6137268387345944], [38.12991581591888, 3.612331112353065], [38.12790025578008, 3.6109666816748462], [38.126575949430524, 3.61078382963077], [38.124136764574146, 3.613160559504193], [38.12066314515662, 3.6170533509927454], [38.117037887895464, 3.6212449003611558], [38.11167359934184, 3.6270996972332954], [38.111637949447704, 3.6277774364158466], [38.10865030869796, 3.63049749925723], [38.10344208911185, 3.6351082475088488], [38.09294094675199, 3.6434155143990195], [38.0866312987758, 3.648400825939504], [38.082323838568065, 3.6517986298503504], [38.074016536193234, 3.658407014796917], [38.06967332941926, 3.6618093038325346], [38.065365841857286, 3.6651714604524384], [38.06117431208471, 3.668493498065142], [38.05502073496015, 3.6733271825418634], [38.05324601126226, 3.6746515312323873], [38.0508246919118, 3.675744038272203], [38.049732268747476, 3.6749145937191328], [38.04814478481665, 3.6755210916060665], [38.04543368924803, 3.676622470850885], [38.045063600695364, 3.6769479917017], [38.04519737857437, 3.678588949682463], [38.04318180165089, 3.680555381024326], [38.04227664971174, 3.681259954338178], [38.04242827621778, 3.682468352634628], [38.04086758893128, 3.6838773882504174], [38.04066686886735, 3.6870523094687377], [38.03849976497068, 3.6871504083676983], [38.03643521940287, 3.6873555172961336], [38.03381772900554, 3.6905749702276256], [38.03005870554291, 3.6926573604309483], [38.02891717327085, 3.697290382510683], [38.02428414524113, 3.699506550110665], [38.02246928841591, 3.7035375909503796], [38.01924535930281, 3.7068239247036625], [38.01739483032725, 3.708986593410255], [38.01718079505738, 3.710921855148115], [38.015352583376426, 3.711135897207793], [38.010032842378514, 3.7213962913341523], [38.00804853565084, 3.7252087956509987], [38.00692044787741, 3.730475020827691], [38.00165425648353, 3.7316567125642908], [37.99982595143274, 3.7346665678294277], [37.99891634514954, 3.734555123456039], [37.99784167077368, 3.7343410808025936], [37.99649947548501, 3.734720077521531], [37.9941361683897, 3.7345551034842477], [37.991233287308646, 3.7343410744858283], [37.98946304127396, 3.735255201523688], [37.98253360021151, 3.7392326945713257], [37.975171647039915, 3.743205728554493], [37.96002404523407, 3.7518519671678465], [37.949175016969555, 3.7580322815738216], [37.94143849589387, 3.762330815024668], [37.929296379934165, 3.7690952984523904], [37.91774727162393, 3.775596671503549], [37.913239198567965, 3.7791951884617125], [37.90894059318519, 3.7826866567551787], [37.90319284336333, 3.7863921572507135], [37.894167610400785, 3.7921399023207036], [37.88052277333331, 3.8010046413015006], [37.85705006576153, 3.8157776224549362], [37.84088132855496, 3.8261985374906637], [37.813163577049835, 3.84515864757762], [37.79699483776851, 3.8555260701460634], [37.787648543659785, 3.8613808610358835], [37.78270346470538, 3.8643907630298715], [37.7780302796859, 3.867400619665768], [37.768470015371136, 3.873362468347981], [37.75976584704035, 3.8791637273050195], [37.73784935553854, 3.894043759738292], [37.71813568362376, 3.907523634688701], [37.71362307226954, 3.9106940303547657], [37.67032965155194, 3.9403470460458245], [37.65206513918958, 3.9529172601558757], [37.64857365916724, 3.955227094979053], [37.64755254749346, 3.959686170586819], [37.64481467645691, 3.961028399409955], [37.637078124401675, 3.966343626733083], [37.62568954249293, 3.9740266449961026], [37.592384577054936, 3.996317681742657], [37.57600179158592, 4.0070106594570545], [37.56198239675892, 4.01635691714676], [37.55961908050255, 4.0177526236210825], [37.55827689478539, 4.018880740760886], [37.55688118305394, 4.020597508412908], [37.55156143433965, 4.024789097787427], [37.546188262114974, 4.028548065136834], [37.53270843344086, 4.037733825694965], [37.50093729662132, 4.059244517923363], [37.48629357218319, 4.069157138746243], [37.47535988354335, 4.076661793124441], [37.46319545938884, 4.08500477968179], [37.4491760627548, 4.094404566579405], [37.43526367839745, 4.104022853308548], [37.426456897717856, 4.110145187977866], [37.425110301512824, 4.11180842663821], [37.424089116335786, 4.112508521702493], [37.42357631876959, 4.112851885332506], [37.423344479286925, 4.113007899105037], [37.4229610382526, 4.113262100163936], [37.422532953660316, 4.113850663321766], [37.41904146269456, 4.113583166900097], [37.41200500616402, 4.118363318524135], [37.37929303815598, 4.139637646558107], [37.3522440865627, 4.156881035164131], [37.33371211274191, 4.168965171839441], [37.28439889574316, 4.201302600338922], [37.23047056234758, 4.236056843939385], [37.17675173103828, 4.271190080350247], [37.13576811499246, 4.297886731615507], [37.13109498550441, 4.296651519574046], [37.12738499221253, 4.297779668193186], [37.1235189726649, 4.300731603263978], [37.11922038960024, 4.304169581256849], [37.11139915341997, 4.310679881950296], [37.11025312840874, 4.311638590817233], [37.10920085086505, 4.314086614526216], [37.09350921071622, 4.3384110396243365], [37.09327736444712, 4.338442238942469], [37.08982601626748, 4.343396269140309], [37.08871124118378, 4.344997132442749], [37.08736908521138, 4.3468743974173565], [37.07684115030476, 4.351815076302585], [37.07017920580292, 4.35214057138147], [37.06414607453524, 4.350856349125104], [37.06410595786346, 4.350851919913652], [37.06174263742016, 4.353054722750799], [37.06126547740503, 4.355244123800117], [37.06088648174043, 4.3569742393168935], [37.05466597060004, 4.36344886626383], [37.05304289884925, 4.365138877076553], [37.05269063623154, 4.3675245170630195], [37.04887361139987, 4.370195506001647], [37.04844558180296, 4.372438447367876], [37.046648517844574, 4.373517557646666], [37.045792429918116, 4.375292234026511], [37.04569874606629, 4.375617732761748], [37.04347814137325, 4.374948921873877], [37.03387764327646, 4.384112348059703], [37.032111835258966, 4.385525867246302], [37.02892362376991, 4.388076477743775], [37.02784895107197, 4.385392089981524], [37.0259672526961, 4.3825427527254694], [37.01909133337998, 4.375452797222291], [37.014043565886354, 4.3798583556661885], [37.00630701846192, 4.3837779234838825], [37.00168740979046, 4.38222168655814], [37.000777776401065, 4.382435715729559], [36.99712134703012, 4.3866272698790425], [36.98901018970177, 4.3931776880294935], [36.98723993363842, 4.39457784396978], [36.985572247577515, 4.396508640316014], [36.984609057099334, 4.397797308179672], [36.98031052532882, 4.39844391771558], [36.97585140715419, 4.400379148553158], [36.97402320557646, 4.401181790481813], [36.959254597435276, 4.401074747501748], [36.958822105762984, 4.404833767620652], [36.95603073067606, 4.407790187538887], [36.91396798711372, 4.425787108367354], [36.91144416498843, 4.426803775783661], [36.909134311291766, 4.427717879778327], [36.90650349674704, 4.4284179649139075], [36.89779927125636, 4.43051377403783], [36.889581163207026, 4.432444518493877], [36.8791067385683, 4.434914874959579], [36.873952035692916, 4.437229153510844], [36.85498750044702, 4.446303452583518], [36.84993974065361, 4.4488317297274085], [36.84349186309369, 4.452051234736497], [36.820447237203, 4.451141578447018], [36.78682118302418, 4.44952735450791], [36.72665898483814, 4.446628978315576], [36.71132862417557, 4.445924427290841], [36.68551043321826, 4.444747174774444], [36.680462717089206, 4.444426139605685], [36.679000086186115, 4.444493037724415], [36.659108108326286, 4.446686883519612], [36.64468735532401, 4.456996355167014], [36.62508067303021, 4.457692008612451], [36.622503337790754, 4.457424442740516], [36.58860526363738, 4.453072314914807], [36.547247079356154, 4.44839921427689], [36.54445121947283, 4.448506214319252], [36.52398397258402, 4.448938743309743], [36.47360058859435, 4.449794905616632], [36.462800631761766, 4.450013382952141], [36.40317798365484, 4.451088065657896], [36.34140155600178, 4.451890696293482], [36.27968315222122, 4.4528583431538475], [36.26292140697408, 4.453125878918004], [36.24728782475994, 4.459141210038556], [36.23418251660483, 4.453558378089963], [36.16886113301156, 4.454847056301325], [36.119712905420904, 4.4555961868481955], [36.05820856286374, 4.45677785234028], [36.050092967976646, 4.456884887628466], [36.01319388978668, 4.4885801710741955], [35.98542708507356, 4.512324860165666], [36.05061019599146, 4.4562160112848614], [36.049816469898836, 4.056618130399171], [36.05208618140441, 3.2405669878624006], [36.05915387795416, 3.2374902031226407], [36.07194259048469, 3.228674529954207], [36.07995114208285, 3.2260793449600245], [36.08699200699267, 3.226351353422442], [36.10275051973135, 3.2215042890245558], [36.114250554634765, 3.2210539467397408], [36.11882105671355, 3.21824468525841], [36.122852078232675, 3.2139907045621374], [36.13170340680541, 3.2111146037356844], [36.14234287927586, 3.2094647527157876], [36.14474183665819, 3.2126975802958477], [36.142249220297366, 3.2151010583260278], [36.14324805016737, 3.2187441567587562], [36.14699369246562, 3.22373388864846], [36.15212166215091, 3.220532213958415], [36.154159495473394, 3.21460162275855], [36.153682320770706, 3.199208785992578], [36.15257647075896, 3.1898803865363243], [36.146984741530616, 3.17272176791792], [36.14134403773051, 3.157395806078284], [36.14112107656942, 3.150377170165951], [36.147118508173776, 3.1446740031170277], [36.150966727988234, 3.137655373847884], [36.1530937625774, 3.12411756215053], [36.15293323839566, 3.1158548154714727], [36.150605558902186, 3.098085320523514], [36.1535262728996, 3.0907054687971667], [36.152732520545534, 3.082531970427627], [36.148367068574245, 3.075290367206303], [36.14129944554965, 3.0729805686354634], [36.139827889177084, 3.0630412410898398], [36.1420307374966, 3.0607715760776464], [36.14284225377554, 3.0560493607268397], [36.14248104678332, 3.0464489202621556], [36.14114337271442, 3.0362375762204645], [36.137897102479094, 3.031069474407301], [36.13802640883587, 3.0244165086802375], [36.13704541579414, 3.0150479053579535], [36.133099103846135, 3.0118284655881986], [36.12799350081964, 3.003931360613003], [36.12594229497771, 2.9931715955197147], [36.12421212038699, 2.988213093240852], [36.12344070044098, 2.9813014695680375], [36.125719289495514, 2.9793127176782828], [36.12967451568363, 2.980280304971773], [36.1284304620807, 2.9744032076344515], [36.1355561227651, 2.9795400845101545], [36.13442348825247, 2.9671170847092205], [36.13839650564475, 2.969346618483329], [36.152126137321524, 2.969007701590746], [36.16372872128059, 2.966697898970028], [36.17206724666556, 2.968098027083968], [36.1774270983309, 2.9663545733093315], [36.192583521526124, 2.9677770159813015], [36.200444944472544, 2.961993554921713], [36.21666271018106, 2.9586670286643253], [36.22220534649604, 2.9548723737720453], [36.22571020246793, 2.95853776848107], [36.23039672820548, 2.9564374869378707], [36.23579226258841, 2.956049563145094], [36.24627113780332, 2.9492004133361167], [36.252237390828284, 2.9520631031869384], [36.256500300791075, 2.96162345310557], [36.25920696484003, 2.9496819484752965], [36.26017010208394, 2.9360371460339025], [36.2620072954956, 2.929914781346403], [36.265124216993875, 2.924340892312536], [36.268116226714326, 2.9107049709154684], [36.27014958810226, 2.905536900586708], [36.277079062312495, 2.8965072047166474], [36.28299179250945, 2.890188641939476], [36.289809750588326, 2.8876201732532474], [36.29725650162227, 2.8873794379354796], [36.31460683362694, 2.8781401356065204], [36.31904812034429, 2.8747646210681226], [36.33376315558853, 2.868570900910037], [36.34457203826564, 2.8627919462806393], [36.3533787107892, 2.8621319636542415], [36.358774267935374, 2.8607719256801163], [36.36253768250517, 2.8565581161691287], [36.365685881741115, 2.8509842552326212], [36.37516589241672, 2.842485177252502], [36.38180996449493, 2.833861252346308], [36.38505618367984, 2.8271904777924357], [36.385778547557805, 2.819257697388195], [36.39238691268172, 2.806139062423072], [36.39454072224549, 2.7997447249140026], [36.39844685066614, 2.792538796932347], [36.403325098881474, 2.786010662676475], [36.406005007721745, 2.779437961935637], [36.40973734441535, 2.7748985649853313], [36.41152989444333, 2.7694852513299053], [36.41754073613085, 2.7619894875457884], [36.41833001658366, 2.7521214994026244], [36.41986841680359, 2.7471629471770114], [36.41972125102763, 2.737437656910578], [36.4238815885628, 2.7286353831551042], [36.4260085760514, 2.7220582250948357], [36.43077085636351, 2.7140452243367164], [36.436616775898834, 2.711507977454221], [36.445196085220836, 2.7063711166763835], [36.445682096478244, 2.7027860026009063], [36.43849406268335, 2.6933014793044756], [36.4347618186557, 2.686452324602945], [36.43239396991326, 2.6779041985784344], [36.43426681994781, 2.672303600140157], [36.434752901276354, 2.6666405118179135], [36.43323230762953, 2.653312282489523], [36.436188668411006, 2.643863425347427], [36.436763908907444, 2.6335495260014943], [36.44041142821211, 2.6294115246110286], [36.44184725331911, 2.624296927289406], [36.44590062303135, 2.6209347578479396], [36.44952136851017, 2.6145002855586683], [36.45362377384888, 2.6110266237428474], [36.46431221339869, 2.609300968795954], [36.46981923575557, 2.6099965714617324], [36.47163850774107, 2.608641012194221], [36.47304312347991, 2.6005120520223075], [36.489421476036945, 2.5801429059144865], [36.493069015903124, 2.5743103689089], [36.50886759694268, 2.5643130493080966], [36.51392869322298, 2.5588551190707443], [36.51789283571675, 2.544162392888561], [36.522481254733876, 2.5320247143865537], [36.52314119740827, 2.5260762737357503], [36.52846976298768, 2.5222191943993444], [36.52784549260461, 2.509185211340158], [36.529267947399234, 2.5001555189059514], [36.52676195475445, 2.4945861409922236], [36.525513380515235, 2.4844327706585925], [36.52764039762599, 2.4743864095447172], [36.52461709927647, 2.4653790197368117], [36.52253469694503, 2.450668459482871], [36.52356031821084, 2.444773525153145], [36.52955781184247, 2.4340805926753877], [36.532884287262036, 2.4224289681849647], [36.535350166333295, 2.4164314732569885], [36.53720067703763, 2.4088242201773205], [36.54035325147435, 2.40457468609768], [36.54672536268648, 2.4031031821123423], [36.550462053757826, 2.3997767146784894], [36.55909932906797, 2.397070017845713], [36.56519496278989, 2.401047567642344], [36.56646134182212, 2.404882381485719], [36.57448327958441, 2.4043695931423223], [36.577497569292234, 2.40714757720931], [36.58380720046329, 2.4070762299138697], [36.59240883753738, 2.412012467221655], [36.60089447663744, 2.405734061713953]]]}, "id": "00000000000000000773", "properties": {"shapeGroup": "KEN", "shapeID": "32016919B63496705134089", "shapeName": "Marsabit", "shapeType": "ADM1"}}, {"type": "Feature", "geometry": {"type": "Polygon", "coordinates": [[[39.775261650640246, 3.668096630116483], [39.786837463716374, 3.333454492911125], [39.91097441429109, 3.281521581483753], [40.0351112822345, 3.22958864454061], [40.04419453525134, 3.2242466586156575], [40.0649828210947, 3.2009478817143115], [40.140368418413956, 3.1198724529700743], [40.182694215857, 3.072918133398261], [40.26974031223722, 2.9706174209333893], [40.38061582226529, 2.9193734687337134], [40.49149136699131, 2.8681294479052446], [40.49198192060867, 2.8635945523208934], [40.49474205252181, 2.8575569299856953], [40.49312787572518, 2.854270570581151], [40.496293831809865, 2.8499496934065918], [40.49352026137688, 2.845401406702378], [40.494157950393074, 2.8368666892212806], [40.49748442798541, 2.835404106001733], [40.49822014265101, 2.8323184134526307], [40.49552245107524, 2.8260533670816574], [40.49743092816217, 2.8209833729858746], [40.495107715190244, 2.8170058571122807], [40.50194353218735, 2.8144641684632115], [40.50373611596513, 2.809666197833572], [40.49647669740376, 2.805510309073889], [40.49321259645976, 2.800110368981431], [40.496284902052835, 2.7970870750237378], [40.50240278608378, 2.7960525512716115], [40.50495342354917, 2.793006983888999], [40.503602341795464, 2.787410836350008], [40.50772249230866, 2.7828892685398983], [40.5114235402451, 2.7836785469927583], [40.51501311697749, 2.7779218564463783], [40.519142243075414, 2.7776543316396953], [40.522134328394756, 2.775215196771211], [40.51938309652015, 2.7708675859245413], [40.52110428099411, 2.7642324430072214], [40.51945885298966, 2.7607409148383604], [40.52042652457629, 2.7502709559878156], [40.51936966836521, 2.7445142732299503], [40.52050227969233, 2.7396672185597986], [40.514290810109195, 2.7387843382621857], [40.51182488576222, 2.7318459746743446], [40.50619306521686, 2.72487641480352], [40.50093580080867, 2.722267835780859], [40.50346856731968, 2.715017302421436], [40.51132991843778, 2.7061481405135166], [40.514032159202024, 2.701996737790407], [40.51832622142724, 2.7003691888821413], [40.52118011284796, 2.6958387132428365], [40.5230261262908, 2.689288321972096], [40.524921287418, 2.677841815408465], [40.52812735204271, 2.671300268298785], [40.52799805737042, 2.664237057422475], [40.53263106706329, 2.6594123230743603], [40.53731313736236, 2.6496112212882776], [40.53834763200821, 2.6433952101669935], [40.541651808565064, 2.640492336863226], [40.543453260140254, 2.6349051187832595], [40.54633835303302, 2.631908570101918], [40.54514774387074, 2.6271373253696098], [40.54763150114193, 2.6216259213488353], [40.552086079047065, 2.6084180520107214], [40.550730579726135, 2.60221099627375], [40.55294227787943, 2.598862216489752], [40.55391878068537, 2.593274957745429], [40.5611202550987, 2.5878303518057804], [40.56222165160136, 2.584610908030116], [40.55939458862731, 2.5804550230143475], [40.56175790416106, 2.5735612675772015], [40.56432192599294, 2.571086443353919], [40.567380796475334, 2.564683198310051], [40.57725774147276, 2.5560012898949442], [40.58136455100051, 2.549843307515616], [40.58005803948723, 2.5347180047261646], [40.58129321700429, 2.528667023235364], [40.59582989836164, 2.5144202211250732], [40.59720775783036, 2.5093278785502235], [40.59248553678586, 2.506318040944077], [40.59142874613592, 2.5032456763035356], [40.594295959353396, 2.498474445940405], [40.60321414598472, 2.4928336815105445], [40.60489968322379, 2.488347832219903], [40.603517355627304, 2.4844773071785946], [40.60703112375986, 2.4768700922769176], [40.612087799148206, 2.4698960864556128], [40.61553022194484, 2.462944335176993], [40.620778551457434, 2.4587661654996107], [40.623204303244954, 2.454494347231099], [40.6307669741306, 2.448924922082489], [40.63226524421063, 2.4439887175683235], [40.63497636395918, 2.4413488807194503], [40.64049667259667, 2.441348935957693], [40.641798804786575, 2.4355342515022698], [40.65515375041416, 2.4331263204545786], [40.659639663012626, 2.4304731563037705], [40.66491032712268, 2.4216976436906403], [40.66492813496158, 2.412503002201989], [40.66735389856619, 2.4074106913537827], [40.6656327015845, 2.3984345107760965], [40.66810744326701, 2.390515134711921], [40.67582620182059, 2.384357129743088], [40.676664477315676, 2.3768391061140726], [40.6816586569391, 2.3703377441191433], [40.68757140206852, 2.368745827918687], [40.69285546505604, 2.365691318068041], [40.70023084635734, 2.357268122390433], [40.700676774873294, 2.354597117652959], [40.70967075028119, 2.3489875342653552], [40.71625680934652, 2.33876727250409], [40.716684899621185, 2.33338960231821], [40.720466251647295, 2.327231599236529], [40.73262177013286, 2.3178184040795777], [40.7378344378689, 2.314732743672076], [40.74397463085833, 2.313774033648876], [40.752304202451676, 2.3147550448319927], [40.75712896913819, 2.314246667670679], [40.77041709710015, 2.3090696747775876], [40.77908554940181, 2.305123377734094], [40.785417519328746, 2.300218364036702], [40.79204815600179, 2.292727091515186], [40.79835784212627, 2.286800906183351], [40.80518471413379, 2.2818780652970054], [40.816024799100724, 2.2769953832924035], [40.822084688631755, 2.2762640587248266], [40.82868414925337, 2.2767857804967955], [40.83768709564571, 2.2752652238213003], [40.843171746912944, 2.2629581317686354], [40.85538971589869, 2.249348925605542], [40.86181080533833, 2.2437036867197206], [40.876280617759456, 2.2246231912390533], [40.891927575311996, 2.210273819860603], [40.913598795321775, 2.192914578362971], [40.92049704197746, 2.1886204649261582], [40.9375353056435, 2.1799920567480937], [40.947412167504346, 2.1768216365139788], [40.9624795123997, 2.1762553495502237], [40.977751937935736, 2.178498282956549], [40.99195410483725, 2.1791849546585285], [40.99244911789756, 2.2518817206675887], [40.99259623525587, 2.5231778811339343], [40.992449117897564, 2.796168477024971], [40.9925248706822, 2.824751360637769], [41.08900649177282, 2.919469339935871], [41.185488025471855, 3.0141873373584542], [41.25795732900588, 3.085015664383882], [41.32898640255289, 3.155710286184562], [41.330868136918156, 3.1575830887520295], [41.332678490614825, 3.1601782763065835], [41.33668274616658, 3.16591718107074], [41.3424929999304, 3.17425120049784], [41.348307620211926, 3.182585251638356], [41.354117885390295, 3.1909193459421004], [41.35993251564764, 3.1992489341935917], [41.36574271470858, 3.2075829832759686], [41.3715574303598, 3.215917048887724], [41.37736763873781, 3.2242511030169982], [41.38318228578353, 3.2325851735981193], [41.3889969361358, 3.2409192424491873], [41.39480715628861, 3.2492532936028793], [41.4006218129252, 3.257582875964081], [41.406432039761924, 3.2659169767870417], [41.41224670162615, 3.2742510255004684], [41.41806136547578, 3.2825850656320736], [41.423876031046575, 3.2909191547854935], [41.42968626761836, 3.2992532213627053], [41.435500936303654, 3.307582803868762], [41.441315605917666, 3.315916854932226], [41.44713027619624, 3.324250890584988], [41.45294494687521, 3.3325849684730326], [41.458755113211964, 3.340919023656177], [41.464569784372756, 3.349248637173855], [41.47038445514177, 3.357582715557301], [41.47619912525495, 3.3659167717240375], [41.48201379444822, 3.374246375163979], [41.48782846245758, 3.382580441248216], [41.493643129018984, 3.390914481032106], [41.49945779386846, 3.399248552229041], [41.505272456742006, 3.4075781628241626], [41.51108711737569, 3.4159121740131115], [41.51690177550553, 3.4242462716630517], [41.52271650712638, 3.432575839673528], [41.52853115944879, 3.4409099282928106], [41.53434580847563, 3.449243981119296], [41.54016495178578, 3.457573558206142], [41.54597959295516, 3.4659076524697565], [41.55179430625583, 3.4742417027945187], [41.5576089389789, 3.4825712789282073], [41.56342806302976, 3.4909053616495678], [41.569242761978536, 3.499234963133589], [41.575057379582404, 3.507569020292118], [41.58087656247464, 3.515903078569325], [41.58669116851874, 3.52423265968979], [41.59250584479118, 3.5325667452107194], [41.5983250079392, 3.540896329760504], [41.60413967104495, 3.549230429847487], [41.60995881954671, 3.5575600239355185], [41.61577346843071, 3.5658940740004015], [41.621592601230844, 3.574228115948884], [41.62740723483821, 3.5825577261887447], [41.633226350881465, 3.590887323305535], [41.639041044254974, 3.599221371488009], [41.644860142478166, 3.607550962097137], [41.65067481844145, 3.61588506270348], [41.65649397386296, 3.62421463720498], [41.662313119200654, 3.63254871034712], [41.668132254190766, 3.640878326386986], [41.673946891677105, 3.6492123373932865], [41.679766005658315, 3.6575419902374313], [41.6855851085008, 3.6658760201586333], [41.691399790505756, 3.6742055990534794], [41.697218946766085, 3.6825352032248317], [41.703038091080536, 3.690869300931554], [41.70885722318544, 3.699198868688357], [41.71467634281716, 3.7075329285161707], [41.72049544971208, 3.7158625732982284], [41.726314543606634, 3.7241921355523497], [41.732133700205225, 3.7325261832930043], [41.737952843260075, 3.74085581024124], [41.743771972507645, 3.7491854100566577], [41.749591087684415, 3.7575194975708244], [41.755410188526874, 3.765849099157614], [41.76122935069899, 3.7741831230987875], [41.7670484220743, 3.7825127211660767], [41.77286755423613, 3.7908423404647964], [41.778686746896675, 3.799171920196747], [41.78450584797827, 3.807505987719255], [41.79032493312872, 3.815835617321299], [41.7961485548058, 3.824165174982433], [41.801967682686595, 3.832494779569946], [41.80778679382985, 3.8408288645570967], [41.81361036337483, 3.8491584739270337], [41.819429515619206, 3.8574880639541287], [41.8252486503198, 3.8658176678378426], [41.831072241175136, 3.8741472524546516], [41.83635178950253, 3.881705423897636], [41.836891339518104, 3.8824813450753393], [41.84271496834166, 3.890810945158323], [41.84853410507102, 3.899140526702913], [41.854353222924075, 3.907470115554176], [41.85831735100091, 3.9131420778423087], [41.860176793195876, 3.9157997352987755], [41.865995947806965, 3.924129329656077], [41.87181947755914, 3.932463365193296], [41.87764306218455, 3.9407929882192487], [41.88346223176235, 3.949122583597485], [41.8892857742557, 3.9574522051726517], [41.89510937079152, 3.965781759488447], [41.90092847716192, 3.9741114078319493], [41.90360394686538, 3.9779372825081816], [41.90668524149724, 3.978311831287657], [41.912892277955734, 3.9907348886069203], [41.92143591266471, 3.9943066556928373], [41.9224302654301, 3.995938701390526], [41.922929743822486, 3.9958584394412835], [41.924169335638055, 3.9963489373294845], [41.924789158709835, 3.9976598771747316], [41.924913985430436, 3.9995461199961033], [41.92519051078723, 3.999992030061967], [41.92546695902837, 4.0004691400510985], [41.92564083607063, 4.001111258471633], [41.926296370944335, 4.001624021121595], [41.92699194074613, 4.001557153692044], [41.928374272985586, 4.001303013488509], [41.92913680381342, 4.001142438235914], [41.9302471244825, 4.000790206275311], [41.93090706905678, 4.000536035833223], [41.932186819269326, 4.000214976900774], [41.93270853507293, 4.000085632167512], [41.93326142872648, 4.000152513275463], [41.93388568841926, 4.000375473127632], [41.93451001656642, 4.000727776930598], [41.9351297964412, 4.001302985859081], [41.93599932295151, 4.002230475899447], [41.93658790474169, 4.002868103732112], [41.93710518843175, 4.003639548385248], [41.93790339245302, 4.004344092068932], [41.93852767405556, 4.005302790257055], [41.93911622822969, 4.006323908988241], [41.93974049578032, 4.006707433802754], [41.94029346864473, 4.007059694705], [41.94112726864598, 4.007572509961327], [41.94206374581892, 4.007955963548077], [41.94289312938248, 4.0083706311896625], [41.94351735316992, 4.0088834358601355], [41.94427989676763, 4.009588023389596], [41.9446589322352, 4.009810942931953], [41.94514496243259, 4.01045305847752], [41.945559632090465, 4.011059510045261], [41.94594312301291, 4.011795258306948], [41.94621961615524, 4.012660294307251], [41.94639350192001, 4.013297968526827], [41.946567387123395, 4.014225473622913], [41.94670563226962, 4.0154116022236535], [41.94673688303894, 4.016883108640646], [41.946598637972926, 4.018738091129091], [41.94649603221011, 4.019536271569471], [41.94635786219412, 4.020655510421212], [41.94628650700325, 4.021645420472471], [41.94635786219412, 4.022769088541803], [41.946669992750266, 4.023214985411675], [41.946946406493716, 4.023790207718863], [41.94777579054465, 4.024080065368852], [41.948747941631034, 4.024494751621316], [41.94975117286137, 4.024271795907901], [41.95017034682712, 4.0241113070018635], [41.95075900078655, 4.023852638154688], [41.95152144185704, 4.023692152866098], [41.951833618146104, 4.0236296778948955], [41.95224831196359, 4.02395078779459], [41.95238654252631, 4.024557215170177], [41.952524772734144, 4.025391068037629], [41.952524772734144, 4.026318534295378], [41.952524772734144, 4.027370893985782], [41.952453425714424, 4.02845892014655], [41.95245342571443, 4.029613842031092], [41.95256040837879, 4.030956031533877], [41.95248906140629, 4.032137659678554], [41.95235083110678, 4.033386197844154], [41.95235083110678, 4.034603562416068], [41.95211008104598, 4.035562251089889], [41.952007485784094, 4.036975813854187], [41.90157507314627, 3.9867841399621016], [41.7915155842567, 3.9784857845596293], [41.791649293735055, 3.9789762552520904], [41.79195700640923, 3.979408780931723], [41.79266151389396, 3.9806395069862894], [41.79217995472512, 3.9823562851097987], [41.79208183633123, 3.9824409630071953], [41.79202833782835, 3.9824454706688885], [41.79027143289563, 3.9802738680981253], [41.79022240994075, 3.9800286218195997], [41.79010197719971, 3.9794087801803832], [41.78985230796992, 3.9789138219616804], [41.789232455511545, 3.9785437154490273], [41.78884451291166, 3.9782850985867158], [41.7838949661282, 3.977910528534264], [41.78384586152429, 3.9780443095566005], [41.78353817880757, 3.978664148725943], [41.78335094232056, 3.9793463763509185], [41.78297639151431, 3.979903781699813], [41.78248138849503, 3.9804611272132133], [41.78192399239434, 3.9808312598934963], [41.78112135929093, 3.981388614820666], [41.7801938573881, 3.981638367121125], [41.77981936072723, 3.9816383670519557], [41.779475981302646, 3.9816383523231584], [41.779199545627584, 3.981638375797174], [41.778334479601554, 3.9815759019485153], [41.77777704097607, 3.9812057933220464], [41.777344536318274, 3.980768811423134], [41.77703241428736, 3.9800286241444334], [41.77666229838958, 3.979283966326905], [41.77647496231111, 3.9786017251175845], [41.77622978486368, 3.9779239042582986], [41.77611827809846, 3.977326411859762], [41.75077716306199, 3.975413427896529], [41.75077716306199, 3.975939602724524], [41.75090208754062, 3.976621853892551], [41.751272150894515, 3.9779818862695002], [41.75170471098622, 3.9787265446913365], [41.75201682647406, 3.979471240755043], [41.75275701145205, 3.9808312809170814], [41.75275701145205, 3.98157593172872], [41.752574225351545, 3.982195706619423], [41.751829557396064, 3.982383030901738], [41.75108487925511, 3.98262826825728], [41.75034467154372, 3.9826282661793253], [41.74978724984023, 3.982628254247653], [41.74879291382387, 3.9826906995291487], [41.74817752973828, 3.9828155321554104], [41.74767810888552, 3.98293594419875], [41.746937930809324, 3.9833729467346273], [41.74619326171669, 3.9838054577228954], [41.74557344319589, 3.9840551949336196], [41.745078479510006, 3.9841131241981276], [41.74433378499248, 3.984175562112423], [41.74340633936883, 3.9843004072016144], [41.74303622255975, 3.9844252694173865], [41.74235393415137, 3.9845501355103496], [41.74179658256399, 3.984857831250224], [41.74130158455641, 3.9852279055506687], [41.74043652353413, 3.9854151954692445], [41.73969184151078, 3.9859101813869273], [41.739009663131334, 3.9860974656605235], [41.73845227732867, 3.9863427279065275], [41.737649610486315, 3.986342714408089], [41.736967330575204, 3.986035040178605], [41.736347558998105, 3.9856025021149977], [41.735727704408724, 3.9851699652840753], [41.73535761139517, 3.9844877089701902], [41.7347378215095, 3.9839927549648726], [41.73436772177323, 3.9837430508594545], [41.73381028848588, 3.9834353449346738], [41.733315369852654, 3.98343539293845], [41.73294077841009, 3.9835602318779593], [41.732508297194855, 3.9841755539214536], [41.73269555674058, 3.9847953733490598], [41.73294077841009, 3.9853527896473477], [41.733003223157105, 3.9859725691572025], [41.73263311164106, 3.986467566645835], [41.73195084488885, 3.986467565360929], [41.73120619883102, 3.986097472430667], [41.730711256550634, 3.9854776394042712], [41.73021630977605, 3.9853527509639233], [41.72935122470596, 3.985352799802599], [41.7286689928465, 3.9855400849627207], [41.728111577248946, 3.9860974422108115], [41.72780388322107, 3.98671727169015], [41.727491780936695, 3.9873950248401986], [41.7271216319971, 3.9878900214698527], [41.726501824430414, 3.988326994241046], [41.72600691541305, 3.9886346920973246], [41.72563234972216, 3.9886346710967397], [41.72501700792318, 3.9886970838865814], [41.72427226714779, 3.9885722785719113], [41.723714882577035, 3.988014873757574], [41.7232824041456, 3.987644783944818], [41.72284984630322, 3.9872122144522772], [41.722412878099355, 3.9870249451742663], [41.72173504238533, 3.986529989855984], [41.72124009010211, 3.9865299832874497], [41.72055790871502, 3.986842135263779], [41.720000486178925, 3.987274658700004], [41.719443133931435, 3.987952411917188], [41.719443133931435, 3.988634693041332], [41.719688339227865, 3.989379371400512], [41.7201208461619, 3.989999147376745], [41.72049544971208, 3.9906769266713256], [41.72049544971209, 3.991359184693305], [41.72049544971208, 3.9920414543944993], [41.72037060747604, 3.9928485014556467], [41.71962595521455, 3.993776014098102], [41.71882331507062, 3.994395864918014], [41.71874748042949, 3.9943958384615152], [41.716785469396605, 3.993838452114852], [41.7166561352838, 3.993776010122229], [41.716098748862784, 3.99334349779872], [41.71554135674664, 3.9928485445120883], [41.71536300526496, 3.9926166532626177], [41.71476107420859, 3.991394882963945], [41.71467185926901, 3.991051502187877], [41.71436416539817, 3.990556524471196], [41.7141769188838, 3.989749456222071], [41.71380675555963, 3.989004786447361], [41.71355711617822, 3.988327001827249], [41.7134991328038, 3.987832023979982], [41.71324941602053, 3.987212203341682], [41.7131245572003, 3.9864675818689133], [41.712941714127545, 3.9857229078645053], [41.71256713469727, 3.985107534847192], [41.71182693568711, 3.984857814184063], [41.71108231879, 3.984732980841135], [41.71027522102684, 3.9849202682062757], [41.70971776941569, 3.9852903704164677], [41.709040003944544, 3.9853527636578017], [41.70823295197695, 3.985722873247457], [41.70780035079308, 3.9856649263611783], [41.70718055165962, 3.985847771159101], [41.70649834646292, 3.985910142833905], [41.70563326517854, 3.9859725720701964], [41.705075842158706, 3.9859725703506643], [41.70445608809353, 3.9859725917545625], [41.70377384884522, 3.985602506186641], [41.70334128832754, 3.9852903722047626], [41.7030291220714, 3.9847953902814], [41.7029087243824, 3.9843004068986043], [41.70259663166195, 3.9836806143469854], [41.702476233019134, 3.9831232054419132], [41.70203925364361, 3.9823830350461398], [41.7014818699348, 3.9820708876482036], [41.700986885931876, 3.9818880654182633], [41.700367085445976, 3.981888046956255], [41.69968479509794, 3.9819460064278442], [41.6987573499948, 3.9819460155832664], [41.69819993278222, 3.9817632076480263], [41.69752217632842, 3.9814510494970117], [41.69702274744818, 3.9808936892710305], [41.6965277990396, 3.9805859728818453], [41.69585002183296, 3.980028606753526], [41.695355062796025, 3.979716459535693], [41.69504292689952, 3.9797164541314993], [41.69448547177272, 3.9797165078458265], [41.69374084637348, 3.979716501901277], [41.692875791011524, 3.979716445668255], [41.692318389790024, 3.979841308487737], [41.69176098288067, 3.979533649709608], [41.69139089560973, 3.9789762891104954], [41.691266062813575, 3.978356445066792], [41.691266062813575, 3.97761175775544], [41.69126606281357, 3.9771168223012303], [41.691078737059286, 3.9762517766725223], [41.6910163203402, 3.9756319496945913], [41.69083347923624, 3.9750121335413153], [41.69064622802439, 3.9743298654986705], [41.69033406521879, 3.9736476424006484], [41.69008880405258, 3.973090231076374], [41.68983913222422, 3.9722876265694773], [41.68953145042048, 3.9715429571922978], [41.68897409110238, 3.971047997107288], [41.688884910042695, 3.9707447578101873], [41.6855316573899, 3.9704950359380238], [41.68532203424981, 3.9707403075880086], [41.68532203424981, 3.9713601257076734], [41.685259610954056, 3.9719754824793987], [41.685134764148614, 3.9727201556747387], [41.68507234063894, 3.973402395784837], [41.68513476414862, 3.9741470523523414], [41.68482713188698, 3.9748248616083406], [41.684327662967156, 3.975382210678272], [41.68422509221297, 3.9754045557901496], [41.68161650648552, 3.97137347326854], [41.68172805464425, 3.970802736287218], [41.68172805464425, 3.970303335026485], [41.6817592302989, 3.9702096830644638], [41.65370703392449, 3.9680960352067025], [41.6537070339245, 3.9685909962172956], [41.65346176059315, 3.969264344837913], [41.65315410229254, 3.969879683792208], [41.65266803821438, 3.97024534075983], [41.65199024968692, 3.9706778853453275], [41.651254555482275, 3.9709231505367035], [41.650706087879406, 3.970981081822768], [41.649970300336754, 3.971105924281239], [41.64917211449882, 3.970981106075895], [41.64831594054771, 3.970981120877661], [41.6476381742294, 3.9709811212144244], [41.64708974648828, 3.970923155463483], [41.64635398643866, 3.971105970363828], [41.64561821650416, 3.971226323860161], [41.645002886115805, 3.9715340355843534], [41.64439196204067, 3.97208698356214], [41.64383901243, 3.972697836006587], [41.6437186365306, 3.973313232906408], [41.6437186365306, 3.973924113313568], [41.6437186365306, 3.9745974150202983], [41.643781107242134, 3.975395602107511], [41.64378110724213, 3.976251742977653], [41.64322815146465, 3.976804708098605], [41.64273766200659, 3.977107887581254], [41.64206431616047, 3.9774779786902807], [41.64144894584616, 3.977723264317962], [41.64071767573266, 3.9779060846481498], [41.64010229029102, 3.977906066481299], [41.63936658857057, 3.9779060887586093], [41.63875567773096, 3.9772951684874966], [41.638385536110654, 3.9768046904112166], [41.63808235903903, 3.976314164122865], [41.63746702009585, 3.9756408554438467], [41.636793685567696, 3.975516005216148], [41.63624073536115, 3.9755784306002075], [41.63556738576399, 3.9758860924788233], [41.635139308283314, 3.9762517537545903], [41.63483162315034, 3.9768671316150286], [41.63495650866737, 3.977478000832311], [41.635201788778254, 3.977968531373484], [41.63581266314062, 3.978521439234769], [41.6364681259647, 3.9789361563541283], [41.63648600972382, 3.978949480024954], [41.63697647905507, 3.9793151538655835], [41.63752942183706, 3.9796852395996605], [41.63783709182207, 3.980358609073955], [41.63814027025085, 3.9810943282724076], [41.63820274732401, 3.981767666401043], [41.63814027025085, 3.9823830500654314], [41.63795748064596, 3.9828690845108934], [41.63772560636051, 3.983176725032647], [41.637404542183766, 3.983604791216638], [41.63691407668414, 3.984095320743164], [41.636365617666854, 3.984402972579459], [41.63569226960426, 3.98452785035516], [41.63501449928601, 3.984527832397432], [41.63440361602611, 3.9842201948076323], [41.633913047561485, 3.983912503799584], [41.63343594534988, 3.983529034886514], [41.63237913660488, 3.9808802731348245], [41.63237913660488, 3.980238184497037], [41.63237913660488, 3.979440002589845], [41.632321143197586, 3.9788246690328926], [41.63219632778213, 3.978088898964218], [41.63176822396913, 3.977540459164686], [41.631157380632565, 3.9771078807140596], [41.630541963928, 3.976742255966943], [41.62986869653209, 3.9764345905551504], [41.62907052222216, 3.9766798072716654], [41.62907052222216, 3.977357601473107], [41.62913293352439, 3.9779061101740356], [41.62931575256422, 3.978704243749683], [41.62950306153095, 3.9791947430820587], [41.62968587933638, 3.979992954851507], [41.629623392553064, 3.980603831691298], [41.6292577559157, 3.981214763306823], [41.62882521467132, 3.9817676922616614], [41.62839716064124, 3.982320598096014], [41.62772386690254, 3.982383006170628], [41.62711297849669, 3.982440973134249], [41.626377178502985, 3.982195752495691], [41.625641444750485, 3.982012901948281], [41.6251509500973, 3.98176765729622], [41.624660451056265, 3.9814020218935053], [41.62416994762743, 3.9807242508536023], [41.62392469426759, 3.979868084791877], [41.623434184257135, 3.9779061104936373], [41.623251345604274, 3.977232731465552], [41.622881251511, 3.97667981497241], [41.62220796615582, 3.9758236747112172], [41.621962704021, 3.9753331842247506], [41.621472176460685, 3.975087919521266], [41.62110656158447, 3.9748426991793155], [41.6204911843008, 3.974477004126617], [41.61908212396608, 3.97367885798543], [41.618283944879934, 3.9733711849838604], [41.617918308750056, 3.973067951131966], [41.61644675664729, 3.9725774432411693], [41.6159562558838, 3.9725150163933787], [41.615037668545384, 3.9724525909589676], [41.61399870077962, 3.973005556036658], [41.61344582517532, 3.973371195739709], [41.612955297580974, 3.9736164018179285], [41.612527195803374, 3.9739241075024885], [41.611483764621305, 3.973799250195043], [41.61056525467443, 3.9736788687698783], [41.60989189428021, 3.9734960173711027], [41.60848279011192, 3.973188370882692], [41.60780506413441, 3.97300553621193], [41.60701128949888, 3.9730055295516147], [41.60572264712225, 3.9733711584684928], [41.60511174209473, 3.9737992465949428], [41.604804040752, 3.9740445053882274], [41.60406832220974, 3.974597442352817], [41.603515422702785, 3.974967514637243], [41.60290449311103, 3.9750255053743087], [41.60235158188247, 3.9751503451716297], [41.60125015941967, 3.9750254803593505], [41.600634787870916, 3.9748426849496203], [41.600086346729334, 3.974352151688057], [41.59976529061146, 3.9737680267521007], [41.598868973629166, 3.9726309509085915], [41.598498867361755, 3.972069120728157], [41.598102028425984, 3.971667772830247], [41.59753574168559, 3.9711015121583015], [41.5969025080018, 3.9706332936494055], [41.59643429877397, 3.970334507157257], [41.59580112854728, 3.970200780930294], [41.594971766558025, 3.9701338638241217], [41.594338579470104, 3.9701026345034314], [41.59367415928645, 3.970066971735854], [41.59300531370302, 3.97010264881651], [41.592274006808815, 3.970267652255347], [41.59144017407198, 3.970334520518474], [41.5909095397255, 3.9704371077924527], [41.59020943271388, 3.9704370982811477], [41.58940679687916, 3.9706333050197893], [41.58864428959166, 3.9708696287129954], [41.588144857197, 3.971003421105423], [41.58751166758445, 3.97113715252293], [41.58661096125942, 3.971333336280832], [41.58594652378198, 3.971400243070144], [41.58544714303781, 3.971502839905202], [41.58484515317039, 3.9715696910826357], [41.5840157019444, 3.971734685392561], [41.58318189622205, 3.971935341091005], [41.58257988154079, 3.972167241066007], [41.5820180815557, 3.9723990746778606], [41.58141605412666, 3.9727335110899418], [41.580582208965005, 3.97283159735024], [41.58005162211746, 3.9725328899659575], [41.57948530166091, 3.9722652966279255], [41.57895020955199, 3.9718327691199096], [41.57815205636176, 3.971435947208924], [41.57755448137848, 3.971003409117475], [41.577153148689604, 3.9707670723661117], [41.57645309496567, 3.970401414588136], [41.575989358746526, 3.970066967080427], [41.57565490552172, 3.9700669773757817], [41.57511985231658, 3.9700670007198617], [41.57455797608857, 3.97006698969029], [41.573688447022995, 3.9702007555919248], [41.57305524323692, 3.970303334110867], [41.57245776523727, 3.970200752752594], [41.57202523343806, 3.9698707784436866], [41.571557040788306, 3.9694026024984708], [41.570990709022986, 3.9689388186120644], [41.5704243714258, 3.9684706003876937], [41.56985810419033, 3.9682699648023085], [41.56909555427741, 3.9680381025022626], [41.56846237380407, 3.9679712204232507], [41.56779352615326, 3.9680024062459447], [41.56722723183223, 3.968238733265813], [41.56613028669056, 3.969201910117014], [41.56579584970366, 3.969737013088274], [41.565773523352576, 3.969768208681557], [41.565497072084035, 3.9702007625978246], [41.5647301182791, 3.9716009097241036], [41.5644313348716, 3.9723010035951343], [41.56419953086539, 3.9729341726703398], [41.56359753693859, 3.9742630108019075], [41.56329874738041, 3.9747000067304823], [41.562866219759115, 3.9754000550343327], [41.562674492192414, 3.975569488441762], [41.56189858311072, 3.976265162690032], [41.56136796839088, 3.976563886966833], [41.56083285240003, 3.977027648259404], [41.55957094263422, 3.977964029896018], [41.55910272018852, 3.978329715742039], [41.55850524305366, 3.9786953121033153], [41.55740385621394, 3.97952917804011], [41.556739446824324, 3.9799617040110618], [41.55630686764602, 3.980461141647842], [41.555174265361075, 3.9813261879655992], [41.55470608172571, 3.9817230999735194], [41.55423789410836, 3.982026299336372], [41.55284214854586, 3.9828913432380837], [41.55217776031243, 3.9831232559199155], [41.55157578731519, 3.983257012310839], [41.550710696843176, 3.9833550926050516], [41.549974940039185, 3.9831588865950787], [41.549346265294666, 3.982891376177274], [41.548811108647214, 3.982525708267342], [41.54764732888092, 3.9818256314158984], [41.54694720456497, 3.981491175414731], [41.54651470089382, 3.9810898882829253], [41.545114567018345, 3.980461159531242], [41.5445839429578, 3.9802916977624436], [41.54411566926694, 3.980224842805749], [41.5423186901522, 3.9801579426889333], [41.54171668560952, 3.9798591415727795], [41.541217284421165, 3.9793954056029417], [41.540151534491145, 3.9783296995350566], [41.53975473177158, 3.977763360974379], [41.53942028699093, 3.9772639774045135], [41.53892086498539, 3.975698820007568], [41.53862209395542, 3.975132539741174], [41.5381539220583, 3.974766845806298], [41.53668686619975, 3.974263018254448], [41.53608929829215, 3.974031145364302], [41.535491800145394, 3.9739330223079423], [41.533926624677186, 3.9735004877596323], [41.53356103707726, 3.9732998209592476], [41.53292782904187, 3.9731660573214347], [41.5312957885204, 3.973001089236552], [41.530626946741926, 3.9729341611636397], [41.52999370499801, 3.972867328741064], [41.52866490303939, 3.9720334660148957], [41.5283304672035, 3.9715340398010794], [41.528098587449584, 3.9709676920811225], [41.52739851970387, 3.969567562851601], [41.527162213379064, 3.968970037961906], [41.526997202489085, 3.968470632634495], [41.526399682029, 3.9669723517981184], [41.52616337142306, 3.9664060689401412], [41.52593148255444, 3.9658041055764564], [41.52559703013705, 3.9642389396135576], [41.525467778146336, 3.9636101769888397], [41.52529826312933, 3.9630082074323827], [41.52503518211142, 3.9615099500596993], [41.525026260211405, 3.961492159863546], [41.51061894045812, 3.96122905036115], [41.51041383530803, 3.962076260415937], [41.51001247077461, 3.962540040330056], [41.50957998234861, 3.962977021882072], [41.50834924056595, 3.963873276228403], [41.50798363593764, 3.9642389581651245], [41.507649150967275, 3.964907824248303], [41.50704722547317, 3.966272262420415], [41.50665033703281, 3.9667717027764886], [41.50615092328755, 3.9672042277960373], [41.50541518180805, 3.9677036480330994], [41.504750755725944, 3.967873111318056], [41.50401949637569, 3.9679042916939666], [41.5033193518598, 3.9677393495655795], [41.503221324816124, 3.967676880141987], [41.502284909847795, 3.967106149882532], [41.502119900822876, 3.9668028969228923], [41.50198609286497, 3.966205394710093], [41.501852360870366, 3.965705960799085], [41.50132170179931, 3.9641720680424255], [41.501022955892076, 3.963543297680463], [41.50071970730805, 3.9630750850127576], [41.50005530100352, 3.962441890861656], [41.49939088670424, 3.9623438327877425], [41.49869083607435, 3.9623081251034695], [41.49805768543022, 3.9624106949742033], [41.49652372029771, 3.9628075533548768], [41.49585933980251, 3.9629770113210183], [41.4952617872663, 3.962977009758101], [41.49441008061694, 3.963003776907961], [41.48918403912928, 3.9625890650390057], [41.486406005943145, 3.963075098993386], [41.486067116931764, 3.9628744796595363], [41.485469611090444, 3.9627763755556042], [41.48490330999984, 3.9628432140208467], [41.484390497645165, 3.9631687271389167], [41.483601276239405, 3.9636771143425826], [41.483070594437834, 3.964109615541394], [41.482539983855006, 3.964341507120114], [41.481072898829254, 3.9644752808893906], [41.4804040587549, 3.9643727063095384], [41.4798734225736, 3.9642745928903116], [41.478972710752764, 3.9638421053653317], [41.478540131853805, 3.9633069639920673], [41.47824141537374, 3.962575696797257], [41.47821020040058, 3.9619781479920793], [41.47821020040058, 3.960635980689896], [41.46145292482767, 3.960328288466481], [41.46143055621415, 3.9603505790163727], [41.46086874223545, 3.9606716704719855], [41.460342575636126, 3.9608410934866307], [41.458839858424945, 3.9609213647010506], [41.458139752187705, 3.9607608627005053], [41.457604703195585, 3.9605467702021846], [41.456761883654714, 3.960243578340117], [41.40368080383564, 3.959271475768284], [41.40362723129304, 3.9593071971689056], [41.40319918405676, 3.9595256620904005], [41.40271312748923, 3.9598199725602687], [41.401451194724515, 3.960653803264248], [41.40083137591697, 3.961162186270372], [41.40043005674487, 3.961483187622156], [41.399061147533395, 3.962370598235787], [41.3985751311711, 3.96263812652551], [41.39801329126131, 3.962990400300823], [41.39663988937819, 3.9637439458645787], [41.39607802989, 3.964091803190187], [41.39553848350813, 3.964412859322788], [41.39403576685117, 3.9648988565241683], [41.393487257500155, 3.9650281958827422], [41.38896131359373, 3.9605468239840227], [41.38860898554748, 3.9596326874770567], [41.38836818726819, 3.959012883868138], [41.38835931975607, 3.9589905521299595], [41.38538059649771, 3.958932617919506], [41.38417667761648, 3.9596326998072358], [41.38361033439113, 3.9597397142897117], [41.382937029800225, 3.959873453166881], [41.3814075958, 3.959739724323519], [41.381229229174785, 3.9596906372611826], [41.38081897611934, 3.9595792013856026], [41.38027943445965, 3.9593071566081135], [41.37987811971713, 3.9588344950293366], [41.37952137607914, 3.95882558469586], [41.249616597629554, 3.9732463363845603], [41.1197118145765, 3.987667052937702], [41.11953345739618, 3.988327002009245], [41.119127734957345, 3.989022624780287], [41.11861938720063, 3.989535403760554], [41.11821803657481, 3.9899099687875315], [41.11762495418438, 3.9904227797665666], [41.1171701331194, 3.9910916550808007], [41.116844666107625, 3.991684691838393], [41.11625602463659, 3.992112798233994], [41.11536871071846, 3.992358040166662], [41.11472213269471, 3.9921662843696932], [41.11404881409514, 3.991845232575112], [41.11362069758942, 3.9912521947101296], [41.1130588329589, 3.98982970676444], [41.11281362039068, 3.989183149756037], [41.11274670913206, 3.9890359758003333], [41.10105945270419, 3.9984357630958085], [41.1006982401448, 3.999394487822697], [41.1004039512423, 3.9999875366353748], [41.10010520417705, 4.000522655498099], [41.099842108745165, 4.000955177799618], [41.09935602441688, 4.001757843598262], [41.09905727180881, 4.002457878879803], [41.09889675310113, 4.003184706620727], [41.09943632159482, 4.004714195021727], [41.09981091218452, 4.005195805527527], [41.10023897974294, 4.005628312706701], [41.101558815082065, 4.006274899930424], [41.1021474561541, 4.006569187269133], [41.102713732141765, 4.006783201258853], [41.10322206949437, 4.007322791154451], [41.10332909943302, 4.008285960825205], [41.103288992042586, 4.008357302553204], [41.09818328841405, 4.009828781893993], [41.09752783041466, 4.009900103108186], [41.096992700565785, 4.0100071265146875], [41.095539048994546, 4.010653696798685], [41.094977234953646, 4.010974765328225], [41.09438413892212, 4.011349340160256], [41.093122233012096, 4.0123169385503346], [41.09269411152359, 4.012638047627525], [41.09212781193473, 4.01299026688415], [41.09062515776565, 4.013610074778712], [41.090112326482156, 4.013824170664631], [41.08954600101984, 4.01406494473062], [41.08812359145607, 4.014791754569234], [41.08761519508763, 4.015032577944379], [41.087102413347274, 4.015273370620751], [41.08565319567523, 4.01608046141863], [41.0850601554991, 4.0162944706564545], [41.08455180843641, 4.016481774754992], [41.083098144263914, 4.016967823408721], [41.08245603906701, 4.017342388664594], [41.082103777396455, 4.017743670613222], [41.08156865520658, 4.018604268823188], [41.08140816368033, 4.019277616215361], [41.08143491229968, 4.0199732488878785], [41.08154190665051, 4.0206198087636436], [41.0818362169346, 4.022202792803588], [41.08175597160815, 4.022849334028943], [41.081622229144344, 4.023388907206347], [41.08073483219736, 4.024731122593051], [41.0797672500404, 4.025564959590686], [41.07964234249398, 4.025645221281238], [41.07863907507329, 4.0261312462459875], [41.07503609757023, 4.026991891738481], [41.075013804532674, 4.026987395510751], [41.074340473785306, 4.026880380412674], [41.07299832388739, 4.026612865217255], [41.07235172206401, 4.026505839529798], [41.07187016764614, 4.026447855253343], [41.070202453977274, 4.026612821415323], [41.069506847632354, 4.0269874248795094], [41.06904756439671, 4.027500217831634], [41.06904756439671, 4.028976141349442], [41.069074318862214, 4.029702976950558], [41.06910107331507, 4.030264825286386], [41.06899405542775, 4.031687294032325], [41.068860282783966, 4.0322536064477195], [41.06861949122815, 4.032761964577928], [41.06775887599522, 4.034028331192248], [41.06741105887102, 4.034723934934992], [41.06708553577957, 4.035317015794448], [41.06679122561927, 4.036043811378191], [41.06671095894626, 4.036873208235959], [41.06671095894626, 4.037653553169905], [41.06668420336329, 4.038460681245277], [41.06663069215939, 4.0394550460335115], [41.06633637963349, 4.040204168573197], [41.06598417133077, 4.0409309996932095], [41.065636343298294, 4.041524065158106], [41.065154731724, 4.042331178921133], [41.06464197696574, 4.043080292386531], [41.06434765409722, 4.043700097718192], [41.06402211338416, 4.044400195975357], [41.06378130124087, 4.044962069552185], [41.063353265122416, 4.045688846943461], [41.062813736630275, 4.046250696040475], [41.06238561630488, 4.046710014106301], [41.0619798678138, 4.047111350673784], [41.0609899738454, 4.0482930002447635], [41.06055737997859, 4.048832525108139], [41.06020959548762, 4.049474667877244], [41.059536242346894, 4.050709834467916], [41.05918845158256, 4.05122263341028], [41.05881389937808, 4.051757694918522], [41.05765900807362, 4.052778857428223], [41.05717294550443, 4.053104372352315], [41.056611134716285, 4.0533183800559565], [41.0551039224752, 4.053938235291099], [41.05454209115809, 4.054205749422686], [41.05386874751396, 4.054473288012578], [41.05308842480386, 4.054714098290689], [41.05258009802771, 4.055035159489947], [41.051960256178454, 4.055226891580047], [41.0514786820591, 4.055574730250583], [41.05023904437481, 4.056542333350559], [41.04981098277493, 4.057023890644975], [41.049463132276, 4.0575367395458315], [41.04857576928319, 4.058771878362196], [41.04812100766636, 4.059226711318908], [41.04766170472596, 4.059686005126069], [41.04650681671315, 4.060814136311199], [41.04615894592455, 4.061188738750177], [41.045753158065125, 4.0617014971176], [41.045191310903135, 4.0623436448148595], [41.04495057249484, 4.06285643175438], [41.044544775980796, 4.063444990251325], [41.0441969700597, 4.064091608972429], [41.0434968907216, 4.065380271672961], [41.04328283485322, 4.065946562351018], [41.04298855478642, 4.066588676304428], [41.042395451973306, 4.0679086060262115], [41.042154701686236, 4.068577463107081], [41.04194064074768, 4.069116966396126], [41.04137437144128, 4.070539444306543], [41.04121384283209, 4.071132534751363], [41.040999778339575, 4.071614085643132], [41.04051818796461, 4.073223799015402], [41.04027296835746, 4.073763375145858], [41.03997867266029, 4.074329699608007], [41.03919831245275, 4.075671891691485], [41.038930779885746, 4.076206966497157], [41.03852501718503, 4.076692998500559], [41.038493786798, 4.076746523904766], [41.03246061484503, 4.075101085483531], [41.03147512857995, 4.076438846786645], [41.03116747795444, 4.076233696786713], [41.030467391540455, 4.075912652298862], [41.029901084547305, 4.075538099620992], [41.0292589912824, 4.075239360498226], [41.02858565490205, 4.075132317708015], [41.027778517771175, 4.075431105352579], [41.02724349746587, 4.075671854522253], [41.027002682825454, 4.076313952340137], [41.02718994899525, 4.077874657984316], [41.027296968948576, 4.0785479631518875], [41.02718994899525, 4.079136599239406], [41.026570137156114, 4.0806437850164], [41.02630262193486, 4.081312621604359], [41.02606180329965, 4.0818522141206515], [41.02582098364197, 4.08240512908661], [41.023092033094684, 4.082249031248783], [41.021312850991436, 4.083341548205248], [41.02092935349474, 4.0832479077017005], [41.02012226131022, 4.083194355754321], [41.01950691217262, 4.083461907944741], [41.01910116436741, 4.083729464429141], [41.01775893641814, 4.084670360640531], [41.01716587747168, 4.084915561170642], [41.01655057322581, 4.085183141451467], [41.01577019840272, 4.085477451932316], [41.0151280990904, 4.085932260830766], [41.01494971978019, 4.086445083662469], [41.01469107648002, 4.087109468331163], [41.01450823242429, 4.087814030452475], [41.01450823242429, 4.088661219044293], [41.01428529424122, 4.089361333235018], [41.013915216463126, 4.0899543509156215], [41.01339791925576, 4.090694563760472], [41.01288069429082, 4.091136007645054], [41.012550702146626, 4.091581975013473], [41.01221632148961, 4.092134883574414], [41.01173918112307, 4.092910756528099], [41.01147605958274, 4.09353501360447], [41.011110427128514, 4.094052305855394], [41.01085184329341, 4.09460965487536], [41.009964414633146, 4.095938514998666], [41.009741458604125, 4.0964557364645175], [41.00930000770125, 4.09689720522073], [41.00837699788656, 4.098118989684334], [41.00807822671559, 4.098747700181934], [41.00778391787356, 4.09941211441052], [41.00719537257755, 4.100665115629421], [41.006825248578394, 4.1012224993119375], [41.006530933241805, 4.101775435328064], [41.00590219853318, 4.102216879881347], [41.005197644109124, 4.102439832473385], [41.00446190878617, 4.102587030070215], [41.00390450153937, 4.102881279546018], [41.00246423809801, 4.103362876473076], [41.00191127560742, 4.103585829651731], [41.001469840801775, 4.104103093959176], [41.00106411800973, 4.10476749981419], [41.00091248116249, 4.1052491178010815], [41.00061813518268, 4.105984826807891], [41.00039521942986, 4.106502081253804], [40.99987795298693, 4.107871026707251], [40.9998065975588, 4.1085711457523155], [40.99961931799911, 4.1091641852946825], [40.998919227206244, 4.110604460087203], [40.99862494787412, 4.111233206735176], [40.99836630718153, 4.111598857179706], [40.99780891709054, 4.112486229181783], [40.99763948974101, 4.112637846079215], [40.997478991308704, 4.112780488756275], [40.99692605726663, 4.1130034475973325], [40.99626165174737, 4.113226435761974], [40.99489271016869, 4.113632210163139], [40.9942282808723, 4.113890832681307], [40.99359956394391, 4.114113797806158], [40.992159270182476, 4.114479448888698], [40.99149488591123, 4.11466671681994], [40.990941893636275, 4.114666697241676], [40.990125906484415, 4.114666735261846], [40.98942585269366, 4.114372383175716], [40.98883719416903, 4.114149437382975], [40.98827986458277, 4.114073643178693], [40.98765108184755, 4.113962181254752], [40.986839512999396, 4.1140022799248275], [40.98617514353714, 4.114185120236971], [40.985622176499845, 4.11447942774767], [40.98399465751013, 4.114666722390465], [40.98351751105084, 4.114738076978193], [40.98274161015494, 4.1148896905460886], [40.981484146217845, 4.115210735346839], [40.981448495466346, 4.115219617434005], [40.98070829457633, 4.115554073404761], [40.98026684905554, 4.115812695445629], [40.9797852822159, 4.116401280593208], [40.979597936675226, 4.117105864832145], [40.979450785676015, 4.117805903654771], [40.979303634296045, 4.118470324278819], [40.97926798217757, 4.119910613698284], [40.97926798217757, 4.120650818894303], [40.97915648253535, 4.121239438692692], [40.97919221172627, 4.122831325369049], [40.97919221172627, 4.123036419549379], [40.972936104135826, 4.130130865959426], [40.96655507597381, 4.132882111987267], [40.96469116996782, 4.134255521945512], [40.964084771189626, 4.1345408968229505], [40.96372353221551, 4.134968991822615], [40.96367901262676, 4.135018038061088], [40.96257309789592, 4.136052589715434], [40.962127198213565, 4.136458350323513], [40.96157430548641, 4.136757098311405], [40.96136024875215, 4.136890843186474], [40.96020537606357, 4.137604347287787], [40.95972818411725, 4.138045755555919], [40.95943393301405, 4.138415885417169], [40.95880521652968, 4.139856192886857], [40.9585465487514, 4.140413535216255], [40.95835928733648, 4.140966485458623], [40.95765922769072, 4.1422952941263365], [40.95743622052728, 4.142848211489136], [40.957391618989796, 4.14289279192284], [40.94969074389899, 4.145831376081296], [40.94953026422351, 4.145840264606051], [40.948776627747364, 4.146183652261835], [40.94558392446357, 4.147400982443105], [40.944317549201386, 4.1483061733945785], [40.944103504654315, 4.148315081656224], [40.943510447582526, 4.148538048524127], [40.943028877926004, 4.148796694648573], [40.94258744834144, 4.149090997280512], [40.9417937294683, 4.149969415004815], [40.94155293789568, 4.150236973998011], [40.94114717289935, 4.150830035800592], [40.9407056516858, 4.151200105041187], [40.93992978352257, 4.151935857560594], [40.93955968398458, 4.152011712923618], [40.93896665668763, 4.1522702935521245], [40.93856087327999, 4.152305968360876], [40.93797222791574, 4.152306006769573], [40.93712057315073, 4.151976008379117], [40.93649184156847, 4.151677251828632], [40.935974610438095, 4.151530078027293], [40.93554206536703, 4.151512258939548], [40.898098963501376, 4.181365975192277], [40.89807667808232, 4.181709277498464], [40.89811238101593, 4.1822265348261425], [40.89815247931648, 4.1837025406678094], [40.8980008767476, 4.18440705492137], [40.897782417201064, 4.1849956649139886], [40.89760845093584, 4.185294420253686], [40.894906276594035, 4.1873411148738136], [40.894531720671104, 4.187510590822061], [40.89401441765775, 4.1877290607882225], [40.893532892875236, 4.188134830639814], [40.89313156771148, 4.188683354302858], [40.890910886858414, 4.190364414725878], [40.890763738157965, 4.190426821977545], [40.890023515836575, 4.190649797643391], [40.88943490962491, 4.190721163183445], [40.8889890548952, 4.191091258034378], [40.88795449810885, 4.192125745888577], [40.88751310516744, 4.192531509569038], [40.887067158322715, 4.193124608751691], [40.88617980476488, 4.1941590796228425], [40.88570268745879, 4.194712062112806], [40.88540836286741, 4.195153510828858], [40.884815312725, 4.195782232780289], [40.88437389554906, 4.196375251613183], [40.88400374421936, 4.196928217295268], [40.883820943033115, 4.1975569622333575], [40.884186544821254, 4.198921414490919], [40.88440952991196, 4.199514504536006], [40.88459232921666, 4.200143215353507], [40.88492676558814, 4.200807637595536], [40.885073929312675, 4.201360546922572], [40.88500258426291, 4.2016192066998475], [40.884668148334875, 4.202319274515581], [40.884298076040686, 4.202765147035747], [40.88359795564723, 4.204169771880949], [40.88322787642713, 4.2048342192390775], [40.88308070795164, 4.205422789012632], [40.88300488672867, 4.206198704331129], [40.883116420252776, 4.206903236204503], [40.883410679509204, 4.2076033178014995], [40.88359795564723, 4.208267676329921], [40.88433818403322, 4.209855170131163], [40.88433818403322, 4.2105240033287545], [40.88444524138325, 4.211148293288766], [40.88459232921666, 4.212182814202813], [40.884520983566, 4.212588549784835], [40.88426236447751, 4.21314592960532], [40.883820943033115, 4.2136230798794765], [40.88278197329353, 4.214769054618001], [40.88234054042182, 4.2152506816329565], [40.88193474004778, 4.215727746646304], [40.88138184108158, 4.216467983679607], [40.88093592355449, 4.2169139230090185], [40.880458762495444, 4.217355346857157], [40.88001283777154, 4.217761158786798], [40.878906997335704, 4.218871450911484], [40.878461060514, 4.219460034686431], [40.878131137538546, 4.219941618445331], [40.87716797063859, 4.2209761609049785], [40.876615025594035, 4.221417619370864], [40.87598632181967, 4.221787671998934], [40.87462181800637, 4.22241645666731], [40.874104566280685, 4.2225635860377615], [40.87355159162813, 4.222857911897875], [40.8721827095109, 4.223821054214655], [40.871776914222764, 4.224226824209048], [40.87129535646088, 4.22459695604129], [40.87022514501519, 4.225631437597406], [40.86974357419528, 4.22596143677062], [40.86937348249205, 4.226554467196432], [40.868231946291225, 4.227513196744714], [40.86775035869988, 4.227883271856001], [40.867157279788024, 4.228213284897764], [40.86638588995641, 4.228583373281128], [40.86560993752685, 4.228730537728622], [40.865092681501466, 4.228806351336952], [40.864464005445676, 4.228989122227233], [40.86381294655385, 4.22918536997355], [40.85678986676675, 4.228721590763919], [40.856134399165335, 4.229171987888128], [40.855523450922924, 4.229064954135199], [40.85474758279225, 4.2289891623507065], [40.854047486674666, 4.228989135505448], [40.853530280542024, 4.229064941428492], [40.85264286988344, 4.229394922494653], [40.85212565106899, 4.229729364673291], [40.85179117732911, 4.230246607972609], [40.85164408235275, 4.2308396561639094], [40.8513497369166, 4.231686914631708], [40.85138546902058, 4.232351324775086], [40.8513140819656, 4.23298001222435], [40.85109112225575, 4.2336088026042855], [40.8507567196521, 4.234384658618122], [40.85031527126896, 4.234861803518825], [40.849945131156964, 4.2353076915984476], [40.84953933259834, 4.235749162823374], [40.84846917754222, 4.236970916403147], [40.8481748929748, 4.237448056933243], [40.8479875780924, 4.238188293362407], [40.8480633685306, 4.23892846039647], [40.848281863621814, 4.23955719112355], [40.84846917754222, 4.240110162051448], [40.848763460598285, 4.240845923082665], [40.84905781932126, 4.241438962081221], [40.84905781932125, 4.2422148183293835], [40.848839327188834, 4.242807888415069], [40.84854049096285, 4.243507969792785], [40.848134759635784, 4.24494824241084], [40.847911787553954, 4.2454655324843], [40.84754618555465, 4.246129930502408], [40.84688173634626, 4.247423089696662], [40.846475993274524, 4.247975972236205], [40.84606569357384, 4.248381776097737], [40.84499555082973, 4.24938061121258], [40.84455405806215, 4.2497507354447706], [40.84384959219269, 4.250045030880916], [40.84240929646899, 4.250709403960766], [40.84170920396539, 4.25093235853938], [40.841116164122525, 4.251190991197162], [40.83971593897906, 4.251672617414775], [40.839047076254836, 4.251819766375811], [40.83838268290157, 4.252042712339855], [40.837499823680915, 4.25220768454556], [40.83462814069866, 4.252073893375654], [40.834173289975446, 4.251708279661278], [40.83369172480631, 4.251413937293802], [40.833285965571, 4.250861034267521], [40.833250299382236, 4.250009341268453], [40.83354458337579, 4.249344919410509], [40.83362039291127, 4.248939148518205], [40.833731868258006, 4.248310421422812], [40.83347325129776, 4.2480160997375345], [40.832844459823704, 4.248051794077857], [40.832510027958804, 4.2481989276603676], [40.83206859343943, 4.248604709640713], [40.831769824182054, 4.249050670466267], [40.83088694035186, 4.250343762113395], [40.83051682918432, 4.250820932707434], [40.83014671562864, 4.251338137136149], [40.82940655855779, 4.251819718187497], [40.82870646169999, 4.2521541861452645], [40.82807769517509, 4.2523369764064505], [40.827707643089006, 4.25248417058892], [40.82656604863246, 4.253001428937851], [40.826008677307904, 4.253077192934889], [40.82549144978756, 4.2530370706691984], [40.824867126256535, 4.253037055374431], [40.823310920485945, 4.2528141207385115], [40.82275799593495, 4.252778465032939], [40.82220506605636, 4.252814093678338], [40.82083611507714, 4.253518641515871], [40.82028324389864, 4.25388877967264], [40.81984179251501, 4.254183074793087], [40.81854861461798, 4.254994593603826], [40.81806699550772, 4.255329071603754], [40.81751409765557, 4.255806192637805], [40.816368130401415, 4.2569164808921665], [40.81581521618635, 4.257286569949818], [40.815373730439966, 4.257656732932791], [40.814040449134026, 4.258245304680803], [40.81345183400497, 4.258579738333464], [40.81289896893065, 4.258874046050762], [40.8120829059495, 4.259391310678104], [40.81160578908859, 4.259797074333922], [40.81097706688634, 4.260091380429075], [40.810495461486816, 4.260390116437797], [40.80909085897785, 4.260978724671275], [40.808462109241425, 4.260978722175592], [40.807797747846124, 4.2610188476296065], [40.806210262167795, 4.261018857028001], [40.80565732737547, 4.2610545333990215], [40.80510446449804, 4.261090204776064], [40.804364216180744, 4.2613488270514965], [40.803918317009746, 4.261977583451817], [40.80369980738748, 4.262494822990294], [40.80340104491878, 4.263083408264297], [40.80277679009223, 4.264599502351796], [40.802518110869414, 4.2651925767696826], [40.80214804848126, 4.265669711080831], [40.801554985899045, 4.266334091688633], [40.80110906492441, 4.266583829785838], [40.79357762979493, 4.268367473381642], [40.793318986413894, 4.268581475261823], [40.79272598722046, 4.26862610563495], [40.792101693679605, 4.268661764540108], [40.79143281677444, 4.268808938454704], [40.789885516605636, 4.269107689262607], [40.78929248199544, 4.269179031029716], [40.78877523277056, 4.269366318724943], [40.787446356072856, 4.270030699536317], [40.786893472511885, 4.270472138989109], [40.78637620170647, 4.270877948817068], [40.78537734209102, 4.271988273444984], [40.78497155041657, 4.272505528383014], [40.78463714872788, 4.273058409979055], [40.78411993489301, 4.2740171397358475], [40.78408423815858, 4.274387261669181], [40.78397274367004, 4.275051652763542], [40.78382562933641, 4.275716084383619], [40.78378993241931, 4.276643585639942], [40.783602639140554, 4.277196503271905], [40.78341982671345, 4.277825205760593], [40.78323701370529, 4.2783781621274475], [40.78263502475193, 4.279702528300934], [40.78215341359929, 4.2802420681383735], [40.78180562803429, 4.281044670994693], [40.7814533587521, 4.282034622709595], [40.78137755760016, 4.2823556772287485], [40.776124704030565, 4.279885322106268], [40.7696322723378, 4.280737016664756], [40.761775320163, 4.2830468412213545], [40.757918215880245, 4.2817313838373545], [40.75118051463462, 4.272808731933058], [40.74593217331445, 4.264104581204148], [40.740750703187736, 4.261085753593484], [40.73572528470372, 4.26048376397269], [40.72731984293758, 4.252033790963666], [40.71504399859602, 4.250713867943238], [40.71081226697524, 4.252493090305361], [40.70460966430643, 4.248988209580455], [40.7011761673952, 4.248890115725695], [40.698371419677606, 4.242781162606211], [40.69320332314108, 4.241314100828604], [40.65617043077206, 4.226371654204143], [40.634262903290875, 4.217315204745402], [40.60016413483705, 4.203951271143904], [40.56331410777397, 4.18861643638799], [40.498991565448854, 4.162396960729406], [40.46089753361793, 4.14662507974462], [40.42913532737564, 4.133671408908284], [40.401667258150724, 4.122733242665533], [40.39498752323752, 4.113868537278071], [40.387429361342335, 4.115955381524892], [40.369254047160794, 4.108437342575191], [40.33663130045878, 4.09551931056453], [40.30322813839554, 4.081941393430798], [40.26111192725155, 4.064448316547461], [40.2213545870836, 4.04868538802013], [40.20595734662985, 4.042224166523884], [40.195955533043694, 4.0475706256528525], [40.19006508372924, 4.045394559945533], [40.18361723426742, 4.032289276955316], [40.16217342676989, 4.021061245762845], [40.15619818052838, 4.013654695226648], [40.14897449722084, 4.013913324638272], [40.12071712726658, 4.000009830179369], [40.11750216195802, 3.9970935885022487], [40.03931398041748, 3.956399855036182], [39.961125923567856, 3.915706056581902], [39.867730020548095, 3.8674987482073004], [39.82149588313305, 3.767797684249618], [39.775261650640246, 3.668096630116483]]]}, "id": "00000000000000000774", "properties": {"shapeGroup": "KEN", "shapeID": "32016919B2031803566233", "shapeName": "Mandera", "shapeType": "ADM1"}}, {"type": "Feature", "geometry": {"type": "Polygon", "coordinates": [[[38.96255485431257, 2.097387218550616], [38.96679093926354, 2.091585953265938], [38.97022450653798, 2.088932749929191], [38.980252991988, 2.0770849277146968], [38.98129198703157, 2.0737629277548106], [38.985305169020116, 2.0696382616599838], [38.984270616724494, 2.0547047084186056], [38.984721036645695, 2.0522789521477067], [38.99179760203565, 2.0440920811455894], [38.99274735616637, 2.038629679420125], [38.990303783934586, 2.0331449334921685], [38.989608195579905, 2.0271742027596145], [38.992796459042815, 2.0173820281976216], [38.99361242077827, 2.0110411730621345], [38.99559677276087, 2.0077592759973752], [39.00380147676676, 2.0005445023360573], [39.01538177701977, 1.9842955292886688], [39.01971603320447, 1.9774151441230248], [39.026672201028084, 1.9743204799824103], [39.02929867352432, 1.9708825483276267], [39.0350553618212, 1.9671012099260048], [39.03847548605717, 1.9582722235028367], [39.04378182327984, 1.9501388193241356], [39.048856256073606, 1.9449216704896652], [39.05416705710515, 1.9336267328493657], [39.05564300502555, 1.9319144619741393], [39.06334387141503, 1.9281866467913285], [39.06728568786203, 1.9166688122854325], [39.07007709399074, 1.912940975845651], [39.076462521108155, 1.9080181201976159], [39.08382010596954, 1.8991400455143126], [39.089460864391626, 1.8966161922185223], [39.09391992252757, 1.8909442349100687], [39.0968228265306, 1.8891071020724959], [39.102013239857705, 1.8899721511961782], [39.105830162631314, 1.8834975290668468], [39.11210413118266, 1.8778790744258334], [39.122712361073646, 1.873937209666065], [39.12612801860583, 1.8691213642872189], [39.1310909890662, 1.8662006892928793], [39.13930915465517, 1.8484400836236385], [39.14307262639035, 1.84592068259751], [39.14575702038798, 1.8365833543356422], [39.1439911495484, 1.8304431495803717], [39.149810270963805, 1.8235716844219372], [39.1540330608881, 1.8130838925190467], [39.162130783715114, 1.805414236871954], [39.165733769397704, 1.7946945342442377], [39.17012152359502, 1.7911450760682868], [39.17303332424388, 1.7805413219312085], [39.177314081157206, 1.7706867302371005], [39.179713032191934, 1.7619825757583285], [39.18034624106568, 1.7533809609200666], [39.186281274341056, 1.7421529435939052], [39.190847379775235, 1.7370026979164197], [39.19444587518446, 1.7287533214624833], [39.19837884504962, 1.7258326249681302], [39.19832529966245, 1.721877392866507], [39.20717220665604, 1.7078981256590138], [39.20882654620868, 1.703773490620436], [39.21384743701544, 1.6973612820034614], [39.2177179781421, 1.6978785525961868], [39.22205216964997, 1.6955375085610034], [39.23186223791375, 1.6938252348065792], [39.23636146799233, 1.6887819394983257], [39.24257740914451, 1.688853284775025], [39.24981902807689, 1.6855268463782225], [39.259107355061666, 1.6799841445360033], [39.26264783527638, 1.6754581475771197], [39.2658940514928, 1.6735675222660455], [39.273305082883155, 1.6741472101845294], [39.28545172385644, 1.6675165334670605], [39.28687864311322, 1.6624776999696387], [39.29405774269113, 1.6592716198000086], [39.30244091512069, 1.6537735838311047], [39.30830903241912, 1.6545316054560413], [39.313445916978786, 1.6432456172677559], [39.31902876939542, 1.644280114795189], [39.32182460127367, 1.6426257890361646], [39.32370631211291, 1.6377564489372058], [39.328611336287416, 1.6338636868654222], [39.333516372608955, 1.6335247687621492], [39.33687409530994, 1.631237242680082], [39.338020049172144, 1.6278527873619941], [39.341382200250024, 1.625163966787955], [39.34531066806702, 1.6259710791809052], [39.34839639673223, 1.6179580439193921], [39.351419616024174, 1.6176682125670363], [39.35370274110682, 1.6133741134382613], [39.357978984787394, 1.610060983548466], [39.360605419909504, 1.6037022982850084], [39.366478063641615, 1.5982087303823787], [39.37008100182006, 1.5901867815657769], [39.37908838850326, 1.5785707948670922], [39.38427879150552, 1.5761718459483443], [39.38667326159295, 1.5733670440511824], [39.38668219866699, 1.5674052344360396], [39.38970103749927, 1.5642080702541115], [39.394770991876285, 1.565242577586628], [39.39888232698972, 1.5542419867789445], [39.40669463595169, 1.5499567756221606], [39.41493064326133, 1.550924391607142], [39.42259139281142, 1.5455690091758356], [39.42612738963445, 1.5402626874510539], [39.438505908146595, 1.529489487485224], [39.447165488770935, 1.5272064317905343], [39.358670141787584, 1.49725467837489], [39.35820639092098, 1.497424080115869], [39.328508820702815, 1.4867311542472696], [39.274259349212436, 1.4678023193805456], [39.34237215588321, 1.289487322896194], [39.397754172330586, 1.1462699038417343], [39.460761262687036, 1.0002878680253926], [39.4606899299559, 0.9946827714845452], [39.46616572334131, 0.9873475118409096], [39.475654661152156, 0.9829017871805299], [39.48037687004157, 0.9793612853039639], [39.48489838728833, 0.9719279679377948], [39.491453284191145, 0.9639996872531826], [39.494414071999145, 0.9557681698662311], [39.496420695259914, 0.9401658079949164], [39.49793675180166, 0.9339141147331815], [39.502761548880315, 0.9231676991223581], [39.50768440354799, 0.9147801223246093], [39.51448006859321, 0.9001810363579088], [39.527906373529596, 0.8685169327380797], [39.532200497665386, 0.8572755374689669], [39.538322857766325, 0.8394302276243066], [39.54567589598071, 0.8157211709646445], [39.55276145303893, 0.7869956678176261], [39.55498656574719, 0.7803159333236297], [39.56159044340174, 0.7671393035958608], [39.561496828327954, 0.7632955553941447], [39.564609236655656, 0.7556704866693875], [39.56705283859155, 0.7535122711411478], [39.568881100047314, 0.7486384668182678], [39.57526650018558, 0.7422128857212341], [39.58303425880646, 0.7284699383404326], [39.5845102747711, 0.7243096237094859], [39.588545684062375, 0.7190211434101361], [39.59700020457842, 0.7132689041017156], [39.600683432099885, 0.7032849306917468], [39.60623047944035, 0.6955662362583909], [39.61094376132591, 0.6919008986648638], [39.61500604562961, 0.6840885430255923], [39.62478040335357, 0.6773017532148028], [39.62850372532456, 0.6697525130166823], [39.63541979313394, 0.6676344717710193], [39.646652286288784, 0.6570083936874651], [39.65062976080846, 0.6442777024987226], [39.65380019959458, 0.6378298422122745], [39.65441113150461, 0.6325591475457619], [39.662031677894916, 0.6222140660631438], [39.664662589173226, 0.615133003436818], [39.66986636584804, 0.6101923338910855], [39.67480700657576, 0.6034234116598403], [39.676626326235024, 0.5976845108934421], [39.680086592558645, 0.5948664031082701], [39.68154469815072, 0.5908799329075505], [39.687970293105494, 0.5842269834409958], [39.68886658167272, 0.5806864204533323], [39.69827524718787, 0.5730613793170781], [39.69943019885164, 0.5690749412795572], [39.7062526021981, 0.5626493802403746], [39.71699903798118, 0.5504002078360294], [39.72432534058193, 0.5436045506015676], [39.72852579915714, 0.534628358750784], [39.73155355612771, 0.5316987459233932], [39.7320574598883, 0.526985477907958], [39.73749750014086, 0.5230659457538291], [39.74177380350817, 0.5229990327337133], [39.74642912084578, 0.5180226986129057], [39.755726349090864, 0.5147586113630715], [39.762682561307585, 0.5114722610143886], [39.76699892010868, 0.504096907495455], [39.77002217831936, 0.503561809598305], [39.777036412739236, 0.495539916551503], [39.7836893856593, 0.490505597481117], [39.79350382456077, 0.4881154990467574], [39.79918476573724, 0.48304102993415365], [39.80574404318113, 0.4823677428902291], [39.80880748407358, 0.483509265591242], [39.820668684809995, 0.4821402969406824], [39.82741528872576, 0.47792196922022195], [39.83562900392378, 0.48004454778607114], [39.84241571426356, 0.4772174718311735], [39.84855594173537, 0.4775340565783049], [39.852573519211134, 0.47585741010824184], [39.85657780198386, 0.46920444511224485], [39.86480931531338, 0.4658645948394063], [39.86988377209404, 0.4605983981732503], [39.876077480907014, 0.4582127458039392], [39.88999434421831, 0.4629528146647539], [39.89626827966468, 0.4611334603238719], [39.90248423415914, 0.4625113651305977], [39.911059105410644, 0.4581637121122688], [39.919081012920174, 0.4498563945475476], [39.931009108786625, 0.4396807206576525], [39.94391823189939, 0.42970573190393774], [39.95405825075053, 0.4230795124953037], [39.96993706280885, 0.4141166911829867], [39.97908271439627, 0.4097066379609495], [39.99122482084392, 0.4048328477809938], [40.012958490576445, 0.3989424079647177], [40.030785966473296, 0.39691793824818633], [40.048354818239105, 0.39634719154515846], [40.059622955024125, 0.3925971125599317], [40.075689151401924, 0.38185955635536595], [40.101195157028855, 0.3633007774672403], [40.12822629696756, 0.3426061285269816], [40.13672529893483, 0.33736223167905244], [40.14406498021617, 0.33377708194295247], [40.153108057862475, 0.3307493610456634], [40.163279257669544, 0.323922504614772], [40.17805673745661, 0.3099119573443515], [40.196080407069736, 0.2896409306855188], [40.204762255693076, 0.2789435127170677], [40.21112986657123, 0.27196504285818857], [40.22374914870698, 0.26008599850802355], [40.231374203559845, 0.25408402249022966], [40.242762730850124, 0.24638318928763367], [40.25885117694918, 0.23726431658516434], [40.282551322460584, 0.22795368743217473], [40.29939779667645, 0.21986489411765203], [40.30713434065424, 0.21557079604830326], [40.320801446425726, 0.20540848538820083], [40.32992036103125, 0.2000218767048637], [40.33507950342255, 0.1988223993320415], [40.34579471387196, 0.19927720321062542], [40.36596325328582, 0.19816246212693844], [40.37510888209145, 0.19684253424594117], [40.383153088129525, 0.1937880491701891], [40.39100553327409, 0.18825432034588813], [40.39987022893241, 0.18428575354258575], [40.409261073757726, 0.18482974175512876], [40.41944567064254, 0.18915062854258832], [40.42969714516964, 0.1901895875448655], [40.44839863580992, 0.1861808197052199], [40.45537713360449, 0.18565910962419765], [40.47522901571113, 0.1866668805766881], [40.481654576611014, 0.18820084171474222], [40.485966549984845, 0.19079604081742815], [40.492044355822244, 0.19634762058745633], [40.496597054488994, 0.19796625335703805], [40.50256334940132, 0.1933287710044784], [40.50657208737654, 0.1924235828237011], [40.509216323523475, 0.19513025523526353], [40.51249373707893, 0.20160043372708755], [40.51397867452282, 0.20818651209064476], [40.52187571221892, 0.2147904376935168], [40.5238957131427, 0.22067643026312564], [40.5308875620003, 0.22546106082114592], [40.53595310437858, 0.22691026144833618], [40.54074663922701, 0.22677649495462185], [40.55085098018581, 0.22171987016364653], [40.55613051301163, 0.22043563415171546], [40.561699964557626, 0.21671677782534016], [40.57050216785567, 0.2154860334732156], [40.57875599598506, 0.2170199772618652], [40.58734869666744, 0.21577141966649355], [40.592918108405506, 0.22351243454997224], [40.5969357542919, 0.22650004186913822], [40.60392760071614, 0.2252336439507622], [40.60827967866276, 0.23020999960304214], [40.612145766085064, 0.23276060621140612], [40.61951662766223, 0.23141843322272765], [40.63120840229311, 0.2326759036380455], [40.64523675489403, 0.23145853944322012], [40.64842496606586, 0.23255104359967838], [40.66299734621015, 0.24405995628131313], [40.67188430959604, 0.24977209889267385], [40.67901443266559, 0.2556446966938439], [40.68292062167273, 0.2600190956923023], [40.682996397506294, 0.2698425187707655], [40.68752241095726, 0.2744710524874286], [40.694500865636655, 0.278096290617753], [40.704435731160316, 0.2960441835525669], [40.70897066561604, 0.3101126518464948], [40.71351004041565, 0.31794726372242577], [40.718580015746625, 0.3217241323689992], [40.73051706660166, 0.32391354552135915], [40.73726808658895, 0.3272935429885841], [40.74399689887678, 0.3363053980446617], [40.755100068384536, 0.3459281383826763], [40.774537270855156, 0.3545520519126176], [40.7871476636298, 0.3575485621153775], [40.802415612091366, 0.36177578464278], [40.80969728200221, 0.3632517348314793], [40.81925763831615, 0.3663463800552368], [40.82731072039102, 0.36744776945090196], [40.843265450894144, 0.3709124933278323], [40.850885989295264, 0.3734363144283696], [40.85990234804834, 0.3775386894871682], [40.87433198789879, 0.38593074668446087], [40.88142195111942, 0.3891992438400518], [40.88598806362958, 0.3923964499391116], [40.909585592847115, 0.4149416514112428], [40.91584619190922, 0.4217194723304362], [40.92015818885089, 0.4249657196575023], [40.933303613386094, 0.4320957849423423], [40.93913610469584, 0.43374120922198156], [40.9455661263691, 0.4368536859153572], [40.95287905698511, 0.44266835418327094], [40.96122645325617, 0.4476446747073139], [40.97554463833585, 0.4520056948113003], [40.98440489092897, 0.45770889331825265], [40.9917846600293, 0.46441535306225645], [40.99234210921871, 0.6032896161180021], [40.99234210921871, 0.8579934833192512], [40.99245358300352, 0.9516880815221406], [40.9925695216665, 1.0179637007088633], [40.99234210921871, 1.1705318885551987], [40.992221704967946, 1.4428179389353808], [40.99210576559536, 1.710132156935386], [40.99037118888071, 1.9472537325580797], [40.99195410483725, 2.1791849546585285], [40.977751937935736, 2.178498282956549], [40.9624795123997, 2.1762553495502237], [40.947412167504346, 2.1768216365139788], [40.9375353056435, 2.1799920567480937], [40.92049704197746, 2.1886204649261582], [40.913598795321775, 2.192914578362971], [40.891927575311996, 2.210273819860603], [40.876280617759456, 2.2246231912390533], [40.86181080533833, 2.2437036867197206], [40.85538971589869, 2.249348925605542], [40.843171746912944, 2.2629581317686354], [40.83768709564571, 2.2752652238213003], [40.82868414925337, 2.2767857804967955], [40.822084688631755, 2.2762640587248266], [40.816024799100724, 2.2769953832924035], [40.80518471413379, 2.2818780652970054], [40.79835784212627, 2.286800906183351], [40.79204815600179, 2.292727091515186], [40.785417519328746, 2.300218364036702], [40.77908554940181, 2.305123377734094], [40.77041709710015, 2.3090696747775876], [40.75712896913819, 2.314246667670679], [40.752304202451676, 2.3147550448319927], [40.74397463085833, 2.313774033648876], [40.7378344378689, 2.314732743672076], [40.73262177013286, 2.3178184040795777], [40.720466251647295, 2.327231599236529], [40.716684899621185, 2.33338960231821], [40.71625680934652, 2.33876727250409], [40.70967075028119, 2.3489875342653552], [40.700676774873294, 2.354597117652959], [40.70023084635734, 2.357268122390433], [40.69285546505604, 2.365691318068041], [40.68757140206852, 2.368745827918687], [40.6816586569391, 2.3703377441191433], [40.676664477315676, 2.3768391061140726], [40.67582620182059, 2.384357129743088], [40.66810744326701, 2.390515134711921], [40.6656327015845, 2.3984345107760965], [40.66735389856619, 2.4074106913537827], [40.66492813496158, 2.412503002201989], [40.66491032712268, 2.4216976436906403], [40.659639663012626, 2.4304731563037705], [40.65515375041416, 2.4331263204545786], [40.641798804786575, 2.4355342515022698], [40.64049667259667, 2.441348935957693], [40.63497636395918, 2.4413488807194503], [40.63226524421063, 2.4439887175683235], [40.6307669741306, 2.448924922082489], [40.623204303244954, 2.454494347231099], [40.620778551457434, 2.4587661654996107], [40.61553022194484, 2.462944335176993], [40.612087799148206, 2.4698960864556128], [40.60703112375986, 2.4768700922769176], [40.603517355627304, 2.4844773071785946], [40.60489968322379, 2.488347832219903], [40.60321414598472, 2.4928336815105445], [40.594295959353396, 2.498474445940405], [40.59142874613592, 2.5032456763035356], [40.59248553678586, 2.506318040944077], [40.59720775783036, 2.5093278785502235], [40.59582989836164, 2.5144202211250732], [40.58129321700429, 2.528667023235364], [40.58005803948723, 2.5347180047261646], [40.58136455100051, 2.549843307515616], [40.57725774147276, 2.5560012898949442], [40.567380796475334, 2.564683198310051], [40.56432192599294, 2.571086443353919], [40.56175790416106, 2.5735612675772015], [40.55939458862731, 2.5804550230143475], [40.56222165160136, 2.584610908030116], [40.5611202550987, 2.5878303518057804], [40.55391878068537, 2.593274957745429], [40.55294227787943, 2.598862216489752], [40.550730579726135, 2.60221099627375], [40.552086079047065, 2.6084180520107214], [40.54763150114193, 2.6216259213488353], [40.54514774387074, 2.6271373253696098], [40.54633835303302, 2.631908570101918], [40.543453260140254, 2.6349051187832595], [40.541651808565064, 2.640492336863226], [40.53834763200821, 2.6433952101669935], [40.53731313736236, 2.6496112212882776], [40.53263106706329, 2.6594123230743603], [40.52799805737042, 2.664237057422475], [40.52812735204271, 2.671300268298785], [40.524921287418, 2.677841815408465], [40.5230261262908, 2.689288321972096], [40.52118011284796, 2.6958387132428365], [40.51832622142724, 2.7003691888821413], [40.514032159202024, 2.701996737790407], [40.51132991843778, 2.7061481405135166], [40.50346856731968, 2.715017302421436], [40.50093580080867, 2.722267835780859], [40.50619306521686, 2.72487641480352], [40.51182488576222, 2.7318459746743446], [40.514290810109195, 2.7387843382621857], [40.52050227969233, 2.7396672185597986], [40.51936966836521, 2.7445142732299503], [40.52042652457629, 2.7502709559878156], [40.51945885298966, 2.7607409148383604], [40.52110428099411, 2.7642324430072214], [40.51938309652015, 2.7708675859245413], [40.522134328394756, 2.775215196771211], [40.519142243075414, 2.7776543316396953], [40.51501311697749, 2.7779218564463783], [40.5114235402451, 2.7836785469927583], [40.50772249230866, 2.7828892685398983], [40.503602341795464, 2.787410836350008], [40.50495342354917, 2.793006983888999], [40.50240278608378, 2.7960525512716115], [40.496284902052835, 2.7970870750237378], [40.49321259645976, 2.800110368981431], [40.49647669740376, 2.805510309073889], [40.50373611596513, 2.809666197833572], [40.50194353218735, 2.8144641684632115], [40.495107715190244, 2.8170058571122807], [40.49743092816217, 2.8209833729858746], [40.49552245107524, 2.8260533670816574], [40.49822014265101, 2.8323184134526307], [40.49748442798541, 2.835404106001733], [40.494157950393074, 2.8368666892212806], [40.49352026137688, 2.845401406702378], [40.496293831809865, 2.8499496934065918], [40.49312787572518, 2.854270570581151], [40.49474205252181, 2.8575569299856953], [40.49198192060867, 2.8635945523208934], [40.49149136699131, 2.8681294479052446], [40.38061582226529, 2.9193734687337134], [40.26974031223722, 2.9706174209333893], [40.182694215857, 3.072918133398261], [40.140368418413956, 3.1198724529700743], [40.0649828210947, 3.2009478817143115], [40.04419453525134, 3.2242466586156575], [40.0351112822345, 3.22958864454061], [39.91097441429109, 3.281521581483753], [39.786837463716374, 3.333454492911125], [39.775261650640246, 3.668096630116483], [39.768113745819626, 3.65807260750722], [39.76587078977952, 3.6611003354196785], [39.687638077447005, 3.5810973950809695], [39.60940541183244, 3.501094385166379], [39.58591041540477, 3.4864596604582117], [39.58385923009613, 3.481501096925666], [39.58187491269149, 3.4765470701447256], [39.57947589195025, 3.4741034518751577], [39.50216403521417, 3.4560084242466043], [39.502097091852846, 3.456213540714786], [39.50139702416717, 3.4587150874843893], [39.50056321651207, 3.4615198997564653], [39.500326855818464, 3.462286864119989], [39.50015293987681, 3.462705982488938], [39.499608926401386, 3.464725958945992], [39.49955098011962, 3.465055930565511], [39.495190011915085, 3.4673969518054677], [39.49173420980132, 3.4667057984477916], [39.48665524490543, 3.4605299594112244], [39.476439443765855, 3.4603159153516607], [39.47443730842445, 3.4617874130017814], [39.47026808561927, 3.4592680106683096], [39.466482307895305, 3.460333762888496], [39.46221941849641, 3.4573283202297436], [39.45659199186988, 3.4559682825242586], [39.445631521441115, 3.4607217175162313], [39.44243435732172, 3.4561645141219306], [39.43806890679356, 3.456454337237422], [39.43684267885089, 3.4599770095246765], [39.436775744143944, 3.4599859840516354], [39.435946364211205, 3.460012719244621], [39.43589286309704, 3.460217846830548], [39.431282111488684, 3.457618160841825], [39.43012277092941, 3.4619167144663425], [39.42993545980991, 3.461800834322946], [39.429262162575924, 3.461698268860553], [39.428588858068174, 3.462086203496998], [39.42828116995023, 3.4625276454287603], [39.428200868871144, 3.462969080366031], [39.4282276622545, 3.4637717217494965], [39.4280983583866, 3.46426221576229], [39.42790211001102, 3.4655197006514706], [39.42168167271119, 3.4612077232066296], [39.417120066930565, 3.4610115226754226], [39.413436832924226, 3.4667370117725813], [39.40344400112574, 3.463245569310655], [39.38754284081777, 3.4668306706576395], [39.376292501394275, 3.4681906828504285], [39.36203680201278, 3.468190723963331], [39.33595101653358, 3.466250972299011], [39.33255319066781, 3.466830676611334], [39.31811461230732, 3.4719720005140875], [39.31221074969368, 3.4657426827322584], [39.31016406699769, 3.462037149753912], [39.305174290609955, 3.4567843037792234], [39.300131054764506, 3.443888583947177], [39.29975200970253, 3.440704793104057], [39.30173630821557, 3.4265828004674512], [39.30640500328056, 3.4169823977855946], [39.310320142067866, 3.4129379904570842], [39.3135217729889, 3.4067710425351634], [39.3235859755124, 3.3302573401507907], [39.32585562741614, 3.314632606338224], [39.328178790628556, 3.2886628343932154], [39.32896804171816, 3.2861300428011053], [39.33678037913428, 3.2798472047192107], [39.3391571173679, 3.2740414120041526], [39.342363212478126, 3.248432811718784], [39.34448577119803, 3.155433836931751], [39.345279486324, 3.1381770674196816], [39.345912694260775, 3.113313115048143], [39.34564955088233, 3.098691721252437], [39.34675545790033, 3.070082126791676], [39.33736008741928, 3.0622698096231664], [39.32400509422681, 3.052821004588878], [39.31197446644612, 3.046225938322848], [39.289326661418876, 3.035296693346138], [39.2823615519947, 3.026695106254203], [39.268743436028835, 3.013866279025423], [39.26135469074215, 3.0061074234355796], [39.24942216280972, 2.9958693365336133], [39.24810227256619, 2.989060266830663], [39.20216910859922, 2.9569057038938364], [39.153283927965056, 2.9547475071379963], [39.14741129871312, 2.9528300863019323], [39.142996803372654, 2.947274076701394], [39.13960785860687, 2.9410313198453317], [39.13379764766515, 2.9362199353131833], [39.1274167049353, 2.9351809542778433], [39.12356406891526, 2.9313193601877616], [39.12074141259459, 2.9231681790917112], [39.11722768941981, 2.9160558684633333], [39.11253665066863, 2.892792767872495], [39.11181427396055, 2.883348381137651], [39.1052148785729, 2.8835311771432797], [39.098842823125516, 2.8824074893145966], [39.07850931175584, 2.8821221514498627], [39.06506953417217, 2.8823138574270377], [39.0659881515094, 2.737580389303351], [39.05844780027766, 2.7335849965643138], [39.05247258479805, 2.726481656126916], [39.04845495037464, 2.712096615305989], [39.04826769472172, 2.7041549720612825], [39.046024718903276, 2.7001372725443082], [39.036772087471554, 2.6920083770168954], [39.03621474919067, 2.686866991138764], [39.04078974173844, 2.681730137534419], [39.04342064339716, 2.676022483915187], [38.98169777397782, 2.571246989065353], [38.97669912427687, 2.5669127490667267], [38.968035079309246, 2.5632473509019746], [38.8886095569806, 2.5426463117162585], [38.891307288132836, 2.536680009981898], [38.89278324457388, 2.527712773008009], [38.893719638786074, 2.513836035359422], [38.89596707282609, 2.504088441288694], [38.897848840987734, 2.5005657785680757], [38.901407153339235, 2.4871483605746625], [38.90198686378758, 2.479398422165432], [38.905567500147924, 2.469289617804255], [38.913522526113745, 2.449874704691597], [38.9144678616507, 2.440831679426579], [38.921125294931485, 2.4282703783075736], [38.92413523947605, 2.4187323539272], [38.92816179592348, 2.411954491077397], [38.93067672220976, 2.393587470490115], [38.930868464373575, 2.380566922736659], [38.9342662764153, 2.37434202348242], [38.93485039044019, 2.370038969087107], [38.93416821993343, 2.3600461310999923], [38.93254950962772, 2.355801077869553], [38.93157743541625, 2.343962130363819], [38.9333120713612, 2.3309593957265093], [38.9360543670714, 2.317898676051882], [38.93556385784675, 2.3136179352354787], [38.929517335095156, 2.295897469909385], [38.9261239722719, 2.2829304155690164], [38.92893317259509, 2.2742352081003716], [38.92927651707782, 2.2606393597020116], [38.932910678090884, 2.2499241319879584], [38.93431088370116, 2.2436992255736405], [38.9383285189958, 2.214822118311988], [38.938480094401484, 2.2108802656098567], [38.93709336125255, 2.19587986502399], [38.937860329540996, 2.189846708971887], [38.937717594003, 2.1713815788068778], [38.93584479790146, 2.161196966987168], [38.93697738726751, 2.1561358635186347], [38.941191266374524, 2.1464864045168235], [38.946230035357964, 2.129733566142478], [38.948825246126354, 2.12394562765025], [38.95123313071843, 2.114371948757216], [38.954185126851954, 2.1062251625713126], [38.95637446946664, 2.102720289903045], [38.96255485431257, 2.097387218550616]]]}, "id": "00000000000000000775", "properties": {"shapeGroup": "KEN", "shapeID": "32016919B89873713911655", "shapeName": "Wajir", "shapeType": "ADM1"}}, {"type": "Feature", "geometry": {"type": "Polygon", "coordinates": [[[34.943500143219474, 2.451644982090757], [34.94265295460921, 2.45141307929471], [34.94144899172574, 2.4500887740245423], [34.941756629760924, 2.448973950644359], [34.94266633000906, 2.448675233961959], [34.94317467776043, 2.4469495605086107], [34.94297842207303, 2.446035420188095], [34.942068809299286, 2.4461335102018436], [34.939339828246894, 2.4474444909309194], [34.93904101462427, 2.4469361523694633], [34.93954938413112, 2.4457188275863952], [34.93834100257196, 2.445032132102488], [34.93793517632792, 2.4448002544651892], [34.93723515513962, 2.44307458282176], [34.9360311993924, 2.4421560018872888], [34.93664205490722, 2.440229686368798], [34.93661084341833, 2.4401449205244194], [34.931228666708485, 2.438428212889221], [34.93152750787712, 2.4364439161402833], [34.931509671665765, 2.4364572768134485], [34.930805054181654, 2.4363502374836226], [34.93090761319812, 2.43523549160279], [34.93071141323216, 2.4344239331345663], [34.931322391219915, 2.4324975704597565], [34.93133130934576, 2.430580198573307], [34.92557454812207, 2.428667236690381], [34.91699076094774, 2.4229952509694246], [34.9169996805805, 2.4219339991573916], [34.91653148274108, 2.422197054458028], [34.91602760338857, 2.421889366372456], [34.916232757033065, 2.420266286605647], [34.91603652312256, 2.4196598122209836], [34.91685259066765, 2.4161104207579154], [34.91655824178137, 2.4142821790684192], [34.91697292167941, 2.4105320509257147], [34.916477964635206, 2.408904497348092], [34.91654040242211, 2.4085076121699722], [34.91434655339153, 2.402942655729055], [34.91442683255351, 2.4022693382051425], [34.91408349975648, 2.4013864295059166], [34.913882800897454, 2.400066548143652], [34.91429303390803, 2.3990543523435], [34.913896180836154, 2.3967222265932566], [34.91390064081525, 2.3956030154901393], [34.914306413782064, 2.394795897222024], [34.916000844180985, 2.393480445737225], [34.91697292167941, 2.3923389402602204], [34.918003049134995, 2.3915407743079147], [34.9184088024898, 2.3912063187819066], [34.91778898022083, 2.3901227432671748], [34.91801642842422, 2.3885398023053415], [34.91746350019244, 2.3876613481620135], [34.93211164172524, 2.298679944481831], [34.9345463167113, 2.282337351190218], [34.94551566263673, 2.2113440304271363], [34.98002019982592, 2.0520114424120584], [34.98159425376245, 2.0212480655715], [34.984042303386765, 1.9975568890501783], [34.98455511097311, 1.9851694916163656], [34.986053325360864, 1.9829889874066053], [34.986146989151884, 1.9816958336612078], [35.000206561190915, 1.9615451696459762], [35.00027339264121, 1.7614563925206383], [34.99880191157338, 1.7470534921321998], [34.992822242436056, 1.6816741413993586], [34.99078002208808, 1.6637485519394344], [34.98393081209744, 1.6500948345159927], [34.94366956310046, 1.5766088318820355], [34.905575471556595, 1.5527080612000377], [34.89023176942489, 1.5552541608811468], [34.86407910130349, 1.5283390775147996], [34.84454376084068, 1.4576355426282832], [34.841712266361085, 1.4544740432407357], [34.831072857268424, 1.4517807285083264], [34.826903587345726, 1.4479013010332538], [34.82210559226602, 1.4386754368395238], [34.81956837620944, 1.4389519298269735], [34.79727288688483, 1.425329379346427], [34.791172843438005, 1.4202459513610872], [34.78855979068873, 1.4163219436703747], [34.7888852573374, 1.40953522959542], [34.80352003463084, 1.376818807156394], [34.803555760679, 1.3724979437278593], [34.79520380162503, 1.3656755123456465], [34.79490060573722, 1.3649263811412191], [34.79433878884241, 1.3632096481643872], [34.79412474633853, 1.3629910982064057], [34.79324185749347, 1.3608106175260022], [34.82922233503883, 1.3113190564050645], [34.831371629165, 1.303212416894337], [34.830644787001546, 1.3007554605576535], [34.83078747732881, 1.3002738735021315], [34.829784175648165, 1.2972506042956047], [34.829315919240805, 1.2948426856061488], [34.8303326194925, 1.276078791538908], [34.831286891597614, 1.26957296291141], [34.83139833074684, 1.2693812254065506], [34.83158119845379, 1.267726902237002], [34.83122001119186, 1.2660681017515838], [34.828740766467085, 1.2642577061912783], [34.834889848665895, 1.2658496117352345], [34.91065438725992, 1.284198835535773], [34.90606603176798, 1.2520843730514697], [34.94186809254141, 1.2507644804141997], [34.97196709288881, 1.2462474138321096], [34.99309429934672, 1.257644889834925], [35.01207222220955, 1.2542381078587617], [35.01964378892881, 1.239861986915544], [35.02391562221061, 1.2341676952793836], [35.04444973445985, 1.215412723675673], [35.03525065798512, 1.2037878405268785], [35.04158702051458, 1.1946422366990408], [35.04684428688041, 1.1926980519425383], [35.05116069431945, 1.1874764323038702], [35.061407744784006, 1.1800431411796557], [35.07485631785892, 1.1762796408762553], [35.0803633710821, 1.1725339917516036], [35.083083421193734, 1.1692030361661656], [35.087043074476966, 1.1833205710706522], [35.11700381042951, 1.1880383189525983], [35.12424979236611, 1.1837843368561924], [35.15214152707434, 1.199373347038739], [35.32453926511536, 1.1164474094318089], [35.35561475702091, 1.1320364415883106], [35.543860121506064, 1.2851396690911119], [35.55746928599409, 1.2849836217062773], [35.563177001073576, 1.2893892013057113], [35.56651240314785, 1.2904326206569832], [35.57790536620453, 1.291190707691736], [35.58531194574169, 1.2831598648710163], [35.602644451079506, 1.2793294767926195], [35.61129958466111, 1.2810506648545144], [35.61510768555227, 1.287511913483118], [35.6248151161348, 1.2949452463616278], [35.628141628167896, 1.2958549157720933], [35.63919130424752, 1.3031856566075062], [35.65062886854045, 1.3070651060711789], [35.67145288184573, 1.3148551491405402], [35.675425886112706, 1.3159610083412705], [35.69595113053476, 1.3190065771914397], [35.69621870109645, 1.328152178784897], [35.69717294545752, 1.331063981728238], [35.694105119341565, 1.3348898926080106], [35.69428342057405, 1.339201838078407], [35.68779546732297, 1.3408026387492982], [35.686970493424546, 1.3468269039412484], [35.68950332634426, 1.3527396491247008], [35.68718899229057, 1.3552278027036044], [35.68763940985676, 1.3596289716426055], [35.689949229356024, 1.3606501205405617], [35.69081426911285, 1.368230578674762], [35.69566130309428, 1.3778354411132907], [35.701681112672595, 1.385192978535096], [35.6982609601894, 1.3881271063863978], [35.70141806127028, 1.394392091740185], [35.701328876979936, 1.398704041627454], [35.704864916205764, 1.4019725573230424], [35.71006421426054, 1.4006393268237032], [35.71046549893405, 1.4035733987582415], [35.70575229789673, 1.4057093163509442], [35.706594997172935, 1.409441577351137], [35.71006421426054, 1.4135751741185485], [35.7062873725444, 1.4153097564788648], [35.70693395797069, 1.422533488510315], [35.70453044734716, 1.4277818682173433], [35.70741993540207, 1.430403809168676], [35.70624278312721, 1.4391392086769346], [35.710416494807795, 1.4410521220450172], [35.71308750923083, 1.4486058818270342], [35.72002581239005, 1.4515444033563094], [35.71973598889812, 1.4558786861268844], [35.72258093011106, 1.4585452297288553], [35.72137691929602, 1.4648994239952584], [35.71915633875892, 1.4676596206838408], [35.719624492403995, 1.4732825293024452], [35.723579772837496, 1.4747495599137757], [35.72575581848284, 1.479993500261697], [35.72891733253828, 1.4810591749433248], [35.728279673825604, 1.4868961536156429], [35.734089820376774, 1.4906462510090073], [35.737532266314844, 1.4967062011416032], [35.74214745513654, 1.4995956779579207], [35.74736906612372, 1.501040449415361], [35.75528842436621, 1.5061238317383805], [35.75890028258859, 1.507345611759076], [35.7614018506582, 1.5135705246874558], [35.761954791955134, 1.5188500725748102], [35.76712288749445, 1.5229078821372002], [35.766761696377834, 1.5276032945421574], [35.76804147314892, 1.5328249177228002], [35.772041236243346, 1.5367712142583112], [35.774984238591294, 1.5431076222128624], [35.77534988909772, 1.5508575202113069], [35.78274314652819, 1.5598024815311156], [35.78398719593996, 1.5692245461817054], [35.7833272468462, 1.574281194037376], [35.7845445597307, 1.5798951654391915], [35.78526694534741, 1.5916181254158643], [35.78735380024612, 1.5968130021327223], [35.78685440547005, 1.6017046436060185], [35.789266757933504, 1.6097889655419082], [35.78988211505933, 1.6200137012599911], [35.79304807752019, 1.6224037890464238], [35.7909344804275, 1.6257392156471777], [35.785935787310336, 1.6269609704350316], [35.77973764731593, 1.6301002056293585], [35.7760678615846, 1.6367709835709903], [35.77735206853394, 1.6471072015776], [35.78907501464318, 1.6593876000052674], [35.79194220710977, 1.6636192656134454], [35.785703987122986, 1.6637039617626785], [35.778257212963155, 1.6656838444938395], [35.774065733092925, 1.668189805480888], [35.768554227547085, 1.6685109062973063], [35.75532857183183, 1.675908557416493], [35.74396678150142, 1.6862224379795132], [35.73565497322131, 1.692893285319801], [35.731561566276575, 1.6974905605151214], [35.72805220515704, 1.6993589382832037], [35.72003922857567, 1.7070999324034353], [35.716159773779516, 1.7075993663342488], [35.70877108881988, 1.7056908650596414], [35.698693477984904, 1.7079204257956908], [35.693413916979296, 1.7109570649809551], [35.68213685590039, 1.7189522590582649], [35.670507502944304, 1.7238483291957116], [35.66336402034321, 1.7337029626027332], [35.65681360100379, 1.738032719116437], [35.641603615066984, 1.7414974852201448], [35.62658980694645, 1.7470623885870933], [35.626554183366956, 1.7433747318967017], [35.62135038500651, 1.7454214538834159], [35.61726590210303, 1.7450379663920292], [35.61408204097689, 1.748221809738034], [35.61017142166992, 1.7488505348371275], [35.60498992986237, 1.7561277419897159], [35.60209157708533, 1.7580897893225786], [35.59691448955143, 1.7539963434007046], [35.59263379830398, 1.7523063050824361], [35.581963129766514, 1.75172661130406], [35.57583191300706, 1.755316235972264], [35.57040518730457, 1.7543753158358297], [35.56373431644184, 1.7585580076327083], [35.56044797886317, 1.7587051188599283], [35.554887535344044, 1.7625444368989318], [35.55048194432939, 1.762134188819305], [35.54217906730907, 1.7664639928597978], [35.524949109822934, 1.7681316521433423], [35.5143409341992, 1.7659110293237095], [35.50992194129422, 1.763886597748941], [35.50770128412549, 1.7673423887649928], [35.50438819026612, 1.7760153714995464], [35.49858692149902, 1.7789494200502056], [35.48484392544732, 1.7912833498383325], [35.48174043010925, 1.7908909377805324], [35.478543206224145, 1.795613128913238], [35.47748197825322, 1.8026941532360101], [35.46819369930791, 1.8046829382260854], [35.465986363026516, 1.8086425835913555], [35.46875994338708, 1.818274266235742], [35.46434549245767, 1.8213822800546655], [35.468412122535135, 1.825551531955982], [35.46855038171079, 1.8304743561079464], [35.466013196490074, 1.834616874783111], [35.46537997454707, 1.8401595337724612], [35.45992645492198, 1.8436376448086174], [35.45938690143651, 1.845657582077397], [35.44957692159232, 1.8451760293495765], [35.4482213380783, 1.8503352245141234], [35.44555483708312, 1.8492962296822761], [35.441657563593324, 1.8519003486389793], [35.365406892567364, 1.9284675582997743], [35.36923281408049, 1.9349020471781546], [35.369585074779515, 1.939860575780231], [35.37348235466247, 1.9457465765281086], [35.379172194410955, 1.9480118097019434], [35.374008500029404, 1.9628428022810445], [35.37336644656836, 1.9661915874505396], [35.3751901598307, 1.9819812530922842], [35.374940439377646, 1.9921747259866076], [35.371649648570084, 2.0121827175440923], [35.36579482418386, 2.0362128374738013], [35.361977865544425, 2.0442258368414676], [35.35965022369794, 2.057398039592527], [35.356225643548534, 2.067645049840322], [35.35384443273928, 2.0784494058242338], [35.345425724938245, 2.104606489558118], [35.34031558110059, 2.1250336482426406], [35.333395002541316, 2.143659316349574], [35.329475471878034, 2.1558326526329474], [35.32486475406367, 2.166793164386005], [35.31834560228563, 2.1894230939513277], [35.31568793400548, 2.201970969187378], [35.31439478635164, 2.2118434310675155], [35.308820895732644, 2.234174604124397], [35.30160609486189, 2.2599838813807804], [35.29804331364233, 2.270694638423719], [35.29444921650102, 2.279104496681633], [35.28555778943267, 2.297560739086231], [35.280683965641245, 2.3052883869297505], [35.27416475334796, 2.3140326371458624], [35.27114594104946, 2.3197313910189536], [35.26604476224522, 2.324756793646022], [35.261260125521005, 2.331681751770952], [35.24543481248923, 2.341522986393942], [35.238973592628206, 2.3435117735677284], [35.235112026381614, 2.3467401329172217], [35.232133285007045, 2.351217113278266], [35.23443418414468, 2.3682463766728867], [35.23664146823228, 2.3785915016641352], [35.22817809065237, 2.3979707907935253], [35.22331765200509, 2.4120481576601134], [35.22351383902795, 2.418210634416832], [35.226644132995695, 2.4327517827487406], [35.23169635257388, 2.441384580802046], [35.230443302747794, 2.4461335542353173], [35.22465984702111, 2.4556091006564187], [35.222568531900706, 2.462266575878181], [35.22067788530755, 2.479416243215535], [35.22012493639244, 2.493774572848413], [35.22199329361395, 2.5166987948284887], [35.22492737795417, 2.5299200365556755], [35.21286105039529, 2.5507396001155325], [35.207429909096504, 2.5682816879968406], [35.19821739648769, 2.591848026556156], [35.18699829357953, 2.611441335764229], [35.17438351795444, 2.6368135717516026], [35.1605379794239, 2.6482378065668195], [35.15169108338227, 2.6491475045848576], [35.14336599601773, 2.647930127308986], [35.13705638129884, 2.6460216467268114], [35.13440321625672, 2.6515509095718364], [35.13051043439008, 2.6449380536523304], [35.129270799573085, 2.636153666828686], [35.128120287171875, 2.6343521803592784], [35.127710087518196, 2.623400605349667], [35.12568121896259, 2.6204085903399235], [35.124994509950916, 2.6153608677706295], [35.12240375053492, 2.6101883203860847], [35.11698148029327, 2.60368248489089], [35.11401168690867, 2.5946171327273353], [35.10734983563121, 2.568941631216075], [35.10763075716854, 2.5601973367215143], [35.104754667065876, 2.5541775378699545], [35.10451831885607, 2.547533488523276], [35.10759062557811, 2.5418659355602404], [35.10766643900577, 2.5366933846104978], [35.110217021246726, 2.5296212876340545], [35.109227105691694, 2.52609414328415], [35.11052471460249, 2.5205827054351206], [35.107648556110426, 2.511628790247525], [35.107492479410794, 2.5051452532077803], [35.10481704944821, 2.4979170598874676], [35.101209625695944, 2.491250678108929], [35.10098225161456, 2.4882988029542057], [35.093343786007885, 2.478560095357742], [35.08620480252096, 2.472446675928018], [35.079743562206914, 2.4681570024439496], [35.06785553064538, 2.46247169899325], [35.0649705145347, 2.4665383635613174], [35.060038726683594, 2.4840849515863193], [35.05434450757362, 2.496597167883001], [35.044307067393454, 2.5168860620641227], [35.03160309845864, 2.537237439867358], [35.029600978428135, 2.5429851753140746], [35.02804916607316, 2.5597023962885848], [35.02637698185399, 2.564790175188746], [35.02048650754767, 2.568509078210404], [35.016134485795206, 2.567648472175153], [35.012424487248495, 2.561807085286065], [35.00960632569646, 2.5540259438529187], [35.00712707588009, 2.5391458873985604], [35.004683478759496, 2.5084182237806774], [35.00264120935066, 2.5002893047844217], [34.99846749576197, 2.489467074121191], [34.99704953445209, 2.4794341037060432], [34.99732149366247, 2.4750909239898244], [35.00097348042375, 2.4684201083764346], [35.00561545000863, 2.4626366322796422], [35.01686125318349, 2.453459838131564], [35.022131915079925, 2.443328743796793], [35.01988457854419, 2.4401895157665274], [35.02140510913919, 2.4337862806600663], [35.0087055834618, 2.4247254024180838], [35.00854058083137, 2.421269582198157], [35.01342327796476, 2.406946938274522], [35.00996751087757, 2.4034688195301794], [34.97117779346038, 2.436492955022182], [34.943500143219474, 2.451644982090757]]]}, "id": "00000000000000000776", "properties": {"shapeGroup": "KEN", "shapeID": "32016919B96045830258165", "shapeName": "West Pokot", "shapeType": "ADM1"}}, {"type": "Feature", "geometry": {"type": "Polygon", "coordinates": [[[36.39206141124391, 0.9187754491968949], [36.391455016526095, 0.9127244666319471], [36.39487513513728, 0.9056612648193323], [36.40238425038039, 0.9004842289272995], [36.40970612329182, 0.8997351422885865], [36.41687186056671, 0.9024953264501405], [36.4234668698441, 0.8974253055831847], [36.42267318339745, 0.8928012169059872], [36.42962490423596, 0.8838562813205635], [36.437031422737135, 0.8774574251299703], [36.44043371999484, 0.8761108019866155], [36.44546365185165, 0.8715535972130563], [36.447603985778535, 0.8729626490818159], [36.45412764379367, 0.8726416308441973], [36.46123545183422, 0.8692393295724308], [36.463866351953236, 0.8655605723844472], [36.46960069569458, 0.8634424975198923], [36.47035435913059, 0.860874062506844], [36.47612889507523, 0.857494046479836], [36.47822462599603, 0.8545198582103897], [36.48310285920334, 0.8534719462762591], [36.48719189254975, 0.8499804420594322], [36.488716930805346, 0.8467966497034947], [36.487370281452634, 0.8392830661741654], [36.48539931648092, 0.8354928350641112], [36.48241170522568, 0.8134960981896526], [36.66951557990824, 0.8133043495054753], [36.673020465045596, 0.8166531483329191], [36.68723610487451, 0.8174557736394017], [36.70500556369017, 0.8158951032143542], [36.708412361421026, 0.8143567158743474], [36.72182536784743, 0.8193018440638036], [36.73467648446022, 0.8250451892902155], [36.756142605670625, 0.8584036984338024], [36.773096070034455, 0.8656497723279574], [36.7803956533528, 0.8673709864452112], [36.79335380259855, 0.8693998466701777], [36.79926211567323, 0.8654134060189925], [36.81561357573043, 0.8559422845403507], [36.81757559972379, 0.8449416772792301], [36.82007717862822, 0.8382262723976079], [36.82845581945429, 0.8219639331930155], [36.83199632138109, 0.8134782908375979], [36.83263841800843, 0.806169770833149], [36.83453354781434, 0.799837868388571], [36.84384866538015, 0.7948570333463802], [36.84087890091115, 0.7900100252265287], [36.84733119490568, 0.7804719890035077], [36.856690837060356, 0.7634828437083124], [36.86301827335136, 0.7495659426933233], [36.86567592993893, 0.7409197931121907], [36.86580965991372, 0.7376512783638755], [36.87767535978605, 0.7380525610910351], [36.88107322814522, 0.7332233446265567], [36.886548982959496, 0.7333660694987933], [36.88774399550683, 0.7366390435287787], [36.89686733832614, 0.7402687321256128], [36.903654086511345, 0.7400190238563965], [36.90873745939003, 0.7368307675049507], [36.90845653584485, 0.7324385728550097], [36.9102268120742, 0.7287018424685224], [36.91671929156116, 0.7293038352767068], [36.919885251795414, 0.7380926902125561], [36.925187086066195, 0.7406477885429994], [36.928036479985735, 0.7405496537882267], [36.931603766932476, 0.7434213453649262], [36.9324776814519, 0.7490130621535398], [36.93464482964425, 0.754198997167667], [36.93910842957035, 0.7515101166169675], [36.94235912049061, 0.7468682152631432], [36.948610787749054, 0.7438984799291393], [36.960115227754976, 0.7440678692108145], [36.96629552989757, 0.7421326618112354], [36.97154834301387, 0.7444246152765664], [36.97357727581729, 0.7468236468629728], [36.98059584519547, 0.7445316649169228], [36.99145381011069, 0.7475638152537584], [36.995591805310056, 0.7507208628476978], [37.00306974237758, 0.7501501016347896], [37.008723922601995, 0.7516349767552871], [37.01658531190665, 0.7557373537203044], [37.041970947956074, 0.7642943556752175], [37.05689998905833, 0.7718391500263106], [37.060757120054014, 0.7706664335120826], [37.06314724468315, 0.7667692047780373], [37.06870768673266, 0.7656543855008788], [37.07066523033011, 0.7668538796427601], [37.07195841465212, 0.7736406370904199], [37.07095060551881, 0.7774933438542393], [37.07316234796366, 0.7796381702213327], [37.08745821384663, 0.7827952162658638], [37.093304125420396, 0.7829200311715007], [37.09579678080545, 0.7852967416819956], [37.10381420369931, 0.7875307419958779], [37.107760561571354, 0.7859210435125815], [37.10892879932564, 0.7816268806578321], [37.11129655436219, 0.7805210645891021], [37.11812349255782, 0.7830850581220502], [37.12436620824013, 0.778059625617279], [37.127621391769054, 0.7711792497902356], [37.128771804040795, 0.7660958778459702], [37.1333646817822, 0.763317843653418], [37.13658412720299, 0.759465184352073], [37.14177900610194, 0.7605620902399454], [37.15243626062238, 0.7594651683037309], [37.152182116164205, 0.7540963985842046], [37.15379184615286, 0.7523930604760345], [37.159490538053795, 0.7525312609426447], [37.16275910027545, 0.7506896522024135], [37.163106903137745, 0.7463331133956758], [37.166767806663245, 0.7430779929475726], [37.16989362865486, 0.7426989524146462], [37.17630581972466, 0.7454145525370226], [37.18097446832804, 0.7426989323139408], [37.20054549288976, 0.7464401369272465], [37.203484033592595, 0.7461101826927115], [37.206199631659715, 0.74153068492176], [37.219938164770475, 0.7394393732415107], [37.22672484130482, 0.7451336489789121], [37.22990866764225, 0.7493608433420356], [37.235433488649214, 0.7512559584329972], [37.237578366983726, 0.7550462063668452], [37.24187691488895, 0.7575076478620762], [37.2479680432949, 0.7634115045778211], [37.25289089033514, 0.764423698540666], [37.257407918451506, 0.7636344137191506], [37.265189058085255, 0.7573515629575106], [37.266370745433306, 0.7536237488088832], [37.27029032330118, 0.752268175186794], [37.27312625236923, 0.745842648767441], [37.280813774117, 0.7398094669157271], [37.288697490845536, 0.736893211913048], [37.290556922265196, 0.7319659037785805], [37.2939012143774, 0.72925028279588], [37.300817325686076, 0.7196855134162207], [37.304549544258656, 0.7081096892809977], [37.30519612245108, 0.7031601046933819], [37.3077556953922, 0.7015726742858466], [37.3110598558527, 0.6948572555892623], [37.31369966375578, 0.686371605228532], [37.32012078973599, 0.6785235619832597], [37.32629213284579, 0.6683969595750807], [37.32701005286575, 0.6597150983482223], [37.333141322282756, 0.6489775745866975], [37.341747391458846, 0.6467301526209889], [37.34334373651067, 0.6380527922204391], [37.34643389267121, 0.6346237471469434], [37.34951510773592, 0.626209402027368], [37.35263655315972, 0.6223254916368454], [37.351762572022444, 0.6157394004479801], [37.35404559886432, 0.6089258932696131], [37.353778061718124, 0.6013454606663203], [37.35704209296299, 0.5992675143127157], [37.36245990753817, 0.5999007091735111], [37.364248034969805, 0.5968551349404129], [37.36447990448494, 0.5874107835985108], [37.36767708300136, 0.5866125808661257], [37.37308593560696, 0.5879458779126897], [37.37902551446119, 0.5834153839481674], [37.38535297065086, 0.5809941281348546], [37.38968272585064, 0.5769407791985198], [37.39939021767473, 0.5788046729521586], [37.41435494161505, 0.5800398648652798], [37.42329095896125, 0.5794423679386977], [37.42912345899812, 0.5830943748130207], [37.43551779552174, 0.5802762112407867], [37.439129662303074, 0.582064270811679], [37.4470267971915, 0.5803965721261877], [37.46238838014394, 0.5863896059145585], [37.46587984951793, 0.5909958981637281], [37.47028544112052, 0.5933369051394766], [37.47612236970675, 0.5886548304950399], [37.480527973465804, 0.5880171739237979], [37.489459539034854, 0.5893282015282586], [37.49235802392157, 0.5882981332085542], [37.49263447854813, 0.5841155077734183], [37.49053870245854, 0.5800487960354841], [37.492277699692345, 0.5761872151123976], [37.50235527515424, 0.5755718407865852], [37.50821452923462, 0.5693870457916456], [37.515184136763665, 0.5679735586131779], [37.521141488067784, 0.570372533859952], [37.52615801510848, 0.5694093526969342], [37.531107569214946, 0.5654051082037332], [37.53442963497688, 0.5670861629679519], [37.539990108217744, 0.5743545046101509], [37.54452947839338, 0.5777077829532012], [37.548970731416794, 0.5747157191580174], [37.557393987972794, 0.5709967986705862], [37.56400238858202, 0.5720179262123622], [37.56770791347943, 0.5708273466455892], [37.57650567802864, 0.5746176124623728], [37.58008187529074, 0.5728785436264563], [37.58323443812117, 0.5745685593505531], [37.58252992533444, 0.5873617364848556], [37.585290147748324, 0.5886147003473006], [37.59226860978976, 0.5886994232393258], [37.59747240101734, 0.5916558209395064], [37.60448653799299, 0.591254477423857], [37.60732698186041, 0.5922176799460236], [37.61248618882776, 0.5968194834714011], [37.61809571724174, 0.5998427045086479], [37.62338417998831, 0.5985585251008292], [37.6271565813077, 0.600079082328838], [37.62994802070062, 0.5970825695512565], [37.63510271616194, 0.5997267927574108], [37.63620855532753, 0.6065447408611673], [37.64154615966204, 0.6122078245858757], [37.63743035080385, 0.6147673175930932], [37.63831330482301, 0.6210724907453297], [37.64460955105552, 0.6234358229936675], [37.64547909671855, 0.6279573608641349], [37.65044207214547, 0.6321890365618469], [37.65606495443104, 0.6312526291246698], [37.661438223624366, 0.6334286788933419], [37.666008773224696, 0.6332101703250275], [37.673571412956, 0.6412766923529901], [37.67720555207662, 0.6401664081023902], [37.68116082738247, 0.6425831919696416], [37.6829845401875, 0.6514166703485027], [37.68617726175693, 0.6564867060580276], [37.6905962194838, 0.6596660376803107], [37.690667552215054, 0.6630906462307683], [37.70280968693117, 0.667237600829259], [37.709070332719875, 0.6672376046492519], [37.713988703102224, 0.6600807175278309], [37.72382991520884, 0.6547119927903113], [37.72875275602377, 0.6565000757561202], [37.72920314531449, 0.661868855771356], [37.73412155004466, 0.6623147449628404], [37.73993619361684, 0.6672375683346506], [37.74665163461078, 0.6761870212811397], [37.75291221995724, 0.6752907472404122], [37.75783056507193, 0.6726063306397447], [37.768568099345046, 0.6735025952263928], [37.773936809551245, 0.6779751063320335], [37.77841380721034, 0.6770788361723918], [37.789597173463264, 0.6721604603141784], [37.80346500761377, 0.6757366479035478], [37.81106776638773, 0.6743944505480658], [37.82494003770473, 0.6797631795788706], [37.83209686911707, 0.6797631969806794], [37.837461211406605, 0.6833438843049011], [37.84462249208786, 0.6896044461381308], [37.84238406957568, 0.7034767092645762], [37.846410651477306, 0.7115253543557564], [37.85849028018153, 0.7182363191536368], [37.86699381218058, 0.726739810345115], [37.875046937534115, 0.7303160364033126], [37.87235810761885, 0.7356847847349106], [37.87683503498293, 0.74418380748451], [37.88399189613448, 0.740157293158336], [37.88846442437984, 0.7388151039803976], [37.8920450532095, 0.7352388887563556], [37.89651754258279, 0.7276316561020488], [37.89920194817245, 0.7289738547195731], [37.902332192720024, 0.7262894671032244], [37.902332192720024, 0.7209207231680452], [37.90815136588718, 0.7195785145482817], [37.91262377652954, 0.7119757404643988], [37.92738785206034, 0.7218169579951463], [37.936332863914295, 0.7303160194385164], [37.94035944020482, 0.7388150747739723], [37.95378129449575, 0.7468682281810007], [37.95825379857468, 0.7513451381930965], [37.9645188543903, 0.7517910546131915], [37.971675698063116, 0.7544754163056342], [37.97212159183653, 0.7598441842774815], [37.98017473897234, 0.7696854394359521], [37.98822782528695, 0.7772926689166103], [37.9949387857787, 0.7790807325192379], [37.99941126166365, 0.7866835386782239], [38.00433413622943, 0.7880257172725211], [38.00970286905854, 0.7925026496527182], [38.00746442035257, 0.8001054004687234], [38.01149544906763, 0.8036860612818643], [38.01596344657429, 0.8023439011213436], [38.01551759694207, 0.7969751040756479], [38.024016587731914, 0.7969751541163771], [38.03028166387704, 0.7907100897787867], [38.03878066880783, 0.7880257197816899], [38.046833855525094, 0.7844495390348392], [38.04996412355007, 0.7786348400845029], [38.06114751438969, 0.7786348449212792], [38.06472822234649, 0.7808688676563611], [38.08092367757619, 0.78143960054225], [38.04751160541126, 0.8049614026937166], [38.030839016140966, 1.0851356332983582], [37.957785583748546, 1.1819917576806491], [37.94816286525308, 1.19432114345509], [37.94529562715245, 1.2628798709921294], [37.95061976706425, 1.38696324385953], [37.85212275020976, 1.4590624364805027], [37.84882302226416, 1.4527126725699917], [37.8495810304377, 1.4477809078578348], [37.84597810966107, 1.4422115382072218], [37.84648643913103, 1.4370567939617749], [37.843324905781934, 1.4320001569540028], [37.843418591926905, 1.4261810555217223], [37.83073684808196, 1.4248210003546697], [37.82586750503005, 1.4208345935393831], [37.818340574766104, 1.4230507505834673], [37.811571654625936, 1.4188146196525873], [37.80455301911193, 1.4175482053494046], [37.80047294840189, 1.4183999337791202], [37.7935791896698, 1.4141325380807888], [37.78652930872584, 1.4154301551281063], [37.78308242785586, 1.4194121065720129], [37.78002351355979, 1.4166653355991856], [37.778596573699886, 1.412054618540905], [37.77442735141203, 1.4117959824144934], [37.768068680242024, 1.4139987988965885], [37.7602964571977, 1.4137579883246205], [37.755293318875, 1.4118494953463823], [37.74794025283304, 1.413365599512142], [37.737398941259826, 1.4076178229689533], [37.72971144176583, 1.4070024670453771], [37.72490457827397, 1.4056379548989646], [37.71696292121845, 1.407608879416494], [37.70998888763741, 1.4072298676645654], [37.69951443502091, 1.403689360940036], [37.69398067007663, 1.4030338487509202], [37.68363561113298, 1.3989626782792295], [37.67463711232298, 1.4032344943635557], [37.670539247156356, 1.3995423458110023], [37.663939767782864, 1.3976472627775465], [37.655949011571046, 1.396635012942234], [37.653902279833915, 1.4009336023719514], [37.646745472992684, 1.3991633583808631], [37.6393611891328, 1.3910968475242695], [37.6329400417917, 1.3886978503936365], [37.629738465587025, 1.383725950583586], [37.623861325840835, 1.3841941254745658], [37.62151138759419, 1.3823258085960646], [37.62145785529356, 1.3769391883058497], [37.61665545937975, 1.3778755911061586], [37.60871380848815, 1.3753205528508572], [37.603505571289155, 1.379137518061586], [37.60097724153829, 1.3841183286517018], [37.59933624848769, 1.3906197286718764], [37.59592063316035, 1.3888227080172726], [37.59543898979971, 1.3841450927298193], [37.589370178467405, 1.3790884904910263], [37.587448281318196, 1.3682395081858816], [37.58239167159027, 1.3666698951468306], [37.58160245775315, 1.3723017071490906], [37.57677765652682, 1.3803771329089398], [37.57301863489866, 1.3809925312398954], [37.56979919672856, 1.388470450636224], [37.562062641445365, 1.3912484488032522], [37.55780418042738, 1.3962069589771935], [37.4998760317696, 1.5011697264041437], [37.469197420036735, 1.5542865451020251], [37.44299128164011, 1.5873686038916566], [37.43084466381485, 1.6081034468733615], [37.350549679133785, 1.742139584913277], [37.30610576090996, 1.7654517494270514], [37.282851592907974, 1.8324363937589512], [37.27700121725366, 1.848199292412036], [37.2666962489478, 1.8776471865522306], [37.26549227860021, 1.879033982180953], [37.248917852050496, 1.8807819514386563], [37.24095829261254, 1.885847457223225], [37.23999514764236, 1.8902174203835793], [37.23209806361793, 1.9002235963218759], [37.22700134976871, 1.9038087067528635], [37.21985785925024, 1.9070371011937308], [37.216995149805925, 1.9111038491597898], [37.21066763520264, 1.9143901817975906], [37.20334136257884, 1.9199952447989397], [37.19668388431775, 1.9262960012419506], [37.18990164452047, 1.9314507225372575], [37.186918495555396, 1.935548596053947], [37.18076489038065, 1.949715182509527], [37.17952972496353, 1.959177366029937], [37.17681859706144, 1.9580046477510595], [37.16590717012437, 1.96138017350977], [37.15861656889468, 1.9655984770450434], [37.149453114129514, 1.9683096432553229], [37.13775688835416, 1.9703608246900917], [37.13106382156875, 1.970722007148382], [37.12094162051394, 1.9760862755498005], [37.107377063248386, 1.979341463558269], [37.09990355422775, 1.9825966114788942], [37.090771364182345, 1.9834125851042537], [37.0420913345816, 1.9825073888097269], [37.02717121105906, 1.983020208405283], [37.0190333329426, 1.984255403218161], [37.01291542005387, 1.9842553566967462], [37.00589233985669, 1.9854905346931775], [36.97846440261686, 2.005596629069037], [36.96065035974274, 2.016664141266682], [36.950010935151866, 2.0251096865570775], [36.940967847694374, 2.0250740046931814], [36.93587555558014, 2.0232903548777856], [36.9253431830285, 2.01690493173514], [36.91774933264938, 2.016632926020721], [36.916041504162685, 2.0215825299866106], [36.91888641360932, 2.0337959718308483], [36.918498474182975, 2.0384958884287347], [36.91959985912611, 2.04821673490785], [36.91899338576085, 2.0516011919238104], [36.92092418985501, 2.057415847136457], [36.91824876118892, 2.0834703735925326], [36.920063590887324, 2.0944709489601365], [36.91999222248955, 2.0995275984925255], [36.91274616384197, 2.1000315030812935], [36.91528790747808, 2.1256534801271862], [36.903524774092936, 2.1552619278595175], [36.89721518365535, 2.188228065168279], [36.89666670492055, 2.1924507805770563], [36.89285415574632, 2.1974940747709195], [36.889995844977804, 2.203941914128049], [36.8657918456831, 2.2538481690323824], [36.84491438123363, 2.2742173471721085], [36.84351863358985, 2.2747613349379505], [36.79814282392911, 2.4015202365894357], [36.77236032654006, 2.472308441042977], [36.756699940361415, 2.5160611632590273], [36.75244595407557, 2.5165025880783953], [36.74786644489794, 2.514246309747754], [36.73992931345301, 2.515013286135995], [36.73215705059121, 2.5127168222347906], [36.724670205051964, 2.512030119270553], [36.71496719040246, 2.508676899889855], [36.70773899442741, 2.5085030012892795], [36.70551391947856, 2.5127302108598797], [36.699717108275735, 2.512368994121391], [36.70089877062008, 2.5083736546271203], [36.70220086477457, 2.4975469691891004], [36.70134470711113, 2.4864438131656166], [36.70295441688303, 2.477431924272926], [36.69819207626449, 2.4683487852209893], [36.69740284861831, 2.4638584337448655], [36.69939161714924, 2.4586190308878146], [36.69675176242428, 2.454298131175185], [36.68798075646934, 2.4588910425677106], [36.68578685608266, 2.4587528059004238], [36.68033786951043, 2.4546771638364873], [36.67112087428816, 2.4454602130725545], [36.667076500148674, 2.438432663399979], [36.66107896508299, 2.430312621250403], [36.6562452887868, 2.4198248245972205], [36.650114081400154, 2.418933032863904], [36.64781763059063, 2.4141037777837213], [36.64319355735825, 2.417733536223397], [36.643363012955966, 2.405774179169823], [36.64079454196702, 2.396490327928143], [36.63863186261482, 2.3963520940081486], [36.63867204699294, 2.403883550725018], [36.637231736461345, 2.4068042630615407], [36.63356187010946, 2.405502216318188], [36.629686924923824, 2.4132788672366616], [36.62324352876337, 2.415816068136058], [36.62050560101265, 2.412391525283579], [36.62118790968694, 2.405194529799371], [36.61899847079642, 2.3998123594587972], [36.60888521955101, 2.3965572340234136], [36.6050503525599, 2.3981357568783723], [36.60453760515104, 2.401698609188081], [36.60089447663744, 2.405734061713953], [36.60096137451245, 2.3600149249293807], [36.72371149219241, 2.3009719378112607], [36.72216425028563, 2.2963969296190014], [36.7234171971057, 2.2921340357336875], [36.721267935776666, 2.2845580194079567], [36.72281527859525, 2.2750066043084765], [36.716777646194636, 2.269865240998122], [36.714490076261924, 2.2665164790676724], [36.710655283579726, 2.266271244318058], [36.70763204492435, 2.2639034399905857], [36.70730650614464, 2.259738629830663], [36.71138209628906, 2.2568714224927344], [36.713754327352795, 2.2523098037350064], [36.713428815366306, 2.245536429441617], [36.70934873041332, 2.23949431962793], [36.71196181379649, 2.2307589640890786], [36.710655283579726, 2.22324535123638], [36.70167018969724, 2.220146285254648], [36.699552141388736, 2.2167974857046944], [36.70053313361452, 2.2087978990408477], [36.70240597584872, 2.2034915229087746], [36.69922212423977, 2.197939984675132], [36.68656723697989, 2.1957327028481726], [36.68175586893188, 2.193369405972632], [36.66811990134471, 2.18463402312439], [36.663469097251166, 2.1794881725930715], [36.656281018109695, 2.1733658321167617], [36.649507618424245, 2.169526555356576], [36.63620165572827, 2.1638947343187738], [36.619381969044994, 2.1612816631646146], [36.61113261690694, 2.1562206186847668], [36.61244360874561, 2.162182445648301], [36.60966558036132, 2.162588202211616], [36.59774641922442, 2.1522207699434226], [36.593501316911194, 2.1460181686538857], [36.58920274427575, 2.146896656770743], [36.58586730604826, 2.1442479202240685], [36.583049149778525, 2.138014094589787], [36.580275635907554, 2.1231563898634125], [36.57660133037944, 2.117689547476745], [36.564517172533655, 2.105930867568963], [36.563166024793716, 2.1019221605495577], [36.566804638631076, 2.0896016552639805], [36.56521276675653, 2.082021142702179], [36.566434553889906, 2.066744309211269], [36.5683564195462, 2.0602964270823736], [36.567705445296745, 2.0568674040549393], [36.56411138565676, 2.0547448317527173], [36.55994656518413, 2.0498442738927434], [36.55521550552782, 2.048131976365483], [36.5550504670238, 2.042986227786706], [36.54925369260886, 2.0314772609458704], [36.54451808519434, 2.029269994103583], [36.54378231164232, 2.0211098252496145], [36.54648008534715, 2.017190287960918], [36.54611443512324, 2.00709933289886], [36.54134317581632, 2.0075006898424963], [36.53935449152521, 2.0039200171522107], [36.54196304684917, 1.9888616160341794], [36.53772691235175, 1.9779011466799958], [36.537726912351744, 1.9711723650996185], [36.529504292147294, 1.9639486224215725], [36.52651669484258, 1.953483132343156], [36.529504292147294, 1.9532378535588213], [36.53448954215022, 1.9634492280551132], [36.53847602036436, 1.956974585638942], [36.535483913886075, 1.9509949283227945], [36.53498454449889, 1.9462594037143457], [36.538221810962916, 1.942772389294895], [36.537976588365595, 1.9367927032963117], [36.53598336241944, 1.9315621790809767], [36.53947042190768, 1.926576900419485], [36.537477153053736, 1.9133735340206113], [36.53399016616899, 1.9066447235728137], [36.53598336241944, 1.9046514878268639], [36.53523422960643, 1.8949351456771912], [36.52801050830393, 1.8936910632819213], [36.52327942011078, 1.8832255006505685], [36.51929296241041, 1.8822311732718693], [36.51754502688592, 1.8792390669741967], [36.51206474345485, 1.879488796109981], [36.512314504508744, 1.868528356196991], [36.50982180593904, 1.8595566300496793], [36.512813859169036, 1.8558198854833912], [36.51206474345485, 1.8495905418019005], [36.51804442938852, 1.8530820028606658], [36.52003763513006, 1.8520831386788648], [36.5230252418907, 1.846353203685237], [36.52053256748673, 1.8398741205505302], [36.51754502688591, 1.8353927744997933], [36.52153141207591, 1.8319012957687093], [36.518789114441034, 1.82791484103653], [36.51804442938852, 1.8234334239881678], [36.514057942302124, 1.8224346167034264], [36.51355851339661, 1.8159600005063268], [36.519292962410425, 1.80599391720499], [36.52726583189363, 1.8077374223559275], [36.529504292147294, 1.805244762214719], [36.52925458804382, 1.7997645331067023], [36.52476876189531, 1.797271884714971], [36.52551783385509, 1.7917916341032454], [36.51854382858312, 1.791292221753602], [36.520786754112926, 1.7850628860092113], [36.51953824583094, 1.778588259392189], [36.51355851339661, 1.776840278554707], [36.51779468731186, 1.7733532666524847], [36.51505233623294, 1.760649287623203], [36.518789114441034, 1.759400721532285], [36.51929296241042, 1.7666289228653034], [36.52402405344676, 1.765630121797773], [36.52526811653934, 1.7549193724658356], [36.52053256748673, 1.7504334910891648], [36.51854382858313, 1.7409668136578713], [36.51580150475136, 1.7412165548203926], [36.511565301350416, 1.737974790894687], [36.505590133674396, 1.7312504696613262], [36.506330322247386, 1.7277589716959196], [36.50384221054516, 1.7205352142455237], [36.499360812332576, 1.7175476008834694], [36.501603730825536, 1.71056915872525], [36.49886136863687, 1.7060877505898382], [36.4901393809845, 1.705088885817827], [36.484159711851056, 1.702845972674706], [36.4856579946404, 1.6946233985409893], [36.483660250148475, 1.692135225359172], [36.48540377218877, 1.682913790214797], [36.47693596796335, 1.6754403092320653], [36.47892918652711, 1.6684663044841561], [36.4754421336316, 1.6632313236518312], [36.4719507110144, 1.6632313415427245], [36.46846366646694, 1.652520537934304], [36.47045686073928, 1.6433035692660116], [36.468963063494606, 1.638318342880442], [36.46597100620254, 1.635575946821861], [36.46771452347848, 1.631344293215468], [36.46547158942635, 1.6291013461765993], [36.464477202927114, 1.6238663832320293], [36.4619845764242, 1.619135282394785], [36.46572579636123, 1.6168923105782855], [36.46397777629261, 1.6131556365477209], [36.455509967027695, 1.6139047283406907], [36.45351233427013, 1.6124065014818603], [36.4487812014554, 1.6178866917931694], [36.4425562804921, 1.6181364496578468], [36.43682632888546, 1.6094188918510046], [36.43682632888546, 1.6029397985743192], [36.431091898213396, 1.5979590071764287], [36.43134167906266, 1.5845014189107967], [36.42635639315839, 1.5832573357003548], [36.424367653854, 1.573540956432325], [36.41988179549633, 1.5715477386042693], [36.417638849497564, 1.5663172134432646], [36.413153006509496, 1.5660675186932016], [36.409915667994, 1.5610822011793053], [36.40567948198057, 1.5453861681969856], [36.39845577231002, 1.5346754362137545], [36.39820604849355, 1.5311883948641665], [36.39546374121314, 1.5242099373399631], [36.39347047545215, 1.5227161224125363], [36.385002644370786, 1.5227161109224316], [36.383508898988886, 1.5311884020971094], [36.37927272915462, 1.5331816079178993], [36.37752478286059, 1.5404053964858722], [36.373538333577706, 1.5443918324546306], [36.37204899091192, 1.5478788065645102], [36.37204899091192, 1.553858498922502], [36.36955192356112, 1.5593387449465603], [36.369306650063244, 1.5635748388279702], [36.37403777704206, 1.5780268021934616], [36.37478685346443, 1.5847511651609119], [36.372294255580925, 1.5922290435931974], [36.366814038150586, 1.5957160746237578], [36.36332695528359, 1.5912301813835827], [36.35784675420881, 1.5877431660752088], [36.36058463114246, 1.5835070303400791], [36.35983549774628, 1.5782765438385429], [36.36183319799395, 1.5752844660757392], [36.35784675420881, 1.5707986161308805], [36.35211678021138, 1.5712980072566105], [36.34090214674687, 1.5707986174732103], [36.3311857919489, 1.571048339446478], [36.325455800911186, 1.5665668958444625], [36.32097445011368, 1.559588432332057], [36.30901512295489, 1.5481285396292104], [36.30627275032771, 1.5476291405119587], [36.29979373423319, 1.542148859046743], [36.2965563780405, 1.5299398908291462], [36.294812906851895, 1.5197240532782064], [36.29481290685189, 1.5127500335809811], [36.296057006683924, 1.5060212512579052], [36.29381405542741, 1.5020392676525087], [36.296306651409985, 1.497053978792034], [36.29755080969542, 1.4883319896832083], [36.29157112121763, 1.4816076485888212], [36.289827619289454, 1.4736348049187857], [36.286590338264595, 1.4698980853470713], [36.28858350101805, 1.4639184199431519], [36.29406379018484, 1.4634190018768198], [36.305273965681266, 1.4688992055183434], [36.31050892123468, 1.469898049902903], [36.31822762722203, 1.4698980546913478], [36.32271798685464, 1.467904823639701], [36.33317903354216, 1.455446130662218], [36.347876219834724, 1.4387557246503775], [36.35111793334763, 1.4387557316050692], [36.35584903216599, 1.4360133446799084], [36.35834167204427, 1.4395003647854707], [36.36282752425406, 1.43800656055148], [36.36880717558001, 1.4390054045598442], [36.372294255580925, 1.4409986634581031], [36.38026707570374, 1.4414935889795535], [36.38500264437078, 1.444235950379046], [36.38948403507502, 1.444985075308102], [36.39771114187419, 1.4375071540192452], [36.39969983573441, 1.434020129330108], [36.406923592378845, 1.4285398996411174], [36.40892129601936, 1.4282902070717358], [36.4121585943172, 1.422060862251898], [36.42112583845092, 1.41558622498092], [36.423618487702974, 1.417329753863182], [36.42810437294119, 1.413592994656542], [36.427604954255045, 1.4081083119692648], [36.431591376517694, 1.410101542809203], [36.441058052372675, 1.4096065742902821], [36.44504442793595, 1.4120947492056704], [36.448781201455404, 1.409856275170519], [36.44928064577791, 1.4061150966907037], [36.45351233427013, 1.401883380336501], [36.45501056377827, 1.3981422402671109], [36.46298345270296, 1.4028777657893297], [36.46647041968269, 1.3986416572020826], [36.46422753128994, 1.3936608231098246], [36.46572579636121, 1.387431432708473], [36.46273369360018, 1.3822009586918937], [36.46223433799891, 1.3784597283459412], [36.458247876497985, 1.3687433516189607], [36.45326708407155, 1.369242780905], [36.4487812014554, 1.3650066468222686], [36.43756653013042, 1.3600258060612802], [36.43507838494286, 1.3520529302568298], [36.428853494806795, 1.3505591263697232], [36.426111137671775, 1.3478167819392073], [36.42062645642419, 1.345823576786651], [36.42112583845092, 1.3368563222645125], [36.41614500194936, 1.3313716593595313], [36.41016535333896, 1.3286337285324714], [36.409915667994, 1.3241478869559402], [36.40617896229112, 1.3224043863913915], [36.40393602464812, 1.3171738894260288], [36.394469345390426, 1.3169241281971589], [36.39048287474448, 1.312937689836655], [36.39571339142482, 1.3079524694288087], [36.40194281577929, 1.3082021776682586], [36.403436612198746, 1.3004789770905172], [36.407672758048484, 1.3012281352625419], [36.415895336260405, 1.298485795425894], [36.419382322701054, 1.2944993579978559], [36.42586142218009, 1.3002292546417908], [36.43059695812754, 1.301228141010022], [36.432585699301086, 1.3042156853815554], [36.43782074816594, 1.3027219255479443], [36.43756653013042, 1.2974914121686818], [36.4345833883012, 1.2930055479612972], [36.438070424289656, 1.2887693871678985], [36.444050103412565, 1.2778089048554813], [36.45077441869168, 1.2725739308977744], [36.45002526574496, 1.266099338536575], [36.45351233427013, 1.2616134747096046], [36.45351233427014, 1.2543897391249044], [36.44828621173453, 1.251147932423546], [36.444050103412565, 1.2526461792987678], [36.43856985663473, 1.2613637554033623], [36.43184107315077, 1.264850762085426], [36.430097555849045, 1.2673434086243964], [36.42286939673836, 1.2670936795533707], [36.417888509454066, 1.2713298631386172], [36.415895336260405, 1.274816845264894], [36.40817214265989, 1.2790529994063906], [36.40418572964223, 1.272573912631336], [36.39745695473198, 1.2773094852863662], [36.394964273107995, 1.2768100569437582], [36.39596312342746, 1.2695863274053227], [36.39097782840132, 1.2695863053814287], [36.387740536859745, 1.2655999045475843], [36.39172698598101, 1.262612282905371], [36.396462584972454, 1.2553840992493033], [36.40069424576329, 1.2548846551475719], [36.40393602464812, 1.2513976806070564], [36.40617896229113, 1.252396502173872], [36.40717328755663, 1.2568778780155596], [36.409665981828425, 1.2601196322345294], [36.41340268121371, 1.259620252924706], [36.41340268121371, 1.2466665285474738], [36.421625299775116, 1.2367004833725208], [36.41813825117608, 1.2269840577721478], [36.414151782992676, 1.2264846668981912], [36.412408272290136, 1.2324643355314977], [36.40941621224636, 1.228977271658378], [36.40617896229113, 1.2299716541270511], [36.403436612198746, 1.2272337623918848], [36.39870549530631, 1.22673439549908], [36.397956323856896, 1.2239920084091376], [36.3939699533674, 1.2200055844753175], [36.3939699533674, 1.213776209516687], [36.397956323856896, 1.2068021753157414], [36.394964273107995, 1.1980801715027303], [36.39641351463188, 1.193982282172217], [36.39471908147822, 1.1901073076623725], [36.38699142264606, 1.1866203184460558], [36.39147732268445, 1.1843773540997413], [36.38998345654896, 1.1788971624096989], [36.3922263927305, 1.1731671707745925], [36.39895075668989, 1.173666596685362], [36.40792245076446, 1.1796462697250765], [36.41465120760403, 1.1816394874149618], [36.41863764956989, 1.1866203077404578], [36.42386821057498, 1.1826338399995842], [36.428853494806795, 1.18163947683925], [36.43159137651769, 1.1779027840264502], [36.43856985663472, 1.177653066291961], [36.442302078336084, 1.1729175053878407], [36.44006367555287, 1.161457569451926], [36.43507838494286, 1.1562270546427678], [36.435577754427754, 1.1430192348140842], [36.434084012268634, 1.138537790920356], [36.43881507184066, 1.132308450668193], [36.43906482725365, 1.1273231674904454], [36.442801565362856, 1.1198497030968273], [36.44205687440931, 1.1173615700460429], [36.44479923288125, 1.1133751158902], [36.441058052372675, 1.1039040032843577], [36.43881507184066, 1.1019107819541407], [36.43906482725365, 1.097179658986854], [36.437321310886475, 1.0919491258620209], [36.43732131088647, 1.0864644537763026], [36.43881507184066, 1.080734515502567], [36.4413077178351, 1.0792407116193967], [36.444050103412565, 1.0732610365855817], [36.44055863641897, 1.067281403644738], [36.441553006746226, 1.0605570388026964], [36.44379590626663, 1.0553220858811656], [36.4413077178351, 1.0480983266581088], [36.441553006746226, 1.0428677789249392], [36.44529416282431, 1.035389912894753], [36.45351233427013, 1.0147130262367992], [36.45315110381213, 0.9974741324361586], [36.458586796208415, 0.9966982570021041], [36.45703498383833, 0.9920384843178849], [36.457034983838334, 0.9862149212642579], [36.45936706516662, 0.9784515984233438], [36.45819884609765, 0.9772833301203918], [36.448495815014766, 0.9803913574596477], [36.447331968755236, 0.9831069303581568], [36.447331968755236, 0.9943661675439132], [36.4457757979675, 0.9998018293014678], [36.44111601049975, 1.002909819117093], [36.44538778223649, 0.9842751848505349], [36.44266773618643, 0.9710718150108085], [36.436460725426215, 0.9605929219152667], [36.417821614210474, 0.9369106381033332], [36.40501512760655, 0.9260393704949672], [36.39206141124391, 0.9187754491968949]]]}, "id": "00000000000000000777", "properties": {"shapeGroup": "KEN", "shapeID": "32016919B77230315601578", "shapeName": "Samburu", "shapeType": "ADM1"}}, {"type": "Feature", "geometry": {"type": "Polygon", "coordinates": [[[37.94529562715245, 1.2628798709921294], [37.94816286525308, 1.19432114345509], [37.957785583748546, 1.1819917576806491], [38.030839016140966, 1.0851356332983582], [38.04751160541126, 0.8049614026937166], [38.08092367757619, 0.78143960054225], [38.06472822234649, 0.7808688676563611], [38.06114751438969, 0.7786348449212792], [38.04996412355007, 0.7786348400845029], [38.046833855525094, 0.7844495390348392], [38.03878066880783, 0.7880257197816899], [38.03028166387704, 0.7907100897787867], [38.024016587731914, 0.7969751541163771], [38.01551759694207, 0.7969751040756479], [38.01596344657429, 0.8023439011213436], [38.01149544906763, 0.8036860612818643], [38.00746442035257, 0.8001054004687234], [38.00970286905854, 0.7925026496527182], [38.00433413622943, 0.7880257172725211], [37.99941126166365, 0.7866835386782239], [37.9949387857787, 0.7790807325192379], [37.98822782528695, 0.7772926689166103], [37.98017473897234, 0.7696854394359521], [37.97212159183653, 0.7598441842774815], [37.971675698063116, 0.7544754163056342], [37.9645188543903, 0.7517910546131915], [37.95825379857468, 0.7513451381930965], [37.95378129449575, 0.7468682281810007], [37.94035944020482, 0.7388150747739723], [37.936332863914295, 0.7303160194385164], [37.92738785206034, 0.7218169579951463], [37.91262377652954, 0.7119757404643988], [37.90815136588718, 0.7195785145482817], [37.902332192720024, 0.7209207231680452], [37.902332192720024, 0.7262894671032244], [37.89920194817245, 0.7289738547195731], [37.89651754258279, 0.7276316561020488], [37.8920450532095, 0.7352388887563556], [37.88846442437984, 0.7388151039803976], [37.88399189613448, 0.740157293158336], [37.87683503498293, 0.74418380748451], [37.87235810761885, 0.7356847847349106], [37.875046937534115, 0.7303160364033126], [37.86699381218058, 0.726739810345115], [37.85849028018153, 0.7182363191536368], [37.846410651477306, 0.7115253543557564], [37.84238406957568, 0.7034767092645762], [37.84462249208786, 0.6896044461381308], [37.837461211406605, 0.6833438843049011], [37.83209686911707, 0.6797631969806794], [37.82494003770473, 0.6797631795788706], [37.81106776638773, 0.6743944505480658], [37.80346500761377, 0.6757366479035478], [37.789597173463264, 0.6721604603141784], [37.77841380721034, 0.6770788361723918], [37.773936809551245, 0.6779751063320335], [37.768568099345046, 0.6735025952263928], [37.75783056507193, 0.6726063306397447], [37.75291221995724, 0.6752907472404122], [37.74665163461078, 0.6761870212811397], [37.73993619361684, 0.6672375683346506], [37.73412155004466, 0.6623147449628404], [37.72920314531449, 0.661868855771356], [37.72875275602377, 0.6565000757561202], [37.72382991520884, 0.6547119927903113], [37.713988703102224, 0.6600807175278309], [37.709070332719875, 0.6672376046492519], [37.70280968693117, 0.667237600829259], [37.690667552215054, 0.6630906462307683], [37.6905962194838, 0.6596660376803107], [37.68617726175693, 0.6564867060580276], [37.6829845401875, 0.6514166703485027], [37.68116082738247, 0.6425831919696416], [37.67720555207662, 0.6401664081023902], [37.673571412956, 0.6412766923529901], [37.666008773224696, 0.6332101703250275], [37.661438223624366, 0.6334286788933419], [37.65606495443104, 0.6312526291246698], [37.65044207214547, 0.6321890365618469], [37.64547909671855, 0.6279573608641349], [37.64460955105552, 0.6234358229936675], [37.63831330482301, 0.6210724907453297], [37.63743035080385, 0.6147673175930932], [37.64154615966204, 0.6122078245858757], [37.63620855532753, 0.6065447408611673], [37.63510271616194, 0.5997267927574108], [37.62994802070062, 0.5970825695512565], [37.6271565813077, 0.600079082328838], [37.62338417998831, 0.5985585251008292], [37.61809571724174, 0.5998427045086479], [37.61248618882776, 0.5968194834714011], [37.60732698186041, 0.5922176799460236], [37.60448653799299, 0.591254477423857], [37.59747240101734, 0.5916558209395064], [37.59226860978976, 0.5886994232393258], [37.585290147748324, 0.5886147003473006], [37.58252992533444, 0.5873617364848556], [37.58323443812117, 0.5745685593505531], [37.58008187529074, 0.5728785436264563], [37.57650567802864, 0.5746176124623728], [37.56770791347943, 0.5708273466455892], [37.56400238858202, 0.5720179262123622], [37.557393987972794, 0.5709967986705862], [37.548970731416794, 0.5747157191580174], [37.54452947839338, 0.5777077829532012], [37.539990108217744, 0.5743545046101509], [37.53442963497688, 0.5670861629679519], [37.531107569214946, 0.5654051082037332], [37.52615801510848, 0.5694093526969342], [37.521141488067784, 0.570372533859952], [37.515184136763665, 0.5679735586131779], [37.50821452923462, 0.5693870457916456], [37.50235527515424, 0.5755718407865852], [37.492277699692345, 0.5761872151123976], [37.49053870245854, 0.5800487960354841], [37.49263447854813, 0.5841155077734183], [37.49235802392157, 0.5882981332085542], [37.489459539034854, 0.5893282015282586], [37.480527973465804, 0.5880171739237979], [37.47612236970675, 0.5886548304950399], [37.47028544112052, 0.5933369051394766], [37.46587984951793, 0.5909958981637281], [37.46238838014394, 0.5863896059145585], [37.4470267971915, 0.5803965721261877], [37.439129662303074, 0.582064270811679], [37.43551779552174, 0.5802762112407867], [37.42912345899812, 0.5830943748130207], [37.42329095896125, 0.5794423679386977], [37.41435494161505, 0.5800398648652798], [37.39939021767473, 0.5788046729521586], [37.38968272585064, 0.5769407791985198], [37.38535297065086, 0.5809941281348546], [37.37902551446119, 0.5834153839481674], [37.37308593560696, 0.5879458779126897], [37.36767708300136, 0.5866125808661257], [37.36447990448494, 0.5874107835985108], [37.364248034969805, 0.5968551349404129], [37.36245990753817, 0.5999007091735111], [37.35704209296299, 0.5992675143127157], [37.353778061718124, 0.6013454606663203], [37.35404559886432, 0.6089258932696131], [37.351762572022444, 0.6157394004479801], [37.35263655315972, 0.6223254916368454], [37.34951510773592, 0.626209402027368], [37.34643389267121, 0.6346237471469434], [37.34334373651067, 0.6380527922204391], [37.341747391458846, 0.6467301526209889], [37.333141322282756, 0.6489775745866975], [37.32701005286575, 0.6597150983482223], [37.32629213284579, 0.6683969595750807], [37.32012078973599, 0.6785235619832597], [37.31369966375578, 0.686371605228532], [37.3110598558527, 0.6948572555892623], [37.3077556953922, 0.7015726742858466], [37.30519612245108, 0.7031601046933819], [37.304549544258656, 0.7081096892809977], [37.300817325686076, 0.7196855134162207], [37.2939012143774, 0.72925028279588], [37.290556922265196, 0.7319659037785805], [37.288697490845536, 0.736893211913048], [37.280813774117, 0.7398094669157271], [37.27312625236923, 0.745842648767441], [37.27029032330118, 0.752268175186794], [37.266370745433306, 0.7536237488088832], [37.265189058085255, 0.7573515629575106], [37.257407918451506, 0.7636344137191506], [37.25289089033514, 0.764423698540666], [37.2479680432949, 0.7634115045778211], [37.24187691488895, 0.7575076478620762], [37.237578366983726, 0.7550462063668452], [37.235433488649214, 0.7512559584329972], [37.22990866764225, 0.7493608433420356], [37.22672484130482, 0.7451336489789121], [37.219938164770475, 0.7394393732415107], [37.206199631659715, 0.74153068492176], [37.203484033592595, 0.7461101826927115], [37.20054549288976, 0.7464401369272465], [37.18097446832804, 0.7426989323139408], [37.17630581972466, 0.7454145525370226], [37.16989362865486, 0.7426989524146462], [37.166767806663245, 0.7430779929475726], [37.163106903137745, 0.7463331133956758], [37.16275910027545, 0.7506896522024135], [37.159490538053795, 0.7525312609426447], [37.15379184615286, 0.7523930604760345], [37.152182116164205, 0.7540963985842046], [37.15243626062238, 0.7594651683037309], [37.14177900610194, 0.7605620902399454], [37.13658412720299, 0.759465184352073], [37.1333646817822, 0.763317843653418], [37.128771804040795, 0.7660958778459702], [37.127621391769054, 0.7711792497902356], [37.12436620824013, 0.778059625617279], [37.11812349255782, 0.7830850581220502], [37.11129655436219, 0.7805210645891021], [37.10892879932564, 0.7816268806578321], [37.107760561571354, 0.7859210435125815], [37.10381420369931, 0.7875307419958779], [37.09579678080545, 0.7852967416819956], [37.093304125420396, 0.7829200311715007], [37.08745821384663, 0.7827952162658638], [37.07316234796366, 0.7796381702213327], [37.07095060551881, 0.7774933438542393], [37.07195841465212, 0.7736406370904199], [37.07066523033011, 0.7668538796427601], [37.06870768673266, 0.7656543855008788], [37.06314724468315, 0.7667692047780373], [37.060757120054014, 0.7706664335120826], [37.05689998905833, 0.7718391500263106], [37.041970947956074, 0.7642943556752175], [37.01658531190665, 0.7557373537203044], [37.008723922601995, 0.7516349767552871], [37.00306974237758, 0.7501501016347896], [36.995591805310056, 0.7507208628476978], [36.99145381011069, 0.7475638152537584], [36.98059584519547, 0.7445316649169228], [36.97357727581729, 0.7468236468629728], [36.97154834301387, 0.7444246152765664], [36.96629552989757, 0.7421326618112354], [36.960115227754976, 0.7440678692108145], [36.948610787749054, 0.7438984799291393], [36.94235912049061, 0.7468682152631432], [36.93910842957035, 0.7515101166169675], [36.93464482964425, 0.754198997167667], [36.9324776814519, 0.7490130621535398], [36.931603766932476, 0.7434213453649262], [36.93139863541569, 0.7337718381125117], [36.927256102559525, 0.7289024846833282], [36.925806878454885, 0.7073427283896594], [36.92615023921316, 0.7005470918729753], [36.92565529392929, 0.6870939353568183], [36.927028730150326, 0.6773419025527003], [36.924112444198215, 0.6715807290328735], [36.92395634461451, 0.6659310657778844], [36.92189625832235, 0.6609725750089115], [36.916554234253226, 0.6609324315302446], [36.91181868687519, 0.6572313360413241], [36.91258117963271, 0.6506274500176605], [36.909473237689426, 0.6477869940130404], [36.90819349722788, 0.6436043772965702], [36.909606970017805, 0.6327107636004847], [36.90617349987866, 0.6314265623032992], [36.89892747114194, 0.6314265527819543], [36.89488305394893, 0.6263164085404688], [36.893960028743884, 0.6226198419016934], [36.8900984276789, 0.6227669628855196], [36.88833259010641, 0.6103751238420315], [36.88266507848259, 0.6094476626078346], [36.879178064644904, 0.605358659015366], [36.87517828033123, 0.6045693818876196], [36.870719163153105, 0.5981571885996], [36.867419408231285, 0.5972743108331965], [36.865609023813676, 0.5919768610709502], [36.8681194805541, 0.5846327271598977], [36.86715187179808, 0.5767178099490755], [36.86436496926985, 0.5731728737326991], [36.86436940239055, 0.5657529203241742], [37.07192722525277, 0.5443314059850811], [37.213191534477886, 0.5297233559678216], [37.2583711560872, 0.5248406456349605], [37.36905044944626, 0.5115525303043028], [37.36748981852661, 0.5080476509087748], [37.361108835429285, 0.5034681903237227], [37.3592582546748, 0.4988886729623933], [37.35837987035942, 0.4919681653732257], [37.360890326395655, 0.4864879094679135], [37.358968477923256, 0.4800802013765916], [37.359802255563416, 0.47440820941751893], [37.35754150996927, 0.4718442422675132], [37.35693511534602, 0.4654543463795627], [37.35269893337735, 0.46182015941419663], [37.348877493740744, 0.45582267524043274], [37.34969793448367, 0.45239363588429693], [37.34798120381756, 0.44920982017279537], [37.348253247880045, 0.44018016277993655], [37.3513389506948, 0.4314536970575309], [37.35193642320252, 0.4205601122008563], [37.35374683131823, 0.4118291837610956], [37.35931622619052, 0.40782491282561445], [37.36220577324967, 0.4076287132287722], [37.368671443393794, 0.39569173490045234], [37.37045957769772, 0.38773220227782496], [37.36963905023777, 0.38330435274390123], [37.372078186068904, 0.3804950660474397], [37.3767067705524, 0.3797726932279037], [37.37934210851109, 0.3768876759948188], [37.37692523098648, 0.3677643383131118], [37.37812031179632, 0.36368428432143385], [37.381830224534, 0.36042467595496364], [37.383145691514585, 0.35639811497307494], [37.390307015587034, 0.3548552627561065], [37.39204603291016, 0.35244291459197347], [37.39140391032858, 0.34629825619214494], [37.39259899204788, 0.34232071233432637], [37.391649219932845, 0.3357881509253849], [37.39281748510512, 0.33364331794463686], [37.39110073582599, 0.324640408025306], [37.393664720007365, 0.3167076633948612], [37.39128353716625, 0.3127881124068157], [37.39365135470265, 0.30850734952616626], [37.39321877384715, 0.3027283467145179], [37.39510946201095, 0.29882668182362687], [37.39242059494261, 0.2970341017040522], [37.39403927349921, 0.28944918787250556], [37.38844309510397, 0.28601566039119997], [37.38582561827246, 0.27442201119769466], [37.39954626928029, 0.2839956659470039], [37.39951057708955, 0.29619578998682045], [37.427785710797885, 0.29780105605959073], [37.464180909127876, 0.2829567051037806], [37.53705153557446, 0.2639788015827022], [37.538589966706425, 0.26940548234678136], [37.54469895294525, 0.27383339542561214], [37.54766420352997, 0.2790683595733401], [37.54747245487699, 0.290911734388331], [37.550054268352824, 0.2957231351799585], [37.55008102113592, 0.3066657290501289], [37.54754824363529, 0.3106923140271515], [37.5526851809736, 0.3240294947793525], [37.555463164860306, 0.3278197333948321], [37.58082656492176, 0.32752097489476534], [37.59217052100006, 0.3401000953903641], [37.60324247194232, 0.3607323475408418], [37.59875663031227, 0.4014929797630354], [37.58562898090497, 0.4017204315559195], [37.584005915389604, 0.40657639814255747], [37.58144193170913, 0.4200160875682709], [37.58099156275442, 0.4423651306249396], [37.58236493112269, 0.4500570613794284], [37.58099156275442, 0.4577178097777816], [37.58159351707175, 0.46300185244906056], [37.58659215539235, 0.468629225763585], [37.58446073513539, 0.4748987055141104], [37.58645837969203, 0.48115930455110306], [37.82597903353312, 0.5617753628244647], [38.061294659434104, 0.6674382256584239], [38.062703781077616, 0.6654896017510178], [38.0945774026754, 0.563130974926522], [38.1765446145925, 0.3300582267043243], [38.195901610360245, 0.32250002509002273], [38.1965124583822, 0.22868055760912043], [38.19885349439229, 0.2251712034179188], [38.20353556383377, 0.22514895067816235], [38.21378259084057, 0.22150583414511155], [38.22213448376925, 0.21617720457118947], [38.228461914247, 0.2166275870162235], [38.23371032589393, 0.2134170286665404], [38.23798213218194, 0.20732587706669037], [38.24331070099716, 0.2074819469817675], [38.24562056599347, 0.20391022570898454], [38.25048547167968, 0.20061495903658702], [38.254315796413486, 0.19962950279203845], [38.25881058937154, 0.19411803772341768], [38.262418004570925, 0.1925484544083563], [38.26400987324773, 0.18504376797949668], [38.27191143960644, 0.17934501794235222], [38.27608957326802, 0.1787386278620213], [38.28357193867987, 0.17376224299393517], [38.28779471602946, 0.16713602388687976], [38.2978366494357, 0.16109394800073812], [38.300382789189726, 0.15514550366995233], [38.30073949517839, 0.1512660908689189], [38.30319198836306, 0.1465438979538069], [38.30692874491464, 0.13200275903731534], [38.30534577793831, 0.12332087346396611], [38.308471544720526, 0.1131363207613281], [38.31224395201856, 0.10955567519700522], [38.318517932232645, 0.10904287772224137], [38.32023020199823, 0.10724585652132355], [38.32168835063928, 0.10055716687166545], [38.3293133826162, 0.09744029703445178], [38.32986633823916, 0.09375257290735614], [38.32754313811073, 0.09030573118714791], [38.32653543084737, 0.08453563015888509], [38.32454666380014, 0.08199843415023651], [38.32542954024679, 0.07714691536686018], [38.3312798996689, 0.07264765807950378], [38.33678690030004, 0.07218392090180406], [38.34103195829868, 0.06922308061331771], [38.340073246695056, 0.06356892108305577], [38.34192820092141, 0.061977052787998345], [38.3486614514055, 0.06322561162841132], [38.34826907488198, 0.0545303332640188], [38.345272566632275, 0.04817612091842605], [38.349316960987366, 0.04481840050276665], [38.35764207915734, 0.03998030335844632], [38.35530104111016, 0.0333496392543311], [38.35541700603739, 0.02786489509040316], [38.35805682110072, 0.021809456757467337], [38.36356819989589, 0.0174216972264571], [38.366591526161, 0.016467475485982805], [38.37200482234059, 0.007116739653033857], [38.376325726739786, 0.006688634831814678], [38.3785017392524, 0.004249520816629002], [38.379513963313734, -0.0011370555088902538], [38.38608220029005, -0.0029697523070523254], [38.3950539270031, -0.007781104015274004], [38.396445224169796, -0.011642694530501372], [38.402304447815816, -0.0171541809740409], [38.40013282794204, -0.020101608139174824], [38.40477031198474, -0.02814585116415393], [38.404970991685886, -0.03327383513729108], [38.40713811716964, -0.03741187840898781], [38.40658074377732, -0.04086320735838677], [38.40970658365171, -0.043837424835393504], [38.41042894193597, -0.048956453165798004], [38.41342540833249, -0.05152490373021333], [38.41057604639511, -0.05565852111491535], [38.41243104420594, -0.057562543625145256], [38.41154819632923, -0.062342684829582815], [38.413536936132125, -0.06449196043130605], [38.41973506604108, -0.06627559754626987], [38.42070266620682, -0.06928549897183074], [38.42727092711197, -0.07368666548094022], [38.43415134520458, -0.07482368968103821], [38.43822252311468, -0.07023978740009647], [38.45401660884782, -0.08419229789655684], [38.4574411962494, -0.08481656857988647], [38.464000602440436, -0.08319346967828595], [38.47010504586924, -0.0782081652217051], [38.47592864514758, -0.07745459825448268], [38.48108782272575, -0.07548368263282537], [38.484748744059154, -0.07211705005567472], [38.48708530078762, -0.06750632806168647], [38.48806186270092, -0.06126358889147676], [38.49090235994216, -0.05872190822148374], [38.50077477855292, -0.061803138093295094], [38.506375419014404, -0.06153561430109249], [38.51248885758851, -0.05900284979178581], [38.519904336756696, -0.06267263764610083], [38.521955475703535, -0.06157127237031005], [38.527694349647575, -0.054730985619454726], [38.53204197915368, -0.05263075430861297], [38.53064182721115, -0.0452420209847818], [38.531203686936365, -0.04200028694950448], [38.541856474300616, -0.04061347262492139], [38.542788391032154, -0.03083916392898653], [38.54562885662315, -0.02743240506855705], [38.550190526092265, -0.017372679128103412], [38.554872623475006, -0.015473068406508866], [38.56168160213682, -0.01809951864082299], [38.56993992882373, -0.017430634126675042], [38.57814908199799, -0.02200120652295776], [38.58407967081529, -0.024110357930231145], [38.58931911744965, -0.024654372536348574], [38.59458088696307, -0.03021042302153181], [38.60410103200357, -0.032743180375464156], [38.60920670865722, -0.028038849061805374], [38.615596610546575, -0.030170302939744938], [38.62733747800636, -0.03967264335921452], [38.63840495610398, -0.051524902288053606], [38.649191499712124, -0.05198865667644499], [38.65390477829383, -0.04656192955126379], [38.65699491035639, -0.04505918851809789], [38.67064871806194, -0.04859081481906957], [38.67882670998423, -0.053197071341817094], [38.682732840022254, -0.05379462199366444], [38.68649184764369, -0.05015595216271098], [38.68643387569669, -0.043757142358184946], [38.68818188717675, -0.040484167046006304], [38.691258644647014, -0.039859900716038406], [38.698402111209695, -0.04910807434361397], [38.70734705067293, -0.054378765050626526], [38.71162339065312, -0.058583645340163214], [38.71722403709245, -0.060924705033341395], [38.7292457528239, -0.06281982611388176], [38.733116261778854, -0.06589659496342128], [38.74007689319962, -0.06935683332009639], [38.745458992766764, -0.06888863248227978], [38.7520941479194, -0.07168895341421265], [38.7594338171945, -0.07213043770602945], [38.76868645927657, -0.06874595274013333], [38.76140478229591, -0.06361352137107996], [38.76240362032665, -0.058895816907788744], [38.76669327371026, -0.05503868964413183], [38.76340691554115, -0.05046808763551828], [38.75940706015508, -0.04803789027282068], [38.75340066458977, -0.04718177419467175], [38.755117404815614, -0.038178847788018146], [38.75226365468308, -0.03431723499342481], [38.750832259214334, -0.02946127861663428], [38.75197824082508, -0.024315489840747107], [38.7496862573982, -0.018028146401171802], [38.74411237119477, -0.011027369544371604], [38.743827001438035, -0.0025952178779822884], [38.73911821965049, 0.006175876736862231], [38.740108132344986, 0.014616934331606858], [38.738311098086335, 0.02569782583308077], [38.73658544465975, 0.02728075288995212], [38.73267926489503, 0.04182189311917284], [38.73360671117682, 0.04450181221430633], [38.73107396133603, 0.05100321130124099], [38.73175172548867, 0.06108967467313914], [38.729366095415116, 0.06821978903704712], [38.73147525098527, 0.07698190471462678], [38.72917439419692, 0.08381770069815965], [38.72978529502785, 0.08869151117700322], [38.73230019628716, 0.09525531442171294], [38.73150649426114, 0.10696938848061285], [38.731412844294695, 0.12135888520430281], [38.73366919566683, 0.1284310196341694], [38.7331831414599, 0.13632361287741337], [38.73559100389829, 0.14704329061581833], [38.737615504985676, 0.1503341110156579], [38.75413195418301, 0.1689999186317715], [38.75713738412342, 0.17468972201755031], [38.756802948453334, 0.18404050099439356], [38.752343854713146, 0.20843619746436912], [38.74931168153252, 0.21755060235180823], [38.738293280896656, 0.25874382539743324], [38.732153090863775, 0.280611245930735], [38.71640801214312, 0.34194618156277856], [38.71303246949161, 0.35434690027366883], [38.702981615636105, 0.3936628453741244], [38.69517370468206, 0.42303937854978624], [38.68812839445012, 0.45444034684935025], [38.68029815355993, 0.4714696499317937], [38.6773864225002, 0.48200207482278334], [38.67664619354163, 0.4935868277677727], [38.67373437960972, 0.49909382090758153], [38.66828980542208, 0.5001907453206741], [38.66161899574281, 0.5056575981939048], [38.661699307388496, 0.5090643523971411], [38.66914154483344, 0.5079362078815519], [38.6740955542781, 0.5088637168485152], [38.68018667687616, 0.5076374220945398], [38.691816011565145, 0.5101434628099281], [38.697050998431926, 0.5094389374557651], [38.70338739518681, 0.506125807610193], [38.7067050039272, 0.5073654463000682], [38.70900585531481, 0.5120430305705314], [38.71855730874835, 0.5104867901009649], [38.72298962939123, 0.5124488252792655], [38.72119707733539, 0.515008307159058], [38.721036520443334, 0.5215810345691141], [38.724380881098284, 0.5244660871249582], [38.7359567099371, 0.5180806425764088], [38.74395634471643, 0.5229053889389239], [38.74820136175853, 0.5237882867141037], [38.75294143767762, 0.5224951580494759], [38.7549881636209, 0.5200159023136202], [38.755300243124815, 0.5153962765980804], [38.76301005591322, 0.5115882285552098], [38.76685379777183, 0.5113964494288517], [38.768187090498124, 0.5157173397826053], [38.77397499647982, 0.5164218958239393], [38.7857380804385, 0.5267803817283006], [38.79291723939464, 0.5401621142476738], [38.79900834287288, 0.5418744256082747], [38.8015768377503, 0.548233122032827], [38.80783736684526, 0.5519430904504562], [38.808599887752905, 0.5571959004797106], [38.8158726760046, 0.5694182717389993], [38.82127713809465, 0.5734537920030919], [38.8244743089903, 0.5789919691347043], [38.83336575933984, 0.5844365393147041], [38.83723181568647, 0.5845123555673324], [38.84126723406943, 0.5881286895283837], [38.85198245360659, 0.5939923871884908], [38.859808204107324, 0.5993255007472367], [38.871227990030015, 0.5997803289481561], [38.8746525510206, 0.5946389429548777], [38.88455174747503, 0.5961461504643961], [38.89191817575549, 0.5943758887828766], [38.894794307332944, 0.5980858745460201], [38.90231234094301, 0.5963333922800049], [38.906579732968225, 0.599535070060188], [38.910517105081176, 0.5989643094676459], [38.915332946235594, 0.6024825141175949], [38.92050998373557, 0.6035303894172649], [38.92631572801697, 0.6066517611901147], [38.92767130611819, 0.6116593401761311], [38.93081047178945, 0.614192112505447], [38.93524731093195, 0.6253264980742581], [38.939831274173144, 0.6284478863646843], [38.94550322693151, 0.6260131904124641], [38.9523390104025, 0.6286976000908575], [38.9543946361731, 0.6259373843378301], [38.964218031711624, 0.6231771813663577], [38.97280186995919, 0.6237256829463959], [38.9780546735165, 0.6213088481609922], [38.985991889844215, 0.6260890087401149], [39.009674156416715, 0.6244346731688927], [39.01273309261861, 0.6310564542520541], [39.01144439196326, 0.6348065719188962], [39.01280445650271, 0.6393592643615068], [39.015863402070785, 0.6412187170050264], [39.020139634240245, 0.6407549815428664], [39.02290430781364, 0.6443490279724964], [39.02377381687822, 0.6489418759751473], [39.02195452407761, 0.655104348940369], [39.02554405972157, 0.663219915853272], [39.0283711762194, 0.665016929584369], [39.03337430022951, 0.6648385919067379], [39.03824804016138, 0.6692620001964451], [39.04273390295803, 0.6753174887920094], [39.04605151612313, 0.676601678766421], [39.048446044810376, 0.6832903423791444], [39.05310579096002, 0.6857027057762191], [39.057239365962786, 0.685836486203631], [39.0599326325821, 0.6830763405476836], [39.065805319415276, 0.6829425282200655], [39.07147732160021, 0.6785414112519993], [39.07685943816235, 0.6790407999366946], [39.083878039463805, 0.6753308617158663], [39.08923789136296, 0.6784700674102856], [39.09728659558204, 0.6803874701002502], [39.09767003476951, 0.6863938861360789], [39.10047925617901, 0.6888686935246618], [39.11079320978941, 0.6908217555914568], [39.12142365869388, 0.6906523383456329], [39.12460303535725, 0.6882399623637496], [39.13128721279114, 0.6880259143008263], [39.134471018759484, 0.6907727475982862], [39.14012959464494, 0.6901796493959715], [39.142305658493534, 0.6924493346356111], [39.14422306084689, 0.7014076609414106], [39.14760755135756, 0.7063216001813628], [39.15219144973603, 0.7070618270196267], [39.15593264510846, 0.7111775525074622], [39.161689394950535, 0.7128185349384506], [39.16730339905926, 0.7190300722618513], [39.1732562411867, 0.7193956903303805], [39.17720703402125, 0.7254109911569725], [39.17474561413281, 0.7269137483211643], [39.17554821671663, 0.7378028353570958], [39.17718473581819, 0.7463108377976684], [39.18824328340629, 0.7673845572307808], [39.19527980137228, 0.7833079659150772], [39.20370301319274, 0.7962037078727936], [39.21314294858521, 0.8043683416612195], [39.22077690656617, 0.8141159123811598], [39.22850453287367, 0.8266995006995045], [39.23033274372437, 0.8335531619597744], [39.23509061667266, 0.8433720817850631], [39.25122812925768, 0.8625284024312972], [39.26592527267911, 0.875201124053443], [39.27744316948569, 0.8869865385609942], [39.28100598903753, 0.891628450756594], [39.293892756096525, 0.9041719162275883], [39.31029781171632, 0.9227529876249425], [39.31288855461081, 0.9249825204116501], [39.33549176750964, 0.9377311177176635], [39.351339374359036, 0.9492712654456206], [39.36026653890494, 0.9543903178468702], [39.394663998025685, 0.9684364747534634], [39.41830613076092, 0.9768151593412964], [39.43525076711573, 0.9836687815435748], [39.45475931078517, 0.9894923430095661], [39.4606899299559, 0.9946827714845452], [39.460761262687036, 1.0002878680253926], [39.397754172330586, 1.1462699038417343], [39.34237215588321, 1.289487322896194], [39.274259349212436, 1.4678023193805456], [39.328508820702815, 1.4867311542472696], [39.35820639092098, 1.497424080115869], [39.358670141787584, 1.49725467837489], [39.447165488770935, 1.5272064317905343], [39.438505908146595, 1.529489487485224], [39.42612738963445, 1.5402626874510539], [39.42259139281142, 1.5455690091758356], [39.41493064326133, 1.550924391607142], [39.40669463595169, 1.5499567756221606], [39.39888232698972, 1.5542419867789445], [39.394770991876285, 1.565242577586628], [39.38970103749927, 1.5642080702541115], [39.38668219866699, 1.5674052344360396], [39.38667326159295, 1.5733670440511824], [39.38427879150552, 1.5761718459483443], [39.37908838850326, 1.5785707948670922], [39.37008100182006, 1.5901867815657769], [39.366478063641615, 1.5982087303823787], [39.360605419909504, 1.6037022982850084], [39.357978984787394, 1.610060983548466], [39.35370274110682, 1.6133741134382613], [39.351419616024174, 1.6176682125670363], [39.34839639673223, 1.6179580439193921], [39.34531066806702, 1.6259710791809052], [39.341382200250024, 1.625163966787955], [39.338020049172144, 1.6278527873619941], [39.33687409530994, 1.631237242680082], [39.333516372608955, 1.6335247687621492], [39.328611336287416, 1.6338636868654222], [39.32370631211291, 1.6377564489372058], [39.32182460127367, 1.6426257890361646], [39.31902876939542, 1.644280114795189], [39.313445916978786, 1.6432456172677559], [39.30830903241912, 1.6545316054560413], [39.30244091512069, 1.6537735838311047], [39.29405774269113, 1.6592716198000086], [39.28687864311322, 1.6624776999696387], [39.28545172385644, 1.6675165334670605], [39.273305082883155, 1.6741472101845294], [39.2658940514928, 1.6735675222660455], [39.26264783527638, 1.6754581475771197], [39.259107355061666, 1.6799841445360033], [39.24981902807689, 1.6855268463782225], [39.24257740914451, 1.688853284775025], [39.23636146799233, 1.6887819394983257], [39.23186223791375, 1.6938252348065792], [39.22205216964997, 1.6955375085610034], [39.2177179781421, 1.6978785525961868], [39.21384743701544, 1.6973612820034614], [39.20882654620868, 1.703773490620436], [39.20717220665604, 1.7078981256590138], [39.19832529966245, 1.721877392866507], [39.19837884504962, 1.7258326249681302], [39.19444587518446, 1.7287533214624833], [39.190847379775235, 1.7370026979164197], [39.186281274341056, 1.7421529435939052], [39.18034624106568, 1.7533809609200666], [39.179713032191934, 1.7619825757583285], [39.177314081157206, 1.7706867302371005], [39.17303332424388, 1.7805413219312085], [39.17012152359502, 1.7911450760682868], [39.165733769397704, 1.7946945342442377], [39.162130783715114, 1.805414236871954], [39.1540330608881, 1.8130838925190467], [39.149810270963805, 1.8235716844219372], [39.1439911495484, 1.8304431495803717], [39.14575702038798, 1.8365833543356422], [39.14307262639035, 1.84592068259751], [39.13930915465517, 1.8484400836236385], [39.1310909890662, 1.8662006892928793], [39.12612801860583, 1.8691213642872189], [39.122712361073646, 1.873937209666065], [39.11210413118266, 1.8778790744258334], [39.105830162631314, 1.8834975290668468], [39.102013239857705, 1.8899721511961782], [39.0968228265306, 1.8891071020724959], [39.09391992252757, 1.8909442349100687], [39.089460864391626, 1.8966161922185223], [39.08382010596954, 1.8991400455143126], [39.076462521108155, 1.9080181201976159], [39.07007709399074, 1.912940975845651], [39.06728568786203, 1.9166688122854325], [39.06334387141503, 1.9281866467913285], [39.05564300502555, 1.9319144619741393], [39.05416705710515, 1.9336267328493657], [39.048856256073606, 1.9449216704896652], [39.04378182327984, 1.9501388193241356], [39.03847548605717, 1.9582722235028367], [39.0350553618212, 1.9671012099260048], [39.02929867352432, 1.9708825483276267], [39.026672201028084, 1.9743204799824103], [39.01971603320447, 1.9774151441230248], [39.01538177701977, 1.9842955292886688], [39.00380147676676, 2.0005445023360573], [38.99559677276087, 2.0077592759973752], [38.99361242077827, 2.0110411730621345], [38.992796459042815, 2.0173820281976216], [38.989608195579905, 2.0271742027596145], [38.990303783934586, 2.0331449334921685], [38.99274735616637, 2.038629679420125], [38.99179760203565, 2.0440920811455894], [38.984721036645695, 2.0522789521477067], [38.984270616724494, 2.0547047084186056], [38.985305169020116, 2.0696382616599838], [38.98129198703157, 2.0737629277548106], [38.980252991988, 2.0770849277146968], [38.97022450653798, 2.088932749929191], [38.96679093926354, 2.091585953265938], [38.96255485431257, 2.097387218550616], [38.81770762311764, 2.013361046418937], [38.672860386231385, 1.9293348339393523], [38.52801320586113, 1.8453086772098788], [38.383165955798944, 1.7612824904464657], [38.33966297468774, 1.5774159303074093], [38.14247929668922, 1.4201478566980552], [37.94529562715245, 1.2628798709921294]]]}, "id": "00000000000000000778", "properties": {"shapeGroup": "KEN", "shapeID": "32016919B62684442090944", "shapeName": "Isiolo", "shapeType": "ADM1"}}, {"type": "Feature", "geometry": {"type": "Polygon", "coordinates": [[[35.79194220710977, 1.6636192656134454], [35.78907501464318, 1.6593876000052674], [35.77735206853394, 1.6471072015776], [35.7760678615846, 1.6367709835709903], [35.77973764731593, 1.6301002056293585], [35.785935787310336, 1.6269609704350316], [35.7909344804275, 1.6257392156471777], [35.79304807752019, 1.6224037890464238], [35.78988211505933, 1.6200137012599911], [35.789266757933504, 1.6097889655419082], [35.78685440547005, 1.6017046436060185], [35.78735380024612, 1.5968130021327223], [35.78526694534741, 1.5916181254158643], [35.7845445597307, 1.5798951654391915], [35.7833272468462, 1.574281194037376], [35.78398719593996, 1.5692245461817054], [35.78274314652819, 1.5598024815311156], [35.77534988909772, 1.5508575202113069], [35.774984238591294, 1.5431076222128624], [35.772041236243346, 1.5367712142583112], [35.76804147314892, 1.5328249177228002], [35.766761696377834, 1.5276032945421574], [35.76712288749445, 1.5229078821372002], [35.761954791955134, 1.5188500725748102], [35.7614018506582, 1.5135705246874558], [35.75890028258859, 1.507345611759076], [35.75528842436621, 1.5061238317383805], [35.74736906612372, 1.501040449415361], [35.74214745513654, 1.4995956779579207], [35.737532266314844, 1.4967062011416032], [35.734089820376774, 1.4906462510090073], [35.728279673825604, 1.4868961536156429], [35.72891733253828, 1.4810591749433248], [35.72575581848284, 1.479993500261697], [35.723579772837496, 1.4747495599137757], [35.719624492403995, 1.4732825293024452], [35.71915633875892, 1.4676596206838408], [35.72137691929602, 1.4648994239952584], [35.72258093011106, 1.4585452297288553], [35.71973598889812, 1.4558786861268844], [35.72002581239005, 1.4515444033563094], [35.71308750923083, 1.4486058818270342], [35.710416494807795, 1.4410521220450172], [35.70624278312721, 1.4391392086769346], [35.70741993540207, 1.430403809168676], [35.70453044734716, 1.4277818682173433], [35.70693395797069, 1.422533488510315], [35.7062873725444, 1.4153097564788648], [35.71006421426054, 1.4135751741185485], [35.706594997172935, 1.409441577351137], [35.70575229789673, 1.4057093163509442], [35.71046549893405, 1.4035733987582415], [35.71006421426054, 1.4006393268237032], [35.704864916205764, 1.4019725573230424], [35.701328876979936, 1.398704041627454], [35.70141806127028, 1.394392091740185], [35.6982609601894, 1.3881271063863978], [35.701681112672595, 1.385192978535096], [35.69566130309428, 1.3778354411132907], [35.69081426911285, 1.368230578674762], [35.689949229356024, 1.3606501205405617], [35.68763940985676, 1.3596289716426055], [35.68718899229057, 1.3552278027036044], [35.68950332634426, 1.3527396491247008], [35.686970493424546, 1.3468269039412484], [35.68779546732297, 1.3408026387492982], [35.69428342057405, 1.339201838078407], [35.694105119341565, 1.3348898926080106], [35.69717294545752, 1.331063981728238], [35.69621870109645, 1.328152178784897], [35.69595113053476, 1.3190065771914397], [35.69710609537602, 1.3133925313327408], [35.69654870355671, 1.307016001430403], [35.69365915612747, 1.304746341112004], [35.695527516993195, 1.301500098652508], [35.69365915612747, 1.2981692014524564], [35.69601806493678, 1.295413451439097], [35.69390439452402, 1.288140652165885], [35.69435035637128, 1.2833426306974764], [35.69643717471384, 1.2784510142402177], [35.706064425209775, 1.2718515524424638], [35.70477123506174, 1.2642933767729823], [35.69972804372875, 1.2593348701872777], [35.70221621456586, 1.2475539095475576], [35.70166327588116, 1.2410391530057838], [35.69832789265875, 1.2389522957356627], [35.69885851595683, 1.2345511574309016], [35.702193877050654, 1.2319738054185239], [35.70313029700938, 1.2265916966427906], [35.699148331813745, 1.2214146503518286], [35.69674933838557, 1.2155465115736368], [35.696949972711266, 1.2008983696507844], [35.70202001095407, 1.1996096600134056], [35.703464771725116, 1.1910927643968352], [35.70190848974012, 1.1888721163496547], [35.70359404378585, 1.1786474553633732], [35.70333099867627, 1.1748170544039493], [35.704485856950065, 1.162237944342502], [35.702880586092625, 1.152878302569237], [35.708664077501936, 1.149426909692317], [35.70461521070634, 1.146475011916455], [35.70490950639146, 1.135148921387776], [35.70099889424085, 1.126743479051421], [35.70087845311917, 1.1210180049862284], [35.69699014952864, 1.1149090369359997], [35.697485106258156, 1.104345401005611], [35.691969224743765, 1.1046754281283289], [35.69091238472116, 1.1004169712749952], [35.68391603192541, 1.0939780064713942], [35.68338989481627, 1.0899603897000678], [35.6785071842324, 1.0888901861575726], [35.67628649709265, 1.0859560741408512], [35.6769197347847, 1.0825449031234664], [35.6755597058073, 1.076262020364657], [35.67151525077964, 1.0742821578761803], [35.673936595399645, 1.0696491591411728], [35.6745385850135, 1.0600353409477816], [35.67083752799772, 1.0559954101166729], [35.671332479648854, 1.0538282697606878], [35.66801042498521, 1.0498908831619682], [35.67082410355894, 1.0469300695514208], [35.66426929026859, 1.037793357618013], [35.65549818222692, 1.0331291425808633], [35.65463309477582, 1.0284336624435946], [35.651440455236994, 1.0302084232168893], [35.64770371890489, 1.0295440336834651], [35.642522226002384, 1.0244427839203305], [35.64291459053305, 1.0155067374752949], [35.640729619535975, 1.0078638430690496], [35.63336767745453, 0.9937953713881889], [35.636810118943195, 0.9890375062853418], [35.639525712240214, 0.9804805228098924], [35.63563293015736, 0.9784739063747704], [35.63522267848278, 0.9721063111219099], [35.637907044501965, 0.9691945066502831], [35.63639536873935, 0.9599329636150613], [35.63055844185075, 0.9543278927266675], [35.631615243173634, 0.9471041495116892], [35.631570695624426, 0.9380699884965519], [35.6334167287141, 0.9369106319933319], [35.63553483031345, 0.9305608592241474], [35.634477997105236, 0.9279255507642074], [35.63639536873935, 0.9181110442675913], [35.634611801683405, 0.9133977867053542], [35.63004121479462, 0.9090591045766228], [35.6258452124535, 0.9077748835076297], [35.62704915782474, 0.9040069324052082], [35.62757975237672, 0.8937643491999497], [35.622318035154834, 0.8862730629683866], [35.62603693055173, 0.8808954016715692], [35.6258452124535, 0.8766682053887839], [35.62301811001492, 0.8691992044840287], [35.62362006439882, 0.8618773736322035], [35.62551516926076, 0.8549033391536456], [35.63165094793308, 0.8505512294020451], [35.63547234999331, 0.8495345841432105], [35.63541437421888, 0.8449282863220835], [35.63886573683511, 0.8437956971969359], [35.64295921520415, 0.8401213755133223], [35.639307166889985, 0.836540762286936], [35.6383574052677, 0.8254241996489075], [35.64259804659361, 0.8223251394253249], [35.64194251724613, 0.8164881502667195], [35.63412129503405, 0.8098128550839134], [35.63299753968874, 0.8048454519398283], [35.63601189807228, 0.7973363339316782], [35.63410786445273, 0.7946340900894338], [35.63739428580241, 0.7885920400971338], [35.63378686454947, 0.7862777767022879], [35.63502647767364, 0.7813281404413959], [35.63376008669295, 0.7753217245365012], [35.630937433692424, 0.773778880205126], [35.62916275541131, 0.7688961915570717], [35.62799004305908, 0.7598263642945022], [35.6258452124535, 0.7554386050333214], [35.62568461273744, 0.7462171946059695], [35.620115233349225, 0.7395998849064208], [35.622621226469064, 0.73403490541506], [35.62273719642745, 0.7295802820241584], [35.626451650774904, 0.7287241289981939], [35.62627770380833, 0.7253708933350683], [35.63075014871112, 0.7221737012073814], [35.63149035981317, 0.7161003994601258], [35.63372888755916, 0.7124573124500087], [35.63318481943393, 0.7044130867693426], [35.633920586858316, 0.6991870353776488], [35.63085718067145, 0.6955707144338419], [35.63153056944006, 0.6921951895730001], [35.627552972452555, 0.6909198833571751], [35.62381178780138, 0.6866257845600684], [35.62482846483917, 0.6793841707132061], [35.60590854180665, 0.6745460680506699], [35.60422302105968, 0.6704659538844935], [35.60602002960728, 0.6608610562590281], [35.60799540761875, 0.6559025779557686], [35.607669880807016, 0.6502662303460063], [35.60912802372024, 0.6459186086260796], [35.605480447245945, 0.6398542632440178], [35.60216735234167, 0.6373214548437187], [35.60023214012083, 0.6294823800731704], [35.59682535600921, 0.6259195355952302], [35.59749869572106, 0.6179333219257593], [35.59600487211544, 0.6129837253306488], [35.59831023452101, 0.6076907224227444], [35.59790888937945, 0.6043419427450671], [35.601239851625124, 0.6006096767667174], [35.604066884542654, 0.5998560857666386], [35.61267747412288, 0.592520866499226], [35.6112505199131, 0.5889402471190033], [35.613257143577634, 0.5836606327957018], [35.61208887213564, 0.5740557348830009], [35.60865530258828, 0.5669256645185458], [35.605721282009775, 0.5637106548708802], [35.60197115436723, 0.5567410604027709], [35.60227433887078, 0.5516799677719959], [35.60486508862231, 0.5427127391945104], [35.60222977507639, 0.5349762034635701], [35.61190604917941, 0.524189627796209], [35.61327049419964, 0.5203369496703586], [35.612860295327145, 0.5110754071497461], [35.62428892512956, 0.5032229314357577], [35.63092408600218, 0.5018628930800773], [35.629809295776006, 0.49225801958707055], [35.63153499082934, 0.48760271496380364], [35.63144130737804, 0.4828448320276648], [35.63411236912001, 0.47765887732157636], [35.638308357023774, 0.4742432056768247], [35.63947216034297, 0.46816991543869546], [35.646031501632976, 0.46031743723992846], [35.64457336047019, 0.4560634854830737], [35.64511293083576, 0.4506857889672822], [35.650958808588136, 0.44689558162523], [35.65363430873219, 0.43489614268516635], [35.65176588827168, 0.4303077304892074], [35.65253734778014, 0.42666018701091324], [35.659475729790685, 0.4161233306413908], [35.657745547936294, 0.41422372131122226], [35.66017581446116, 0.4103844253897307], [35.65664864318425, 0.40541699652499946], [35.65416939805829, 0.39971829023030586], [35.65853487975678, 0.3945680251917801], [35.65959164655486, 0.38620272768056707], [35.66208431681301, 0.38768764823185975], [35.66797031701093, 0.37852863810417403], [35.67071262226315, 0.37849293785455157], [35.68201646975866, 0.3710507309272552], [35.68908859846803, 0.3687542970114976], [35.69497911667447, 0.3638537548563202], [35.705212718994595, 0.36452705920765827], [35.70758053816708, 0.35882833215701887], [35.71045658151876, 0.3565809417947746], [35.71366720340888, 0.3570268628048849], [35.71870151544824, 0.35530563715311114], [35.71940158227979, 0.35157333558891846], [35.71775619466027, 0.3444254365674597], [35.72079278127156, 0.3402115544244695], [35.71498708369204, 0.3242212365147492], [35.716092939573954, 0.3225847712235175], [35.711816684204365, 0.31806321385549186], [35.710630512607686, 0.3104025091102199], [35.71134840146256, 0.30558663612687686], [35.7141175552124, 0.3023404224868404], [35.71224471173124, 0.29690477388898984], [35.71331043697497, 0.2901269389083618], [35.71243647331996, 0.2780383163239142], [35.70842771866271, 0.26851369922970364], [35.709676262156954, 0.2656687807309232], [35.70784806981995, 0.2625072887976536], [35.708276118602065, 0.2565409740752484], [35.71493799900307, 0.24669973747577872], [35.71499600060175, 0.24427847555080007], [35.719450664225974, 0.2345532027586917], [35.719365916602186, 0.22342773972146104], [35.72047179519137, 0.22127396967914384], [35.720650120950765, 0.21196783425734203], [35.716735028975, 0.21085307626929495], [35.71513867102161, 0.20644745720645186], [35.712057449970345, 0.2064697443745256], [35.70471330938841, 0.20286677525842317], [35.691327103147216, 0.1895741990913167], [35.69371267184439, 0.17793151464075976], [35.69467586527184, 0.17001217311026093], [35.587438908835544, 0.16949491612864037], [35.58962833179807, 0.1490721905853802], [35.573874363363224, 0.11393451485143631], [35.57274175283336, 0.06727448169899251], [35.540716457442485, 0.08990888007856496], [35.53943221524566, 0.08766592946945027], [35.5397577667662, 0.07911782303784709], [35.54464046486666, 0.07272345275227], [35.54431493298841, 0.07085514204199887], [35.538870389416125, 0.06417540618948915], [35.53794291309169, 0.05884675270546173], [35.53845129337102, 0.05262186945640647], [35.541233756501754, 0.047605356280199025], [35.53597200105877, 0.04827421384068762], [35.53256968875211, 0.046610981927755646], [35.526447338192284, 0.046838381464405276], [35.522799785357165, 0.015415089975774744], [35.54344990374198, -0.008507955058900495], [35.568189027507046, -0.007910466436499803], [35.572228913046764, -0.010866807033370535], [35.582475991178605, -0.007767776456971189], [35.61016249309799, -0.03249347275166945], [35.632159238501245, -0.03609640665033063], [35.6383841815923, -0.050276337108344664], [35.63456717237567, -0.054218223077062914], [35.64014998125612, -0.06096929406359966], [35.64103290823988, -0.06576279906105181], [35.64932677643056, -0.0811021378267505], [35.65923488924443, -0.07609010423148502], [35.66829584976116, -0.07384271490850829], [35.67602786453781, -0.0750868152805586], [35.684237081408696, -0.07503772948685909], [35.6887273874936, -0.07596525346004174], [35.690016085416964, -0.08606512967708953], [35.68782222714639, -0.09604009953423076], [35.692285740529705, -0.1096493071302457], [35.69707483752573, -0.11331910734833393], [35.70568095433979, -0.12275457881732545], [35.70489167032016, -0.1249172682339238], [35.712882331819074, -0.1328366268535782], [35.72890841718306, -0.16023779158578758], [35.72221078767112, -0.1720856522968171], [35.72185855913198, -0.19251277885829546], [35.722674590375384, -0.20243875089855315], [35.724716840120806, -0.21237362345177815], [35.73316684403265, -0.22000310294723727], [35.73810753412279, -0.220377717283344], [35.744006934671496, -0.21916924962351128], [35.74668232314724, -0.22020825306605996], [35.75461957460749, -0.22627711123845065], [35.763212242291225, -0.22489028207560444], [35.78008104352777, -0.19481815382215772], [35.77189858434334, -0.19228980028842457], [35.789739411910034, -0.1620794267290898], [35.78924003212704, -0.11163359632107529], [35.79615605456301, -0.10968052795491076], [35.799852717155346, -0.10323264447654934], [35.805796652955955, -0.1000889577432699], [35.81251655012629, -0.10948429738144132], [35.81664116566466, -0.11750174402240501], [35.82046712157177, -0.11949944038022271], [35.85038767971748, -0.07575567529711266], [35.87547011994311, -0.036025053164861875], [35.87787802845264, -0.038669302582347916], [35.89301665327456, -0.051533843919701554], [35.899143490594234, -0.04803345463927038], [35.916373456538864, -0.0818646637464066], [35.92675424167191, -0.07722269628579913], [35.925826775140415, -0.07234001698261047], [35.935766113539266, -0.06470598969922838], [35.9357259744165, -0.061071859486450504], [35.945214940785455, -0.0538302562822442], [35.947698657107026, -0.05085160252576493], [35.95279987151543, -0.03849539346776319], [35.95857885325991, -0.03199404306542419], [35.95896234784004, -0.02645584463399304], [35.9645540441966, -0.020574272776000074], [35.97075214675997, -0.00917239206617191], [35.97219251055729, -0.0017881144795635553], [35.971215906919404, 0.0002898342369298718], [35.97538962490576, 0.009096576886931964], [35.97653121813796, 0.013390652565173331], [35.97399841026794, 0.021024685074387088], [35.968210512954016, 0.024748032409785323], [35.928136569556486, 0.06976707014390067], [35.9388919159353, 0.09546041855791376], [35.95873047341647, 0.08845964641799364], [35.9610804237666, 0.08074095681542715], [35.96189191540892, 0.07218839116690184], [35.96398324553574, 0.06881285495988358], [35.961820636073874, 0.06374287642474208], [35.96366665028023, 0.05721473288063733], [35.99608431668762, 0.0599303460903115], [36.00527006283339, 0.0312582754210916], [36.03386629862181, 0.0212610187814048], [36.03945355768014, 0.0211450604327199], [36.048750797965724, 0.008316210630859624], [36.050356021960276, 0.004583974582069935], [36.09264172303323, -0.013667140281381752], [36.1112316784695, 0.006122324719279099], [36.10426656407173, 0.061437467334109604], [36.126423868568665, 0.05936845532941964], [36.12860886027865, 0.07913566288444358], [36.130610920817055, 0.09021204499135367], [36.13379474627149, 0.11191004469242567], [36.13923035670031, 0.1296439106450919], [36.14705162488109, 0.18568591441114535], [36.1966680993306, 0.19925937947372216], [36.19648969243095, 0.2059613897380543], [36.19461241933051, 0.21642692168782818], [36.19019350341609, 0.21922278869954595], [36.18362077906771, 0.21986935877165786], [36.17804686984771, 0.22481002064015174], [36.17753852667379, 0.2283684158862334], [36.20184958783118, 0.2346646413356342], [36.214990542381095, 0.2522246029382122], [36.210393177350014, 0.26478587374611384], [36.19747067679792, 0.28561881400637257], [36.19327473601696, 0.3006459579352075], [36.183839227224695, 0.314393385265945], [36.229388924892156, 0.4265799071856159], [36.29404592247171, 0.5653293186454759], [36.28815100407819, 0.5799640553968084], [36.27567885375837, 0.631667318363725], [36.288592435512115, 0.6446477905802653], [36.34458534753241, 0.6592825469971907], [36.404453275697044, 0.7171884652454575], [36.46859745006269, 0.8275021633996031], [36.47331067423712, 0.8385027581698825], [36.488716930805346, 0.8467966497034947], [36.48719189254975, 0.8499804420594322], [36.48310285920334, 0.8534719462762591], [36.47822462599603, 0.8545198582103897], [36.47612889507523, 0.857494046479836], [36.47035435913059, 0.860874062506844], [36.46960069569458, 0.8634424975198923], [36.463866351953236, 0.8655605723844472], [36.46123545183422, 0.8692393295724308], [36.45412764379367, 0.8726416308441973], [36.447603985778535, 0.8729626490818159], [36.44546365185165, 0.8715535972130563], [36.44043371999484, 0.8761108019866155], [36.437031422737135, 0.8774574251299703], [36.42962490423596, 0.8838562813205635], [36.42267318339745, 0.8928012169059872], [36.4234668698441, 0.8974253055831847], [36.41687186056671, 0.9024953264501405], [36.40970612329182, 0.8997351422885865], [36.40238425038039, 0.9004842289272995], [36.39487513513728, 0.9056612648193323], [36.391455016526095, 0.9127244666319471], [36.39206141124391, 0.9187754491968949], [36.38589892710061, 0.927256676889835], [36.38749532194582, 0.9341460147872621], [36.38687104483144, 0.9402861729406926], [36.38907829918613, 0.9406741445601149], [36.38742839994863, 0.948611335315874], [36.3830585140081, 0.951260007639278], [36.38216665960604, 0.954265448973924], [36.376909430773196, 0.9540737490948445], [36.372807011544225, 0.9564147311953928], [36.366822880860674, 0.9558885526155665], [36.364044897151516, 0.9585372885792901], [36.36277851487693, 0.9631613714989945], [36.35827034390371, 0.9646819197772016], [36.35435083027474, 0.9637989975339244], [36.34993184770641, 0.9662871970642282], [36.3460791946448, 0.9744830126219742], [36.34464784318882, 0.9833566390768288], [36.340367103112484, 0.9931265513308715], [36.316881013704155, 0.9912626334736286], [36.173957909804955, 1.170861855494345], [36.09659249817058, 1.1694081436987414], [35.94426733382703, 1.4165136936577942], [35.8681048057329, 1.5400665114054273], [35.79194220710977, 1.6636192656134454]]]}, "id": "00000000000000000779", "properties": {"shapeGroup": "KEN", "shapeID": "32016919B50719068904883", "shapeName": "Baringo", "shapeType": "ADM1"}}, {"type": "Feature", "geometry": {"type": "Polygon", "coordinates": [[[35.15214152707434, 1.199373347038739], [35.16018121852588, 1.1804623108828909], [35.18166964328211, 1.1509653072116734], [35.20242233497719, 1.1173882874876184], [35.218800610844916, 1.1160996387654794], [35.24251411154224, 1.0745363390786105], [35.275136869866905, 1.0604768125759216], [35.316428170449754, 1.0333297799828027], [35.359409412074875, 1.018396265610295], [35.35889221294634, 1.0086085014857218], [35.3415997817218, 1.0058617477319993], [35.343972054945205, 1.0012688624349617], [35.34390064328797, 0.9979289916062409], [35.351258229125364, 0.9787548218998648], [35.33859884502643, 0.9728822120542132], [35.336017017423686, 0.9672102208496657], [35.34271451420874, 0.9656093864109871], [35.33970022262332, 0.9625594048689889], [35.3434503214542, 0.9463817608278473], [35.359627958905996, 0.944352851319273], [35.377977118993996, 0.9353410542405354], [35.38246301781269, 0.9393631315444629], [35.38495560761225, 0.9435814435873751], [35.41828297630552, 0.9374769741838639], [35.41277151676795, 0.915734342528667], [35.41382380089144, 0.9072442157435495], [35.46779237749114, 0.899703882102518], [35.46341348598192, 0.8938044899435179], [35.463087962504446, 0.8897155201958215], [35.458067011803585, 0.8828841857385534], [35.45509726551732, 0.8748667028321114], [35.48697988109816, 0.8758254116131259], [35.488103579495885, 0.8656764815649531], [35.48990952063719, 0.8642674532777518], [35.49148803575367, 0.8577927955813648], [35.48918706542832, 0.8481567171425667], [35.488571740789965, 0.8395461501101736], [35.48594091007441, 0.8347258825272256], [35.4804829183012, 0.8195961760830058], [35.492642925471344, 0.8207109363196462], [35.49728931038823, 0.818191524546064], [35.50088779262242, 0.770550515282048], [35.50403141446895, 0.7660869258905831], [35.50327340691336, 0.7610436671091297], [35.499148775912914, 0.7606022491785523], [35.49202311441328, 0.726570385859726], [35.49620576540777, 0.7174425916689969], [35.50337150044161, 0.709425170098709], [35.50245740453538, 0.7026874148951724], [35.408522008032335, 0.7038022143389944], [35.41133568751688, 0.6994902868290186], [35.411701318204514, 0.6953254846332226], [35.479845295716814, 0.588975909291624], [35.4709672044319, 0.5414909307391514], [35.46343580611103, 0.5057824782050511], [35.46063997422208, 0.4499010161718508], [35.46229872568019, 0.4355471306753603], [35.46192412600963, 0.4297770889419495], [35.46346698740475, 0.4269633980322407], [35.477419542814005, 0.4121323886538036], [35.479555442821834, 0.4044627621027166], [35.47954649982392, 0.3953438973155558], [35.48153081829964, 0.38763413133310504], [35.47896236112894, 0.3814493504072227], [35.47033845125003, 0.3771864659846442], [35.46813568707018, 0.3711443503196053], [35.47267506145439, 0.36312246121463393], [35.47940382962143, 0.3601437842531769], [35.482859604272235, 0.34983431046510516], [35.4878181853093, 0.34979866925927855], [35.49579547352899, 0.34283799786453756], [35.49636628840754, 0.3363767218221918], [35.495131063688824, 0.3257774690299908], [35.49678092261054, 0.32188911982115403], [35.49436411522273, 0.31311807515076023], [35.499888940470996, 0.3061351381747935], [35.49769951115805, 0.2949829146027926], [35.499697173489366, 0.288414676823783], [35.49936277089781, 0.2774497345716474], [35.49465399886224, 0.27415889949921834], [35.49112234510912, 0.263653265483918], [35.494636116188566, 0.25819981156923727], [35.48525418906814, 0.2509002254830799], [35.49045798060809, 0.24378794844818252], [35.49690584725261, 0.23152988313862374], [35.50508828509943, 0.2248992461733581], [35.509395753221426, 0.22790467862717345], [35.52732131979004, 0.23105277442775585], [35.52893109854847, 0.22823911561440988], [35.53387625706401, 0.22889901007088204], [35.53948575010336, 0.22610766091058807], [35.536805873587255, 0.22152816126949149], [35.53047836715717, 0.21672124302472567], [35.5298184177771, 0.21198123284510106], [35.52481980112482, 0.21048293991934797], [35.519054160973226, 0.2017564940059913], [35.51874205956435, 0.19651260381560062], [35.51173232635788, 0.18877160079379862], [35.555226384901836, 0.18942259200052702], [35.566548053276016, 0.19700753478020125], [35.56714558715706, 0.18695674693214198], [35.575274514157634, 0.18438382638202527], [35.5772855396743, 0.18015214155429896], [35.587438908835544, 0.16949491612864037], [35.69467586527184, 0.17001217311026093], [35.69371267184439, 0.17793151464075976], [35.691327103147216, 0.1895741990913167], [35.70471330938841, 0.20286677525842317], [35.712057449970345, 0.2064697443745256], [35.71513867102161, 0.20644745720645186], [35.716735028975, 0.21085307626929495], [35.720650120950765, 0.21196783425734203], [35.72047179519137, 0.22127396967914384], [35.719365916602186, 0.22342773972146104], [35.719450664225974, 0.2345532027586917], [35.71499600060175, 0.24427847555080007], [35.71493799900307, 0.24669973747577872], [35.708276118602065, 0.2565409740752484], [35.70784806981995, 0.2625072887976536], [35.709676262156954, 0.2656687807309232], [35.70842771866271, 0.26851369922970364], [35.71243647331996, 0.2780383163239142], [35.71331043697497, 0.2901269389083618], [35.71224471173124, 0.29690477388898984], [35.7141175552124, 0.3023404224868404], [35.71134840146256, 0.30558663612687686], [35.710630512607686, 0.3104025091102199], [35.711816684204365, 0.31806321385549186], [35.716092939573954, 0.3225847712235175], [35.71498708369204, 0.3242212365147492], [35.72079278127156, 0.3402115544244695], [35.71775619466027, 0.3444254365674597], [35.71940158227979, 0.35157333558891846], [35.71870151544824, 0.35530563715311114], [35.71366720340888, 0.3570268628048849], [35.71045658151876, 0.3565809417947746], [35.70758053816708, 0.35882833215701887], [35.705212718994595, 0.36452705920765827], [35.69497911667447, 0.3638537548563202], [35.68908859846803, 0.3687542970114976], [35.68201646975866, 0.3710507309272552], [35.67071262226315, 0.37849293785455157], [35.66797031701093, 0.37852863810417403], [35.66208431681301, 0.38768764823185975], [35.65959164655486, 0.38620272768056707], [35.65853487975678, 0.3945680251917801], [35.65416939805829, 0.39971829023030586], [35.65664864318425, 0.40541699652499946], [35.66017581446116, 0.4103844253897307], [35.657745547936294, 0.41422372131122226], [35.659475729790685, 0.4161233306413908], [35.65253734778014, 0.42666018701091324], [35.65176588827168, 0.4303077304892074], [35.65363430873219, 0.43489614268516635], [35.650958808588136, 0.44689558162523], [35.64511293083576, 0.4506857889672822], [35.64457336047019, 0.4560634854830737], [35.646031501632976, 0.46031743723992846], [35.63947216034297, 0.46816991543869546], [35.638308357023774, 0.4742432056768247], [35.63411236912001, 0.47765887732157636], [35.63144130737804, 0.4828448320276648], [35.63153499082934, 0.48760271496380364], [35.629809295776006, 0.49225801958707055], [35.63092408600218, 0.5018628930800773], [35.62428892512956, 0.5032229314357577], [35.612860295327145, 0.5110754071497461], [35.61327049419964, 0.5203369496703586], [35.61190604917941, 0.524189627796209], [35.60222977507639, 0.5349762034635701], [35.60486508862231, 0.5427127391945104], [35.60227433887078, 0.5516799677719959], [35.60197115436723, 0.5567410604027709], [35.605721282009775, 0.5637106548708802], [35.60865530258828, 0.5669256645185458], [35.61208887213564, 0.5740557348830009], [35.613257143577634, 0.5836606327957018], [35.6112505199131, 0.5889402471190033], [35.61267747412288, 0.592520866499226], [35.604066884542654, 0.5998560857666386], [35.601239851625124, 0.6006096767667174], [35.59790888937945, 0.6043419427450671], [35.59831023452101, 0.6076907224227444], [35.59600487211544, 0.6129837253306488], [35.59749869572106, 0.6179333219257593], [35.59682535600921, 0.6259195355952302], [35.60023214012083, 0.6294823800731704], [35.60216735234167, 0.6373214548437187], [35.605480447245945, 0.6398542632440178], [35.60912802372024, 0.6459186086260796], [35.607669880807016, 0.6502662303460063], [35.60799540761875, 0.6559025779557686], [35.60602002960728, 0.6608610562590281], [35.60422302105968, 0.6704659538844935], [35.60590854180665, 0.6745460680506699], [35.62482846483917, 0.6793841707132061], [35.62381178780138, 0.6866257845600684], [35.627552972452555, 0.6909198833571751], [35.63153056944006, 0.6921951895730001], [35.63085718067145, 0.6955707144338419], [35.633920586858316, 0.6991870353776488], [35.63318481943393, 0.7044130867693426], [35.63372888755916, 0.7124573124500087], [35.63149035981317, 0.7161003994601258], [35.63075014871112, 0.7221737012073814], [35.62627770380833, 0.7253708933350683], [35.626451650774904, 0.7287241289981939], [35.62273719642745, 0.7295802820241584], [35.622621226469064, 0.73403490541506], [35.620115233349225, 0.7395998849064208], [35.62568461273744, 0.7462171946059695], [35.6258452124535, 0.7554386050333214], [35.62799004305908, 0.7598263642945022], [35.62916275541131, 0.7688961915570717], [35.630937433692424, 0.773778880205126], [35.63376008669295, 0.7753217245365012], [35.63502647767364, 0.7813281404413959], [35.63378686454947, 0.7862777767022879], [35.63739428580241, 0.7885920400971338], [35.63410786445273, 0.7946340900894338], [35.63601189807228, 0.7973363339316782], [35.63299753968874, 0.8048454519398283], [35.63412129503405, 0.8098128550839134], [35.64194251724613, 0.8164881502667195], [35.64259804659361, 0.8223251394253249], [35.6383574052677, 0.8254241996489075], [35.639307166889985, 0.836540762286936], [35.64295921520415, 0.8401213755133223], [35.63886573683511, 0.8437956971969359], [35.63541437421888, 0.8449282863220835], [35.63547234999331, 0.8495345841432105], [35.63165094793308, 0.8505512294020451], [35.62551516926076, 0.8549033391536456], [35.62362006439882, 0.8618773736322035], [35.62301811001492, 0.8691992044840287], [35.6258452124535, 0.8766682053887839], [35.62603693055173, 0.8808954016715692], [35.622318035154834, 0.8862730629683866], [35.62757975237672, 0.8937643491999497], [35.62704915782474, 0.9040069324052082], [35.6258452124535, 0.9077748835076297], [35.63004121479462, 0.9090591045766228], [35.634611801683405, 0.9133977867053542], [35.63639536873935, 0.9181110442675913], [35.634477997105236, 0.9279255507642074], [35.63553483031345, 0.9305608592241474], [35.6334167287141, 0.9369106319933319], [35.631570695624426, 0.9380699884965519], [35.631615243173634, 0.9471041495116892], [35.63055844185075, 0.9543278927266675], [35.63639536873935, 0.9599329636150613], [35.637907044501965, 0.9691945066502831], [35.63522267848278, 0.9721063111219099], [35.63563293015736, 0.9784739063747704], [35.639525712240214, 0.9804805228098924], [35.636810118943195, 0.9890375062853418], [35.63336767745453, 0.9937953713881889], [35.640729619535975, 1.0078638430690496], [35.64291459053305, 1.0155067374752949], [35.642522226002384, 1.0244427839203305], [35.64770371890489, 1.0295440336834651], [35.651440455236994, 1.0302084232168893], [35.65463309477582, 1.0284336624435946], [35.65549818222692, 1.0331291425808633], [35.66426929026859, 1.037793357618013], [35.67082410355894, 1.0469300695514208], [35.66801042498521, 1.0498908831619682], [35.671332479648854, 1.0538282697606878], [35.67083752799772, 1.0559954101166729], [35.6745385850135, 1.0600353409477816], [35.673936595399645, 1.0696491591411728], [35.67151525077964, 1.0742821578761803], [35.6755597058073, 1.076262020364657], [35.6769197347847, 1.0825449031234664], [35.67628649709265, 1.0859560741408512], [35.6785071842324, 1.0888901861575726], [35.68338989481627, 1.0899603897000678], [35.68391603192541, 1.0939780064713942], [35.69091238472116, 1.1004169712749952], [35.691969224743765, 1.1046754281283289], [35.697485106258156, 1.104345401005611], [35.69699014952864, 1.1149090369359997], [35.70087845311917, 1.1210180049862284], [35.70099889424085, 1.126743479051421], [35.70490950639146, 1.135148921387776], [35.70461521070634, 1.146475011916455], [35.708664077501936, 1.149426909692317], [35.702880586092625, 1.152878302569237], [35.704485856950065, 1.162237944342502], [35.70333099867627, 1.1748170544039493], [35.70359404378585, 1.1786474553633732], [35.70190848974012, 1.1888721163496547], [35.703464771725116, 1.1910927643968352], [35.70202001095407, 1.1996096600134056], [35.696949972711266, 1.2008983696507844], [35.69674933838557, 1.2155465115736368], [35.699148331813745, 1.2214146503518286], [35.70313029700938, 1.2265916966427906], [35.702193877050654, 1.2319738054185239], [35.69885851595683, 1.2345511574309016], [35.69832789265875, 1.2389522957356627], [35.70166327588116, 1.2410391530057838], [35.70221621456586, 1.2475539095475576], [35.69972804372875, 1.2593348701872777], [35.70477123506174, 1.2642933767729823], [35.706064425209775, 1.2718515524424638], [35.69643717471384, 1.2784510142402177], [35.69435035637128, 1.2833426306974764], [35.69390439452402, 1.288140652165885], [35.69601806493678, 1.295413451439097], [35.69365915612747, 1.2981692014524564], [35.695527516993195, 1.301500098652508], [35.69365915612747, 1.304746341112004], [35.69654870355671, 1.307016001430403], [35.69710609537602, 1.3133925313327408], [35.69595113053476, 1.3190065771914397], [35.675425886112706, 1.3159610083412705], [35.67145288184573, 1.3148551491405402], [35.65062886854045, 1.3070651060711789], [35.63919130424752, 1.3031856566075062], [35.628141628167896, 1.2958549157720933], [35.6248151161348, 1.2949452463616278], [35.61510768555227, 1.287511913483118], [35.61129958466111, 1.2810506648545144], [35.602644451079506, 1.2793294767926195], [35.58531194574169, 1.2831598648710163], [35.57790536620453, 1.291190707691736], [35.56651240314785, 1.2904326206569832], [35.563177001073576, 1.2893892013057113], [35.55746928599409, 1.2849836217062773], [35.543860121506064, 1.2851396690911119], [35.35561475702091, 1.1320364415883106], [35.32453926511536, 1.1164474094318089], [35.15214152707434, 1.199373347038739]]]}, "id": "0000000000000000077a", "properties": {"shapeGroup": "KEN", "shapeID": "32016919B59887050611600", "shapeName": "Elgeyo-Marakwet", "shapeType": "ADM1"}}, {"type": "Feature", "geometry": {"type": "Polygon", "coordinates": [[[34.828740766467085, 1.2642577061912783], [34.825084227260874, 1.261586731180195], [34.819969712561466, 1.2587239819810636], [34.8185784220039, 1.2498325163695951], [34.81910461302875, 1.2488827360823218], [34.81919382761255, 1.2472863598141635], [34.8185739570326, 1.2472819116145435], [34.81750378935434, 1.2470679014591959], [34.81643807336918, 1.2452530134264943], [34.815564092105824, 1.245212899964033], [34.812540809667624, 1.2422832854817698], [34.812803924154295, 1.241302233575597], [34.81209048856797, 1.2410837656948135], [34.811662407510624, 1.2381184611237235], [34.811845233179916, 1.2370304190768002], [34.81003035516298, 1.2358576872381115], [34.80981626762252, 1.2345734574693843], [34.80778742247333, 1.232651591082188], [34.807680418092616, 1.2316928720704792], [34.80672166972409, 1.2281702256172558], [34.8027932085375, 1.2253698998414475], [34.799141205861204, 1.2229708735223481], [34.7973174634345, 1.220763611286434], [34.79604217733175, 1.2194749696249143], [34.79348708189915, 1.2191004097623657], [34.79037908452372, 1.2190959600700984], [34.78921527352677, 1.21930997023703], [34.787578748190604, 1.2192743129823824], [34.785233251802694, 1.221142685222781], [34.784510905887096, 1.221334382926343], [34.78333816589421, 1.2209063450004605], [34.782375015371045, 1.220054610181771], [34.77977981532728, 1.2194437121445212], [34.77778658568188, 1.2194125242938543], [34.77740755580162, 1.2201705620296937], [34.7762303358001, 1.2203399979478093], [34.77503084773173, 1.2201705859612422], [34.774156865436986, 1.2203756881225283], [34.77330074356951, 1.2182398109487647], [34.77137884235841, 1.216960010277044], [34.76955509946042, 1.2163000710788783], [34.767726850199836, 1.2162955934569906], [34.76535012697326, 1.2166568107153233], [34.76016865079104, 1.2184538469804536], [34.756967047902044, 1.2183467789937097], [34.751464517494874, 1.2170001575070593], [34.748102309628145, 1.217383666480561], [34.74490067891999, 1.2177047204002136], [34.74222972353403, 1.2171696090033044], [34.74191310227521, 1.2161038494473928], [34.73977716421668, 1.215323516314606], [34.73913513291572, 1.2162109094626965], [34.73646408288541, 1.21588980963227], [34.735077340457806, 1.2163179366006396], [34.7339046001943, 1.2161038734293923], [34.73369049136337, 1.215354775104983], [34.730823371870216, 1.2151228956651372], [34.72952576210317, 1.21588981822105], [34.72717134359825, 1.2151139588007644], [34.72333648401573, 1.2138208206963172], [34.721325414787934, 1.2139991631548521], [34.71950170678167, 1.2134462746838461], [34.715849704694676, 1.212706063574885], [34.7114619357805, 1.212144217512973], [34.707444257628545, 1.212318122124195], [34.70347118631617, 1.2129022514537302], [34.70159834095063, 1.212674831177006], [34.69794634011606, 1.2111988616351943], [34.69064238126324, 1.2091610812058027], [34.679503528411225, 1.2069359911421946], [34.6711025602487, 1.2048981625563755], [34.669827259847374, 1.2041579514347078], [34.66637595561474, 1.1940402461489361], [34.66564906787793, 1.1909144320028502], [34.665105058502725, 1.189625750726511], [34.663464148207126, 1.1881497768032812], [34.66036065560434, 1.186490969416393], [34.65725705177306, 1.1840920100861891], [34.65379680583538, 1.1805960292378896], [34.650697778157415, 1.1769128338867367], [34.64886954041546, 1.1759898129271165], [34.6457704209591, 1.1745138302926605], [34.64303257912696, 1.1732207175487466], [34.64102597225357, 1.1715619259766432], [34.63865369277376, 1.1693501746179495], [34.635915795120596, 1.1686099886663899], [34.63317789549508, 1.1676869604790834], [34.62952596184769, 1.1663938438087569], [34.62532547828979, 1.165649143759607], [34.621856274473686, 1.1647216706091534], [34.618940016377834, 1.1625099215858032], [34.617843048373274, 1.1612212496478678], [34.615292466121716, 1.1593796302707486], [34.61200611145092, 1.1571679226795568], [34.60525508631858, 1.1545816356940555], [34.59977481869079, 1.1523655132386474], [34.595395947501764, 1.1510679147295613], [34.59137829038417, 1.149774744411173], [34.589162190110294, 1.1491905830521914], [34.58749441836497, 1.1492530062591222], [34.58607648317303, 1.1493154328434312], [34.58434183369928, 1.1488561880293684], [34.58318698654906, 1.148142727677865], [34.582535936938406, 1.1480758421489698], [34.61260813072835, 1.109705256391572], [34.6227258048747, 1.1014559357234568], [34.632308385339684, 1.0945755360093643], [34.63913531271373, 1.0912713239576535], [34.64331343285098, 1.0908611018215493], [34.653239470151235, 1.0849706224780953], [34.65754250154264, 1.085313964845425], [34.66390562643679, 1.0838469526126013], [34.65353818496721, 1.0583720939900938], [34.659642663812775, 1.0526956705509045], [34.69109721993793, 1.0041806310677102], [34.69365223653069, 0.9977907413886526], [34.738586611441974, 0.9372807456020941], [34.76776697448909, 0.9202603634474508], [34.77688136144428, 0.9236849470138274], [34.784943420821605, 0.9231275571845686], [34.79796403146069, 0.9100267119134561], [34.799172467752534, 0.9036769467564859], [34.79149383378126, 0.8984731954250111], [34.78558106454235, 0.8889708242510951], [34.78921080702402, 0.8844716065682003], [34.788965570382985, 0.8811272705603579], [34.79559623562109, 0.8654981504160916], [34.7948782747025, 0.8580648138835986], [34.797718735603, 0.8502212654929385], [34.80172747788042, 0.844932786974091], [34.80393029347051, 0.8442549702347564], [34.80543750808324, 0.8363044162900592], [34.807328145245364, 0.8325676821011154], [34.808005896356555, 0.8268287995872303], [34.811011309051324, 0.8207555369650531], [34.810971204998744, 0.8139464595192227], [34.8083225266253, 0.8042880372179485], [34.86886370777795, 0.8256426972235318], [34.91212588723284, 0.8458647007139094], [34.91835974531255, 0.8481032066926338], [34.92732697649052, 0.8544261635033782], [34.930336848399946, 0.8525667458167508], [34.93390414947438, 0.8551039695468691], [34.93653058525122, 0.8616142645779958], [34.94159166457664, 0.8698636208283195], [34.94758471670649, 0.8694756829249097], [34.95839803876727, 0.8721154179484587], [34.96291510324078, 0.8753795178851959], [34.96474329018065, 0.879290165377449], [34.985549439287034, 0.8864648368087751], [34.98497425045648, 0.8816222190184022], [35.01771299271048, 0.8875439319925041], [35.02185995188953, 0.8931356702096258], [35.024713756719834, 0.8947765900945543], [35.03014939178411, 0.8924087880585325], [35.03126864478641, 0.8942905535142314], [35.037480190442274, 0.8963372795214066], [35.03904081958575, 0.9006313651254404], [35.04816420221506, 0.8998109284531296], [35.05187413706673, 0.9005466795160721], [35.059097865561604, 0.8966092620948375], [35.06858243893025, 0.8957665177931048], [35.072827427255056, 0.8972290888206751], [35.08032322641845, 0.8930420112666427], [35.07961867604267, 0.8867011917015593], [35.08553145798205, 0.8817159163897909], [35.085745437352124, 0.8797181842299505], [35.09721873459031, 0.8773860817787793], [35.10189636219999, 0.873114298888398], [35.10952136982988, 0.8796691817912392], [35.11199617000968, 0.8798118344021152], [35.11620563027571, 0.8851404708006116], [35.11195604051439, 0.8922438008786755], [35.11572846466669, 0.8993962342251715], [35.115327186764226, 0.9052465919086723], [35.1201653113322, 0.9107089343285337], [35.125600889157134, 0.9113153710598116], [35.12686727073373, 0.9176695909441237], [35.12853056874668, 0.9187174935326923], [35.135063158236655, 0.9178479693407704], [35.140761875398326, 0.9189315613203906], [35.143856514955715, 0.9170988417708014], [35.15452712623139, 0.9166083301328286], [35.164689365764524, 0.9217006744384585], [35.17163665831625, 0.9193239402105661], [35.176546177219, 0.921620391297285], [35.18059501410712, 0.9213082588560523], [35.185361829417054, 0.9234620124920003], [35.194516304183466, 0.923738460951129], [35.196558592844845, 0.9216203778178235], [35.20719351652959, 0.9212636574658556], [35.22150725984441, 0.9185614163845501], [35.227852555638385, 0.9201667354306552], [35.23099173967983, 0.9230472799412851], [35.23604394561395, 0.9305519907686124], [35.24248284619912, 0.9322330677577381], [35.24629092839569, 0.9371559043527717], [35.25119594805724, 0.9399027214620372], [35.25887004981645, 0.9376909881112665], [35.260854353864026, 0.9354391346235117], [35.26875589989368, 0.9341013979286109], [35.27735303824107, 0.9206884460605337], [35.28509407894722, 0.9190251888678481], [35.29284846681239, 0.91354050750412], [35.29277265472401, 0.9102184699457905], [35.29876117610654, 0.8983973789177851], [35.30254698045592, 0.895833428002192], [35.30507977131521, 0.8903219710566288], [35.3294353637753, 0.9315508240611972], [35.33431802562221, 0.9271764052744402], [35.348885915233076, 0.9197609463826942], [35.359627958905996, 0.944352851319273], [35.3434503214542, 0.9463817608278473], [35.33970022262332, 0.9625594048689889], [35.34271451420874, 0.9656093864109871], [35.336017017423686, 0.9672102208496657], [35.33859884502643, 0.9728822120542132], [35.351258229125364, 0.9787548218998648], [35.34390064328797, 0.9979289916062409], [35.343972054945205, 1.0012688624349617], [35.3415997817218, 1.0058617477319993], [35.35889221294634, 1.0086085014857218], [35.359409412074875, 1.018396265610295], [35.316428170449754, 1.0333297799828027], [35.275136869866905, 1.0604768125759216], [35.24251411154224, 1.0745363390786105], [35.218800610844916, 1.1160996387654794], [35.20242233497719, 1.1173882874876184], [35.18166964328211, 1.1509653072116734], [35.16018121852588, 1.1804623108828909], [35.15214152707434, 1.199373347038739], [35.12424979236611, 1.1837843368561924], [35.11700381042951, 1.1880383189525983], [35.087043074476966, 1.1833205710706522], [35.083083421193734, 1.1692030361661656], [35.0803633710821, 1.1725339917516036], [35.07485631785892, 1.1762796408762553], [35.061407744784006, 1.1800431411796557], [35.05116069431945, 1.1874764323038702], [35.04684428688041, 1.1926980519425383], [35.04158702051458, 1.1946422366990408], [35.03525065798512, 1.2037878405268785], [35.04444973445985, 1.215412723675673], [35.02391562221061, 1.2341676952793836], [35.01964378892881, 1.239861986915544], [35.01207222220955, 1.2542381078587617], [34.99309429934672, 1.257644889834925], [34.97196709288881, 1.2462474138321096], [34.94186809254141, 1.2507644804141997], [34.90606603176798, 1.2520843730514697], [34.91065438725992, 1.284198835535773], [34.834889848665895, 1.2658496117352345], [34.828740766467085, 1.2642577061912783]]]}, "id": "0000000000000000077b", "properties": {"shapeGroup": "KEN", "shapeID": "32016919B1149170155930", "shapeName": "Trans Nzoia", "shapeType": "ADM1"}}, {"type": "Feature", "geometry": {"type": "Polygon", "coordinates": [[[34.582535936938406, 1.1480758421489698], [34.581969611898806, 1.1480134262567447], [34.580132493688446, 1.1471483306210715], [34.57745256490289, 1.1001315460219148], [34.57492867805939, 1.1012240404145281], [34.57482611589093, 1.1002832056535514], [34.57472355360183, 1.099311078033086], [34.55753371117936, 1.1018126819402236], [34.54985075074708, 1.1029318779284827], [34.53079249768405, 1.1057099328872502], [34.52736348476002, 1.1062093009258875], [34.52652512403827, 1.1039530454432944], [34.52652960410784, 1.1039530466881171], [34.52652512403827, 1.103948559914255], [34.5264449053954, 1.1037300750169055], [34.5236935896732, 1.1008004260986255], [34.52157112567628, 1.095890964893944], [34.52005050767916, 1.0914497077234087], [34.51878415121444, 1.087267059695196], [34.51764263943758, 1.0834991509641605], [34.51552011331674, 1.0795706418259499], [34.511805674535886, 1.0754593958407281], [34.50914799908108, 1.0740279881948107], [34.50808676637571, 1.0722443712326728], [34.507377748901405, 1.070634597153252], [34.50454627195223, 1.0690248927234587], [34.50348498353803, 1.0674151427049587], [34.50278041013073, 1.0638478913895264], [34.50243264488254, 1.0622381584492693], [34.500840753626356, 1.059741056865559], [34.499253314939615, 1.0547379453971908], [34.498196528545655, 1.049922121926752], [34.49678297862565, 1.0459936593396815], [34.49449099563111, 1.0384934388007436], [34.49308634956924, 1.031889518393972], [34.49275190671676, 1.0297624904734868], [34.491855627412434, 1.0240370095983422], [34.49045102373408, 1.0163584623424962], [34.48940317982541, 1.007257430319853], [34.489233710553094, 1.0013669731991972], [34.488707541895295, 0.9983347821939161], [34.48853358926832, 0.9967295078150492], [34.48889037359937, 0.9945891009279361], [34.48889477102697, 0.9924487467956278], [34.48858263768612, 0.9890821434727002], [34.488546950736584, 0.9886986587699416], [34.489086566308785, 0.9840612009065877], [34.48927827660601, 0.9829107315537914], [34.48482807120566, 0.9653106397805462], [34.4827234411911, 0.9610432682156411], [34.48254507896366, 0.9548941676148498], [34.47933001445407, 0.9448166148158327], [34.47989632766002, 0.939987414494067], [34.47074183668763, 0.9213528110409414], [34.4636027934071, 0.9110344515467897], [34.458635344140006, 0.907944335593854], [34.45732436515843, 0.9045152511603936], [34.45021655148384, 0.8986248197450832], [34.451683642020406, 0.8910532306885983], [34.44637726267429, 0.8769179190037667], [34.44642633461115, 0.8639508160550562], [34.4398625511661, 0.8565175062110773], [34.43571556718592, 0.8564372380136774], [34.430636621067734, 0.8520584140993512], [34.428897623427964, 0.851166561230629], [34.428835171196155, 0.8512156269889107], [34.426766183307464, 0.8501543584477267], [34.42667698784308, 0.8500294931624451], [34.42402824765746, 0.8486739380232399], [34.423484255519014, 0.8485357378076419], [34.423479770193424, 0.8483930261337014], [34.422155404368596, 0.8477152629459319], [34.42208854659825, 0.8477910535288006], [34.421366140928164, 0.847487805248715], [34.42140634055556, 0.8473317514408342], [34.42134836845549, 0.8473049923661915], [34.421566800359564, 0.8451869323591127], [34.421401855124365, 0.8444288577447556], [34.42112096512012, 0.8433185496824231], [34.42033169242956, 0.8424267727944942], [34.41869963760289, 0.8413520852667595], [34.418177955966925, 0.8400188338623061], [34.41811549614846, 0.8399252110896221], [34.41801291976534, 0.8397557483616781], [34.41697394631663, 0.8397825011479824], [34.415248305938185, 0.8397334591852262], [34.4147488634854, 0.8389977057623706], [34.41467302855991, 0.8388862083353583], [34.414735490813534, 0.8384938260413185], [34.41467302855991, 0.8354081389481651], [34.41422715850691, 0.8341149726177093], [34.41453481585523, 0.8332588385217536], [34.41462850936573, 0.8333123388248282], [34.41458390551179, 0.8312834411375095], [34.40964323331659, 0.8295755940967857], [34.40963426125887, 0.8293793953850972], [34.40901442529171, 0.8290672652248873], [34.408662226514245, 0.8276358999588166], [34.408309941689495, 0.8267440950362719], [34.40767223656249, 0.8263784370171242], [34.41221165897668, 0.8187311115029097], [34.41197085901847, 0.8183164135363671], [34.41303655255666, 0.8173665776797282], [34.41381243301247, 0.8171079597411263], [34.41175680465563, 0.8142541536709491], [34.41087392014691, 0.8135317737050581], [34.41085606092142, 0.8129832760958748], [34.410900666657966, 0.8126845286967979], [34.412207173078365, 0.8116767890511518], [34.41251483746324, 0.8108696663837368], [34.413750054744106, 0.8102989139605044], [34.41447683924292, 0.8089834909815764], [34.41295631493945, 0.80714188044578], [34.41291619610351, 0.8071329414041782], [34.41087392014691, 0.8061341011561565], [34.40739578902882, 0.8051798655383681], [34.40394892522853, 0.8038644367920725], [34.403779460762756, 0.8038020447124284], [34.40159002175488, 0.803039481017981], [34.401532121297976, 0.8029993621396829], [34.39973507203685, 0.8017062350647295], [34.39871391462356, 0.8008857550569219], [34.39566391650026, 0.8012380532170856], [34.395690667614105, 0.8012558482340396], [34.395579176367875, 0.8019292060338994], [34.39466954815525, 0.8020183711415819], [34.39471416206052, 0.8015635250665634], [34.39445104974773, 0.8013762634798722], [34.393933796426516, 0.8014342268083949], [34.393835678802205, 0.8015189256383618], [34.39360828930798, 0.8014743491051205], [34.39211889906613, 0.801643796126117], [34.39205201856592, 0.8020897238768403], [34.39226612064733, 0.8025400652055991], [34.39226612064733, 0.8030171962642187], [34.390812434370545, 0.8030395049918604], [34.3903130231543, 0.8027764473776134], [34.38979125860331, 0.8020406775309782], [34.385127073450136, 0.8008991256013782], [34.385149340478556, 0.7993295311975357], [34.38481939842326, 0.7991066059162547], [34.38437346246716, 0.7988033716171418], [34.38427093159271, 0.7987320206868067], [34.38433781797349, 0.7974745567307276], [34.38419955784204, 0.7925472162058808], [34.383936498930794, 0.7910935523698948], [34.38391414693062, 0.7902151323000975], [34.38021760727114, 0.7929173787276458], [34.37992329312249, 0.7932383871145646], [34.379464039171346, 0.7945226414233866], [34.379486307623985, 0.7953074124768355], [34.378964563927646, 0.7949997777515153], [34.378179741143896, 0.7936664540378162], [34.377466290641316, 0.7939741838499524], [34.376775188199865, 0.7938537752095155], [34.3760349693375, 0.7905005351544744], [34.375731750467956, 0.7901883737682247], [34.37281551265424, 0.7880881576292249], [34.37248992788285, 0.7879543498393096], [34.372556823161105, 0.786910935836369], [34.37290916568553, 0.7862822020835272], [34.37292246000473, 0.7862420712589104], [34.37298935495644, 0.7834908281948748], [34.37297157275902, 0.7834729481644099], [34.37199058267248, 0.7830761378854738], [34.371932578171084, 0.7823582028224053], [34.37071972498739, 0.7810606023771395], [34.37018463493301, 0.7806726796630217], [34.36925713220716, 0.7807216839714757], [34.36848119966405, 0.7801331071068568], [34.36540890416015, 0.7793973457401627], [34.36533311162165, 0.7792947689883154], [34.36532862334639, 0.7792948107281376], [34.36440115449728, 0.7785322833418085], [34.36444578365331, 0.7780640731425911], [34.36400431816758, 0.7774576443129811], [34.362925161651155, 0.7766772844656459], [34.36288950852794, 0.7765792106918993], [34.36696064687299, 0.773422142851769], [34.3707107489821, 0.7723920776098646], [34.373248043186834, 0.7745636613518136], [34.37661913479503, 0.7733508413721455], [34.38227320683755, 0.7740687251174946], [34.386148218372064, 0.7677679999349006], [34.39374653474028, 0.759389397056408], [34.399480947751165, 0.7565979798232395], [34.40602242616731, 0.7570661895244823], [34.41022734617052, 0.7621540384914727], [34.41151160216404, 0.7673265755870834], [34.416800021169806, 0.7680980048848988], [34.42409958925265, 0.767076850304152], [34.42446078163939, 0.7597059365597862], [34.432982140310635, 0.7442863820126108], [34.43370005068007, 0.7393947579120991], [34.43265212297476, 0.7295713643660152], [34.43150170673343, 0.7264098474025197], [34.42246760409662, 0.7316002574183574], [34.41353600469311, 0.7301242916362886], [34.408920810468864, 0.7277565289447394], [34.40453756201231, 0.7295357057153565], [34.40411838936939, 0.7251702285377616], [34.40792642194244, 0.7157124658605076], [34.409299839853645, 0.7097863020495396], [34.415712029082684, 0.6899789865343731], [34.409255233308805, 0.6813283690757439], [34.41710326853948, 0.6596214682892371], [34.39347004365963, 0.6492718658749281], [34.391971761898915, 0.6463020893408375], [34.38313834276104, 0.6439164625263184], [34.38374024140324, 0.6333618219845653], [34.37932128386282, 0.6251748603951047], [34.37888878298258, 0.6130059929730469], [34.37557569522497, 0.6066785245435277], [34.3707107489821, 0.6077130737509211], [34.36958264417522, 0.6039718370647503], [34.37081778355196, 0.5967793520447465], [34.37012662924957, 0.5901530878945467], [34.37703378070282, 0.5788091660018493], [34.37495587461674, 0.5760667775543725], [34.372646073238506, 0.5685665791147422], [34.36830734851861, 0.5617887393386249], [34.37108088142706, 0.557213700986164], [34.37803706843759, 0.5508371867418492], [34.3807705020345, 0.5452900906271769], [34.38391414693062, 0.5418120142191732], [34.3889708045043, 0.5399079754734749], [34.393193551714795, 0.5339461549039173], [34.40006055660573, 0.5198732170530388], [34.407431508875156, 0.5105135634732296], [34.40864436684164, 0.5046097302610139], [34.406035800158186, 0.5015507945392256], [34.40070712031732, 0.4994951454721715], [34.39001425554434, 0.4991740491213258], [34.38587619078306, 0.4954105758926918], [34.385149340478556, 0.49066166598114136], [34.39009002696623, 0.46895028144719153], [34.392060992408126, 0.46794252807406417], [34.40449735470647, 0.4752063796421391], [34.409010023873684, 0.4762230558542773], [34.42015328840302, 0.47477833863344654], [34.42500476775787, 0.470453022927137], [34.4341147673377, 0.46407646750486226], [34.44017908808225, 0.4634655834939693], [34.44579313531258, 0.46769725324337974], [34.450270105244506, 0.4688120377474936], [34.45956283918706, 0.46890571180896773], [34.47020667595412, 0.4791928550143175], [34.48343240420659, 0.484169201965855], [34.49161487604827, 0.47372596768441455], [34.49458012237531, 0.4675144446203989], [34.49514202466957, 0.460384367030509], [34.501674625162885, 0.45567110011326634], [34.50779245633642, 0.4541103716942984], [34.514735322742, 0.4495710400300569], [34.5231228253786, 0.44761350943921197], [34.5323353279319, 0.44280659520024923], [34.537481166972384, 0.453553010735754], [34.53800738087745, 0.4610621208256096], [34.55126428908099, 0.46985544813763985], [34.562679587375264, 0.4577936201101788], [34.577100281152276, 0.4561125218543846], [34.58002098299041, 0.45366893874358], [34.581274034013745, 0.4452947546141458], [34.580306348719375, 0.4400196196969676], [34.58140776043369, 0.4301025644255991], [34.58705297384116, 0.4256702476334807], [34.587980460895714, 0.4208588737948109], [34.592399488518794, 0.42784181900947643], [34.592635823650824, 0.43177026650614925], [34.59043301682118, 0.4350432970916781], [34.59207395651814, 0.44502718126799096], [34.59555203488285, 0.4440283822831525], [34.60406893058901, 0.4499767796520984], [34.60707436187902, 0.4484562331716691], [34.613557892318454, 0.4426415657229965], [34.61605051323404, 0.4428288805557379], [34.615662581740416, 0.44921877618323747], [34.618088349556515, 0.4564603436704028], [34.62831750988349, 0.4625604169487819], [34.63147905415693, 0.4594969918212916], [34.63038655040909, 0.45452064065360315], [34.632986163302434, 0.4520146401168718], [34.64365236392164, 0.45025329602058295], [34.64916827029494, 0.45429768190644754], [34.65682457079112, 0.4539677074432658], [34.65964713703738, 0.4595995288887457], [34.664734985014476, 0.45844909989424565], [34.66773147986658, 0.4606117765973842], [34.67284610987303, 0.46981537074090585], [34.67764408655708, 0.4708587490280431], [34.67690834881882, 0.4795138890269073], [34.67536546477018, 0.48284486786019254], [34.678776666583424, 0.484271747289378], [34.68873390574025, 0.4851056021109907], [34.69124883229732, 0.4931944136786253], [34.693589804718584, 0.4943359211458498], [34.696153858979834, 0.501573061099391], [34.70142000474289, 0.5065850985600474], [34.70699836226539, 0.5034860151322507], [34.71002612024328, 0.5039051632131323], [34.71430684146842, 0.5087968355844226], [34.7174772217213, 0.5100007465761857], [34.72128973886487, 0.506950764932434], [34.72738091458576, 0.5117442893141495], [34.729160096913, 0.5156995144533049], [34.734123093533086, 0.5180672650551259], [34.734618011361086, 0.5226512341845074], [34.73809163210751, 0.5314401434326982], [34.74260427106601, 0.5359304249444574], [34.748739974028084, 0.5355781854353873], [34.75327937048765, 0.5398143273494289], [34.75638736267647, 0.5452187474730267], [34.75967817940693, 0.5469354707410081], [34.75942847461194, 0.5499989121823473], [34.76459659208689, 0.5558626091683385], [34.76403474529455, 0.5628589353926445], [34.770143715113456, 0.5635411892515071], [34.772912759172826, 0.5681608489259141], [34.78289670920043, 0.5764681513337124], [34.78776162527427, 0.5756030345618319], [34.78953188898825, 0.578345394808067], [34.79641227685288, 0.5837007812882923], [34.80410420420301, 0.5866928267912791], [34.807872099073506, 0.5856048323875198], [34.807778491404164, 0.5904028099803025], [34.799649568301, 0.5966098884951946], [34.802467710456, 0.6041858778292506], [34.808532068152154, 0.60599627936991], [34.81218409152112, 0.612698304066415], [34.81898422795181, 0.6178441261619352], [34.822564874408314, 0.6177950639858676], [34.83139833074685, 0.6249028759997323], [34.832085072348995, 0.6322291577550478], [34.8345598401242, 0.6359213146043937], [34.83216088060163, 0.6455262347148774], [34.83457769666801, 0.645954269135744], [34.83859978803676, 0.6537354035805822], [34.83719515607888, 0.6565714402055383], [34.841145956194836, 0.6593628344053043], [34.841194973671826, 0.6622522831605839], [34.84403987623334, 0.6681294017031365], [34.85122350900343, 0.6699532048349682], [34.857198685284764, 0.6744434974197142], [34.857047113182475, 0.6799326705266229], [34.86005703205991, 0.6832056383838068], [34.86459633942631, 0.6817475164669273], [34.87328265844603, 0.6839815242264955], [34.87811633351926, 0.6818054539644867], [34.88106380191095, 0.6823940777729071], [34.8918459587264, 0.6904784210005653], [34.89341550685455, 0.6881061987981311], [34.89883332697943, 0.6854440699103829], [34.904808528977156, 0.6846503676807377], [34.9093701911052, 0.6857874596497633], [34.91214818759099, 0.6909466364375489], [34.91704873854395, 0.692895282347274], [34.91851583623263, 0.6982595711455037], [34.92300616716798, 0.6992940685809034], [34.92676519033342, 0.7027409619981672], [34.92877176872591, 0.7089301516065324], [34.92582873157049, 0.7162119121778878], [34.921784339386114, 0.7211570127879336], [34.922261427322994, 0.7288043870820028], [34.92772385088395, 0.7392877667780783], [34.93237026458619, 0.7385386396270192], [34.9356877857785, 0.7417001294880269], [34.93985702906468, 0.7399610794976909], [34.94166300091198, 0.743836052584384], [34.94877084390151, 0.7517865840046132], [34.953965685025786, 0.7515681249425564], [34.957243082169434, 0.7477109645012061], [34.96140789999098, 0.7518579189223078], [34.96993370266411, 0.7514878195267208], [34.976381601332605, 0.7554073952135139], [34.98073811332118, 0.7521031689759597], [34.98551378963277, 0.7530396240080922], [34.990262712287056, 0.7473631591891382], [34.99532385506507, 0.7442552054637659], [34.99947527875396, 0.7437289959058735], [35.00514723808677, 0.7462350496972192], [35.01017260486886, 0.7528478450138133], [35.01604077126009, 0.7504176674774479], [35.0193583703986, 0.7427925650708453], [35.027407037144755, 0.743978742304504], [35.02668464674796, 0.7485091712339444], [35.031290913728014, 0.7516394459404913], [35.034849330823384, 0.7484467539430881], [35.03932625537955, 0.7488882064983698], [35.037908225676325, 0.7564953945841723], [35.04300944133088, 0.7603926596250676], [35.05538791379023, 0.7628095000700335], [35.06141219697555, 0.7618953948032892], [35.06529601409678, 0.766350012551298], [35.06361054270532, 0.7757988544170239], [35.065782119091686, 0.7777697744511405], [35.06598270903075, 0.7818542968206086], [35.06225491697883, 0.7862643773146463], [35.063454467937824, 0.7897781378361524], [35.06264284086656, 0.7944155869744675], [35.05883030625414, 0.7986294408135831], [35.051575385754155, 0.8003997226998526], [35.04345534500928, 0.8120914574873409], [35.04058369060399, 0.8175003967365433], [35.033502652445364, 0.8206708220589509], [35.03020292197995, 0.8203987773992766], [35.02342061869675, 0.8300928676594177], [35.024178670431596, 0.8367324766599138], [35.02577946501141, 0.8387613870809153], [35.02367921427419, 0.8506538130862634], [35.016500097558556, 0.8577482278129677], [35.01309782966065, 0.8584616611270932], [35.01200086125274, 0.8617614195132128], [35.0138603449901, 0.8658726810828977], [35.01498401709195, 0.8725658354273876], [35.01771299271048, 0.8797762081897187], [35.01771299271048, 0.8875439319925041], [34.98497425045648, 0.8816222190184022], [34.985549439287034, 0.8864648368087751], [34.96474329018065, 0.879290165377449], [34.96291510324078, 0.8753795178851959], [34.95839803876727, 0.8721154179484587], [34.94758471670649, 0.8694756829249097], [34.94159166457664, 0.8698636208283195], [34.93653058525122, 0.8616142645779958], [34.93390414947438, 0.8551039695468691], [34.930336848399946, 0.8525667458167508], [34.92732697649052, 0.8544261635033782], [34.91835974531255, 0.8481032066926338], [34.91212588723284, 0.8458647007139094], [34.86886370777795, 0.8256426972235318], [34.8083225266253, 0.8042880372179485], [34.810971204998744, 0.8139464595192227], [34.811011309051324, 0.8207555369650531], [34.808005896356555, 0.8268287995872303], [34.807328145245364, 0.8325676821011154], [34.80543750808324, 0.8363044162900592], [34.80393029347051, 0.8442549702347564], [34.80172747788042, 0.844932786974091], [34.797718735603, 0.8502212654929385], [34.7948782747025, 0.8580648138835986], [34.79559623562109, 0.8654981504160916], [34.788965570382985, 0.8811272705603579], [34.78921080702402, 0.8844716065682003], [34.78558106454235, 0.8889708242510951], [34.79149383378126, 0.8984731954250111], [34.799172467752534, 0.9036769467564859], [34.79796403146069, 0.9100267119134561], [34.784943420821605, 0.9231275571845686], [34.77688136144428, 0.9236849470138274], [34.76776697448909, 0.9202603634474508], [34.738586611441974, 0.9372807456020941], [34.69365223653069, 0.9977907413886526], [34.69109721993793, 1.0041806310677102], [34.659642663812775, 1.0526956705509045], [34.65353818496721, 1.0583720939900938], [34.66390562643679, 1.0838469526126013], [34.65754250154264, 1.085313964845425], [34.653239470151235, 1.0849706224780953], [34.64331343285098, 1.0908611018215493], [34.63913531271373, 1.0912713239576535], [34.632308385339684, 1.0945755360093643], [34.6227258048747, 1.1014559357234568], [34.61260813072835, 1.109705256391572], [34.582535936938406, 1.1480758421489698]]]}, "id": "0000000000000000077c", "properties": {"shapeGroup": "KEN", "shapeID": "32016919B68325359473156", "shapeName": "Bungoma", "shapeType": "ADM1"}}, {"type": "Feature", "geometry": {"type": "Polygon", "coordinates": [[[39.4606899299559, 0.9946827714845452], [39.45475931078517, 0.9894923430095661], [39.43525076711573, 0.9836687815435748], [39.41830613076092, 0.9768151593412964], [39.394663998025685, 0.9684364747534634], [39.36026653890494, 0.9543903178468702], [39.351339374359036, 0.9492712654456206], [39.33549176750964, 0.9377311177176635], [39.31288855461081, 0.9249825204116501], [39.31029781171632, 0.9227529876249425], [39.293892756096525, 0.9041719162275883], [39.28100598903753, 0.891628450756594], [39.27744316948569, 0.8869865385609942], [39.26592527267911, 0.875201124053443], [39.25122812925768, 0.8625284024312972], [39.23509061667266, 0.8433720817850631], [39.23033274372437, 0.8335531619597744], [39.22850453287367, 0.8266995006995045], [39.22077690656617, 0.8141159123811598], [39.21314294858521, 0.8043683416612195], [39.20370301319274, 0.7962037078727936], [39.19527980137228, 0.7833079659150772], [39.18824328340629, 0.7673845572307808], [39.17718473581819, 0.7463108377976684], [39.17554821671663, 0.7378028353570958], [39.17474561413281, 0.7269137483211643], [39.17720703402125, 0.7254109911569725], [39.1732562411867, 0.7193956903303805], [39.16730339905926, 0.7190300722618513], [39.161689394950535, 0.7128185349384506], [39.15593264510846, 0.7111775525074622], [39.15219144973603, 0.7070618270196267], [39.14760755135756, 0.7063216001813628], [39.14422306084689, 0.7014076609414106], [39.142305658493534, 0.6924493346356111], [39.14012959464494, 0.6901796493959715], [39.134471018759484, 0.6907727475982862], [39.13128721279114, 0.6880259143008263], [39.12460303535725, 0.6882399623637496], [39.12142365869388, 0.6906523383456329], [39.11079320978941, 0.6908217555914568], [39.10047925617901, 0.6888686935246618], [39.09767003476951, 0.6863938861360789], [39.09728659558204, 0.6803874701002502], [39.08923789136296, 0.6784700674102856], [39.083878039463805, 0.6753308617158663], [39.07685943816235, 0.6790407999366946], [39.07147732160021, 0.6785414112519993], [39.065805319415276, 0.6829425282200655], [39.0599326325821, 0.6830763405476836], [39.057239365962786, 0.685836486203631], [39.05310579096002, 0.6857027057762191], [39.048446044810376, 0.6832903423791444], [39.04605151612313, 0.676601678766421], [39.04273390295803, 0.6753174887920094], [39.03824804016138, 0.6692620001964451], [39.03337430022951, 0.6648385919067379], [39.0283711762194, 0.665016929584369], [39.02554405972157, 0.663219915853272], [39.02195452407761, 0.655104348940369], [39.02377381687822, 0.6489418759751473], [39.02290430781364, 0.6443490279724964], [39.020139634240245, 0.6407549815428664], [39.015863402070785, 0.6412187170050264], [39.01280445650271, 0.6393592643615068], [39.01144439196326, 0.6348065719188962], [39.01273309261861, 0.6310564542520541], [39.009674156416715, 0.6244346731688927], [38.985991889844215, 0.6260890087401149], [38.9780546735165, 0.6213088481609922], [38.97280186995919, 0.6237256829463959], [38.964218031711624, 0.6231771813663577], [38.9543946361731, 0.6259373843378301], [38.9523390104025, 0.6286976000908575], [38.94550322693151, 0.6260131904124641], [38.939831274173144, 0.6284478863646843], [38.93524731093195, 0.6253264980742581], [38.93081047178945, 0.614192112505447], [38.92767130611819, 0.6116593401761311], [38.92631572801697, 0.6066517611901147], [38.92050998373557, 0.6035303894172649], [38.915332946235594, 0.6024825141175949], [38.910517105081176, 0.5989643094676459], [38.906579732968225, 0.599535070060188], [38.90231234094301, 0.5963333922800049], [38.894794307332944, 0.5980858745460201], [38.89191817575549, 0.5943758887828766], [38.88455174747503, 0.5961461504643961], [38.8746525510206, 0.5946389429548777], [38.871227990030015, 0.5997803289481561], [38.859808204107324, 0.5993255007472367], [38.85198245360659, 0.5939923871884908], [38.84126723406943, 0.5881286895283837], [38.83723181568647, 0.5845123555673324], [38.83336575933984, 0.5844365393147041], [38.8244743089903, 0.5789919691347043], [38.82127713809465, 0.5734537920030919], [38.8158726760046, 0.5694182717389993], [38.808599887752905, 0.5571959004797106], [38.80783736684526, 0.5519430904504562], [38.8015768377503, 0.548233122032827], [38.79900834287288, 0.5418744256082747], [38.79291723939464, 0.5401621142476738], [38.7857380804385, 0.5267803817283006], [38.77397499647982, 0.5164218958239393], [38.768187090498124, 0.5157173397826053], [38.76685379777183, 0.5113964494288517], [38.76301005591322, 0.5115882285552098], [38.755300243124815, 0.5153962765980804], [38.7549881636209, 0.5200159023136202], [38.75294143767762, 0.5224951580494759], [38.74820136175853, 0.5237882867141037], [38.74395634471643, 0.5229053889389239], [38.7359567099371, 0.5180806425764088], [38.724380881098284, 0.5244660871249582], [38.721036520443334, 0.5215810345691141], [38.72119707733539, 0.515008307159058], [38.72298962939123, 0.5124488252792655], [38.71855730874835, 0.5104867901009649], [38.70900585531481, 0.5120430305705314], [38.7067050039272, 0.5073654463000682], [38.70338739518681, 0.506125807610193], [38.697050998431926, 0.5094389374557651], [38.691816011565145, 0.5101434628099281], [38.68018667687616, 0.5076374220945398], [38.6740955542781, 0.5088637168485152], [38.66914154483344, 0.5079362078815519], [38.661699307388496, 0.5090643523971411], [38.66161899574281, 0.5056575981939048], [38.66828980542208, 0.5001907453206741], [38.67373437960972, 0.49909382090758153], [38.67664619354163, 0.4935868277677727], [38.6773864225002, 0.48200207482278334], [38.68029815355993, 0.4714696499317937], [38.68812839445012, 0.45444034684935025], [38.69517370468206, 0.42303937854978624], [38.702981615636105, 0.3936628453741244], [38.71303246949161, 0.35434690027366883], [38.71640801214312, 0.34194618156277856], [38.732153090863775, 0.280611245930735], [38.738293280896656, 0.25874382539743324], [38.74931168153252, 0.21755060235180823], [38.752343854713146, 0.20843619746436912], [38.756802948453334, 0.18404050099439356], [38.75713738412342, 0.17468972201755031], [38.75413195418301, 0.1689999186317715], [38.737615504985676, 0.1503341110156579], [38.73559100389829, 0.14704329061581833], [38.7331831414599, 0.13632361287741337], [38.73366919566683, 0.1284310196341694], [38.731412844294695, 0.12135888520430281], [38.73150649426114, 0.10696938848061285], [38.73230019628716, 0.09525531442171294], [38.72978529502785, 0.08869151117700322], [38.72917439419692, 0.08381770069815965], [38.73147525098527, 0.07698190471462678], [38.729366095415116, 0.06821978903704712], [38.73175172548867, 0.06108967467313914], [38.73107396133603, 0.05100321130124099], [38.73360671117682, 0.04450181221430633], [38.73267926489503, 0.04182189311917284], [38.73658544465975, 0.02728075288995212], [38.738311098086335, 0.02569782583308077], [38.740108132344986, 0.014616934331606858], [38.73911821965049, 0.006175876736862231], [38.743827001438035, -0.0025952178779822884], [38.74411237119477, -0.011027369544371604], [38.7496862573982, -0.018028146401171802], [38.75197824082508, -0.024315489840747107], [38.750832259214334, -0.02946127861663428], [38.75226365468308, -0.03431723499342481], [38.755117404815614, -0.038178847788018146], [38.75340066458977, -0.04718177419467175], [38.75940706015508, -0.04803789027282068], [38.76340691554115, -0.05046808763551828], [38.76669327371026, -0.05503868964413183], [38.76240362032665, -0.058895816907788744], [38.76140478229591, -0.06361352137107996], [38.76868645927657, -0.06874595274013333], [38.773689598162655, -0.0703690956494355], [38.78001262554492, -0.0751983059950038], [38.78844026784715, -0.07941213792981576], [38.79774640814504, -0.08073202671857557], [38.80345856399962, -0.08309980165679383], [38.810570795897874, -0.08419674323725038], [38.81364312212583, -0.08604283838826986], [38.82883533430682, -0.09219189697254719], [38.83481049160054, -0.09359651621157002], [38.83858288643459, -0.09302574448202768], [38.84560598900039, -0.09416731665832395], [38.853511948985975, -0.09232121829166014], [38.86044586627177, -0.09170587025045314], [38.87089797046204, -0.09460427283912716], [38.88319175337196, -0.09631657014296963], [38.891534697785026, -0.09438581138419172], [38.90066692707669, -0.09534895217321884], [38.91410220712983, -0.08951197824907553], [38.91796382509303, -0.08617660226369223], [38.92209290628747, -0.087139753679051], [38.92876373022203, -0.09583498284349867], [38.932366694203985, -0.0989073075587046], [38.93983127417315, -0.09895192049308156], [38.94308190637023, -0.09684273078987621], [38.95475584105907, -0.08595362283025482], [38.96380337597946, -0.08419673655597544], [38.96696489899251, -0.08226596748136546], [38.96908740852401, -0.07640224994674512], [38.968289206693235, -0.07168003837669859], [38.96998814020819, -0.061227911705135654], [38.97412621630724, -0.05825817707127111], [38.980596380400605, -0.06011759631838923], [38.98691045100691, -0.059426435946164334], [38.99136951569074, -0.05661273262332159], [38.99529357317082, -0.05024960521881639], [38.99948508071026, -0.049451405757758755], [39.001607626976565, -0.05523490154376621], [39.008501398109495, -0.05483803716155876], [39.01646538850527, -0.04443942611310275], [39.02320308108519, -0.042847491140067195], [39.02681044330113, -0.04505029292396695], [39.03264299241386, -0.052211620622273226], [39.0370485279988, -0.05358947308963378], [39.04267147887179, -0.052158099414978745], [39.049302166003685, -0.052608466587116], [39.05471549293735, -0.0508025468709399], [39.05964730768988, -0.047302153456971884], [39.06675508668338, -0.04727537059469238], [39.070420476906385, -0.05735740088364564], [39.074076913256164, -0.06483530823533869], [39.08177332708234, -0.07069905464215093], [39.086919116273336, -0.0774367595787063], [39.08723570795478, -0.0795592943305953], [39.097901876903244, -0.08804942800648112], [39.10060414995666, -0.09242377165472251], [39.10166541937333, -0.098153723277916], [39.107025202826186, -0.09916148112309801], [39.1096783929725, -0.10473089847393299], [39.120077029693654, -0.11011750478801643], [39.1191762694653, -0.11430904073498083], [39.120973329436524, -0.12104677205744971], [39.13163947692836, -0.1187637060347405], [39.13376199373704, -0.12073017003840802], [39.1322236148633, -0.12492170875141594], [39.134083037182904, -0.12971970691588658], [39.13848417816866, -0.13046438586774553], [39.15318136504899, -0.12674992960227668], [39.16580512065199, -0.12714682894419874], [39.16930551924568, -0.1302235978676117], [39.16941250037979, -0.13452218744131567], [39.172810327157656, -0.13728232339205337], [39.181349522955195, -0.13524005737483416], [39.18517095764352, -0.13614080720505], [39.190370331115375, -0.14017185722925163], [39.19806225233139, -0.14125988076984602], [39.20135304158789, -0.14274474594077338], [39.20512099705629, -0.14152742093740417], [39.20649889439348, -0.1366981856754608], [39.21159563187875, -0.13529360300987128], [39.21514504559127, -0.13200277465071014], [39.22310458723347, -0.13030384119733626], [39.22771972908689, -0.13062491859291292], [39.22692603499019, -0.13789326500029622], [39.238011316675205, -0.13786650032912492], [39.24363867961483, -0.1412063443362369], [39.24803981250617, -0.1415764802562858], [39.25366279287396, -0.13879396025215482], [39.25583431803121, -0.1402253473456397], [39.255678266181384, -0.145210643365165], [39.25955321483267, -0.14521064455928823], [39.264328931012436, -0.14054192438138166], [39.27164633326396, -0.14120633725342902], [39.27584236621837, -0.13706828624537765], [39.280350497994775, -0.14051964281473373], [39.283636836667554, -0.1412063516902183], [39.293794698568156, -0.13642617891064956], [39.299854572267385, -0.1367294200963054], [39.30621328262381, -0.13925326950522482], [39.30863457412673, -0.13471392656136774], [39.314351115494965, -0.13354117983848132], [39.31967973993395, -0.14137578086016464], [39.32670728975662, -0.1443633781417485], [39.32775518747698, -0.14743124676522995], [39.32428154954153, -0.15494035842570744], [39.324687363469444, -0.15784770658713546], [39.331875439870174, -0.15663931368916093], [39.33518409569363, -0.15849430434230583], [39.335589839067715, -0.1641484305168045], [39.34035661251348, -0.16685510136110052], [39.347299461387244, -0.16394777002832336], [39.35190122212205, -0.15990782851329122], [39.35432249090424, -0.1612009597368967], [39.3536001083024, -0.16766221196205355], [39.35684194172742, -0.16808136470898807], [39.359664492454726, -0.16305592575247332], [39.364096903031104, -0.16410830487173014], [39.37451330732392, -0.1785245776661425], [39.37984638727677, -0.18102612658549253], [39.38186192481756, -0.183692650741768], [39.38410035927696, -0.19051957549964824], [39.389058940454255, -0.19175918444675352], [39.39502523003957, -0.18886077832758782], [39.398030618365944, -0.18891876158474535], [39.40099150321966, -0.19536657180066103], [39.407443760999676, -0.19046601722070236], [39.41492171023005, -0.1911125860798816], [39.422528948290065, -0.1885307689750701], [39.42730016188432, -0.18975702335346728], [39.431233111233496, -0.195045533359885], [39.436004369798574, -0.1982025693279713], [39.43813133574598, -0.20265278930704797], [39.444904663417674, -0.20984082172444227], [39.450960184861714, -0.21016637730556342], [39.45444274556709, -0.21171368239220983], [39.457350076255075, -0.21615940609393886], [39.46444004062597, -0.21867433096527225], [39.471208925804746, -0.22670069008442262], [39.47017891357687, -0.23379511669802844], [39.47327347986394, -0.23476277210686353], [39.477077087150064, -0.24146921398714824], [39.48223627704575, -0.24172340159851316], [39.48842555500092, -0.24414467930264785], [39.491716365772824, -0.24955806875140332], [39.497901146253255, -0.24833623402438565], [39.50267234453668, -0.2569735363256384], [39.50447827333046, -0.2641303775638167], [39.50963747576086, -0.27118915444051694], [39.51002543068813, -0.27731595390687197], [39.51505078657465, -0.27770392160369833], [39.51763264560509, -0.28402243592931303], [39.51221482441436, -0.29446566748935615], [39.51453800093046, -0.2991432542843758], [39.51917991001276, -0.2974666282697499], [39.52260009149364, -0.29378785914684263], [39.52581956791843, -0.28676034212266877], [39.530590748890944, -0.2885662452608727], [39.53420266344665, -0.2940464953511387], [39.53658829260708, -0.2943051495806187], [39.54007086526291, -0.2901447634582024], [39.54348650112863, -0.29072893628020835], [39.54774049702075, -0.29543325901479783], [39.551160600185426, -0.303366041211661], [39.551160600185426, -0.3072989270787206], [39.55606115372719, -0.31123190244097165], [39.55386731487583, -0.3167120928304092], [39.55863854283593, -0.3198067014548833], [39.56057376191481, -0.3266737333578994], [39.56276767831684, -0.3291886732135112], [39.570374881357985, -0.33060664969866377], [39.57791964810407, -0.3367289940027826], [39.58004664153027, -0.3435024140531362], [39.58472423975899, -0.3404880131830499], [39.587841154097134, -0.3427577319506336], [39.58687803908604, -0.3463071539925296], [39.59139060415174, -0.3510115359105217], [39.590463096883106, -0.3572676108991393], [39.59473498532352, -0.35650066559017196], [39.59664345658697, -0.36048262317933627], [39.59460121986281, -0.36462069780276274], [39.59811496964014, -0.3673541354685809], [39.5943960386898, -0.372593545246995], [39.593214361574354, -0.3769411641701327], [39.59675940385157, -0.3783368982489243], [39.597187484624904, -0.386555018064058], [39.600085838849225, -0.3888068421342248], [39.59809707743769, -0.39433611889761633], [39.60352385189784, -0.3968064940673785], [39.604812515549604, -0.40443153434239015], [39.60384493665751, -0.4098270811648136], [39.60926718624437, -0.40821733869882487], [39.613293726662384, -0.4088058984915541], [39.61243313642833, -0.42303043606020535], [39.613026197151555, -0.42797116381605155], [39.610341775642354, -0.4372861935827905], [39.61372177146425, -0.4423873925907193], [39.61930459974047, -0.43830732591918126], [39.619090597100794, -0.4449647637610968], [39.6240847963057, -0.44791667392520235], [39.63084923955329, -0.4543868520133822], [39.63492927445159, -0.45669222508349894], [39.62907898448926, -0.4698465331026582], [39.63020262298177, -0.475777166101563], [39.62977453512646, -0.48366974895940557], [39.63063519824566, -0.4898991632501874], [39.64003049341445, -0.49545516646943133], [39.63965146708891, -0.5042574595518515], [39.64088668102984, -0.5082304942885825], [39.647490582646945, -0.5165244136581465], [39.6532918725289, -0.5214116118716744], [39.66064492012216, -0.5249565954492575], [39.66864456703029, -0.5315828126040631], [39.66703483222804, -0.5372235538226149], [39.66176861206711, -0.5373840971412535], [39.663003775491184, -0.5481751093228983], [39.6652601070149, -0.5492452939035058], [39.66939367847322, -0.5466724330331311], [39.673638759396106, -0.5489242685605203], [39.67336676873976, -0.5548593332480646], [39.67868198000758, -0.5563620267044364], [39.683301636313345, -0.550939747858351], [39.686842122023634, -0.5522819659066319], [39.68614650850291, -0.5607096483519413], [39.6876492536486, -0.5651108103171075], [39.68560696576956, -0.5744258515897686], [39.69269691077918, -0.578505954350923], [39.6932275769338, -0.5857519784102803], [39.69977800997072, -0.5817789353344825], [39.70026407663869, -0.5853238907009539], [39.69607694665449, -0.5899390542407026], [39.69693306167985, -0.5915532363391914], [39.705953846811354, -0.5942108939932176], [39.70955234786787, -0.5913615138754547], [39.716905423032024, -0.5914730103621422], [39.72189962007861, -0.5940458734149057], [39.73086686554971, -0.5935910985687447], [39.736503147369596, -0.587794226753395], [39.73977609874663, -0.5884363335738118], [39.738919953290974, -0.594019150742105], [39.741492914622434, -0.5977781659021036], [39.7451449199279, -0.5993076299300468], [39.74943900847475, -0.6050554182564815], [39.752877002598595, -0.6009753545782198], [39.75598940495347, -0.6010288307311696], [39.75754562530026, -0.6054835088025673], [39.76624086158528, -0.6112000581330432], [39.775373174054245, -0.6122747170105834], [39.77687585162785, -0.6146380147917384], [39.77354491884569, -0.6231192509340129], [39.76855069409424, -0.6288090370955964], [39.769625326737234, -0.6339370320042027], [39.78170507476149, -0.65205434861292], [39.77972077790984, -0.6581231676387505], [39.7818656231659, -0.6627918866641025], [39.78900460988228, -0.6604285109268462], [39.79083287330405, -0.663866491965166], [39.79002576634919, -0.6703098865523939], [39.7922285491101, -0.6726955169235207], [39.796629711914896, -0.6703901868063941], [39.799956163217516, -0.6716788366877738], [39.79593408895829, -0.6788178588344228], [39.79566201290001, -0.6825234029423173], [39.79765081923943, -0.6903044949445091], [39.80180224531409, -0.6974524656329958], [39.806854390400076, -0.6942686351827205], [39.807621370463394, -0.6984646613925622], [39.80495928610671, -0.701938298297522], [39.80608740067998, -0.7050061892300079], [39.81006049768108, -0.7038779946118543], [39.81226774035614, -0.7072178608501498], [39.809833100248, -0.7096570117742504], [39.813172968703086, -0.7137816605160738], [39.811906587799314, -0.7166712063038265], [39.81154535455444, -0.7276807131459758], [39.80532047985761, -0.7270029231213835], [39.808526589321716, -0.7367237452551165], [39.814796062450725, -0.7395686614317333], [39.82119934014893, -0.7389800693103348], [39.82373208169642, -0.741396915711469], [39.82174334149299, -0.7460432851774852], [39.81709690925506, -0.7458158532323216], [39.815291032636786, -0.7487945399875356], [39.8175473294045, -0.7538913245613731], [39.812495128698856, -0.7554698055249105], [39.80847749544714, -0.7595543296030982], [39.80965023910563, -0.7621272754924071], [39.81547379830049, -0.7651505064425149], [39.8148406743367, -0.7696140617731224], [39.808660360110345, -0.7712416486937157], [39.81204035116437, -0.7763384204403587], [39.8177702998896, -0.7761332689719832], [39.82512778919896, -0.7794731821718938], [39.82729490855665, -0.7829467726414443], [39.824499084768306, -0.7869644291921246], [39.824271662729956, -0.7915216744838909], [39.82729490855665, -0.7928727792174963], [39.83031368545427, -0.7910936028925778], [39.83415297883795, -0.792939671925294], [39.833341420658506, -0.7970019034947214], [39.825845694808336, -0.7997977697957875], [39.826795481436555, -0.804716114818176], [39.83816616955922, -0.8021477125622387], [39.842183884326126, -0.8061162908108669], [39.83636029006427, -0.8101562248104455], [39.83672145455108, -0.8133132551146987], [39.84479684623079, -0.8184546203900254], [39.8440343383393, -0.8249961479428992], [39.8445293062006, -0.8321039029361104], [39.84732522976634, -0.8361661517451503], [39.84475225630754, -0.8401793457603295], [39.84123402395514, -0.836072539876718], [39.8368151214253, -0.8386900315660222], [39.83834902354661, -0.8426140156766206], [39.843218358730894, -0.8468814074113367], [39.841189431418265, -0.8519335586168756], [39.844707666351574, -0.8535121013808697], [39.850798838022406, -0.843541509524877], [39.85305515225822, -0.8471489579263968], [39.85734030944629, -0.8475101430358636], [39.85851305313954, -0.8506716352901438], [39.85670715029556, -0.8541898462441737], [39.85684536745282, -0.8605485201372916], [39.851926966367934, -0.8684232985631931], [39.85206072024611, -0.8723027468322699], [39.85517324053585, -0.8731142823978564], [39.85869592439561, -0.8769491349235521], [39.85860229124187, -0.8840123284778902], [39.85522229673592, -0.885680021018384], [39.850932594384226, -0.8854080323593807], [39.85048226442713, -0.8888370570432162], [39.85499483261333, -0.8913208130573766], [39.85490566770072, -0.8947052282001358], [39.851744153225965, -0.8975011158092127], [39.853460879611205, -0.9010416160992345], [39.85824109980258, -0.9058262658098694], [39.8609967587774, -0.9145348710984919], [39.864559599402845, -0.9172861224027236], [39.861175149068984, -0.9203316997182542], [39.86072481656335, -0.9260616476349434], [39.865464834310416, -0.9279121724897536], [39.87146227292883, -0.9274573484526808], [39.87403521346717, -0.9329197334315934], [39.87845415487264, -0.9366876643553715], [39.8764788174514, -0.9427966404360127], [39.8708068187035, -0.9438266837061644], [39.868795762803025, -0.9475321936215628], [39.87076224787299, -0.9532086388779568], [39.86919706904125, -0.9574983325605296], [39.87339752044192, -0.9587067198769851], [39.87835607997714, -0.9515543363003885], [39.88215522859273, -0.9513759668032182], [39.87849432630407, -0.9595985395477704], [39.88032696264986, -0.969341700865388], [39.885236472995295, -0.9678657348361646], [39.89207670734495, -0.9713973035829483], [39.88725200460756, -0.9746346438043164], [39.885508462275105, -0.9793300675634076], [39.88881710984352, -0.9812519663443853], [39.8876979040753, -0.985091250733736], [39.89149701651592, -0.9906785089927099], [39.88573141883069, -0.9951242092286674], [39.88582956024956, -1.000586577544902], [39.889477076196094, -1.0057324107519432], [39.89845772497919, -1.0067892086074353], [39.89867177089699, -1.0099239726418292], [39.89620137303616, -1.014993955661089], [39.899041819915695, -1.0281259955146915], [39.907933297252335, -1.0358179792883209], [39.91269118992663, -1.0424530751499086], [39.9083435197604, -1.051291038009192], [39.91612914297324, -1.0566330686193999], [39.917078928936206, -1.0604233058446964], [39.91356065512615, -1.064766436712519], [39.916695425145974, -1.0693414984035121], [39.91858610429901, -1.0759989152958007], [39.92084687536253, -1.0786788635789235], [39.92594361077804, -1.077715667478301], [39.92951086623233, -1.1052417071075973], [39.932355786442606, -1.1108601506667388], [39.93238698567422, -1.1290889816224463], [39.93643585083554, -1.1328524632144106], [39.94375771957421, -1.1311178868753344], [39.944386442661816, -1.137266944138482], [39.946187930849106, -1.1399602400753248], [39.953487459984565, -1.1422567026695676], [39.955797311318726, -1.1445397348078041], [39.96080483324658, -1.1531235322570395], [39.96326624700729, -1.1602402342981535], [39.96228976372455, -1.1661663986497017], [39.97036073098948, -1.1784690454790099], [39.972661632823446, -1.1863304460755235], [39.98103136186012, -1.193157332727133], [39.97989427990667, -1.2007066218321512], [39.98313158207536, -1.2040197073336372], [39.989249483842364, -1.202467917644393], [39.99122482084392, -1.2052102640083824], [39.989195915541316, -1.2098834177478344], [39.991059892119054, -1.2127551111956902], [39.997659351320635, -1.2131474665389248], [40.00042393346107, -1.2151986855317227], [39.999710522739825, -1.2188908031943895], [39.996187820852235, -1.2234078748943362], [39.99600050979686, -1.2282906221802354], [40.00000478317458, -1.233614792586064], [39.99619228436108, -1.2368030294818675], [39.99673181834475, -1.2395052351925122], [40.004744855955174, -1.2378865939368038], [40.00844587469594, -1.2419978703035486], [40.00569019502412, -1.2485260039125485], [40.00132917223809, -1.2546617061740715], [40.0071928887318, -1.256503358051057], [40.012120205055695, -1.2631340185414899], [40.01184369666144, -1.2646902344291602], [40.00471807870058, -1.2698717367604981], [40.00608252908437, -1.2750398068305537], [40.005725819156304, -1.280328298824375], [39.99933592195808, -1.284412866274099], [39.999995856721654, -1.2876278374869647], [40.00352303371751, -1.2917391683728687], [40.00361221466077, -1.294963093490632], [39.997391781644474, -1.2984634578843786], [39.99936716487991, -1.3089200792754188], [40.00330896759553, -1.3140078881052442], [40.004722541577166, -1.317847157962673], [40.00384413147336, -1.3227432999703732], [40.00570350514191, -1.325833414582304], [40.01059516558864, -1.327804379875381], [40.01119265998866, -1.3310283008092034], [40.007036850850305, -1.3345688030978136], [40.00095904468115, -1.3480799139452417], [40.00402695520466, -1.3522580584172033], [40.00227002358324, -1.3613591114583772], [40.00469130143407, -1.3631204227376468], [40.009373383808324, -1.3603245653077662], [40.00964536275219, -1.3654391808058395], [40.01460833201107, -1.3763282759138942], [40.009863868837144, -1.3780896520338621], [40.01253042468149, -1.381639088789179], [40.02197926305772, -1.400996015345938], [40.02450760456794, -1.4220876171475798], [40.031178371669874, -1.424330502483382], [40.03011713432056, -1.4279066979249013], [40.03428637449782, -1.4326467318593614], [40.03321619224144, -1.4484765783890763], [40.030505082919596, -1.453738260355803], [40.03523617952542, -1.457145023776012], [40.03201224377179, -1.462696651169296], [40.03631524687605, -1.4697910761676651], [40.03532531346089, -1.4748031071801122], [40.03817917288964, -1.4802476423772486], [40.03648028636287, -1.4825574731062037], [40.03144148676302, -1.482298846866601], [40.032560691307296, -1.48736439285651], [40.0387856269658, -1.4907666661536674], [40.07090453997811, -1.4708746304710771], [40.07550631101204, -1.4730774214271447], [40.084527075212726, -1.4747272563500098], [40.08727835777542, -1.4743437763121439], [40.089325063651486, -1.4816790304143241], [40.09283886709121, -1.4884479556348775], [40.09918856870798, -1.4985611472661364], [40.10132007311627, -1.4997205533906495], [40.105141535165586, -1.5079386742071879], [40.10662188748055, -1.521735123770554], [40.11112118643975, -1.5412080280171359], [40.11488911338098, -1.5528997501607218], [40.120882090804436, -1.5634187730747289], [40.126099267395126, -1.5701520567714997], [40.13326055913482, -1.5760692944128316], [40.14325344510878, -1.5863876257540814], [40.14802914995957, -1.5932992601042768], [40.153995373528424, -1.6078091644272778], [40.157027580134816, -1.6209679621265705], [40.15921254773884, -1.6341758213372701], [40.16010883144609, -1.653568452278215], [40.15882012164496, -1.6757257261815361], [40.157709834670435, -1.6813040520212517], [40.15783025928313, -1.6941418022730188], [40.159301731577656, -1.701838196929786], [40.16235178546022, -1.7079917486164486], [40.16839387854693, -1.7175030256793653], [40.17075270317831, -1.723866184435807], [40.169147447663526, -1.735495486882337], [40.16037192724333, -1.7537064776527904], [40.157883755223125, -1.7617060788599757], [40.15891383557365, -1.7830027855896264], [40.16216444634886, -1.7999517949213693], [40.16218678026298, -1.8125844701589386], [40.163020625798474, -1.8233799290065507], [40.165544503196834, -1.8310228115732043], [40.170957817347556, -1.8384427832933063], [40.176268599740446, -1.8434592739539193], [40.182408814170834, -1.8527297430739875], [40.187514456233025, -1.8629054110532985], [40.188669382533085, -1.869335403768042], [40.18867828090505, -1.8769827620787516], [40.18653350063072, -1.8941725979570734], [40.18696157300235, -1.902751909582551], [40.1893248923757, -1.9314730137879967], [40.18819222490294, -1.946923793827052], [40.18595828329359, -1.9557394438606919], [40.1859849796208, -1.9597882796293296], [40.19026131133976, -1.9702359416186408], [40.19574152957236, -1.9777227714088224], [40.19758761589983, -1.9838005700749142], [40.196437155109585, -1.997815532341483], [40.19814500502392, -2.0041741849651316], [40.20455273188984, -2.0152684239101446], [40.207937172819285, -2.032890769900949], [40.381679305681985, -1.953289161449516], [40.55542151424433, -1.8736874909923535], [40.72916372061901, -1.7940858560727981], [40.90290585632323, -1.7144842409114667], [41.06697067196495, -1.7005863174041351], [41.23103556491864, -1.6866883970300863], [41.39510036095817, -1.6727905396158642], [41.55916513483645, -1.6588926364910273], [41.55890655940563, -1.5985654529096316], [41.55890655940563, -1.5983781564078274], [41.54512790687642, -1.5798639818005682], [41.42507106797193, -1.4168660085528593], [41.402530320207326, -1.3864370506689319], [41.3418865246765, -1.304559063596228], [41.276730192848824, -1.216581014172324], [41.11280916476397, -0.9949012587298462], [40.99437100565164, -0.8353189224192198], [40.99437100565164, -0.8317516748722614], [40.992400078693485, -0.8290940448927495], [40.99095528930837, -0.0020422744509125982], [40.99083488211945, 0.04738240331093552], [40.99129864856127, 0.19601764896171334], [40.99129864856127, 0.34407312897720016], [40.9917846600293, 0.46441535306225645], [40.98440489092897, 0.45770889331825265], [40.97554463833585, 0.4520056948113003], [40.96122645325617, 0.4476446747073139], [40.95287905698511, 0.44266835418327094], [40.9455661263691, 0.4368536859153572], [40.93913610469584, 0.43374120922198156], [40.933303613386094, 0.4320957849423423], [40.92015818885089, 0.4249657196575023], [40.91584619190922, 0.4217194723304362], [40.909585592847115, 0.4149416514112428], [40.88598806362958, 0.3923964499391116], [40.88142195111942, 0.3891992438400518], [40.87433198789879, 0.38593074668446087], [40.85990234804834, 0.3775386894871682], [40.850885989295264, 0.3734363144283696], [40.843265450894144, 0.3709124933278323], [40.82731072039102, 0.36744776945090196], [40.81925763831615, 0.3663463800552368], [40.80969728200221, 0.3632517348314793], [40.802415612091366, 0.36177578464278], [40.7871476636298, 0.3575485621153775], [40.774537270855156, 0.3545520519126176], [40.755100068384536, 0.3459281383826763], [40.74399689887678, 0.3363053980446617], [40.73726808658895, 0.3272935429885841], [40.73051706660166, 0.32391354552135915], [40.718580015746625, 0.3217241323689992], [40.71351004041565, 0.31794726372242577], [40.70897066561604, 0.3101126518464948], [40.704435731160316, 0.2960441835525669], [40.694500865636655, 0.278096290617753], [40.68752241095726, 0.2744710524874286], [40.682996397506294, 0.2698425187707655], [40.68292062167273, 0.2600190956923023], [40.67901443266559, 0.2556446966938439], [40.67188430959604, 0.24977209889267385], [40.66299734621015, 0.24405995628131313], [40.64842496606586, 0.23255104359967838], [40.64523675489403, 0.23145853944322012], [40.63120840229311, 0.2326759036380455], [40.61951662766223, 0.23141843322272765], [40.612145766085064, 0.23276060621140612], [40.60827967866276, 0.23020999960304214], [40.60392760071614, 0.2252336439507622], [40.5969357542919, 0.22650004186913822], [40.592918108405506, 0.22351243454997224], [40.58734869666744, 0.21577141966649355], [40.57875599598506, 0.2170199772618652], [40.57050216785567, 0.2154860334732156], [40.561699964557626, 0.21671677782534016], [40.55613051301163, 0.22043563415171546], [40.55085098018581, 0.22171987016364653], [40.54074663922701, 0.22677649495462185], [40.53595310437858, 0.22691026144833618], [40.5308875620003, 0.22546106082114592], [40.5238957131427, 0.22067643026312564], [40.52187571221892, 0.2147904376935168], [40.51397867452282, 0.20818651209064476], [40.51249373707893, 0.20160043372708755], [40.509216323523475, 0.19513025523526353], [40.50657208737654, 0.1924235828237011], [40.50256334940132, 0.1933287710044784], [40.496597054488994, 0.19796625335703805], [40.492044355822244, 0.19634762058745633], [40.485966549984845, 0.19079604081742815], [40.481654576611014, 0.18820084171474222], [40.47522901571113, 0.1866668805766881], [40.45537713360449, 0.18565910962419765], [40.44839863580992, 0.1861808197052199], [40.42969714516964, 0.1901895875448655], [40.41944567064254, 0.18915062854258832], [40.409261073757726, 0.18482974175512876], [40.39987022893241, 0.18428575354258575], [40.39100553327409, 0.18825432034588813], [40.383153088129525, 0.1937880491701891], [40.37510888209145, 0.19684253424594117], [40.36596325328582, 0.19816246212693844], [40.34579471387196, 0.19927720321062542], [40.33507950342255, 0.1988223993320415], [40.32992036103125, 0.2000218767048637], [40.320801446425726, 0.20540848538820083], [40.30713434065424, 0.21557079604830326], [40.29939779667645, 0.21986489411765203], [40.282551322460584, 0.22795368743217473], [40.25885117694918, 0.23726431658516434], [40.242762730850124, 0.24638318928763367], [40.231374203559845, 0.25408402249022966], [40.22374914870698, 0.26008599850802355], [40.21112986657123, 0.27196504285818857], [40.204762255693076, 0.2789435127170677], [40.196080407069736, 0.2896409306855188], [40.17805673745661, 0.3099119573443515], [40.163279257669544, 0.323922504614772], [40.153108057862475, 0.3307493610456634], [40.14406498021617, 0.33377708194295247], [40.13672529893483, 0.33736223167905244], [40.12822629696756, 0.3426061285269816], [40.101195157028855, 0.3633007774672403], [40.075689151401924, 0.38185955635536595], [40.059622955024125, 0.3925971125599317], [40.048354818239105, 0.39634719154515846], [40.030785966473296, 0.39691793824818633], [40.012958490576445, 0.3989424079647177], [39.99122482084392, 0.4048328477809938], [39.97908271439627, 0.4097066379609495], [39.96993706280885, 0.4141166911829867], [39.95405825075053, 0.4230795124953037], [39.94391823189939, 0.42970573190393774], [39.931009108786625, 0.4396807206576525], [39.919081012920174, 0.4498563945475476], [39.911059105410644, 0.4581637121122688], [39.90248423415914, 0.4625113651305977], [39.89626827966468, 0.4611334603238719], [39.88999434421831, 0.4629528146647539], [39.876077480907014, 0.4582127458039392], [39.86988377209404, 0.4605983981732503], [39.86480931531338, 0.4658645948394063], [39.85657780198386, 0.46920444511224485], [39.852573519211134, 0.47585741010824184], [39.84855594173537, 0.4775340565783049], [39.84241571426356, 0.4772174718311735], [39.83562900392378, 0.48004454778607114], [39.82741528872576, 0.47792196922022195], [39.820668684809995, 0.4821402969406824], [39.80880748407358, 0.483509265591242], [39.80574404318113, 0.4823677428902291], [39.79918476573724, 0.48304102993415365], [39.79350382456077, 0.4881154990467574], [39.7836893856593, 0.490505597481117], [39.777036412739236, 0.495539916551503], [39.77002217831936, 0.503561809598305], [39.76699892010868, 0.504096907495455], [39.762682561307585, 0.5114722610143886], [39.755726349090864, 0.5147586113630715], [39.74642912084578, 0.5180226986129057], [39.74177380350817, 0.5229990327337133], [39.73749750014086, 0.5230659457538291], [39.7320574598883, 0.526985477907958], [39.73155355612771, 0.5316987459233932], [39.72852579915714, 0.534628358750784], [39.72432534058193, 0.5436045506015676], [39.71699903798118, 0.5504002078360294], [39.7062526021981, 0.5626493802403746], [39.69943019885164, 0.5690749412795572], [39.69827524718787, 0.5730613793170781], [39.68886658167272, 0.5806864204533323], [39.687970293105494, 0.5842269834409958], [39.68154469815072, 0.5908799329075505], [39.680086592558645, 0.5948664031082701], [39.676626326235024, 0.5976845108934421], [39.67480700657576, 0.6034234116598403], [39.66986636584804, 0.6101923338910855], [39.664662589173226, 0.615133003436818], [39.662031677894916, 0.6222140660631438], [39.65441113150461, 0.6325591475457619], [39.65380019959458, 0.6378298422122745], [39.65062976080846, 0.6442777024987226], [39.646652286288784, 0.6570083936874651], [39.63541979313394, 0.6676344717710193], [39.62850372532456, 0.6697525130166823], [39.62478040335357, 0.6773017532148028], [39.61500604562961, 0.6840885430255923], [39.61094376132591, 0.6919008986648638], [39.60623047944035, 0.6955662362583909], [39.600683432099885, 0.7032849306917468], [39.59700020457842, 0.7132689041017156], [39.588545684062375, 0.7190211434101361], [39.5845102747711, 0.7243096237094859], [39.58303425880646, 0.7284699383404326], [39.57526650018558, 0.7422128857212341], [39.568881100047314, 0.7486384668182678], [39.56705283859155, 0.7535122711411478], [39.564609236655656, 0.7556704866693875], [39.561496828327954, 0.7632955553941447], [39.56159044340174, 0.7671393035958608], [39.55498656574719, 0.7803159333236297], [39.55276145303893, 0.7869956678176261], [39.54567589598071, 0.8157211709646445], [39.538322857766325, 0.8394302276243066], [39.532200497665386, 0.8572755374689669], [39.527906373529596, 0.8685169327380797], [39.51448006859321, 0.9001810363579088], [39.50768440354799, 0.9147801223246093], [39.502761548880315, 0.9231676991223581], [39.49793675180166, 0.9339141147331815], [39.496420695259914, 0.9401658079949164], [39.494414071999145, 0.9557681698662311], [39.491453284191145, 0.9639996872531826], [39.48489838728833, 0.9719279679377948], [39.48037687004157, 0.9793612853039639], [39.475654661152156, 0.9829017871805299], [39.46616572334131, 0.9873475118409096], [39.4606899299559, 0.9946827714845452]]]}, "id": "0000000000000000077d", "properties": {"shapeGroup": "KEN", "shapeID": "32016919B57902629823981", "shapeName": "Garissa", "shapeType": "ADM1"}}, {"type": "Feature", "geometry": {"type": "Polygon", "coordinates": [[[35.522799785357165, 0.015415089975774744], [35.526447338192284, 0.046838381464405276], [35.53256968875211, 0.046610981927755646], [35.53597200105877, 0.04827421384068762], [35.541233756501754, 0.047605356280199025], [35.53845129337102, 0.05262186945640647], [35.53794291309169, 0.05884675270546173], [35.538870389416125, 0.06417540618948915], [35.54431493298841, 0.07085514204199887], [35.54464046486666, 0.07272345275227], [35.5397577667662, 0.07911782303784709], [35.53943221524566, 0.08766592946945027], [35.540716457442485, 0.08990888007856496], [35.57274175283336, 0.06727448169899251], [35.573874363363224, 0.11393451485143631], [35.58962833179807, 0.1490721905853802], [35.587438908835544, 0.16949491612864037], [35.5772855396743, 0.18015214155429896], [35.575274514157634, 0.18438382638202527], [35.56714558715706, 0.18695674693214198], [35.566548053276016, 0.19700753478020125], [35.555226384901836, 0.18942259200052702], [35.51173232635788, 0.18877160079379862], [35.51874205956435, 0.19651260381560062], [35.519054160973226, 0.2017564940059913], [35.52481980112482, 0.21048293991934797], [35.5298184177771, 0.21198123284510106], [35.53047836715717, 0.21672124302472567], [35.536805873587255, 0.22152816126949149], [35.53948575010336, 0.22610766091058807], [35.53387625706401, 0.22889901007088204], [35.52893109854847, 0.22823911561440988], [35.52732131979004, 0.23105277442775585], [35.509395753221426, 0.22790467862717345], [35.50508828509943, 0.2248992461733581], [35.49690584725261, 0.23152988313862374], [35.49045798060809, 0.24378794844818252], [35.48525418906814, 0.2509002254830799], [35.494636116188566, 0.25819981156923727], [35.49112234510912, 0.263653265483918], [35.49465399886224, 0.27415889949921834], [35.49936277089781, 0.2774497345716474], [35.499697173489366, 0.288414676823783], [35.49769951115805, 0.2949829146027926], [35.499888940470996, 0.3061351381747935], [35.49436411522273, 0.31311807515076023], [35.49678092261054, 0.32188911982115403], [35.495131063688824, 0.3257774690299908], [35.49636628840754, 0.3363767218221918], [35.49579547352899, 0.34283799786453756], [35.4878181853093, 0.34979866925927855], [35.482859604272235, 0.34983431046510516], [35.47940382962143, 0.3601437842531769], [35.47267506145439, 0.36312246121463393], [35.46813568707018, 0.3711443503196053], [35.47033845125003, 0.3771864659846442], [35.47896236112894, 0.3814493504072227], [35.48153081829964, 0.38763413133310504], [35.47954649982392, 0.3953438973155558], [35.479555442821834, 0.4044627621027166], [35.477419542814005, 0.4121323886538036], [35.46346698740475, 0.4269633980322407], [35.46192412600963, 0.4297770889419495], [35.46229872568019, 0.4355471306753603], [35.46063997422208, 0.4499010161718508], [35.46343580611103, 0.5057824782050511], [35.4709672044319, 0.5414909307391514], [35.479845295716814, 0.588975909291624], [35.411701318204514, 0.6953254846332226], [35.41133568751688, 0.6994902868290186], [35.408522008032335, 0.7038022143389944], [35.50245740453538, 0.7026874148951724], [35.50337150044161, 0.709425170098709], [35.49620576540777, 0.7174425916689969], [35.49202311441328, 0.726570385859726], [35.499148775912914, 0.7606022491785523], [35.50327340691336, 0.7610436671091297], [35.50403141446895, 0.7660869258905831], [35.50088779262242, 0.770550515282048], [35.49728931038823, 0.818191524546064], [35.492642925471344, 0.8207109363196462], [35.4804829183012, 0.8195961760830058], [35.48594091007441, 0.8347258825272256], [35.488571740789965, 0.8395461501101736], [35.48918706542832, 0.8481567171425667], [35.49148803575367, 0.8577927955813648], [35.48990952063719, 0.8642674532777518], [35.488103579495885, 0.8656764815649531], [35.48697988109816, 0.8758254116131259], [35.45509726551732, 0.8748667028321114], [35.458067011803585, 0.8828841857385534], [35.463087962504446, 0.8897155201958215], [35.46341348598192, 0.8938044899435179], [35.46779237749114, 0.899703882102518], [35.41382380089144, 0.9072442157435495], [35.41277151676795, 0.915734342528667], [35.41828297630552, 0.9374769741838639], [35.38495560761225, 0.9435814435873751], [35.38246301781269, 0.9393631315444629], [35.377977118993996, 0.9353410542405354], [35.359627958905996, 0.944352851319273], [35.348885915233076, 0.9197609463826942], [35.33431802562221, 0.9271764052744402], [35.3294353637753, 0.9315508240611972], [35.30507977131521, 0.8903219710566288], [35.30254698045592, 0.895833428002192], [35.29876117610654, 0.8983973789177851], [35.29277265472401, 0.9102184699457905], [35.29284846681239, 0.91354050750412], [35.28509407894722, 0.9190251888678481], [35.27735303824107, 0.9206884460605337], [35.26875589989368, 0.9341013979286109], [35.260854353864026, 0.9354391346235117], [35.25887004981645, 0.9376909881112665], [35.25119594805724, 0.9399027214620372], [35.24629092839569, 0.9371559043527717], [35.24248284619912, 0.9322330677577381], [35.23604394561395, 0.9305519907686124], [35.23099173967983, 0.9230472799412851], [35.227852555638385, 0.9201667354306552], [35.22150725984441, 0.9185614163845501], [35.20719351652959, 0.9212636574658556], [35.196558592844845, 0.9216203778178235], [35.194516304183466, 0.923738460951129], [35.185361829417054, 0.9234620124920003], [35.18059501410712, 0.9213082588560523], [35.176546177219, 0.921620391297285], [35.17163665831625, 0.9193239402105661], [35.164689365764524, 0.9217006744384585], [35.15452712623139, 0.9166083301328286], [35.143856514955715, 0.9170988417708014], [35.140761875398326, 0.9189315613203906], [35.135063158236655, 0.9178479693407704], [35.12853056874668, 0.9187174935326923], [35.12686727073373, 0.9176695909441237], [35.125600889157134, 0.9113153710598116], [35.1201653113322, 0.9107089343285337], [35.115327186764226, 0.9052465919086723], [35.11572846466669, 0.8993962342251715], [35.11195604051439, 0.8922438008786755], [35.11620563027571, 0.8851404708006116], [35.11199617000968, 0.8798118344021152], [35.1113585453113, 0.8545866882259201], [35.12395549614288, 0.8195158770082399], [35.12412497261711, 0.8259191588136066], [35.13096518916578, 0.8292857624797858], [35.145394854267515, 0.8264631666077835], [35.1484315036191, 0.7529772083408548], [35.146870814270116, 0.7394393262073052], [35.15391172706159, 0.7397380856950686], [35.151682188605264, 0.6951158762362004], [35.152921826062, 0.6737612533110351], [35.14932780845307, 0.6663457789023731], [35.15405445912549, 0.6623370202388031], [35.149800502365046, 0.658979335540347], [35.14397240959911, 0.6592067597604514], [35.14118099072901, 0.6607763285443364], [35.13179017078809, 0.6542393319402655], [35.125137207557806, 0.6541723933344048], [35.12184637084677, 0.652647412078661], [35.11570168488341, 0.6466053355861139], [35.1157151167507, 0.6423691771463109], [35.11209876038916, 0.6407327087630278], [35.10318056700631, 0.6468728798557478], [35.09349090415374, 0.6350294853074323], [35.091203406073, 0.6352212210678463], [35.085504668532614, 0.6295180768458565], [35.0819997956566, 0.6304143447429027], [35.07765221933048, 0.6291122467606355], [35.07299692330718, 0.6301869229271916], [35.07019658286097, 0.6286440601401698], [35.067391781035646, 0.6315870666591593], [35.06224601268491, 0.6327375088279058], [35.05266343695457, 0.629950557463388], [35.05345264541291, 0.6370316409855143], [35.047611285399746, 0.6386547505195613], [35.04275527433542, 0.642123908976731], [35.03722600672892, 0.6414506310649334], [35.03884461867683, 0.630766582462652], [35.03428741916105, 0.6276541677774892], [35.03381029128201, 0.6224771509192751], [35.03054628754393, 0.6160916753952924], [35.02704138870895, 0.6138264983093369], [34.99782984906828, 0.6359079231213254], [34.99433392951054, 0.6298034115967815], [34.988282898957436, 0.6293263327041854], [34.98022082606692, 0.6266151986325609], [34.9718466718033, 0.6202163547050598], [34.9716148270933, 0.6168764867435554], [34.96856479479509, 0.6153336329659417], [34.96450251135641, 0.6095234386877408], [34.96163531522577, 0.6081990910557472], [34.95558875516182, 0.6088010454186907], [34.950193232517464, 0.6065046551153782], [34.9439505268035, 0.6068970339316481], [34.93435449994065, 0.6021971385914472], [34.9209281827899, 0.5917806685114136], [34.91345026589417, 0.591682564804551], [34.903836480534515, 0.596797191765647], [34.89638971561274, 0.6039361836000291], [34.888885059084856, 0.6055548535348957], [34.89603301132598, 0.5991560459976484], [34.85030491358072, 0.5457315305852141], [35.04439621333318, 0.5614810660106117], [35.07172603053842, 0.55106015385631], [35.098667921116835, 0.5390919360532855], [35.10540115786931, 0.5545694545659229], [35.10738106783918, 0.5502709098577274], [35.113735236220954, 0.547813914224302], [35.11515324310836, 0.5452232075558939], [35.12216291931572, 0.5433325410520667], [35.1260557546113, 0.5440549103181626], [35.12781265860479, 0.5415756754696411], [35.139321559525264, 0.5347443332981385], [35.143923399863695, 0.5375490872757884], [35.15579348829885, 0.5381510575603843], [35.16522892423585, 0.5461685560451125], [35.15984685867715, 0.5042083685093321], [35.13924577482349, 0.471674779985495], [35.17104806370203, 0.42153222368228577], [35.17554731749225, 0.4191688994219842], [35.19322318937474, 0.37763236282963064], [35.22034787711896, 0.3330591821737237], [35.223389000416276, 0.32754327879162015], [35.303193524205575, 0.21126775296770067], [35.33999894415769, 0.1938237324061022], [35.34028435281541, 0.16810367638585202], [35.33589209767727, 0.16050089858849073], [35.33589209767726, 0.14308808395959666], [35.37082471241634, 0.12724493472329096], [35.37215797985204, 0.12142131894741906], [35.374548115627626, 0.1178897272838671], [35.380652604322776, 0.11416635452387876], [35.385999045362446, 0.10185478192027345], [35.39015049055304, 0.10319249689091774], [35.396259421734065, 0.10901162029221047], [35.40131605081404, 0.10796373128185437], [35.40379978438138, 0.10529274786655447], [35.43483067755605, 0.02546594083667934], [35.46516589008007, 0.027343210334512816], [35.47062833699529, 0.01986083203292402], [35.4579064967839, 0.015018254683226847], [35.45914613269094, 0.010630468533836116], [35.478734939563395, 0.015357119271720277], [35.49369969367197, 0.01468383606411866], [35.49775307358267, 0.01310528997365346], [35.50034374810684, 0.009952727268512481], [35.51356948877353, 0.008548082325938927], [35.516044287108684, 0.015865480959850013], [35.522799785357165, 0.015415089975774744]]]}, "id": "0000000000000000077e", "properties": {"shapeGroup": "KEN", "shapeID": "32016919B81086936948851", "shapeName": "Uasin Gishu", "shapeType": "ADM1"}}, {"type": "Feature", "geometry": {"type": "Polygon", "coordinates": [[[35.01771299271048, 0.8875439319925041], [35.01771299271048, 0.8797762081897187], [35.01498401709195, 0.8725658354273876], [35.0138603449901, 0.8658726810828977], [35.01200086125274, 0.8617614195132128], [35.01309782966065, 0.8584616611270932], [35.016500097558556, 0.8577482278129677], [35.02367921427419, 0.8506538130862634], [35.02577946501141, 0.8387613870809153], [35.024178670431596, 0.8367324766599138], [35.02342061869675, 0.8300928676594177], [35.03020292197995, 0.8203987773992766], [35.033502652445364, 0.8206708220589509], [35.04058369060399, 0.8175003967365433], [35.04345534500928, 0.8120914574873409], [35.051575385754155, 0.8003997226998526], [35.05883030625414, 0.7986294408135831], [35.06264284086656, 0.7944155869744675], [35.063454467937824, 0.7897781378361524], [35.06225491697883, 0.7862643773146463], [35.06598270903075, 0.7818542968206086], [35.065782119091686, 0.7777697744511405], [35.06361054270532, 0.7757988544170239], [35.06529601409678, 0.766350012551298], [35.06141219697555, 0.7618953948032892], [35.05538791379023, 0.7628095000700335], [35.04300944133088, 0.7603926596250676], [35.037908225676325, 0.7564953945841723], [35.03932625537955, 0.7488882064983698], [35.034849330823384, 0.7484467539430881], [35.031290913728014, 0.7516394459404913], [35.02668464674796, 0.7485091712339444], [35.027407037144755, 0.743978742304504], [35.0193583703986, 0.7427925650708453], [35.01604077126009, 0.7504176674774479], [35.01017260486886, 0.7528478450138133], [35.00514723808677, 0.7462350496972192], [34.99947527875396, 0.7437289959058735], [34.99532385506507, 0.7442552054637659], [34.990262712287056, 0.7473631591891382], [34.98551378963277, 0.7530396240080922], [34.98073811332118, 0.7521031689759597], [34.976381601332605, 0.7554073952135139], [34.96993370266411, 0.7514878195267208], [34.96140789999098, 0.7518579189223078], [34.957243082169434, 0.7477109645012061], [34.953965685025786, 0.7515681249425564], [34.94877084390151, 0.7517865840046132], [34.94166300091198, 0.743836052584384], [34.93985702906468, 0.7399610794976909], [34.9356877857785, 0.7417001294880269], [34.93237026458619, 0.7385386396270192], [34.92772385088395, 0.7392877667780783], [34.922261427322994, 0.7288043870820028], [34.921784339386114, 0.7211570127879336], [34.92582873157049, 0.7162119121778878], [34.92877176872591, 0.7089301516065324], [34.92676519033342, 0.7027409619981672], [34.92300616716798, 0.6992940685809034], [34.91851583623263, 0.6982595711455037], [34.91704873854395, 0.692895282347274], [34.91214818759099, 0.6909466364375489], [34.9093701911052, 0.6857874596497633], [34.904808528977156, 0.6846503676807377], [34.89883332697943, 0.6854440699103829], [34.89341550685455, 0.6881061987981311], [34.8918459587264, 0.6904784210005653], [34.88106380191095, 0.6823940777729071], [34.87811633351926, 0.6818054539644867], [34.87328265844603, 0.6839815242264955], [34.86459633942631, 0.6817475164669273], [34.86005703205991, 0.6832056383838068], [34.857047113182475, 0.6799326705266229], [34.857198685284764, 0.6744434974197142], [34.85122350900343, 0.6699532048349682], [34.84403987623334, 0.6681294017031365], [34.841194973671826, 0.6622522831605839], [34.841145956194836, 0.6593628344053043], [34.83719515607888, 0.6565714402055383], [34.83859978803676, 0.6537354035805822], [34.83457769666801, 0.645954269135744], [34.83216088060163, 0.6455262347148774], [34.8345598401242, 0.6359213146043937], [34.832085072348995, 0.6322291577550478], [34.83139833074685, 0.6249028759997323], [34.822564874408314, 0.6177950639858676], [34.81898422795181, 0.6178441261619352], [34.81218409152112, 0.612698304066415], [34.808532068152154, 0.60599627936991], [34.802467710456, 0.6041858778292506], [34.799649568301, 0.5966098884951946], [34.807778491404164, 0.5904028099803025], [34.807872099073506, 0.5856048323875198], [34.80410420420301, 0.5866928267912791], [34.79641227685288, 0.5837007812882923], [34.78953188898825, 0.578345394808067], [34.78776162527427, 0.5756030345618319], [34.78289670920043, 0.5764681513337124], [34.772912759172826, 0.5681608489259141], [34.770143715113456, 0.5635411892515071], [34.76403474529455, 0.5628589353926445], [34.76459659208689, 0.5558626091683385], [34.75942847461194, 0.5499989121823473], [34.75967817940693, 0.5469354707410081], [34.75638736267647, 0.5452187474730267], [34.75327937048765, 0.5398143273494289], [34.748739974028084, 0.5355781854353873], [34.74260427106601, 0.5359304249444574], [34.73809163210751, 0.5314401434326982], [34.734618011361086, 0.5226512341845074], [34.734123093533086, 0.5180672650551259], [34.729160096913, 0.5156995144533049], [34.72738091458576, 0.5117442893141495], [34.72128973886487, 0.506950764932434], [34.7174772217213, 0.5100007465761857], [34.71430684146842, 0.5087968355844226], [34.71002612024328, 0.5039051632131323], [34.70699836226539, 0.5034860151322507], [34.70142000474289, 0.5065850985600474], [34.696153858979834, 0.501573061099391], [34.693589804718584, 0.4943359211458498], [34.69124883229732, 0.4931944136786253], [34.68873390574025, 0.4851056021109907], [34.678776666583424, 0.484271747289378], [34.67536546477018, 0.48284486786019254], [34.67690834881882, 0.4795138890269073], [34.67764408655708, 0.4708587490280431], [34.67284610987303, 0.46981537074090585], [34.66773147986658, 0.4606117765973842], [34.664734985014476, 0.45844909989424565], [34.65964713703738, 0.4595995288887457], [34.65682457079112, 0.4539677074432658], [34.64916827029494, 0.45429768190644754], [34.64365236392164, 0.45025329602058295], [34.632986163302434, 0.4520146401168718], [34.63038655040909, 0.45452064065360315], [34.63147905415693, 0.4594969918212916], [34.62831750988349, 0.4625604169487819], [34.618088349556515, 0.4564603436704028], [34.615662581740416, 0.44921877618323747], [34.61605051323404, 0.4428288805557379], [34.613557892318454, 0.4426415657229965], [34.60707436187902, 0.4484562331716691], [34.60406893058901, 0.4499767796520984], [34.59555203488285, 0.4440283822831525], [34.59207395651814, 0.44502718126799096], [34.59043301682118, 0.4350432970916781], [34.592635823650824, 0.43177026650614925], [34.592399488518794, 0.42784181900947643], [34.587980460895714, 0.4208588737948109], [34.58705297384116, 0.4256702476334807], [34.58140776043369, 0.4301025644255991], [34.580306348719375, 0.4400196196969676], [34.581274034013745, 0.4452947546141458], [34.58002098299041, 0.45366893874358], [34.577100281152276, 0.4561125218543846], [34.562679587375264, 0.4577936201101788], [34.55126428908099, 0.46985544813763985], [34.53800738087745, 0.4610621208256096], [34.537481166972384, 0.453553010735754], [34.5323353279319, 0.44280659520024923], [34.5231228253786, 0.44761350943921197], [34.514735322742, 0.4495710400300569], [34.50779245633642, 0.4541103716942984], [34.501674625162885, 0.45567110011326634], [34.49514202466957, 0.460384367030509], [34.49458012237531, 0.4675144446203989], [34.49161487604827, 0.47372596768441455], [34.48343240420659, 0.484169201965855], [34.47020667595412, 0.4791928550143175], [34.45956283918706, 0.46890571180896773], [34.450270105244506, 0.4688120377474936], [34.44579313531258, 0.46769725324337974], [34.44017908808225, 0.4634655834939693], [34.4341147673377, 0.46407646750486226], [34.42500476775787, 0.470453022927137], [34.42015328840302, 0.47477833863344654], [34.409010023873684, 0.4762230558542773], [34.40449735470647, 0.4752063796421391], [34.392060992408126, 0.46794252807406417], [34.38995177582026, 0.4622839020199911], [34.38053867613591, 0.4585026094474116], [34.37619102377144, 0.46148131007618004], [34.368240450032786, 0.4582930458906953], [34.36227417231855, 0.4577177792592999], [34.361208460200764, 0.4371078246138337], [34.35629453515611, 0.43123967737507174], [34.34999822919325, 0.4307982362876638], [34.34624369387385, 0.4291171528727521], [34.34331403473399, 0.4254740199110205], [34.34932495368685, 0.42088563448356425], [34.35812718950666, 0.41028186990827425], [34.3600490687589, 0.40708470625165016], [34.36565414974016, 0.40455194167704817], [34.37862570829349, 0.4052609376980943], [34.38417729057472, 0.3988398515319524], [34.394388573156945, 0.3952992805547308], [34.409063518016296, 0.3862785637680611], [34.41486481631475, 0.37929114807711495], [34.42338168537479, 0.374493138691153], [34.41903410804878, 0.3700608232804363], [34.405063725827695, 0.36326511665573025], [34.400854327602865, 0.36060747836314305], [34.39742083797557, 0.3441534055483981], [34.39315342390819, 0.3404211416211172], [34.38617497236305, 0.3376208645412925], [34.383981033580966, 0.32899692819605797], [34.384756915031794, 0.32450661329256564], [34.38301794560807, 0.3179205317219259], [34.380155205302344, 0.3144959662286945], [34.37065731632804, 0.30655875858823717], [34.391623982167324, 0.28777701642480913], [34.396916892738346, 0.2853869066285448], [34.39726473631424, 0.28241719384768177], [34.38951483982313, 0.2760049985175086], [34.39179787220401, 0.2702259884195982], [34.40141166452416, 0.26156643257399703], [34.39882540191787, 0.2544452410497716], [34.39899936244939, 0.23816952615795428], [34.39809857333812, 0.2340760458945551], [34.39045118907543, 0.23337598974723517], [34.383793750832666, 0.22909521101527777], [34.39022379088225, 0.21600333976778122], [34.39166859760856, 0.20617102041074542], [34.38920718004906, 0.20011998511279824], [34.38849813618292, 0.19247707101778258], [34.38563540376029, 0.18701914456651164], [34.38509583186851, 0.18059804285760386], [34.38772669000374, 0.18004068285951166], [34.4004307356487, 0.18582409786381818], [34.40773918989201, 0.19200891820349014], [34.41098987806347, 0.19861284834791867], [34.41580563670803, 0.20225590396708512], [34.419925881988775, 0.20374081106510056], [34.42673047128227, 0.21146393360261803], [34.444816591608706, 0.21860296373570964], [34.44757232577639, 0.21187862810088734], [34.451407163186474, 0.20683543032153517], [34.446974753948986, 0.20386118250740468], [34.439648479845964, 0.20345540315163124], [34.4362774225948, 0.20215777897125617], [34.43275028210628, 0.19810004607368276], [34.43020411736405, 0.19195090541447196], [34.42666801751624, 0.1871573733540921], [34.42946832307529, 0.18314867974591936], [34.43060539557299, 0.17797612514561012], [34.43611690493146, 0.1742081729610274], [34.44173535689701, 0.16802336783426527], [34.43734316108111, 0.1596358367738098], [34.43160875234977, 0.15453012511419992], [34.425392783187405, 0.15300514738288873], [34.429789382315626, 0.1479395818073116], [34.43812796621857, 0.14616489488599196], [34.450925522801626, 0.1529961905687963], [34.46136873637104, 0.15481551082777298], [34.46686241853236, 0.15764708333985283], [34.47735465564836, 0.15544426269828887], [34.481902921202206, 0.15162728545482498], [34.4814614508753, 0.14951814072077768], [34.484007655450064, 0.14047953644783132], [34.476471751641895, 0.13646631246163557], [34.4743135514923, 0.13320225048237358], [34.46956459719227, 0.1307096540889746], [34.456726859515676, 0.1306873425290889], [34.45820729223511, 0.12397637051946639], [34.46436528667244, 0.1227991646649901], [34.4696403848913, 0.1200033046392335], [34.473867644851204, 0.11931215275382481], [34.480079177709406, 0.11528115173189976], [34.478509547343705, 0.1130070142121181], [34.473867644851204, 0.11275730678957385], [34.47356890643542, 0.10259944240841302], [34.479249752624604, 0.10565393000701784], [34.48774432880462, 0.1046417368204564], [34.493162201538226, 0.10219812994936471], [34.49544077426618, 0.10438310214065898], [34.495115219179105, 0.11116540004146092], [34.501710222219934, 0.11395233702007793], [34.50184846718571, 0.11757309365560184], [34.495579029113074, 0.12184494304751041], [34.50027000956377, 0.12755704781107513], [34.50491186896959, 0.12449365878519655], [34.50361426322331, 0.12226410544928391], [34.50710127618806, 0.11836238007935612], [34.51164960649503, 0.12156844686087465], [34.51382565687433, 0.13050007496223653], [34.522899911831885, 0.1244847347061971], [34.52833108066296, 0.12663845576907046], [34.532464649562336, 0.13379978124726108], [34.537235892399806, 0.13720205479559924], [34.54165039138034, 0.1385710170282055], [34.54583750229852, 0.13762124536430617], [34.54949396116632, 0.1313517208743296], [34.55542905336386, 0.12679455357342834], [34.552517246155475, 0.12236662856655102], [34.55239682717283, 0.11750175349697704], [34.54815180407979, 0.11723871069159757], [34.545699326782284, 0.11293122171234563], [34.557493573842734, 0.11100484755715213], [34.560753256965114, 0.1069292202827733], [34.55925495180917, 0.10132414890183071], [34.55511690362417, 0.09929972864347174], [34.56034741923497, 0.09392650329805333], [34.56654555468973, 0.09754282681859973], [34.57405022157438, 0.09650831671088742], [34.57779141490818, 0.10100308190054869], [34.584613838481154, 0.10434744652664202], [34.5862637573615, 0.11548178365692922], [34.59413406196761, 0.11686855762924706], [34.59949390861905, 0.12038682289651609], [34.606369779262245, 0.11954849111903432], [34.613339432027026, 0.12435988098440401], [34.62023320657872, 0.12674549632425708], [34.62528528775711, 0.12695063000332743], [34.632616121505734, 0.1290374692499501], [34.63769500365135, 0.12937635636503841], [34.640205504013444, 0.12795390909327314], [34.64966772679618, 0.12790487072127898], [34.663575636230995, 0.12662509609136582], [34.67569549440394, 0.12978659209071947], [34.677073318657655, 0.1294075481813379], [34.68254465405616, 0.12155063906147692], [34.687182120386986, 0.12448027401692094], [34.69587292360787, 0.13420112096004283], [34.697174920593326, 0.13190910038290674], [34.70363171884833, 0.13074977535621915], [34.706003988748115, 0.135257921158843], [34.70436301119233, 0.13959662743391235], [34.71677269347962, 0.13972594466635885], [34.72595843622281, 0.14399775653691957], [34.72939192679972, 0.14396205288061506], [34.73175977740495, 0.147163740896167], [34.738314583969284, 0.1490856035395409], [34.73818531580814, 0.14168344760099283], [34.74259980213838, 0.1409388092044022], [34.74733985476779, 0.13600258239972557], [34.757074031266264, 0.14194210908267246], [34.766291045804046, 0.14473349979555108], [34.765916432876494, 0.14937098057506296], [34.770736709904, 0.15248788666099267], [34.77598952923213, 0.15026722322960182], [34.78067160814096, 0.15395493208795524], [34.781349401562565, 0.15715211180152241], [34.78690547062546, 0.15965365285224914], [34.79013385122504, 0.15744642493101751], [34.79669313682958, 0.16274826782730445], [34.80172747788042, 0.16165131560435858], [34.804429696063664, 0.1640146801053287], [34.81167571925457, 0.16179403324126113], [34.8150825308486, 0.16219533878298004], [34.816090301674706, 0.1653657451947881], [34.81458757134309, 0.17112248634014604], [34.81526534920983, 0.17744992841773766], [34.81394096035592, 0.18434814901061994], [34.81612593822875, 0.1859489693985374], [34.82319802600922, 0.18734911834533605], [34.83316415437338, 0.18417871887094045], [34.83690533257833, 0.18487433534806372], [34.84605986034927, 0.18323337283289917], [34.85095596531787, 0.1849278172922292], [34.85170958244751, 0.19037688778316267], [34.85685091111664, 0.19246373880247894], [34.858679109522335, 0.19769421772901224], [34.86488177471503, 0.19691389355277425], [34.874821062239455, 0.1998078762203731], [34.883779419972115, 0.1976452093784113], [34.88658417967206, 0.20460587132285674], [34.89171658565984, 0.20670610695516362], [34.89563615711021, 0.20649653609055058], [34.902311478229464, 0.19592396361215852], [34.90715402344475, 0.1949073105316417], [34.911648826470156, 0.19774331212345114], [34.91938531209842, 0.20036080049906746], [34.92514207271207, 0.19919250096755114], [34.92786208759607, 0.20729469981234222], [34.94146236731573, 0.20702268925346592], [34.95515180691788, 0.24105005796213091], [34.961278548893056, 0.23990408670337993], [34.977219875265845, 0.2404302562421817], [34.975788523176526, 0.24730174959006346], [34.94969384309243, 0.3001064459879907], [34.94115464408837, 0.324399579517163], [34.93528648981191, 0.3571427611907839], [34.9470540201358, 0.35421760549770376], [34.95403255306862, 0.3667744335421489], [34.956039158545394, 0.4150174419590275], [34.923309328515714, 0.4748942730058169], [34.90646729764709, 0.49286000534852564], [34.90626666494448, 0.502558517876226], [34.8858840716886, 0.520452879573147], [34.87310880435685, 0.5249254000904744], [34.87021486041692, 0.5301648436536996], [34.85030491358072, 0.5457315305852141], [34.89603301132598, 0.5991560459976484], [34.888885059084856, 0.6055548535348957], [34.89638971561274, 0.6039361836000291], [34.903836480534515, 0.596797191765647], [34.91345026589417, 0.591682564804551], [34.9209281827899, 0.5917806685114136], [34.93435449994065, 0.6021971385914472], [34.9439505268035, 0.6068970339316481], [34.950193232517464, 0.6065046551153782], [34.95558875516182, 0.6088010454186907], [34.96163531522577, 0.6081990910557472], [34.96450251135641, 0.6095234386877408], [34.96856479479509, 0.6153336329659417], [34.9716148270933, 0.6168764867435554], [34.9718466718033, 0.6202163547050598], [34.98022082606692, 0.6266151986325609], [34.988282898957436, 0.6293263327041854], [34.99433392951054, 0.6298034115967815], [34.99782984906828, 0.6359079231213254], [35.02704138870895, 0.6138264983093369], [35.03054628754393, 0.6160916753952924], [35.03381029128201, 0.6224771509192751], [35.03428741916105, 0.6276541677774892], [35.03884461867683, 0.630766582462652], [35.03722600672892, 0.6414506310649334], [35.04275527433542, 0.642123908976731], [35.047611285399746, 0.6386547505195613], [35.05345264541291, 0.6370316409855143], [35.05266343695457, 0.629950557463388], [35.06224601268491, 0.6327375088279058], [35.067391781035646, 0.6315870666591593], [35.07019658286097, 0.6286440601401698], [35.07299692330718, 0.6301869229271916], [35.07765221933048, 0.6291122467606355], [35.0819997956566, 0.6304143447429027], [35.085504668532614, 0.6295180768458565], [35.091203406073, 0.6352212210678463], [35.09349090415374, 0.6350294853074323], [35.10318056700631, 0.6468728798557478], [35.11209876038916, 0.6407327087630278], [35.1157151167507, 0.6423691771463109], [35.11570168488341, 0.6466053355861139], [35.12184637084677, 0.652647412078661], [35.125137207557806, 0.6541723933344048], [35.13179017078809, 0.6542393319402655], [35.14118099072901, 0.6607763285443364], [35.14397240959911, 0.6592067597604514], [35.149800502365046, 0.658979335540347], [35.15405445912549, 0.6623370202388031], [35.14932780845307, 0.6663457789023731], [35.152921826062, 0.6737612533110351], [35.151682188605264, 0.6951158762362004], [35.15391172706159, 0.7397380856950686], [35.146870814270116, 0.7394393262073052], [35.1484315036191, 0.7529772083408548], [35.145394854267515, 0.8264631666077835], [35.13096518916578, 0.8292857624797858], [35.12412497261711, 0.8259191588136066], [35.12395549614288, 0.8195158770082399], [35.1113585453113, 0.8545866882259201], [35.11199617000968, 0.8798118344021152], [35.10952136982988, 0.8796691817912392], [35.10189636219999, 0.873114298888398], [35.09721873459031, 0.8773860817787793], [35.085745437352124, 0.8797181842299505], [35.08553145798205, 0.8817159163897909], [35.07961867604267, 0.8867011917015593], [35.08032322641845, 0.8930420112666427], [35.072827427255056, 0.8972290888206751], [35.06858243893025, 0.8957665177931048], [35.059097865561604, 0.8966092620948375], [35.05187413706673, 0.9005466795160721], [35.04816420221506, 0.8998109284531296], [35.03904081958575, 0.9006313651254404], [35.037480190442274, 0.8963372795214066], [35.03126864478641, 0.8942905535142314], [35.03014939178411, 0.8924087880585325], [35.024713756719834, 0.8947765900945543], [35.02185995188953, 0.8931356702096258], [35.01771299271048, 0.8875439319925041]]]}, "id": "0000000000000000077f", "properties": {"shapeGroup": "KEN", "shapeID": "32016919B72187572718143", "shapeName": "Kakamega", "shapeType": "ADM1"}}, {"type": "Feature", "geometry": {"type": "Polygon", "coordinates": [[[36.488716930805346, 0.8467966497034947], [36.47331067423712, 0.8385027581698825], [36.46859745006269, 0.8275021633996031], [36.404453275697044, 0.7171884652454575], [36.34458534753241, 0.6592825469971907], [36.288592435512115, 0.6446477905802653], [36.27567885375837, 0.631667318363725], [36.28815100407819, 0.5799640553968084], [36.29404592247171, 0.5653293186454759], [36.229388924892156, 0.4265799071856159], [36.183839227224695, 0.314393385265945], [36.19327473601696, 0.3006459579352075], [36.19747067679792, 0.28561881400637257], [36.210393177350014, 0.26478587374611384], [36.214990542381095, 0.2522246029382122], [36.20184958783118, 0.2346646413356342], [36.23565401367711, 0.2091006388240657], [36.23781224124555, 0.20393696193758754], [36.25337889098764, 0.18061145210113844], [36.26038866419847, 0.17292842646037995], [36.27601329105071, 0.14812242045524326], [36.28370527717789, 0.1274678910971685], [36.28693812999521, 0.1114730556229948], [36.26940494701324, 0.08824563129721208], [36.25957705990678, 0.062017149087426254], [36.25513580139012, 0.05615345458746351], [36.260254845666026, 0.03802720068770521], [36.265035010167544, 0.02631763246846913], [36.255483652966255, -0.021961069319951888], [36.2672735074525, -0.021582041615459138], [36.27125548966312, -0.0010969655150048772], [36.29269036302721, 0.011928117182169856], [36.29351973299536, 0.004762308373012857], [36.29857641237994, 0.0052394416597118035], [36.3025449410117, 0.016119651472076942], [36.330628356277586, 0.02294205133761275], [36.32973654996261, 0.028556102023751403], [36.34560651683813, 0.03100858639331794], [36.33642525694652, 0.06284210026520368], [36.348772443363416, 0.0705072912452035], [36.35439091826233, 0.06863896448734498], [36.36344290744411, 0.0485284100201969], [36.36629677914647, 0.047105953695116866], [36.371241876164966, 0.04099700203114138], [36.375701022463126, 0.037251353932221454], [36.38140864951224, 0.03591361162592857], [36.384173276004134, 0.03350566259802907], [36.38667035963683, 0.03649327660878607], [36.39248951969902, 0.030500257914555642], [36.399329757905235, 0.03288141401492564], [36.398883844770836, 0.040105144649921036], [36.40383343307635, 0.04059564562548622], [36.413509719803464, 0.03961464258566479], [36.42393955981606, 0.04599117910900762], [36.41275169172726, 0.05120386306164897], [36.40072993127767, 0.05964491240843298], [36.42312795824086, 0.08541853235585073], [36.44108034396526, 0.09152307231575847], [36.462452816797104, 0.14029668201447262], [36.51044606061866, 0.08512867178051645], [36.52134856784603, 0.048693411964197734], [36.539577447095155, 0.05604642140033279], [36.573845627456265, 0.0707748272109344], [36.588244020794214, 0.044060397849250914], [36.589104606491716, 0.027820342864346658], [36.59919111469408, 0.0033710521423229614], [36.60705698678569, 0.003322042427068551], [36.63238465840222, 0.013845481868175502], [36.63464098514973, 0.016177612183570892], [36.649494280464744, -0.01692227155069743], [36.589537202812124, -0.020832944104804657], [36.583187427232744, -0.02086415768832668], [36.57941058121437, -0.022652222927065507], [36.578059454126326, -0.02753049969933542], [36.57298503162569, -0.0345044959434709], [36.558684692618115, -0.045157296796448025], [36.556611146325494, -0.05299197580823719], [36.55289677202375, -0.05637642011591193], [36.55277187643121, -0.05966721858628877], [36.549869046580746, -0.061749630631500185], [36.5491600370078, -0.06588321774235134], [36.544580498644024, -0.06837137919515861], [36.5574093620782, -0.08073200660172308], [36.55215654620665, -0.09146509365659551], [36.55934456525574, -0.09286522600801704], [36.56866855219763, -0.10366070783238387], [36.573167832829085, -0.105176790304631], [36.5964443156908, -0.10406651398920565], [36.632906356118106, -0.10873519131910948], [36.653797295501086, -0.154186792598526], [36.65747160157608, -0.15307649437507473], [36.71079793193139, -0.13674277659837722], [36.715934817835915, -0.12956362148169623], [36.75218737395684, -0.12083716101257085], [36.76319238759554, -0.10931931552496474], [36.7649403423624, -0.11474603838896669], [36.790673817011516, -0.10675086755232206], [36.82906221854427, -0.10360278021626965], [36.82900431392973, -0.1356904629595341], [36.843652403806885, -0.13738490522684804], [36.852864966049076, -0.14304348641499404], [36.85956694471225, -0.14348493273564572], [36.857359730334004, -0.14942002029554588], [36.85659272344488, -0.15493592584799917], [36.86250549787186, -0.1597963687702932], [36.864739484932976, -0.16907576015323972], [36.86775384792756, -0.17230414719786916], [36.868966733188394, -0.18000053922542547], [36.86478414427987, -0.1813115015048079], [36.86295588011215, -0.1870503431831097], [36.86069959010906, -0.18924871066679547], [36.8559015729499, -0.19015834623974012], [36.84976139552905, -0.1978414049119716], [36.84460669000496, -0.19661511633376325], [36.83758355738826, -0.19774328180743156], [36.841489796591965, -0.20768708139930386], [36.84099929021721, -0.216030083099476], [36.85473773573607, -0.25430251959660627], [36.868837441803066, -0.24904082171805006], [36.877782391997926, -0.2602910956306954], [36.96121664268996, -0.2847269767432111], [36.98541168939412, -0.29619581050527277], [36.99580142776528, -0.271314023387787], [36.98813178745476, -0.25567592692864943], [36.99662188327741, -0.25203732838976456], [37.00116568919035, -0.24876431495456555], [37.002369647869145, -0.2450409626287132], [37.007711713436414, -0.24070671063374624], [37.00920544213356, -0.23462449690830425], [37.01160447134791, -0.23180193214520495], [37.00742182934833, -0.2253584838729123], [37.00702493699686, -0.2212026293659601], [37.01680380370937, -0.18079424686694304], [37.004429761624415, -0.17678996597279015], [37.006124219312255, -0.15633161266170353], [37.00606178399786, -0.14992389656210636], [37.00236522309315, -0.1499327854289575], [36.99998850598461, -0.14755612039624325], [36.993826052295994, -0.14570114939136525], [36.98490780159171, -0.13712624984228175], [36.982985980262825, -0.132083055126939], [36.98041748967263, -0.09711921977730957], [36.97652027994438, -0.07985360723884055], [36.97790702389003, -0.07684366123456367], [36.97655593659393, -0.07328531077834209], [36.97790702389003, -0.0700703363066973], [36.98345865399307, -0.07010601000165938], [36.989487331927705, -0.06607944424046829], [36.99781247794111, -0.06428240436701348], [37.02435746584642, -0.04910360581802129], [37.02631948097581, -0.044434920895999826], [37.04965399941224, -0.015049465702091303], [37.051500038172456, -0.009939350545978673], [37.06322747906416, 0.0018817430869505752], [37.07114241041509, 0.000900722039985727], [37.07686341524563, 0.00981445741736819], [37.07927134462764, 0.0034022975940000985], [37.07609641683722, -0.0018148353214961794], [37.08780155040248, -0.016775149802988804], [37.09076244354716, -0.017056033268097532], [37.09683575061069, -0.023280939068706], [37.099872376851124, -0.0279006015066923], [37.10799686163842, -0.03417453945158464], [37.11443132352055, -0.040952386421572194], [37.120736531128784, -0.051114688416732966], [37.12370180362095, -0.05446790988777503], [37.130466305715, -0.03687229713427198], [37.13150076980187, -0.029826899789573817], [37.12470953337572, -0.02607682508814833], [37.11098891995165, -0.013613634286115266], [37.10668591019017, -0.004726664627355146], [37.1055353920427, 0.0016097335838963025], [37.100246913634635, 0.010808853954424389], [37.09746889621504, 0.012748576213947238], [37.08810036237196, 0.02264333900554547], [37.097629452615315, 0.030727644950740988], [37.110636611490825, 0.03913750561135263], [37.1252045174953, 0.03978858180032122], [37.131879805121834, 0.039485358859374736], [37.139718863159175, 0.04071607895612245], [37.14937730931576, 0.04712378193981974], [37.15368480995393, 0.05124846604734172], [37.1643821659454, 0.05339324917214571], [37.17366601725916, 0.05667514601371598], [37.18753385166454, 0.05862381186140349], [37.19842745629079, 0.06447861137127947], [37.20141053669718, 0.06777836404929798], [37.211149201798506, 0.07266999208612598], [37.2202101245073, 0.07534096424523258], [37.23353840208611, 0.08367056583786757], [37.235045523532534, 0.10245677386989192], [37.248026023555525, 0.10508765766435223], [37.25042946824953, 0.09764536791666678], [37.25339920188412, 0.09809130825749081], [37.26235755004618, 0.11218208930311734], [37.274633439382875, 0.12338334067714472], [37.27900339204626, 0.12824375051015025], [37.281687726825524, 0.13406290137945395], [37.280791490509614, 0.15241654234249072], [37.291087573231884, 0.16092004573606075], [37.302279864851414, 0.1716664526494351], [37.3072027296589, 0.1797196054782448], [37.32197573211235, 0.18330472550798357], [37.32913701469727, 0.18240845952468762], [37.33809093001212, 0.18419654223655457], [37.3336139906148, 0.19225415938833576], [37.34856981583133, 0.19629855261488638], [37.34837809749002, 0.20795464465523186], [37.351535145986894, 0.21054094264816184], [37.35158415395343, 0.21342595192365765], [37.354643130194155, 0.21677921950391968], [37.35487054629964, 0.2239672404048257], [37.35730961783933, 0.22680324228298998], [37.35902196522338, 0.23257331868585604], [37.36377532536807, 0.23747390870169677], [37.363012852346394, 0.24127750894651642], [37.366954681279836, 0.24649911468904845], [37.36208086636251, 0.2481400592446891], [37.35981570877011, 0.2511008864794298], [37.36364161597662, 0.2580348071829229], [37.37245725548108, 0.2627123942459839], [37.37461546700352, 0.27119363616548536], [37.37879361086996, 0.27350789592441466], [37.382646291310344, 0.27271417802084497], [37.38582561827246, 0.27442201119769466], [37.38844309510397, 0.28601566039119997], [37.39403927349921, 0.28944918787250556], [37.39242059494261, 0.2970341017040522], [37.39510946201095, 0.29882668182362687], [37.39321877384715, 0.3027283467145179], [37.39365135470265, 0.30850734952616626], [37.39128353716625, 0.3127881124068157], [37.393664720007365, 0.3167076633948612], [37.39110073582599, 0.324640408025306], [37.39281748510512, 0.33364331794463686], [37.391649219932845, 0.3357881509253849], [37.39259899204788, 0.34232071233432637], [37.39140391032858, 0.34629825619214494], [37.39204603291016, 0.35244291459197347], [37.390307015587034, 0.3548552627561065], [37.383145691514585, 0.35639811497307494], [37.381830224534, 0.36042467595496364], [37.37812031179632, 0.36368428432143385], [37.37692523098648, 0.3677643383131118], [37.37934210851109, 0.3768876759948188], [37.3767067705524, 0.3797726932279037], [37.372078186068904, 0.3804950660474397], [37.36963905023777, 0.38330435274390123], [37.37045957769772, 0.38773220227782496], [37.368671443393794, 0.39569173490045234], [37.36220577324967, 0.4076287132287722], [37.35931622619052, 0.40782491282561445], [37.35374683131823, 0.4118291837610956], [37.35193642320252, 0.4205601122008563], [37.3513389506948, 0.4314536970575309], [37.348253247880045, 0.44018016277993655], [37.34798120381756, 0.44920982017279537], [37.34969793448367, 0.45239363588429693], [37.348877493740744, 0.45582267524043274], [37.35269893337735, 0.46182015941419663], [37.35693511534602, 0.4654543463795627], [37.35754150996927, 0.4718442422675132], [37.359802255563416, 0.47440820941751893], [37.358968477923256, 0.4800802013765916], [37.360890326395655, 0.4864879094679135], [37.35837987035942, 0.4919681653732257], [37.3592582546748, 0.4988886729623933], [37.361108835429285, 0.5034681903237227], [37.36748981852661, 0.5080476509087748], [37.36905044944626, 0.5115525303043028], [37.2583711560872, 0.5248406456349605], [37.213191534477886, 0.5297233559678216], [37.07192722525277, 0.5443314059850811], [36.86436940239055, 0.5657529203241742], [36.86436496926985, 0.5731728737326991], [36.86715187179808, 0.5767178099490755], [36.8681194805541, 0.5846327271598977], [36.865609023813676, 0.5919768610709502], [36.867419408231285, 0.5972743108331965], [36.870719163153105, 0.5981571885996], [36.87517828033123, 0.6045693818876196], [36.879178064644904, 0.605358659015366], [36.88266507848259, 0.6094476626078346], [36.88833259010641, 0.6103751238420315], [36.8900984276789, 0.6227669628855196], [36.893960028743884, 0.6226198419016934], [36.89488305394893, 0.6263164085404688], [36.89892747114194, 0.6314265527819543], [36.90617349987866, 0.6314265623032992], [36.909606970017805, 0.6327107636004847], [36.90819349722788, 0.6436043772965702], [36.909473237689426, 0.6477869940130404], [36.91258117963271, 0.6506274500176605], [36.91181868687519, 0.6572313360413241], [36.916554234253226, 0.6609324315302446], [36.92189625832235, 0.6609725750089115], [36.92395634461451, 0.6659310657778844], [36.924112444198215, 0.6715807290328735], [36.927028730150326, 0.6773419025527003], [36.92565529392929, 0.6870939353568183], [36.92615023921316, 0.7005470918729753], [36.925806878454885, 0.7073427283896594], [36.927256102559525, 0.7289024846833282], [36.93139863541569, 0.7337718381125117], [36.931603766932476, 0.7434213453649262], [36.928036479985735, 0.7405496537882267], [36.925187086066195, 0.7406477885429994], [36.919885251795414, 0.7380926902125561], [36.91671929156116, 0.7293038352767068], [36.9102268120742, 0.7287018424685224], [36.90845653584485, 0.7324385728550097], [36.90873745939003, 0.7368307675049507], [36.903654086511345, 0.7400190238563965], [36.89686733832614, 0.7402687321256128], [36.88774399550683, 0.7366390435287787], [36.886548982959496, 0.7333660694987933], [36.88107322814522, 0.7332233446265567], [36.87767535978605, 0.7380525610910351], [36.86580965991372, 0.7376512783638755], [36.86567592993893, 0.7409197931121907], [36.86301827335136, 0.7495659426933233], [36.856690837060356, 0.7634828437083124], [36.84733119490568, 0.7804719890035077], [36.84087890091115, 0.7900100252265287], [36.84384866538015, 0.7948570333463802], [36.83453354781434, 0.799837868388571], [36.83263841800843, 0.806169770833149], [36.83199632138109, 0.8134782908375979], [36.82845581945429, 0.8219639331930155], [36.82007717862822, 0.8382262723976079], [36.81757559972379, 0.8449416772792301], [36.81561357573043, 0.8559422845403507], [36.79926211567323, 0.8654134060189925], [36.79335380259855, 0.8693998466701777], [36.7803956533528, 0.8673709864452112], [36.773096070034455, 0.8656497723279574], [36.756142605670625, 0.8584036984338024], [36.73467648446022, 0.8250451892902155], [36.72182536784743, 0.8193018440638036], [36.708412361421026, 0.8143567158743474], [36.70500556369017, 0.8158951032143542], [36.68723610487451, 0.8174557736394017], [36.673020465045596, 0.8166531483329191], [36.66951557990824, 0.8133043495054753], [36.48241170522568, 0.8134960981896526], [36.48539931648092, 0.8354928350641112], [36.487370281452634, 0.8392830661741654], [36.488716930805346, 0.8467966497034947]]]}, "id": "00000000000000000780", "properties": {"shapeGroup": "KEN", "shapeID": "32016919B40191501607276", "shapeName": "Laikipia", "shapeType": "ADM1"}}, {"type": "Feature", "geometry": {"type": "Polygon", "coordinates": [[[34.36288950852794, 0.7765792106918993], [34.36232769471273, 0.7751389331157232], [34.36190408779133, 0.7745547961273628], [34.36135556378749, 0.7742024761442463], [34.35981278478723, 0.7758345430485194], [34.35945598632824, 0.7760128834550772], [34.358787186489856, 0.7757720962239922], [34.358381347786796, 0.7747465058806557], [34.35698122388658, 0.7738680951934522], [34.35464461417691, 0.7737476522181052], [34.35438604105854, 0.7732972922707673], [34.35440831581146, 0.7732304415021968], [34.34983772429956, 0.772677513980822], [34.346060905350726, 0.7722137643362936], [34.34591369170684, 0.7722494073433448], [34.34522259746649, 0.77179902673726], [34.34455369036938, 0.7707957625225155], [34.34293506173432, 0.7692484464481468], [34.34233305548006, 0.7689719839145129], [34.342105618539094, 0.7688694081515585], [34.340223926105566, 0.768869394520554], [34.33915371375457, 0.7690611651061808], [34.33805680472028, 0.7688203845085698], [34.33784723078396, 0.7687757470711498], [34.337931941407874, 0.7686999603900603], [34.335332304996165, 0.7661582943666525], [34.33475261162531, 0.7659620858113252], [34.334123864957654, 0.7660200368854969], [34.3334192940529, 0.7668271486378636], [34.33290651337606, 0.7661359958479516], [34.32875510900555, 0.7665283951390689], [34.32091602291959, 0.7650880722291459], [34.320831296083846, 0.7651594701652834], [34.318953982888196, 0.764923131951717], [34.3188960284635, 0.7647046213893643], [34.31483827763183, 0.7616010532852514], [34.31469558785056, 0.7607984309371363], [34.31407576586727, 0.7594250197594801], [34.31435225021878, 0.7588721284213064], [34.31400442039418, 0.7569145640955628], [34.313027862892525, 0.756210009600136], [34.31357634635494, 0.7553093087742143], [34.313219616416696, 0.7533562098123906], [34.31231439719182, 0.7537129228053273], [34.3124570907893, 0.7527631313897516], [34.311244187922, 0.7512381158470617], [34.31060214092301, 0.7475504790995234], [34.31019633636084, 0.7471223919646768], [34.31126647348764, 0.7455304593091774], [34.31072246683157, 0.7443399242329427], [34.31036581019698, 0.7425072411513987], [34.31000906739687, 0.741365691855522], [34.309580974150464, 0.7390558811621363], [34.30981730695917, 0.737709203889798], [34.30871588395237, 0.7330227101396757], [34.308118391439066, 0.7315288884286816], [34.30812728903106, 0.7305835846617447], [34.30788205412246, 0.730039545920926], [34.30896560768837, 0.7278100354352554], [34.308894258120965, 0.7276048734508955], [34.30931345719548, 0.7271768252720413], [34.309335743244255, 0.7265793221094663], [34.30938480642708, 0.7251524044932125], [34.30883629714764, 0.7250275168054457], [34.30883629714764, 0.7247510825966507], [34.30848403936847, 0.7236809141748421], [34.307543181415156, 0.7219819397290821], [34.307525301374035, 0.7198059413835728], [34.307507506068895, 0.7182318725185146], [34.30776613082077, 0.7162074417421571], [34.308510816770834, 0.7143658468157814], [34.30888536060558, 0.713567631367089], [34.30944717340456, 0.7098487709189986], [34.30933125213983, 0.7092646428934851], [34.30973706064374, 0.7079134881349928], [34.30974595807404, 0.7078733509439615], [34.30977273509701, 0.7077173216738706], [34.30978612360548, 0.7074096281600862], [34.309803918455394, 0.707213435375717], [34.31135120942777, 0.7034588806651217], [34.311551863812475, 0.7033607529867726], [34.31313937316716, 0.7006451921961985], [34.31372344407954, 0.6992628585388948], [34.3137769957254, 0.6987054405689751], [34.313830462605495, 0.6981748124296296], [34.313612019270145, 0.6980945501810826], [34.31299218974327, 0.6983888740319777], [34.31222966216824, 0.6983309092413628], [34.31223415312651, 0.6972829949053515], [34.31184623517857, 0.6961816289489952], [34.31293863762538, 0.6961102497796451], [34.3129743107961, 0.6948706353082927], [34.3129431285479, 0.6948170997316429], [34.30771706674633, 0.6948483372717994], [34.30653985981438, 0.6937201799641727], [34.306450712787694, 0.693702363985836], [34.30637936120586, 0.6950177973315941], [34.30503265293626, 0.6947056701780484], [34.30515756242536, 0.693341153909589], [34.30464919496432, 0.6919098093071681], [34.30354779280102, 0.6908574726231804], [34.29867847791827, 0.6909555219307859], [34.297184697980306, 0.6879857945536694], [34.29611896824211, 0.6879857567075158], [34.295155774899364, 0.6883826306995152], [34.29450030592201, 0.687125167844623], [34.294607347538786, 0.6867818459403686], [34.295592751540774, 0.6861620379226652], [34.295913787320806, 0.6855510984074413], [34.295048733940924, 0.6850293873440784], [34.29446013350059, 0.6856670588142952], [34.29420596200137, 0.6862155085567322], [34.293786861365014, 0.686286891707056], [34.293514805094844, 0.6855600474602346], [34.29377787758866, 0.6842668889078263], [34.29277016334563, 0.683655984543235], [34.29212806799492, 0.6834107562937167], [34.291017696580894, 0.6829336487732678], [34.28999655967241, 0.6830986322768686], [34.288596460941406, 0.6828265966042708], [34.2897959415105, 0.6823137847936955], [34.289751359635474, 0.6818322193524529], [34.28960862968041, 0.6817474739262023], [34.28823081618691, 0.6815334749936293], [34.287958827728374, 0.6807531244283207], [34.28730779807537, 0.6803607005801433], [34.28522533582419, 0.6805836458456627], [34.28420421738213, 0.6809314573398354], [34.2841864174219, 0.6816048145917218], [34.283673607519226, 0.6821488054252521], [34.282362580774695, 0.6815512846822414], [34.28227340957451, 0.6806014852721881], [34.28177847388875, 0.6799638580891872], [34.281234456811, 0.6803473692474079], [34.27868385575291, 0.6794555451963464], [34.27811752597146, 0.6774132570807262], [34.27793917500169, 0.6765927639237099], [34.27991008601472, 0.6683077742141338], [34.27994136458379, 0.6682676169838345], [34.2799234790077, 0.6682498153276661], [34.28010631859057, 0.6674872895873913], [34.27996365797456, 0.6669432830380152], [34.28006613968791, 0.6667381952908495], [34.28007063226653, 0.6666266612666334], [34.280084025235425, 0.6657883488683832], [34.280614656436654, 0.6657884067320062], [34.2807439231445, 0.6662253828306208], [34.28076180855622, 0.666220920460938], [34.28122106401471, 0.6659533653524591], [34.28132362904906, 0.6656234121316125], [34.2810338189497, 0.6646022378130999], [34.281145284483884, 0.6644997075376138], [34.28011081116717, 0.6617618256269989], [34.27850101325698, 0.6609234983200969], [34.278300369252676, 0.659429710070621], [34.27871954263126, 0.6585378668003301], [34.278831011054876, 0.6583773443725991], [34.27814431249318, 0.6565536052390516], [34.277769724296896, 0.6563752314721365], [34.27798825546094, 0.6544533313219987], [34.27842523141734, 0.6541813598036299], [34.27844303252639, 0.6541813412595983], [34.27875963737304, 0.6521167835887268], [34.27838954442136, 0.6519562561079292], [34.27875522949533, 0.6503732913855219], [34.27921898789749, 0.6491648246675671], [34.27929476906342, 0.6486698971140057], [34.27875522949533, 0.6484246111602987], [34.2785545860623, 0.6462530439325169], [34.27949990344044, 0.645874003279686], [34.27945972426487, 0.6450535336959291], [34.27931706261565, 0.6446522222456699], [34.2789915592471, 0.6441617605753526], [34.27828256811519, 0.6441974184317203], [34.277792018229896, 0.6424092921745308], [34.27760925867571, 0.640224330894575], [34.27673080389177, 0.6406791989146273], [34.276467681139856, 0.6401931477525619], [34.27297173698645, 0.6405721361379209], [34.273087705514335, 0.6411161840509411], [34.27101864498704, 0.6399969228569042], [34.26987715276781, 0.6394128223648303], [34.2696452920019, 0.6394930836120183], [34.26939554294988, 0.6391675570041254], [34.26649709734585, 0.6376915721985548], [34.26641689683586, 0.6377807519901908], [34.265747991259126, 0.6377852246629773], [34.26346943578559, 0.6370717823083328], [34.26177497895977, 0.637125274867374], [34.26117293290494, 0.6369424294071506], [34.261574297391924, 0.6359034976860509], [34.261445002945074, 0.6352435201330863], [34.259919992630905, 0.635149913472344], [34.25798026605823, 0.6342134702483843], [34.256901180616474, 0.6323495882502398], [34.25395815415502, 0.6311991457246365], [34.25137633393864, 0.629263855964367], [34.25003863195198, 0.6288447027300001], [34.247345275899505, 0.6299907426780762], [34.24721155145372, 0.6304098944872631], [34.24338119828467, 0.6319170621301053], [34.24178481609397, 0.6326305096777636], [34.241075784311676, 0.6326305001217968], [34.24071910384048, 0.6319170739948182], [34.239871833621976, 0.6284791063354273], [34.235310208788476, 0.6269451556755379], [34.23417309504871, 0.627270687046469], [34.23292902113252, 0.6269139480204302], [34.23135492781157, 0.6256118787842366], [34.230307071807424, 0.6252596008126808], [34.22744433970199, 0.626726631829067], [34.226374131246466, 0.627796837047544], [34.22530840534665, 0.6286886293748922], [34.22261515395676, 0.6291925451777309], [34.22247689712866, 0.629219310327687], [34.22052380581866, 0.6286842084456207], [34.21981927108749, 0.6279707505917689], [34.21928861859295, 0.6270789372064184], [34.21882488885121, 0.6267132654467981], [34.21769231621711, 0.6258259382448508], [34.21739797392465, 0.6243321349415022], [34.21231460657673, 0.6225618401577965], [34.21185084079825, 0.6228070985097091], [34.21185084079824, 0.6236811167485748], [34.21132022601683, 0.6240377903958565], [34.210254490962704, 0.6236811137436447], [34.20942067573894, 0.6240957623115028], [34.20919323939489, 0.6242117135932321], [34.20751217766903, 0.624720055258617], [34.20741852049886, 0.6247467829162384], [34.20724011349959, 0.6245327589637673], [34.20382443764411, 0.6222051479002416], [34.20316897816163, 0.6226019799486728], [34.20192489850012, 0.624381194350143], [34.201220387484135, 0.6247378879172804], [34.201193577948125, 0.624733407398774], [34.19867420943221, 0.6240556442885313], [34.19856272606168, 0.6240244347268098], [34.19714473715318, 0.6234848758871748], [34.19592297324904, 0.6219019100124389], [34.19281944858184, 0.6194717084417167], [34.19272127913635, 0.6195564097924005], [34.192364576117576, 0.6195563907724387], [34.19206132652967, 0.6188786189340703], [34.191530764564114, 0.6177059152827514], [34.19148172157604, 0.617594405394289], [34.19148172157604, 0.6165242003022284], [34.19159312887882, 0.61637709184977], [34.19164217180614, 0.6152132422438715], [34.19024206207811, 0.6147405602620108], [34.189889761476294, 0.6142054780199444], [34.19020192771023, 0.6136837986556555], [34.187664686560026, 0.6121097355236532], [34.18746400879103, 0.6105490277884829], [34.185756235589636, 0.6100183824967157], [34.18580078439312, 0.6070040436918482], [34.18692001280697, 0.6064110137128496], [34.18681301211784, 0.6055726838608895], [34.17732847806591, 0.6054879554037229], [34.16723755233595, 0.5990311923895878], [34.16689415819402, 0.598982117528748], [34.16635020765217, 0.5984648656980627], [34.1617439378115, 0.5955129660665034], [34.157547920274396, 0.5904474194806514], [34.157333848967944, 0.5902333675043165], [34.15521135794338, 0.5880885404619868], [34.15361943567341, 0.5868400239155126], [34.15264741045247, 0.585372939707353], [34.152045396391706, 0.585047434006046], [34.14946353221399, 0.5841065480867066], [34.14625305530019, 0.5826082773549135], [34.14581153045104, 0.5821936393144057], [34.14063905159935, 0.5810208518425478], [34.13964905792948, 0.5817833801092283], [34.139336971233064, 0.5823140362018977], [34.138699295633785, 0.5825547792385569], [34.138694880875555, 0.5825548096715112], [34.138685881560036, 0.5825235742509449], [34.137794095884864, 0.5801602888134131], [34.128175852057154, 0.5550242922213257], [34.127386533771, 0.5403003351026678], [34.12719480718306, 0.5367018662643933], [34.125214938917054, 0.5331613329860866], [34.117861951817495, 0.522829616341719], [34.12242358810961, 0.5199668674136306], [34.12306120873529, 0.516051754278465], [34.1228783889517, 0.5158689594271062], [34.123310940132235, 0.5154052042951888], [34.122856141465576, 0.512894708707926], [34.12044370028803, 0.5104867894553696], [34.11845943829807, 0.5083553532665396], [34.11819636130892, 0.5064423948400679], [34.118035865287766, 0.5052339665479533], [34.11860210077407, 0.4988530028824629], [34.1187983462291, 0.49638266765591227], [34.11771478747236, 0.49493793972897926], [34.118084863309605, 0.492521115223761], [34.11789311700009, 0.49232486549958865], [34.11789311700009, 0.48821357396431864], [34.11931116390897, 0.48446796148464744], [34.119476158282026, 0.48337546360387246], [34.10833280003468, 0.47523763326880886], [34.095927579057175, 0.46155265817066327], [34.095249845520065, 0.4610532335545921], [34.093528605497134, 0.4603709813756353], [34.09281517828142, 0.4595727953209996], [34.09270364902837, 0.4591135060537409], [34.092605540546856, 0.45869879319566137], [34.09165129199432, 0.457352167801068], [34.09071045458731, 0.45702216020694203], [34.08981420359, 0.45421741174680597], [34.091107313160066, 0.45075716916004094], [34.09163345388942, 0.4422892896689693], [34.09156660343653, 0.4419905464034964], [34.09241832718449, 0.439961657086622], [34.09226220249684, 0.4383251789001204], [34.090362607299355, 0.43638098581020374], [34.09032251346025, 0.4361848164271403], [34.08981420359, 0.42635246003347577], [34.09226220249684, 0.42216984082502484], [34.09946812139039, 0.413782254828086], [34.09995420894357, 0.41368863163561864], [34.100698835998394, 0.40909576032098033], [34.10079251911024, 0.4075127653275381], [34.10139895141662, 0.40418632028927215], [34.10559494405851, 0.3943450531817902], [34.10575996343797, 0.39356023465574624], [34.10580896810572, 0.39347556169989384], [34.10643328695036, 0.39174094047124103], [34.108783170560095, 0.37875604389768136], [34.107900262175, 0.3694052822786254], [34.10008348078415, 0.3598806693068347], [34.09809027875632, 0.3535576922040082], [34.09895977786934, 0.3497763544900943], [34.091374885917695, 0.344514576806149], [34.08388807204854, 0.33738450637578593], [34.08097625788251, 0.33148067142454285], [34.07433215331659, 0.32995116325941776], [34.073235233750154, 0.3260004300980509], [34.057084403965405, 0.3246269871827298], [34.05951459137102, 0.313532754224742], [34.04834457375266, 0.3034596440946571], [34.04906693369637, 0.3005434123597204], [34.04904016398902, 0.2992145943665314], [34.04904016398903, 0.2968958958358451], [34.049276501990285, 0.2961913239727947], [34.04162023234465, 0.29113917878865864], [34.0402066653743, 0.28063798268169515], [34.04081758193106, 0.2798665443115122], [34.04082200145716, 0.2789881190192749], [34.04196359185981, 0.2780695340781152], [34.03776312814485, 0.2727052567976364], [34.0288136976773, 0.2693073832155348], [34.02790400077484, 0.26906213212113894], [34.02352071888812, 0.2628907673576099], [34.02304807860173, 0.26075039072938544], [34.02274485646601, 0.2601395190929064], [34.023239770236245, 0.25807493568469925], [34.0217058858412, 0.2543158921995244], [34.02041714457928, 0.2533393540094051], [34.020417144579284, 0.25246091887479205], [34.018441832716555, 0.2501421729275357], [34.015530048456355, 0.248131107711696], [34.01449550146374, 0.24581238914672723], [34.01206972374458, 0.24204001036062076], [34.00843114882048, 0.23792870892597387], [34.00721822994074, 0.23415186914379127], [34.00683920011391, 0.23363014340851626], [33.97700339606631, 0.1927580244436956], [33.96701054334767, 0.1790641271148314], [33.9153250817975, 0.10825359402190196], [33.914437746616294, 0.1080529346357791], [33.91331848014581, 0.10788349154483735], [33.913260520649004, 0.1079057817100597], [33.911820202660856, 0.10024952086832228], [33.93193078103135, 0.03464275968069767], [33.937937153647695, 0.015499832126206974], [33.94581642791982, -0.009622751840434804], [33.9509488615686, -0.025978695183853994], [34.01110213220075, -0.025907372848783493], [34.019396084729564, -0.026973102922097345], [34.030155870787475, -0.017368172242017504], [34.042132976410954, -0.00013822013550415243], [34.06614525055891, 0.08749647157780614], [34.06599808720875, 0.09050636321647976], [34.06951634756751, 0.09785942869472608], [34.07272241017384, 0.10177898776107015], [34.073970989488544, 0.10632280539843447], [34.07348051464552, 0.11358223636915273], [34.07183507241315, 0.1196465760327275], [34.084133239205734, 0.12264310758711616], [34.08686673167403, 0.1263218986098871], [34.09247184102535, 0.12546124955871393], [34.09374707500151, 0.13066503826230036], [34.097483824304064, 0.13451767430171163], [34.105131223554345, 0.13573502126705322], [34.10289276202772, 0.13115107987771027], [34.10622368072259, 0.1280966245191145], [34.1109146505276, 0.1354630184052825], [34.11420994648392, 0.1451616021966303], [34.112707235752666, 0.15382558685391837], [34.11318875131736, 0.158610237942102], [34.111726192940154, 0.17029755103304955], [34.11155226734293, 0.17745437199789552], [34.105528018974866, 0.186163003611506], [34.10819462254524, 0.19532202676995888], [34.11077197593161, 0.20012891554071197], [34.10945655651782, 0.20597924403307954], [34.11254222903593, 0.20953315523507143], [34.11466478862173, 0.21446047614343428], [34.11577063314041, 0.2232850023916342], [34.11569029809306, 0.23903905172275647], [34.11689429727801, 0.24323502803996472], [34.13183230286535, 0.25131940952772586], [34.1386368947042, 0.2582845164986651], [34.14598988943208, 0.2688124270707298], [34.14849146221721, 0.2748411776143007], [34.15814989760809, 0.29067986457663286], [34.158760783357266, 0.300521134339363], [34.17432309559576, 0.2955581593879326], [34.179187973222575, 0.28899882103894786], [34.18428025761688, 0.28611378701362683], [34.18678628313914, 0.27819438919171846], [34.191004526814865, 0.27361492055988806], [34.20254023819997, 0.2681524759902032], [34.20620563435586, 0.26884811732572383], [34.20768159170425, 0.274453196425519], [34.206232357560594, 0.28330451152873326], [34.2076459613378, 0.2883254510913241], [34.23737924724068, 0.28965428797881637], [34.244656502762886, 0.3016314272126203], [34.24991822422531, 0.31337667525940005], [34.25689668687287, 0.3150756063785101], [34.263563034386046, 0.31521833528382137], [34.27057273145557, 0.3127211980211833], [34.28516295189985, 0.3098183291721353], [34.28695104774536, 0.30732122401539347], [34.29376457142768, 0.3097559306990472], [34.30144308277326, 0.3101928970064211], [34.31248827320772, 0.3092921622311643], [34.321856909008034, 0.30950618350280285], [34.3330135088284, 0.3113835055271043], [34.34610545902912, 0.3074550183105914], [34.356584354358276, 0.30579177106335553], [34.36230982568916, 0.29825591464432494], [34.36613574708012, 0.30009301437345826], [34.37065731632804, 0.30655875858823717], [34.380155205302344, 0.3144959662286945], [34.38301794560807, 0.3179205317219259], [34.384756915031794, 0.32450661329256564], [34.383981033580966, 0.32899692819605797], [34.38617497236305, 0.3376208645412925], [34.39315342390819, 0.3404211416211172], [34.39742083797557, 0.3441534055483981], [34.400854327602865, 0.36060747836314305], [34.405063725827695, 0.36326511665573025], [34.41903410804878, 0.3700608232804363], [34.42338168537479, 0.374493138691153], [34.41486481631475, 0.37929114807711495], [34.409063518016296, 0.3862785637680611], [34.394388573156945, 0.3952992805547308], [34.38417729057472, 0.3988398515319524], [34.37862570829349, 0.4052609376980943], [34.36565414974016, 0.40455194167704817], [34.3600490687589, 0.40708470625165016], [34.35812718950666, 0.41028186990827425], [34.34932495368685, 0.42088563448356425], [34.34331403473399, 0.4254740199110205], [34.34624369387385, 0.4291171528727521], [34.34999822919325, 0.4307982362876638], [34.35629453515611, 0.43123967737507174], [34.361208460200764, 0.4371078246138337], [34.36227417231855, 0.4577177792592999], [34.368240450032786, 0.4582930458906953], [34.37619102377144, 0.46148131007618004], [34.38053867613591, 0.4585026094474116], [34.38995177582026, 0.4622839020199911], [34.392060992408126, 0.46794252807406417], [34.39009002696623, 0.46895028144719153], [34.385149340478556, 0.49066166598114136], [34.38587619078306, 0.4954105758926918], [34.39001425554434, 0.4991740491213258], [34.40070712031732, 0.4994951454721715], [34.406035800158186, 0.5015507945392256], [34.40864436684164, 0.5046097302610139], [34.407431508875156, 0.5105135634732296], [34.40006055660573, 0.5198732170530388], [34.393193551714795, 0.5339461549039173], [34.3889708045043, 0.5399079754734749], [34.38391414693062, 0.5418120142191732], [34.3807705020345, 0.5452900906271769], [34.37803706843759, 0.5508371867418492], [34.37108088142706, 0.557213700986164], [34.36830734851861, 0.5617887393386249], [34.372646073238506, 0.5685665791147422], [34.37495587461674, 0.5760667775543725], [34.37703378070282, 0.5788091660018493], [34.37012662924957, 0.5901530878945467], [34.37081778355196, 0.5967793520447465], [34.36958264417522, 0.6039718370647503], [34.3707107489821, 0.6077130737509211], [34.37557569522497, 0.6066785245435277], [34.37888878298258, 0.6130059929730469], [34.37932128386282, 0.6251748603951047], [34.38374024140324, 0.6333618219845653], [34.38313834276104, 0.6439164625263184], [34.391971761898915, 0.6463020893408375], [34.39347004365963, 0.6492718658749281], [34.41710326853948, 0.6596214682892371], [34.409255233308805, 0.6813283690757439], [34.415712029082684, 0.6899789865343731], [34.409299839853645, 0.7097863020495396], [34.40792642194244, 0.7157124658605076], [34.40411838936939, 0.7251702285377616], [34.40453756201231, 0.7295357057153565], [34.408920810468864, 0.7277565289447394], [34.41353600469311, 0.7301242916362886], [34.42246760409662, 0.7316002574183574], [34.43150170673343, 0.7264098474025197], [34.43265212297476, 0.7295713643660152], [34.43370005068007, 0.7393947579120991], [34.432982140310635, 0.7442863820126108], [34.42446078163939, 0.7597059365597862], [34.42409958925265, 0.767076850304152], [34.416800021169806, 0.7680980048848988], [34.41151160216404, 0.7673265755870834], [34.41022734617052, 0.7621540384914727], [34.40602242616731, 0.7570661895244823], [34.399480947751165, 0.7565979798232395], [34.39374653474028, 0.759389397056408], [34.386148218372064, 0.7677679999349006], [34.38227320683755, 0.7740687251174946], [34.37661913479503, 0.7733508413721455], [34.373248043186834, 0.7745636613518136], [34.3707107489821, 0.7723920776098646], [34.36696064687299, 0.773422142851769], [34.36288950852794, 0.7765792106918993]]]}, "id": "00000000000000000781", "properties": {"shapeGroup": "KEN", "shapeID": "32016919B17784979587790", "shapeName": "Busia", "shapeType": "ADM1"}}, {"type": "Feature", "geometry": {"type": "Polygon", "coordinates": [[[37.38582561827246, 0.27442201119769466], [37.382646291310344, 0.27271417802084497], [37.37879361086996, 0.27350789592441466], [37.37461546700352, 0.27119363616548536], [37.37245725548108, 0.2627123942459839], [37.36364161597662, 0.2580348071829229], [37.35981570877011, 0.2511008864794298], [37.36208086636251, 0.2481400592446891], [37.366954681279836, 0.24649911468904845], [37.363012852346394, 0.24127750894651642], [37.36377532536807, 0.23747390870169677], [37.35902196522338, 0.23257331868585604], [37.35730961783933, 0.22680324228298998], [37.35487054629964, 0.2239672404048257], [37.354643130194155, 0.21677921950391968], [37.35158415395343, 0.21342595192365765], [37.351535145986894, 0.21054094264816184], [37.34837809749002, 0.20795464465523186], [37.34856981583133, 0.19629855261488638], [37.3336139906148, 0.19225415938833576], [37.33809093001212, 0.18419654223655457], [37.32913701469727, 0.18240845952468762], [37.32197573211235, 0.18330472550798357], [37.3072027296589, 0.1797196054782448], [37.302279864851414, 0.1716664526494351], [37.291087573231884, 0.16092004573606075], [37.280791490509614, 0.15241654234249072], [37.281687726825524, 0.13406290137945395], [37.27900339204626, 0.12824375051015025], [37.274633439382875, 0.12338334067714472], [37.26235755004618, 0.11218208930311734], [37.25339920188412, 0.09809130825749081], [37.25042946824953, 0.09764536791666678], [37.248026023555525, 0.10508765766435223], [37.235045523532534, 0.10245677386989192], [37.23353840208611, 0.08367056583786757], [37.2202101245073, 0.07534096424523258], [37.211149201798506, 0.07266999208612598], [37.20141053669718, 0.06777836404929798], [37.19842745629079, 0.06447861137127947], [37.18753385166454, 0.05862381186140349], [37.17366601725916, 0.05667514601371598], [37.1643821659454, 0.05339324917214571], [37.15368480995393, 0.05124846604734172], [37.14937730931576, 0.04712378193981974], [37.139718863159175, 0.04071607895612245], [37.131879805121834, 0.039485358859374736], [37.1252045174953, 0.03978858180032122], [37.110636611490825, 0.03913750561135263], [37.097629452615315, 0.030727644950740988], [37.08810036237196, 0.02264333900554547], [37.09746889621504, 0.012748576213947238], [37.100246913634635, 0.010808853954424389], [37.1055353920427, 0.0016097335838963025], [37.10668591019017, -0.004726664627355146], [37.11098891995165, -0.013613634286115266], [37.12470953337572, -0.02607682508814833], [37.13150076980187, -0.029826899789573817], [37.130466305715, -0.03687229713427198], [37.13541142880055, -0.04134480199364224], [37.30778686435281, -0.1510743361014571], [37.52754473877573, -0.18144972497996903], [37.590761424213895, -0.18326457724261214], [37.59344582708326, -0.1882543420138896], [37.59768644086877, -0.18969461179418273], [37.602867890869604, -0.19451492767140563], [37.613431526905806, -0.19428305584048142], [37.61805111835426, -0.19911667599830798], [37.622982900566946, -0.20160934295299468], [37.62603289130639, -0.20487339714821645], [37.63619970283616, -0.2086457953267396], [37.64046704208216, -0.207419569382066], [37.64255834509907, -0.21162004448205723], [37.646067666119045, -0.2133055431566451], [37.65412970645845, -0.21236024507330598], [37.661665625677266, -0.21647154322825019], [37.665513811921834, -0.20421347327735537], [37.67005316622339, -0.20695131992398053], [37.68396552695813, -0.20729466282605183], [37.68917376950489, -0.20399050655665957], [37.69527383633164, -0.20464153929142895], [37.69893475572772, -0.20290695667372202], [37.71257516867492, -0.20273748625110188], [37.71648576341381, -0.20169406095602907], [37.722416418788335, -0.2032993513347143], [37.72832912950224, -0.1994288551377893], [37.73238693223815, -0.19914793156988864], [37.739637440560365, -0.19101448700559764], [37.74433729983727, -0.1876211517011383], [37.74725361982677, -0.18936909475628697], [37.74925568580747, -0.1859043793945033], [37.753456179517755, -0.18274290580958993], [37.755868555066904, -0.17705752100474403], [37.756051381073625, -0.17329404084866687], [37.75968558632655, -0.1683042835746776], [37.764670816220764, -0.15902937888517976], [37.76811772253061, -0.15630486090964413], [37.777874258265136, -0.15890007929462552], [37.784455868223226, -0.15454799396460528], [37.791666246041615, -0.1577630187258649], [37.79662923949159, -0.16198129913754], [37.85720607020653, -0.12104678057939758], [37.85736215525484, -0.11757757070516296], [37.85172586822049, -0.11276620301483442], [37.855105849934944, -0.10956455187829371], [37.85335345845478, -0.10617565316172084], [37.84950079305212, -0.10501629887471492], [37.86236972302689, -0.06887083392100388], [37.84834142931495, -0.03036645352115545], [37.85013394525837, -0.018674741084973495], [37.854071341198804, -0.011834436257600337], [37.866155534928254, -0.012530096082249195], [37.86823348215152, -0.010893558941049278], [37.87404364663045, -0.010523476178230101], [37.87720959637496, -0.014625855572278081], [37.88199867111073, -0.01655663515904316], [37.89171062633394, -0.018572178605998295], [37.89421219375542, -0.003018813535208945], [37.89779729656384, 0.0036341770589214182], [37.899968867244034, 0.01024699793048084], [37.907281797745966, 0.00694283539156131], [37.9187194306146, 0.00755369091400201], [37.926090291248265, 0.006786746629591029], [37.92881033673525, 0.008476741271375718], [37.93494603539221, 0.006907164973583134], [37.937594732168535, 0.008383116187766607], [37.938789786084335, 0.019200878725381135], [37.94201816292396, 0.019825163296160932], [37.939913501021145, 0.02742795522713268], [37.94781949510225, 0.028507040547138016], [37.94936234303166, 0.03315789001684391], [37.95666191975794, 0.03957897762152171], [37.952073460470814, 0.04155434201328143], [37.94640152872431, 0.04633453726587048], [37.960189030954986, 0.067078271600655], [37.96395699919997, 0.06841154288623835], [37.9763844706503, 0.06827332130732346], [37.979991942006514, 0.06662790894830276], [37.98614098912042, 0.06640045030495006], [37.9931195115278, 0.06891987686295496], [37.99876025907887, 0.06711837863140982], [37.99987054679252, 0.06406835849085242], [38.00357606077286, 0.06534367355855825], [38.01537931834738, 0.06144643309368694], [38.01869243504066, 0.05834287711651504], [38.021831670372954, 0.052822497166825175], [38.028310706275704, 0.05137327546525888], [38.02994718572546, 0.04631665988152313], [38.03298383497502, 0.04400243003425672], [38.03306409983958, 0.03924452469595204], [38.04269132076018, 0.026371150238548927], [38.04685169750863, 0.0287656440473872], [38.05117254895757, 0.026237328421324587], [38.05379001723451, 0.028939562729374462], [38.059849912145935, 0.024756910966603884], [38.062231117573276, 0.027512659663995256], [38.06602581210105, 0.026215072476621335], [38.07213925130535, 0.026464755150330276], [38.07440002468137, 0.03179783815069984], [38.077592692042515, 0.03262280401567973], [38.083474237367376, 0.02994731534974992], [38.088575472633615, 0.042985736120753334], [38.09318168993632, 0.044666805269815514], [38.09432327214913, 0.048149366490007374], [38.0982338724106, 0.05060188749715772], [38.10434287646125, 0.0477034770590364], [38.11362673317997, 0.05740198406140194], [38.11708248703015, 0.054178068805887804], [38.11797881856245, 0.05060189296857648], [38.12204990470394, 0.05282250402914712], [38.123860326676514, 0.05078025171228103], [38.12946990784498, 0.052933973889492426], [38.133674792799425, 0.05015153103370278], [38.13698794407298, 0.04985721625241869], [38.144233949052264, 0.04455085935085451], [38.14796625303373, 0.04022552433654422], [38.1545701957332, 0.034615975982212346], [38.15690229092857, 0.03420577848271202], [38.16032238491241, 0.02945237529819863], [38.1762725812298, 0.026496001576428247], [38.180276904620364, 0.02374023840389292], [38.18213185323779, 0.0203112251086132], [38.189814899525, 0.01767141239375725], [38.192851556753936, 0.01497812820253608], [38.2056402826096, 0.0196200168850871], [38.20891325491567, 0.0189378288098003], [38.214054553246065, 0.014246809155020492], [38.21759954742872, 0.0153660900501708], [38.224016220215276, 0.01183893823730027], [38.22158152394238, 0.006389889434684151], [38.22804274503385, 0.005493611918332656], [38.22974613710628, 0.002541694317399975], [38.23040160465409, -0.005908318029158529], [38.2319578414422, -0.008146784218326831], [38.23762090572982, -0.008918226505913196], [38.239854972028475, -0.014839865334700001], [38.24653466938953, -0.01896454650335965], [38.248764253483415, -0.017912207458214983], [38.25119442301438, -0.012075253311774023], [38.264812512883815, -0.013109780539921184], [38.26826389865322, -0.016025993946641802], [38.27609850423542, -0.016940151149699725], [38.277364919448644, -0.019548693298592386], [38.28286743272611, -0.019276675170063005], [38.289618542671754, -0.023602015879418257], [38.29016700022659, -0.02798534467012906], [38.2937565592297, -0.03373753126247736], [38.29731487829116, -0.034803305622076085], [38.29817551296143, -0.03856232162166058], [38.30249637510966, -0.04127791082921033], [38.303423857839576, -0.043993466849373684], [38.30110963092585, -0.04812707535659144], [38.309131550423096, -0.051475878237670816], [38.314946186821714, -0.05245684245939796], [38.31973972301003, -0.05520810784837702], [38.32678957003954, -0.06331478439663196], [38.33006700259574, -0.06556664381146568], [38.33297881892296, -0.06490665191246933], [38.33957383022082, -0.06037174817306137], [38.346900079061236, -0.061357245108336844], [38.36143677927926, -0.07183165514518466], [38.36457157116895, -0.07528744039861401], [38.369726236147756, -0.07797184826313426], [38.37519310520417, -0.07883242760558053], [38.37904577143151, -0.08377314866749824], [38.3839909420726, -0.08502612112205106], [38.38801748335375, -0.0820920494631704], [38.39156250468592, -0.0734681750370212], [38.396833140546015, -0.07227754535661839], [38.40346824817027, -0.07493965395754815], [38.409898335371736, -0.07393190650281055], [38.42070266620682, -0.06928549897183074], [38.41973506604108, -0.06627559754626987], [38.413536936132125, -0.06449196043130605], [38.41154819632923, -0.062342684829582815], [38.41243104420594, -0.057562543625145256], [38.41057604639511, -0.05565852111491535], [38.41342540833249, -0.05152490373021333], [38.41042894193597, -0.048956453165798004], [38.40970658365171, -0.043837424835393504], [38.40658074377732, -0.04086320735838677], [38.40713811716964, -0.03741187840898781], [38.404970991685886, -0.03327383513729108], [38.40477031198474, -0.02814585116415393], [38.40013282794204, -0.020101608139174824], [38.402304447815816, -0.0171541809740409], [38.396445224169796, -0.011642694530501372], [38.3950539270031, -0.007781104015274004], [38.38608220029005, -0.0029697523070523254], [38.379513963313734, -0.0011370555088902538], [38.3785017392524, 0.004249520816629002], [38.376325726739786, 0.006688634831814678], [38.37200482234059, 0.007116739653033857], [38.366591526161, 0.016467475485982805], [38.36356819989589, 0.0174216972264571], [38.35805682110072, 0.021809456757467337], [38.35541700603739, 0.02786489509040316], [38.35530104111016, 0.0333496392543311], [38.35764207915734, 0.03998030335844632], [38.349316960987366, 0.04481840050276665], [38.345272566632275, 0.04817612091842605], [38.34826907488198, 0.0545303332640188], [38.3486614514055, 0.06322561162841132], [38.34192820092141, 0.061977052787998345], [38.340073246695056, 0.06356892108305577], [38.34103195829868, 0.06922308061331771], [38.33678690030004, 0.07218392090180406], [38.3312798996689, 0.07264765807950378], [38.32542954024679, 0.07714691536686018], [38.32454666380014, 0.08199843415023651], [38.32653543084737, 0.08453563015888509], [38.32754313811073, 0.09030573118714791], [38.32986633823916, 0.09375257290735614], [38.3293133826162, 0.09744029703445178], [38.32168835063928, 0.10055716687166545], [38.32023020199823, 0.10724585652132355], [38.318517932232645, 0.10904287772224137], [38.31224395201856, 0.10955567519700522], [38.308471544720526, 0.1131363207613281], [38.30534577793831, 0.12332087346396611], [38.30692874491464, 0.13200275903731534], [38.30319198836306, 0.1465438979538069], [38.30073949517839, 0.1512660908689189], [38.300382789189726, 0.15514550366995233], [38.2978366494357, 0.16109394800073812], [38.28779471602946, 0.16713602388687976], [38.28357193867987, 0.17376224299393517], [38.27608957326802, 0.1787386278620213], [38.27191143960644, 0.17934501794235222], [38.26400987324773, 0.18504376797949668], [38.262418004570925, 0.1925484544083563], [38.25881058937154, 0.19411803772341768], [38.254315796413486, 0.19962950279203845], [38.25048547167968, 0.20061495903658702], [38.24562056599347, 0.20391022570898454], [38.24331070099716, 0.2074819469817675], [38.23798213218194, 0.20732587706669037], [38.23371032589393, 0.2134170286665404], [38.228461914247, 0.2166275870162235], [38.22213448376925, 0.21617720457118947], [38.21378259084057, 0.22150583414511155], [38.20353556383377, 0.22514895067816235], [38.19885349439229, 0.2251712034179188], [38.1965124583822, 0.22868055760912043], [38.195901610360245, 0.32250002509002273], [38.1765446145925, 0.3300582267043243], [38.0945774026754, 0.563130974926522], [38.062703781077616, 0.6654896017510178], [38.061294659434104, 0.6674382256584239], [37.82597903353312, 0.5617753628244647], [37.58645837969203, 0.48115930455110306], [37.58446073513539, 0.4748987055141104], [37.58659215539235, 0.468629225763585], [37.58159351707175, 0.46300185244906056], [37.58099156275442, 0.4577178097777816], [37.58236493112269, 0.4500570613794284], [37.58099156275442, 0.4423651306249396], [37.58144193170913, 0.4200160875682709], [37.584005915389604, 0.40657639814255747], [37.58562898090497, 0.4017204315559195], [37.59875663031227, 0.4014929797630354], [37.60324247194232, 0.3607323475408418], [37.59217052100006, 0.3401000953903641], [37.58082656492176, 0.32752097489476534], [37.555463164860306, 0.3278197333948321], [37.5526851809736, 0.3240294947793525], [37.54754824363529, 0.3106923140271515], [37.55008102113592, 0.3066657290501289], [37.550054268352824, 0.2957231351799585], [37.54747245487699, 0.290911734388331], [37.54766420352997, 0.2790683595733401], [37.54469895294525, 0.27383339542561214], [37.538589966706425, 0.26940548234678136], [37.53705153557446, 0.2639788015827022], [37.464180909127876, 0.2829567051037806], [37.427785710797885, 0.29780105605959073], [37.39951057708955, 0.29619578998682045], [37.39954626928029, 0.2839956659470039], [37.38582561827246, 0.27442201119769466]]]}, "id": "00000000000000000782", "properties": {"shapeGroup": "KEN", "shapeID": "32016919B42702125036935", "shapeName": "Meru", "shapeType": "ADM1"}}, {"type": "Feature", "geometry": {"type": "Polygon", "coordinates": [[[34.85030491358072, 0.5457315305852141], [34.87021486041692, 0.5301648436536996], [34.87310880435685, 0.5249254000904744], [34.8858840716886, 0.520452879573147], [34.90626666494448, 0.502558517876226], [34.90646729764709, 0.49286000534852564], [34.923309328515714, 0.4748942730058169], [34.956039158545394, 0.4150174419590275], [34.95403255306862, 0.3667744335421489], [34.9470540201358, 0.35421760549770376], [34.93528648981191, 0.3571427611907839], [34.94115464408837, 0.324399579517163], [34.94969384309243, 0.3001064459879907], [34.975788523176526, 0.24730174959006346], [34.977219875265845, 0.2404302562421817], [34.961278548893056, 0.23990408670337993], [34.95515180691788, 0.24105005796213091], [34.94146236731573, 0.20702268925346592], [34.92786208759607, 0.20729469981234222], [34.92514207271207, 0.19919250096755114], [34.91594295001748, 0.17175117508764082], [34.92038419280801, 0.16601680815156614], [34.915617378760814, 0.1559748666358094], [34.91076589092449, 0.15290256209385464], [34.90364467849339, 0.15280447943848802], [34.88367242664767, 0.14277151589187434], [34.88077842085314, 0.13610959294960912], [34.873808849047144, 0.1337864306090153], [34.86543470814288, 0.124288535355642], [34.85928555311911, 0.12106010711768803], [34.85743505301989, 0.11722529886564684], [34.85678851371267, 0.10701844881049606], [34.85817076129556, 0.10052595327283015], [34.85697578999446, 0.09332005039901571], [34.859165140473806, 0.08325589251621482], [34.85427801186645, 0.07983571881282253], [34.852115315228524, 0.0732228931837876], [34.847977306145246, 0.0685140784531894], [34.84663952843001, 0.06407726101595725], [34.8490965261559, 0.06038960341005001], [34.83885397872302, 0.04643260444188719], [34.83750729851059, 0.036279238252964904], [34.825922563008156, 0.03442428314962284], [34.8221279161983, 0.03630601295005318], [34.81042718661381, 0.03685448260098724], [34.80656562670271, 0.031048704584090207], [34.79763851502581, 0.02294206821375976], [34.789803838572105, 0.018781721163850525], [34.78654872997548, 0.013087487783930896], [34.780560102940456, 0.01115665008755443], [34.77918224742858, 0.007228204163737045], [34.766531795283775, 0.0022652117342830186], [34.76532340479537, -0.0017212392086836555], [34.760534352795716, -0.0009631397806395842], [34.759526603118935, 0.007937186050901433], [34.75462155803382, 0.009783255280146064], [34.743741310485, 0.008017472692540295], [34.74015619147923, 0.00508786168821867], [34.73948287938437, -0.0033800032128732914], [34.74429873677879, -0.010523506529841686], [34.74492749176512, -0.016908916694222596], [34.74707232366543, -0.024730172386997824], [34.750568205761276, -0.033055289019037946], [34.755138783632724, -0.032988448121082786], [34.75719441900624, -0.02634884272247866], [34.76041388543314, -0.023383523651745612], [34.76271479128948, -0.0179478888587351], [34.76721408373483, -0.018612298556841378], [34.77470979576563, -0.017238860644041627], [34.77944091308493, -0.019459504046229238], [34.78765012929226, -0.0066485096416022465], [34.789790523428195, -0.004864895594332491], [34.803448751009086, 0.010104316476920705], [34.80978509387066, 0.011174493293011633], [34.81701330891146, 0.018728239631829013], [34.81868987772178, 0.02194323480995173], [34.830671488810545, 0.023905218642936203], [34.81254527495385, -0.001783636747365172], [34.810106182970955, -0.0063096285613295855], [34.80369394619662, -0.012851105580591042], [34.8034219564409, -0.017747247321217345], [34.8090493057766, -0.022839511898107193], [34.82665829019856, -0.028453543508676925], [34.87998027482608, -0.027387787675271547], [34.8915917577194, -0.02564431405857406], [34.90610617527285, -0.029323054623633923], [34.921200218544584, -0.02680809679640493], [34.91984465900515, -0.033385271481685595], [34.92371960009923, -0.03667613097307202], [34.934167225779966, -0.035904672811811485], [34.95516518034322, -0.0309684538673907], [34.952841957558725, -0.026901761952544095], [34.95787632532679, -0.026518256406130973], [34.96464968675831, -0.03232401402549643], [34.97877607105348, -0.024583004853907114], [34.98980795122265, -0.0247747618427474], [34.989419943681256, -0.020128353965341128], [35.0068416989963, -0.029612871922325094], [35.03257964515166, -0.03522692189094259], [35.04225584445314, -0.03619454865068501], [35.04999684212622, -0.03561038919632779], [35.06561260845941, -0.06877272270976952], [35.06996920858307, -0.0644607711026122], [35.07020548631111, -0.05967613365560724], [35.07422319771993, -0.055297321971546645], [35.08219161259047, -0.050240673364449394], [35.08560720741338, -0.05040569606032356], [35.091653756162756, -0.044626665503343675], [35.094900017543985, -0.031766621024808615], [35.10031339207519, -0.028466924251671733], [35.1019275964442, -0.013350538783608083], [35.100291057481634, -0.011125465726532585], [35.102725744975956, -0.005337540538461283], [35.143825296385586, -0.03215014603305884], [35.15244025515496, -0.03657355469373195], [35.15792944474041, -0.03711309631868842], [35.16382435336242, -0.03105318765863519], [35.165425164585415, -0.03253805198546164], [35.17709908081, -0.028471343276751243], [35.18719448258427, -0.029965159813030877], [35.19374042093935, -0.02637560742271082], [35.19940350590246, -0.027423490343212738], [35.20231977189906, -0.030326368625085906], [35.20642655679722, -0.029398872779070502], [35.210457586346955, -0.03333622378890891], [35.21483647917669, -0.033960492633955223], [35.21581742613865, -0.03671625380690896], [35.22123971787314, -0.039052824683354415], [35.22648358432946, -0.06772484327952759], [35.22648358432946, -0.1065680562751953], [35.28007310460094, -0.09935768799556136], [35.30793804019611, -0.08673845641258783], [35.32588140677299, -0.1018146275310779], [35.34096216300844, -0.10951998243864523], [35.371609561066194, -0.11034047603099612], [35.390863950620634, -0.09706127716900721], [35.397423274762865, -0.0906713455871839], [35.40217665308345, -0.08722896146563217], [35.42400399165718, -0.07820369338476685], [35.4036882693818, -0.024471548318094043], [35.41351171390563, 0.005163658499565488], [35.437474951183894, 0.01877727415690628], [35.43483067755605, 0.02546594083667934], [35.40379978438138, 0.10529274786655447], [35.40131605081404, 0.10796373128185437], [35.396259421734065, 0.10901162029221047], [35.39015049055304, 0.10319249689091774], [35.385999045362446, 0.10185478192027345], [35.380652604322776, 0.11416635452387876], [35.374548115627626, 0.1178897272838671], [35.37215797985204, 0.12142131894741906], [35.37082471241634, 0.12724493472329096], [35.33589209767726, 0.14308808395959666], [35.33589209767727, 0.16050089858849073], [35.34028435281541, 0.16810367638585202], [35.33999894415769, 0.1938237324061022], [35.303193524205575, 0.21126775296770067], [35.223389000416276, 0.32754327879162015], [35.22034787711896, 0.3330591821737237], [35.19322318937474, 0.37763236282963064], [35.17554731749225, 0.4191688994219842], [35.17104806370203, 0.42153222368228577], [35.13924577482349, 0.471674779985495], [35.15984685867715, 0.5042083685093321], [35.16522892423585, 0.5461685560451125], [35.15579348829885, 0.5381510575603843], [35.143923399863695, 0.5375490872757884], [35.139321559525264, 0.5347443332981385], [35.12781265860479, 0.5415756754696411], [35.1260557546113, 0.5440549103181626], [35.12216291931572, 0.5433325410520667], [35.11515324310836, 0.5452232075558939], [35.113735236220954, 0.547813914224302], [35.10738106783918, 0.5502709098577274], [35.10540115786931, 0.5545694545659229], [35.098667921116835, 0.5390919360532855], [35.07172603053842, 0.55106015385631], [35.04439621333318, 0.5614810660106117], [34.85030491358072, 0.5457315305852141]]]}, "id": "00000000000000000783", "properties": {"shapeGroup": "KEN", "shapeID": "32016919B10848562282373", "shapeName": "Nandi", "shapeType": "ADM1"}}, {"type": "Feature", "geometry": {"type": "Polygon", "coordinates": [[[34.37065731632804, 0.30655875858823717], [34.36613574708012, 0.30009301437345826], [34.36230982568916, 0.29825591464432494], [34.356584354358276, 0.30579177106335553], [34.34610545902912, 0.3074550183105914], [34.3330135088284, 0.3113835055271043], [34.321856909008034, 0.30950618350280285], [34.31248827320772, 0.3092921622311643], [34.30144308277326, 0.3101928970064211], [34.29376457142768, 0.3097559306990472], [34.28695104774536, 0.30732122401539347], [34.28516295189985, 0.3098183291721353], [34.27057273145557, 0.3127211980211833], [34.263563034386046, 0.31521833528382137], [34.25689668687287, 0.3150756063785101], [34.24991822422531, 0.31337667525940005], [34.244656502762886, 0.3016314272126203], [34.23737924724068, 0.28965428797881637], [34.2076459613378, 0.2883254510913241], [34.206232357560594, 0.28330451152873326], [34.20768159170425, 0.274453196425519], [34.20620563435586, 0.26884811732572383], [34.20254023819997, 0.2681524759902032], [34.191004526814865, 0.27361492055988806], [34.18678628313914, 0.27819438919171846], [34.18428025761688, 0.28611378701362683], [34.179187973222575, 0.28899882103894786], [34.17432309559576, 0.2955581593879326], [34.158760783357266, 0.300521134339363], [34.15814989760809, 0.29067986457663286], [34.14849146221721, 0.2748411776143007], [34.14598988943208, 0.2688124270707298], [34.1386368947042, 0.2582845164986651], [34.13183230286535, 0.25131940952772586], [34.11689429727801, 0.24323502803996472], [34.11569029809306, 0.23903905172275647], [34.11577063314041, 0.2232850023916342], [34.11466478862173, 0.21446047614343428], [34.11254222903593, 0.20953315523507143], [34.10945655651782, 0.20597924403307954], [34.11077197593161, 0.20012891554071197], [34.10819462254524, 0.19532202676995888], [34.105528018974866, 0.186163003611506], [34.11155226734293, 0.17745437199789552], [34.111726192940154, 0.17029755103304955], [34.11318875131736, 0.158610237942102], [34.112707235752666, 0.15382558685391837], [34.11420994648392, 0.1451616021966303], [34.1109146505276, 0.1354630184052825], [34.10622368072259, 0.1280966245191145], [34.10289276202772, 0.13115107987771027], [34.105131223554345, 0.13573502126705322], [34.097483824304064, 0.13451767430171163], [34.09374707500151, 0.13066503826230036], [34.09247184102535, 0.12546124955871393], [34.08686673167403, 0.1263218986098871], [34.084133239205734, 0.12264310758711616], [34.07183507241315, 0.1196465760327275], [34.07348051464552, 0.11358223636915273], [34.073970989488544, 0.10632280539843447], [34.07272241017384, 0.10177898776107015], [34.06951634756751, 0.09785942869472608], [34.06599808720875, 0.09050636321647976], [34.06614525055891, 0.08749647157780614], [34.042132976410954, -0.00013822013550415243], [34.030155870787475, -0.017368172242017504], [34.019396084729564, -0.026973102922097345], [34.01110213220075, -0.025907372848783493], [33.9509488615686, -0.025978695183853994], [33.95616156906902, -0.0426067398791463], [33.965507782960195, -0.07240244627952507], [33.97475149094488, -0.10185925702856675], [33.98424497448728, -0.1321320623391065], [33.977962078294134, -0.16924070476834036], [33.972307987474125, -0.2025992382801003], [33.966002751590665, -0.23982383275058577], [33.959140235392645, -0.2803213886851538], [33.95257640761591, -0.31907543572484925], [33.94950853877398, -0.3371838299513802], [34.23979160924237, -0.33747816422056476], [34.279259082414995, -0.40869888973359303], [34.28457437098883, -0.4161857326804554], [34.28935003700079, -0.42074741930809145], [34.29931162762788, -0.425161887142004], [34.30755657025876, -0.4253491923023791], [34.3166307773426, -0.4229145187966546], [34.324010615305156, -0.4177018521172693], [34.42244526183778, -0.3336209950604521], [34.483419041960026, -0.29927253987580066], [34.42599473264593, -0.13051343588006475], [34.42429135652867, -0.12196086479233978], [34.411426877223604, -0.08299724030458988], [34.41160970017038, -0.07839994131745373], [34.43754826878015, -0.06130374478373061], [34.437708783837145, -0.05906523842785041], [34.44628360288442, -0.05581008938322199], [34.45596878372663, -0.048251931293072405], [34.460481442166284, -0.04237927889531975], [34.4857734722489, -0.02987152769062985], [34.52913375365662, -0.0208462944818862], [34.534114540120925, -0.015366070453801062], [34.53475665356147, -0.013185539090516235], [34.543492038366175, -0.004387735770137297], [34.53729387259863, 0.005364280126991506], [34.54302831309595, 0.008124480474174262], [34.55121519125365, 0.018251086918284486], [34.552093624114924, 0.02187632452205457], [34.553293162944996, 0.040626856673927826], [34.55674895952737, 0.04793535205683236], [34.56018248110477, 0.04686961172029348], [34.55786368163677, 0.05494056084731745], [34.560280582151115, 0.07164883991789472], [34.55915684961017, 0.07791835007866166], [34.55496978556084, 0.08866922149793226], [34.56034741923497, 0.09392650329805333], [34.55511690362417, 0.09929972864347174], [34.55925495180917, 0.10132414890183071], [34.560753256965114, 0.1069292202827733], [34.557493573842734, 0.11100484755715213], [34.545699326782284, 0.11293122171234563], [34.54815180407979, 0.11723871069159757], [34.55239682717283, 0.11750175349697704], [34.552517246155475, 0.12236662856655102], [34.55542905336386, 0.12679455357342834], [34.54949396116632, 0.1313517208743296], [34.54583750229852, 0.13762124536430617], [34.54165039138034, 0.1385710170282055], [34.537235892399806, 0.13720205479559924], [34.532464649562336, 0.13379978124726108], [34.52833108066296, 0.12663845576907046], [34.522899911831885, 0.1244847347061971], [34.51382565687433, 0.13050007496223653], [34.51164960649503, 0.12156844686087465], [34.50710127618806, 0.11836238007935612], [34.50361426322331, 0.12226410544928391], [34.50491186896959, 0.12449365878519655], [34.50027000956377, 0.12755704781107513], [34.495579029113074, 0.12184494304751041], [34.50184846718571, 0.11757309365560184], [34.501710222219934, 0.11395233702007793], [34.495115219179105, 0.11116540004146092], [34.49544077426618, 0.10438310214065898], [34.493162201538226, 0.10219812994936471], [34.48774432880462, 0.1046417368204564], [34.479249752624604, 0.10565393000701784], [34.47356890643542, 0.10259944240841302], [34.473867644851204, 0.11275730678957385], [34.478509547343705, 0.1130070142121181], [34.480079177709406, 0.11528115173189976], [34.473867644851204, 0.11931215275382481], [34.4696403848913, 0.1200033046392335], [34.46436528667244, 0.1227991646649901], [34.45820729223511, 0.12397637051946639], [34.456726859515676, 0.1306873425290889], [34.46956459719227, 0.1307096540889746], [34.4743135514923, 0.13320225048237358], [34.476471751641895, 0.13646631246163557], [34.484007655450064, 0.14047953644783132], [34.4814614508753, 0.14951814072077768], [34.481902921202206, 0.15162728545482498], [34.47735465564836, 0.15544426269828887], [34.46686241853236, 0.15764708333985283], [34.46136873637104, 0.15481551082777298], [34.450925522801626, 0.1529961905687963], [34.43812796621857, 0.14616489488599196], [34.429789382315626, 0.1479395818073116], [34.425392783187405, 0.15300514738288873], [34.43160875234977, 0.15453012511419992], [34.43734316108111, 0.1596358367738098], [34.44173535689701, 0.16802336783426527], [34.43611690493146, 0.1742081729610274], [34.43060539557299, 0.17797612514561012], [34.42946832307529, 0.18314867974591936], [34.42666801751624, 0.1871573733540921], [34.43020411736405, 0.19195090541447196], [34.43275028210628, 0.19810004607368276], [34.4362774225948, 0.20215777897125617], [34.439648479845964, 0.20345540315163124], [34.446974753948986, 0.20386118250740468], [34.451407163186474, 0.20683543032153517], [34.44757232577639, 0.21187862810088734], [34.444816591608706, 0.21860296373570964], [34.42673047128227, 0.21146393360261803], [34.419925881988775, 0.20374081106510056], [34.41580563670803, 0.20225590396708512], [34.41098987806347, 0.19861284834791867], [34.40773918989201, 0.19200891820349014], [34.4004307356487, 0.18582409786381818], [34.38772669000374, 0.18004068285951166], [34.38509583186851, 0.18059804285760386], [34.38563540376029, 0.18701914456651164], [34.38849813618292, 0.19247707101778258], [34.38920718004906, 0.20011998511279824], [34.39166859760856, 0.20617102041074542], [34.39022379088225, 0.21600333976778122], [34.383793750832666, 0.22909521101527777], [34.39045118907543, 0.23337598974723517], [34.39809857333812, 0.2340760458945551], [34.39899936244939, 0.23816952615795428], [34.39882540191787, 0.2544452410497716], [34.40141166452416, 0.26156643257399703], [34.39179787220401, 0.2702259884195982], [34.38951483982313, 0.2760049985175086], [34.39726473631424, 0.28241719384768177], [34.396916892738346, 0.2853869066285448], [34.391623982167324, 0.28777701642480913], [34.37065731632804, 0.30655875858823717]]]}, "id": "00000000000000000784", "properties": {"shapeGroup": "KEN", "shapeID": "32016919B12007380424127", "shapeName": "Siaya", "shapeType": "ADM1"}}, {"type": "Feature", "geometry": {"type": "Polygon", "coordinates": [[[35.64014998125612, -0.06096929406359966], [35.63599855122473, -0.06423782670135468], [35.62912704954676, -0.07171574787138783], [35.62335700713283, -0.08134738636231052], [35.614973848521295, -0.08438851230099922], [35.61645872620958, -0.08819207334178936], [35.61441204763367, -0.0914294282987701], [35.62108732031811, -0.09670452450479396], [35.622349238716545, -0.10399514464455897], [35.61273538284685, -0.11062582701553442], [35.61183470555809, -0.11433134483147638], [35.603723566732675, -0.12299094641714528], [35.598609009602164, -0.12263418471566878], [35.59689220617513, -0.12897506076673843], [35.600628967149255, -0.13662684117408067], [35.59971037845439, -0.14711022792604128], [35.60187751994643, -0.14790392008443057], [35.60274701400398, -0.1539594081081207], [35.60732649490758, -0.1546996194312048], [35.60943126472927, -0.1587707631275239], [35.611981815201595, -0.1585700735204742], [35.61573189385249, -0.15393709550471893], [35.626063710980766, -0.1507755573536948], [35.62897988782556, -0.15338414755647647], [35.63938299051587, -0.15064625994205363], [35.646816361300694, -0.15155592739494922], [35.65129775468698, -0.15702277843443158], [35.652849515720405, -0.16431342268136684], [35.66675739569471, -0.16252085178968745], [35.66953543035134, -0.16318970353944426], [35.6645992576144, -0.18565467903534527], [35.672509645167516, -0.18891874483132223], [35.66277095292847, -0.19418939489224335], [35.66039872280638, -0.20496258583160507], [35.65472233106691, -0.20661246808563782], [35.65409800854149, -0.21380942987120868], [35.65615368429393, -0.21778696687663163], [35.654142626996936, -0.22328058348336174], [35.65655498902353, -0.23610941929012472], [35.65239915282202, -0.25165829465753586], [35.65173027585371, -0.25769147698506856], [35.648555369470934, -0.2665828844681614], [35.64542954827109, -0.2713228958925652], [35.63908428338614, -0.2716350719004686], [35.63117377086572, -0.27561256407299906], [35.63023292288839, -0.2877680617122542], [35.619557806967485, -0.29389044809914616], [35.617140996460044, -0.29013588632856113], [35.610528146514106, -0.28874911270923403], [35.60369235595013, -0.2935738129041708], [35.60074046225705, -0.28320641645089684], [35.59345423305024, -0.27681654665096894], [35.591313907428884, -0.27753447667333264], [35.59140304706554, -0.2849053234601902], [35.58398317049616, -0.2920131476681542], [35.58009922170358, -0.3080079599112049], [35.56821131881248, -0.3034061288948264], [35.57147087594606, -0.28222540960450915], [35.55864653157344, -0.27346772424367266], [35.52812395787387, -0.25961332754251704], [35.524592340943855, -0.2701145066521562], [35.5105640064293, -0.2706050263249916], [35.50274274727866, -0.2690889255887751], [35.5014897384102, -0.2704712049069432], [35.4890667252436, -0.27391365209165136], [35.4692861439407, -0.27774847827057964], [35.45464245555616, -0.28703679182592423], [35.41246829247639, -0.3024385396400238], [35.45108858006013, -0.36540101615416265], [35.58664971374581, -0.5881064050228547], [35.58685479670267, -0.5884407934018402], [35.60079837956504, -0.6715539793900261], [35.61076896618193, -0.673877165601484], [35.62671911957311, -0.6841821566753409], [35.64213428036111, -0.7022281359324859], [35.64506839076974, -0.7025848650191796], [35.64691444736814, -0.6968549373510098], [35.649759308217305, -0.6945629440500605], [35.65216279468975, -0.6860327018969556], [35.66321692135407, -0.6807887756139771], [35.66298951779397, -0.676039878096583], [35.6654910048763, -0.6686823141835648], [35.670993534820035, -0.6596615499816553], [35.67600118414938, -0.658729639866257], [35.676130417198124, -0.6554165017136138], [35.68044684801065, -0.651296308632485], [35.6801793080968, -0.6477914663422691], [35.68415679831662, -0.6401574436512851], [35.684526950220686, -0.6276050713020986], [35.68308218095462, -0.624559505209082], [35.686814434350126, -0.6182588394847286], [35.688830007255376, -0.6069683769525365], [35.69125574672285, -0.5996108326221553], [35.70296535120085, -0.5895600530961415], [35.708334125036366, -0.5811100302611932], [35.71051458637055, -0.571563096325261], [35.70968517965932, -0.5638087139408929], [35.71057700821144, -0.5615033716890027], [35.70845897207542, -0.5555549389184685], [35.70915904531723, -0.553517113016208], [35.71541517757021, -0.5535840045241379], [35.722750335117354, -0.5477693767479981], [35.729251699300455, -0.5376115324605678], [35.73230176272114, -0.5343786698727963], [35.73842853258908, -0.530815835456712], [35.77117616054842, -0.5368534973193604], [35.77446253210046, -0.5211529572168069], [35.79461764943373, -0.47150980743086357], [35.792771590547346, -0.46722906607876363], [35.79538023722603, -0.45936765249885453], [35.799237354027845, -0.4560055107049385], [35.81072842318867, -0.4575305051458712], [35.8144472957483, -0.46601618116438653], [35.81278406236898, -0.4756969225565601], [35.8137071141754, -0.47657980676812906], [35.827927162865535, -0.4725264775732324], [35.83028159752681, -0.46668503552001983], [35.83515093520277, -0.46658252248067184], [35.838071628596246, -0.4725665970434641], [35.83033061109834, -0.4945054118853784], [35.88814730396143, -0.5269052185615402], [35.9030496744768, -0.5473858477489986], [35.910380386153015, -0.5497135158073176], [35.93160574649576, -0.5511270800271891], [35.93512396821999, -0.5563977107834707], [35.943489230615675, -0.5552026835412578], [35.94601753931622, -0.5583731133694373], [35.946895992662355, -0.5657395116612983], [35.95119455561684, -0.5705196554870454], [35.98143172350497, -0.6303429555220498], [35.94932174252338, -0.6656679830300795], [35.91482167787897, -0.6351944965999925], [35.875581564157216, -0.6370940924229758], [35.878809968216146, -0.6425163173182601], [35.87611225269331, -0.6504847413993461], [35.89128655534571, -0.6496241130625438], [35.92940742207974, -0.6965561930918778], [35.92883221238684, -0.7055635460273599], [35.94587486865793, -0.7143078819507154], [36.01109814481216, -0.6634740836227065], [36.01643565406517, -0.6682765621058359], [36.02106420010234, -0.6705551494136711], [36.02862236529943, -0.6788668981364442], [36.062038872506946, -0.6569013750349035], [36.09748427055843, -0.6395911696467577], [36.100257880147204, -0.6759373009423933], [36.141856845965, -0.7121184638590958], [36.14515209866855, -0.7116769707186669], [36.153004591725605, -0.7145218862693001], [36.15134579625327, -0.7192485622521624], [36.15392314602321, -0.7277609882525039], [36.158163735461656, -0.7325188140793748], [36.15879692007797, -0.7414682560503975], [36.16111565242008, -0.7451381081767408], [36.16693032493411, -0.7463732779253704], [36.16969051308112, -0.752419784837386], [36.18075355865226, -0.7587070994864696], [36.18778999196893, -0.7648249928295202], [36.19178089321533, -0.7663768086712737], [36.18178361969512, -0.7789068263139098], [36.18984568806738, -0.7853012018688126], [36.18710775747795, -0.8046849057000273], [36.15706234152168, -0.8369910994548914], [36.16877198033847, -0.8723071864004288], [36.188936009744246, -0.9082921209258031], [36.184227163782104, -0.9126130179428995], [36.184606234648804, -0.915493567741215], [36.19318552869491, -0.9156273337890687], [36.20349495915747, -0.933486060019907], [36.262524515440205, -0.9131882383062895], [36.33392363334733, -1.0493647352810118], [36.48926536938046, -1.1225340744883514], [36.53373148876847, -1.1559060394036478], [36.54165533816368, -1.1270021230042704], [36.5638527293803, -1.1001092764125462], [36.566951847778604, -1.101496075518503], [36.58827080094608, -1.063379657180349], [36.58684830844842, -1.0527402448490744], [36.584253176916775, -1.0443794444164578], [36.595409801218366, -0.9916996150449351], [36.5940274876626, -0.9834146175522457], [36.5885026754612, -0.9820322936249684], [36.584913072172625, -0.979272077937111], [36.58436013835506, -0.9726414091568106], [36.584913072172625, -0.9618726621823331], [36.57994566861722, -0.9480628760874896], [36.572485581524596, -0.9422615910782267], [36.57607511983555, -0.9381190675754978], [36.57801041916967, -0.9292810905592557], [36.574697312567, -0.9243092218388673], [36.56834306713028, -0.9215490283505514], [36.5611594530407, -0.9243091987139521], [36.55284772064415, -0.9199972753727405], [36.542921701401156, -0.908220793054705], [36.54463845983299, -0.8947676726738357], [36.550363947791006, -0.8687220518401999], [36.54693048812975, -0.8581317301261712], [36.54836181614116, -0.8501142119760244], [36.558096036823706, -0.8378071050603373], [36.55294137165374, -0.8289334818116026], [36.53141283540456, -0.7458827583447128], [36.52665045808111, -0.731470964210173], [36.51696974079487, -0.7113202768006399], [36.53969782963576, -0.6964536240418706], [36.51790174329675, -0.6530576250828606], [36.524924795113925, -0.649035541784581], [36.520724320942485, -0.6354754351956499], [36.51846357853101, -0.6352568937393743], [36.51380381547217, -0.6306283894492892], [36.51702326939199, -0.6248315089942654], [36.51325530771103, -0.6236810959828474], [36.50943832557566, -0.616399388979606], [36.50991542797305, -0.60958139055314], [36.50092149071269, -0.6237613328157985], [36.48801237900337, -0.6254959161586503], [36.464771525524874, -0.6307264521366066], [36.44977108864325, -0.6130595316011496], [36.44775563794082, -0.5907283037549801], [36.44637325575186, -0.571197448578933], [36.43724105714348, -0.5754648562858813], [36.40803841759532, -0.5792104969388123], [36.40000308343418, -0.5723256142182825], [36.40206763035104, -0.5652267439009213], [36.4015369811457, -0.5573564083376196], [36.40398509013349, -0.5517958948470827], [36.40064963884675, -0.5482910737854138], [36.40234410504921, -0.5422891134457473], [36.40114014827925, -0.538784290151593], [36.397479259130115, -0.5358456905111885], [36.39732758909382, -0.5309541003004831], [36.402879209182345, -0.5239577322522744], [36.40159050881759, -0.5199713419431237], [36.39821050932974, -0.5157931154614538], [36.400529282646936, -0.5119538687691491], [36.399583938786556, -0.5058181208636755], [36.39458971118248, -0.5015641518186975], [36.39362653167312, -0.49584313115861905], [36.39591405276459, -0.49041638814558935], [36.39089760828936, -0.4758842082000294], [36.392703573023034, -0.4731418521009927], [36.3900369923536, -0.4707428512886745], [36.38786091329886, -0.46392039787207295], [36.38460134622092, -0.46323372778702443], [36.3857740859925, -0.4586364062670402], [36.38405289373179, -0.4562284635692396], [36.386211070285455, -0.4511183472867094], [36.3870137301131, -0.44203960122958325], [36.3853772534992, -0.4389360596987084], [36.3835355865495, -0.42735131794775705], [36.37807319975264, -0.42396241644018867], [36.37770309934834, -0.41074118432317924], [36.37537098748359, -0.4039009120240886], [36.3690613757758, -0.40114967753961217], [36.36471374147974, -0.3971587352342421], [36.36058016810122, -0.390443346231622], [36.358836669318194, -0.3797147699978183], [36.33182342325619, -0.3928022106335631], [36.3101522218599, -0.3907108647940406], [36.30744553646219, -0.3718711742728999], [36.290059498398996, -0.3784305214844577], [36.27316399085449, -0.3948890705674913], [36.26131164986426, -0.3440820914934266], [36.2525317061522, -0.3437521103885994], [36.24768462948612, -0.34711424010625824], [36.241999299864155, -0.3461778234855365], [36.232755613576565, -0.3428468935111123], [36.22866657356093, -0.3440017931087547], [36.22805565360166, -0.3510694808566056], [36.22247286740832, -0.35657650076113595], [36.20864079344037, -0.2742926844105531], [36.24397466537472, -0.2578341157897548], [36.232889397208055, -0.23215861216602776], [36.22114858426587, -0.21295326465959757], [36.2163193200624, -0.21449168439302954], [36.20995618236056, -0.205274698950412], [36.20875225952674, -0.1919955243931115], [36.19843831404801, -0.14009602428077947], [36.21808072043994, -0.114090553096446], [36.21971713393197, -0.10901611534172878], [36.22609370587831, -0.11134822284203579], [36.22609370587831, -0.1189465084034017], [36.2444651878471, -0.12117161703112228], [36.250003421309515, -0.0896457422945494], [36.24964221914527, -0.061513300331320325], [36.24640042822046, -0.06015770572374571], [36.24640042822046, -0.05440548970794569], [36.25073467667987, -0.050432417095997356], [36.25319606339778, -0.03673406875615156], [36.25241128199255, -0.034954893959827656], [36.255483652966255, -0.021961069319951888], [36.265035010167544, 0.02631763246846913], [36.260254845666026, 0.03802720068770521], [36.25513580139012, 0.05615345458746351], [36.25957705990678, 0.062017149087426254], [36.26940494701324, 0.08824563129721208], [36.28693812999521, 0.1114730556229948], [36.28370527717789, 0.1274678910971685], [36.27601329105071, 0.14812242045524326], [36.26038866419847, 0.17292842646037995], [36.25337889098764, 0.18061145210113844], [36.23781224124555, 0.20393696193758754], [36.23565401367711, 0.2091006388240657], [36.20184958783118, 0.2346646413356342], [36.17753852667379, 0.2283684158862334], [36.17804686984771, 0.22481002064015174], [36.18362077906771, 0.21986935877165786], [36.19019350341609, 0.21922278869954595], [36.19461241933051, 0.21642692168782818], [36.19648969243095, 0.2059613897380543], [36.1966680993306, 0.19925937947372216], [36.14705162488109, 0.18568591441114535], [36.13923035670031, 0.1296439106450919], [36.13379474627149, 0.11191004469242567], [36.130610920817055, 0.09021204499135367], [36.12860886027865, 0.07913566288444358], [36.126423868568665, 0.05936845532941964], [36.10426656407173, 0.061437467334109604], [36.1112316784695, 0.006122324719279099], [36.09264172303323, -0.013667140281381752], [36.050356021960276, 0.004583974582069935], [36.048750797965724, 0.008316210630859624], [36.03945355768014, 0.0211450604327199], [36.03386629862181, 0.0212610187814048], [36.00527006283339, 0.0312582754210916], [35.99608431668762, 0.0599303460903115], [35.96366665028023, 0.05721473288063733], [35.961820636073874, 0.06374287642474208], [35.96398324553574, 0.06881285495988358], [35.96189191540892, 0.07218839116690184], [35.9610804237666, 0.08074095681542715], [35.95873047341647, 0.08845964641799364], [35.9388919159353, 0.09546041855791376], [35.928136569556486, 0.06976707014390067], [35.968210512954016, 0.024748032409785323], [35.97399841026794, 0.021024685074387088], [35.97653121813796, 0.013390652565173331], [35.97538962490576, 0.009096576886931964], [35.971215906919404, 0.0002898342369298718], [35.97219251055729, -0.0017881144795635553], [35.97075214675997, -0.00917239206617191], [35.9645540441966, -0.020574272776000074], [35.95896234784004, -0.02645584463399304], [35.95857885325991, -0.03199404306542419], [35.95279987151543, -0.03849539346776319], [35.947698657107026, -0.05085160252576493], [35.945214940785455, -0.0538302562822442], [35.9357259744165, -0.061071859486450504], [35.935766113539266, -0.06470598969922838], [35.925826775140415, -0.07234001698261047], [35.92675424167191, -0.07722269628579913], [35.916373456538864, -0.0818646637464066], [35.899143490594234, -0.04803345463927038], [35.89301665327456, -0.051533843919701554], [35.87787802845264, -0.038669302582347916], [35.87547011994311, -0.036025053164861875], [35.85038767971748, -0.07575567529711266], [35.82046712157177, -0.11949944038022271], [35.81664116566466, -0.11750174402240501], [35.81251655012629, -0.10948429738144132], [35.805796652955955, -0.1000889577432699], [35.799852717155346, -0.10323264447654934], [35.79615605456301, -0.10968052795491076], [35.78924003212704, -0.11163359632107529], [35.789739411910034, -0.1620794267290898], [35.77189858434334, -0.19228980028842457], [35.78008104352777, -0.19481815382215772], [35.763212242291225, -0.22489028207560444], [35.75461957460749, -0.22627711123845065], [35.74668232314724, -0.22020825306605996], [35.744006934671496, -0.21916924962351128], [35.73810753412279, -0.220377717283344], [35.73316684403265, -0.22000310294723727], [35.724716840120806, -0.21237362345177815], [35.722674590375384, -0.20243875089855315], [35.72185855913198, -0.19251277885829546], [35.72221078767112, -0.1720856522968171], [35.72890841718306, -0.16023779158578758], [35.712882331819074, -0.1328366268535782], [35.70489167032016, -0.1249172682339238], [35.70568095433979, -0.12275457881732545], [35.69707483752573, -0.11331910734833393], [35.692285740529705, -0.1096493071302457], [35.68782222714639, -0.09604009953423076], [35.690016085416964, -0.08606512967708953], [35.6887273874936, -0.07596525346004174], [35.684237081408696, -0.07503772948685909], [35.67602786453781, -0.0750868152805586], [35.66829584976116, -0.07384271490850829], [35.65923488924443, -0.07609010423148502], [35.64932677643056, -0.0811021378267505], [35.64103290823988, -0.06576279906105181], [35.64014998125612, -0.06096929406359966]]]}, "id": "00000000000000000785", "properties": {"shapeGroup": "KEN", "shapeID": "32016919B58088177642376", "shapeName": "Nakuru", "shapeType": "ADM1"}}, {"type": "Feature", "geometry": {"type": "Polygon", "coordinates": [[[34.56034741923497, 0.09392650329805333], [34.55496978556084, 0.08866922149793226], [34.55915684961017, 0.07791835007866166], [34.560280582151115, 0.07164883991789472], [34.55786368163677, 0.05494056084731745], [34.56018248110477, 0.04686961172029348], [34.55674895952737, 0.04793535205683236], [34.553293162944996, 0.040626856673927826], [34.552093624114924, 0.02187632452205457], [34.55121519125365, 0.018251086918284486], [34.54302831309595, 0.008124480474174262], [34.53729387259863, 0.005364280126991506], [34.543492038366175, -0.004387735770137297], [34.53475665356147, -0.013185539090516235], [34.534114540120925, -0.015366070453801062], [34.54260025031565, -0.016917858445051455], [34.54517755378021, -0.021292180331707575], [34.55040807310009, -0.021604327341850513], [34.55478244416452, -0.0155132143250602], [34.56282221423686, -0.015825330524855404], [34.56094945766456, -0.02082402095421353], [34.56368287114506, -0.02355742907566844], [34.5633706664246, -0.026602998066159754], [34.56001297981223, -0.029256152866454794], [34.56055705582463, -0.03401848334546212], [34.56423131792369, -0.03979745632886957], [34.570634565513004, -0.03604735435840852], [34.575784822458495, -0.03589128673927291], [34.58250468102832, -0.031209277057719996], [34.582736565824085, -0.02418167832891001], [34.585706326150216, -0.02098006256565412], [34.58562607738691, -0.01629357592468998], [34.587819967485466, -0.010585880607142337], [34.59208282546526, -0.007321829507839725], [34.588899068802945, 0.0012083963984788426], [34.603841494253224, 0.012374018724257158], [34.60846560653418, 0.006059941036227308], [34.61062826625718, 0.0053687453533262566], [34.61385218372548, -0.0006956067769677872], [34.63753451758427, -0.0006554845868405353], [34.648490449956434, -0.005725500031110074], [34.65416692606778, -0.006612830878871462], [34.66033390087418, -0.013493246438575158], [34.67195429719543, -0.015838725732014395], [34.683405222312814, -0.012039543837984045], [34.69057547565052, -0.010594834788565884], [34.69251073964627, -0.014795286169783197], [34.69071367407224, -0.023156134987233394], [34.694240865059555, -0.020846320566714753], [34.70437642392517, -0.02233115293330844], [34.70855907030682, -0.021510683433476847], [34.71494888915196, -0.01039859666073549], [34.722712209969, -0.007344164550439484], [34.72756822085982, -0.006550412974036307], [34.73108639963337, -0.010590348800381138], [34.73993771345449, -0.025769149746983792], [34.74707232366543, -0.024730172386997824], [34.74492749176512, -0.016908916694222596], [34.74429873677879, -0.010523506529841686], [34.73948287938437, -0.0033800032128732914], [34.74015619147923, 0.00508786168821867], [34.743741310485, 0.008017472692540295], [34.75462155803382, 0.009783255280146064], [34.759526603118935, 0.007937186050901433], [34.760534352795716, -0.0009631397806395842], [34.76532340479537, -0.0017212392086836555], [34.766531795283775, 0.0022652117342830186], [34.77918224742858, 0.007228204163737045], [34.780560102940456, 0.01115665008755443], [34.78654872997548, 0.013087487783930896], [34.789803838572105, 0.018781721163850525], [34.79763851502581, 0.02294206821375976], [34.80656562670271, 0.031048704584090207], [34.81042718661381, 0.03685448260098724], [34.8221279161983, 0.03630601295005318], [34.825922563008156, 0.03442428314962284], [34.83750729851059, 0.036279238252964904], [34.83885397872302, 0.04643260444188719], [34.8490965261559, 0.06038960341005001], [34.84663952843001, 0.06407726101595725], [34.847977306145246, 0.0685140784531894], [34.852115315228524, 0.0732228931837876], [34.85427801186645, 0.07983571881282253], [34.859165140473806, 0.08325589251621482], [34.85697578999446, 0.09332005039901571], [34.85817076129556, 0.10052595327283015], [34.85678851371267, 0.10701844881049606], [34.85743505301989, 0.11722529886564684], [34.85928555311911, 0.12106010711768803], [34.86543470814288, 0.124288535355642], [34.873808849047144, 0.1337864306090153], [34.88077842085314, 0.13610959294960912], [34.88367242664767, 0.14277151589187434], [34.90364467849339, 0.15280447943848802], [34.91076589092449, 0.15290256209385464], [34.915617378760814, 0.1559748666358094], [34.92038419280801, 0.16601680815156614], [34.91594295001748, 0.17175117508764082], [34.92514207271207, 0.19919250096755114], [34.91938531209842, 0.20036080049906746], [34.911648826470156, 0.19774331212345114], [34.90715402344475, 0.1949073105316417], [34.902311478229464, 0.19592396361215852], [34.89563615711021, 0.20649653609055058], [34.89171658565984, 0.20670610695516362], [34.88658417967206, 0.20460587132285674], [34.883779419972115, 0.1976452093784113], [34.874821062239455, 0.1998078762203731], [34.86488177471503, 0.19691389355277425], [34.858679109522335, 0.19769421772901224], [34.85685091111664, 0.19246373880247894], [34.85170958244751, 0.19037688778316267], [34.85095596531787, 0.1849278172922292], [34.84605986034927, 0.18323337283289917], [34.83690533257833, 0.18487433534806372], [34.83316415437338, 0.18417871887094045], [34.82319802600922, 0.18734911834533605], [34.81612593822875, 0.1859489693985374], [34.81394096035592, 0.18434814901061994], [34.81526534920983, 0.17744992841773766], [34.81458757134309, 0.17112248634014604], [34.816090301674706, 0.1653657451947881], [34.8150825308486, 0.16219533878298004], [34.81167571925457, 0.16179403324126113], [34.804429696063664, 0.1640146801053287], [34.80172747788042, 0.16165131560435858], [34.79669313682958, 0.16274826782730445], [34.79013385122504, 0.15744642493101751], [34.78690547062546, 0.15965365285224914], [34.781349401562565, 0.15715211180152241], [34.78067160814096, 0.15395493208795524], [34.77598952923213, 0.15026722322960182], [34.770736709904, 0.15248788666099267], [34.765916432876494, 0.14937098057506296], [34.766291045804046, 0.14473349979555108], [34.757074031266264, 0.14194210908267246], [34.74733985476779, 0.13600258239972557], [34.74259980213838, 0.1409388092044022], [34.73818531580814, 0.14168344760099283], [34.738314583969284, 0.1490856035395409], [34.73175977740495, 0.147163740896167], [34.72939192679972, 0.14396205288061506], [34.72595843622281, 0.14399775653691957], [34.71677269347962, 0.13972594466635885], [34.70436301119233, 0.13959662743391235], [34.706003988748115, 0.135257921158843], [34.70363171884833, 0.13074977535621915], [34.697174920593326, 0.13190910038290674], [34.69587292360787, 0.13420112096004283], [34.687182120386986, 0.12448027401692094], [34.68254465405616, 0.12155063906147692], [34.677073318657655, 0.1294075481813379], [34.67569549440394, 0.12978659209071947], [34.663575636230995, 0.12662509609136582], [34.64966772679618, 0.12790487072127898], [34.640205504013444, 0.12795390909327314], [34.63769500365135, 0.12937635636503841], [34.632616121505734, 0.1290374692499501], [34.62528528775711, 0.12695063000332743], [34.62023320657872, 0.12674549632425708], [34.613339432027026, 0.12435988098440401], [34.606369779262245, 0.11954849111903432], [34.59949390861905, 0.12038682289651609], [34.59413406196761, 0.11686855762924706], [34.5862637573615, 0.11548178365692922], [34.584613838481154, 0.10434744652664202], [34.57779141490818, 0.10100308190054869], [34.57405022157438, 0.09650831671088742], [34.56654555468973, 0.09754282681859973], [34.56034741923497, 0.09392650329805333]]]}, "id": "00000000000000000786", "properties": {"shapeGroup": "KEN", "shapeID": "32016919B20488296424250", "shapeName": "Vihiga", "shapeType": "ADM1"}}, {"type": "Feature", "geometry": {"type": "Polygon", "coordinates": [[[36.255483652966255, -0.021961069319951888], [36.25241128199255, -0.034954893959827656], [36.25319606339778, -0.03673406875615156], [36.25073467667987, -0.050432417095997356], [36.24640042822046, -0.05440548970794569], [36.24640042822046, -0.06015770572374571], [36.24964221914527, -0.061513300331320325], [36.250003421309515, -0.0896457422945494], [36.2444651878471, -0.12117161703112228], [36.22609370587831, -0.1189465084034017], [36.22609370587831, -0.11134822284203579], [36.21971713393197, -0.10901611534172878], [36.21808072043994, -0.114090553096446], [36.19843831404801, -0.14009602428077947], [36.20875225952674, -0.1919955243931115], [36.20995618236056, -0.205274698950412], [36.2163193200624, -0.21449168439302954], [36.22114858426587, -0.21295326465959757], [36.232889397208055, -0.23215861216602776], [36.24397466537472, -0.2578341157897548], [36.20864079344037, -0.2742926844105531], [36.22247286740832, -0.35657650076113595], [36.22805565360166, -0.3510694808566056], [36.22866657356093, -0.3440017931087547], [36.232755613576565, -0.3428468935111123], [36.241999299864155, -0.3461778234855365], [36.24768462948612, -0.34711424010625824], [36.2525317061522, -0.3437521103885994], [36.26131164986426, -0.3440820914934266], [36.27316399085449, -0.3948890705674913], [36.290059498398996, -0.3784305214844577], [36.30744553646219, -0.3718711742728999], [36.3101522218599, -0.3907108647940406], [36.33182342325619, -0.3928022106335631], [36.358836669318194, -0.3797147699978183], [36.36058016810122, -0.390443346231622], [36.36471374147974, -0.3971587352342421], [36.3690613757758, -0.40114967753961217], [36.37537098748359, -0.4039009120240886], [36.37770309934834, -0.41074118432317924], [36.37807319975264, -0.42396241644018867], [36.3835355865495, -0.42735131794775705], [36.3853772534992, -0.4389360596987084], [36.3870137301131, -0.44203960122958325], [36.386211070285455, -0.4511183472867094], [36.38405289373179, -0.4562284635692396], [36.3857740859925, -0.4586364062670402], [36.38460134622092, -0.46323372778702443], [36.38786091329886, -0.46392039787207295], [36.3900369923536, -0.4707428512886745], [36.392703573023034, -0.4731418521009927], [36.39089760828936, -0.4758842082000294], [36.39591405276459, -0.49041638814558935], [36.39362653167312, -0.49584313115861905], [36.39458971118248, -0.5015641518186975], [36.399583938786556, -0.5058181208636755], [36.400529282646936, -0.5119538687691491], [36.39821050932974, -0.5157931154614538], [36.40159050881759, -0.5199713419431237], [36.402879209182345, -0.5239577322522744], [36.39732758909382, -0.5309541003004831], [36.397479259130115, -0.5358456905111885], [36.40114014827925, -0.538784290151593], [36.40234410504921, -0.5422891134457473], [36.40064963884675, -0.5482910737854138], [36.40398509013349, -0.5517958948470827], [36.4015369811457, -0.5573564083376196], [36.40206763035104, -0.5652267439009213], [36.40000308343418, -0.5723256142182825], [36.40803841759532, -0.5792104969388123], [36.43724105714348, -0.5754648562858813], [36.44637325575186, -0.571197448578933], [36.44775563794082, -0.5907283037549801], [36.44977108864325, -0.6130595316011496], [36.464771525524874, -0.6307264521366066], [36.48801237900337, -0.6254959161586503], [36.50092149071269, -0.6237613328157985], [36.50991542797305, -0.60958139055314], [36.50943832557566, -0.616399388979606], [36.51325530771103, -0.6236810959828474], [36.51702326939199, -0.6248315089942654], [36.51380381547217, -0.6306283894492892], [36.51846357853101, -0.6352568937393743], [36.520724320942485, -0.6354754351956499], [36.524924795113925, -0.649035541784581], [36.51790174329675, -0.6530576250828606], [36.53969782963576, -0.6964536240418706], [36.51696974079487, -0.7113202768006399], [36.52665045808111, -0.731470964210173], [36.53141283540456, -0.7458827583447128], [36.55294137165374, -0.8289334818116026], [36.558096036823706, -0.8378071050603373], [36.54836181614116, -0.8501142119760244], [36.54693048812975, -0.8581317301261712], [36.550363947791006, -0.8687220518401999], [36.54463845983299, -0.8947676726738357], [36.542921701401156, -0.908220793054705], [36.55284772064415, -0.9199972753727405], [36.56863739668625, -0.9110746311828919], [36.56324630962938, -0.9085106057896336], [36.56181493519149, -0.9039311059887687], [36.57698479832442, -0.8919049340266945], [36.58700437770227, -0.8867546709575266], [36.5979649172979, -0.8618461587049581], [36.589813651154195, -0.848941506779477], [36.58598324710946, -0.8265255904147129], [36.61856596214553, -0.8297985952231778], [36.60829217944018, -0.8056213050733356], [36.650279075362675, -0.7646243286517292], [36.658457016899895, -0.7677858445000187], [36.66691146099272, -0.7594206029148433], [36.671557852762795, -0.7584930664596459], [36.68559066919551, -0.7648116564397688], [36.70092551042961, -0.7813504582171991], [36.70501453131712, -0.7843246595742966], [36.72003724388284, -0.8063704638710163], [36.71924800119035, -0.7988746823894134], [36.7218342511932, -0.7877046840585891], [36.717656082643884, -0.7801241814320834], [36.72215972637975, -0.7816626035521643], [36.7326342158042, -0.7794285952402732], [36.71810644284432, -0.762524124732752], [36.71541756689013, -0.754738501204943], [36.71426714774351, -0.7469261642697577], [36.71484240067202, -0.7375085784375381], [36.71254596901304, -0.7313104194670507], [36.710008673434075, -0.7157659678455989], [36.70623181494027, -0.7093671737029549], [36.70359203826718, -0.6992673172078834], [36.703471672222896, -0.6919187164378648], [36.70501897399428, -0.6673133686678866], [36.70229893640562, -0.6555145979054718], [36.701692486354155, -0.6491603881140506], [36.704104846443784, -0.6286663686676421], [36.69680977046105, -0.6224369873722236], [36.69015229214519, -0.61336716197964], [36.68728070682617, -0.6054433688444385], [36.680048011635925, -0.5967124464410057], [36.67901350117343, -0.5916603012949454], [36.679013501173436, -0.5808648243912532], [36.67051441734306, -0.5773064334274204], [36.66753128196858, -0.5715631264392129], [36.666340694334274, -0.5623238853451309], [36.66592154765059, -0.545263362031903], [36.66144018576521, -0.5382580901072259], [36.660410109500795, -0.5344678626348458], [36.661212735480206, -0.5250547069588647], [36.65455084306342, -0.5166671001936423], [36.65489423034604, -0.5124220322951236], [36.65777035584974, -0.5016265556777488], [36.6590322892729, -0.4916337357420404], [36.66328182428972, -0.4845125693776809], [36.6640799742688, -0.48026299925593846], [36.66339328262757, -0.46924011515729486], [36.66236323331832, -0.465333921743606], [36.65856848244263, -0.46223489401463314], [36.648580130565456, -0.4614322368025224], [36.647773005040605, -0.46004990452644523], [36.6503013873925, -0.4359351117651602], [36.64503515186566, -0.4294025058521048], [36.63559969135547, -0.41974408341435376], [36.63043602143034, -0.4105538698168581], [36.62607055108332, -0.40779818473166707], [36.62193700892101, -0.40159555485917564], [36.630436021430334, -0.38953814759676625], [36.625151996738964, -0.3832240744742866], [36.61825823784379, -0.38230550149958004], [36.60826985487703, -0.37920197058526117], [36.601844305527, -0.375558874630597], [36.601264638637865, -0.3697843440487447], [36.60241507036318, -0.3673764403552801], [36.61206007495934, -0.3586454753971537], [36.61332203869374, -0.35451192578619944], [36.60803795911361, -0.3462447160632899], [36.60631680055736, -0.33475811351069656], [36.608720216641096, -0.326343771719835], [36.61226963490038, -0.3192894938811789], [36.61251939268061, -0.31153509019524317], [36.68201000318006, -0.18551196901571423], [36.67865680983041, -0.17440437376452209], [36.685858204122006, -0.17445340023117017], [36.65747160157608, -0.15307649437507473], [36.653797295501086, -0.154186792598526], [36.632906356118106, -0.10873519131910948], [36.5964443156908, -0.10406651398920565], [36.573167832829085, -0.105176790304631], [36.56866855219763, -0.10366070783238387], [36.55934456525574, -0.09286522600801704], [36.55215654620665, -0.09146509365659551], [36.5574093620782, -0.08073200660172308], [36.544580498644024, -0.06837137919515861], [36.5491600370078, -0.06588321774235134], [36.549869046580746, -0.061749630631500185], [36.55277187643121, -0.05966721858628877], [36.55289677202375, -0.05637642011591193], [36.556611146325494, -0.05299197580823719], [36.558684692618115, -0.045157296796448025], [36.57298503162569, -0.0345044959434709], [36.578059454126326, -0.02753049969933542], [36.57941058121437, -0.022652222927065507], [36.583187427232744, -0.02086415768832668], [36.589537202812124, -0.020832944104804657], [36.649494280464744, -0.01692227155069743], [36.63464098514973, 0.016177612183570892], [36.63238465840222, 0.013845481868175502], [36.60705698678569, 0.003322042427068551], [36.59919111469408, 0.0033710521423229614], [36.589104606491716, 0.027820342864346658], [36.588244020794214, 0.044060397849250914], [36.573845627456265, 0.0707748272109344], [36.539577447095155, 0.05604642140033279], [36.52134856784603, 0.048693411964197734], [36.51044606061866, 0.08512867178051645], [36.462452816797104, 0.14029668201447262], [36.44108034396526, 0.09152307231575847], [36.42312795824086, 0.08541853235585073], [36.40072993127767, 0.05964491240843298], [36.41275169172726, 0.05120386306164897], [36.42393955981606, 0.04599117910900762], [36.413509719803464, 0.03961464258566479], [36.40383343307635, 0.04059564562548622], [36.398883844770836, 0.040105144649921036], [36.399329757905235, 0.03288141401492564], [36.39248951969902, 0.030500257914555642], [36.38667035963683, 0.03649327660878607], [36.384173276004134, 0.03350566259802907], [36.38140864951224, 0.03591361162592857], [36.375701022463126, 0.037251353932221454], [36.371241876164966, 0.04099700203114138], [36.36629677914647, 0.047105953695116866], [36.36344290744411, 0.0485284100201969], [36.35439091826233, 0.06863896448734498], [36.348772443363416, 0.0705072912452035], [36.33642525694652, 0.06284210026520368], [36.34560651683813, 0.03100858639331794], [36.32973654996261, 0.028556102023751403], [36.330628356277586, 0.02294205133761275], [36.3025449410117, 0.016119651472076942], [36.29857641237994, 0.0052394416597118035], [36.29351973299536, 0.004762308373012857], [36.29269036302721, 0.011928117182169856], [36.27125548966312, -0.0010969655150048772], [36.2672735074525, -0.021582041615459138], [36.255483652966255, -0.021961069319951888]]]}, "id": "00000000000000000787", "properties": {"shapeGroup": "KEN", "shapeID": "32016919B99956097556155", "shapeName": "Nyandarua", "shapeType": "ADM1"}}, {"type": "Feature", "geometry": {"type": "Polygon", "coordinates": [[[37.30778686435281, -0.1510743361014571], [37.55380443751642, -0.3598851002881736], [37.55724682220676, -0.36105342097188575], [37.56259329472721, -0.3651736212554991], [37.568555083779316, -0.3625962774296301], [37.57123952419208, -0.36310908372937256], [37.579957028055745, -0.3702213323107539], [37.58475503347316, -0.3687453370362759], [37.58884850498405, -0.3742255775271285], [37.59703091128468, -0.37893887749800864], [37.60177094995152, -0.3830991889413945], [37.61311939451856, -0.3834782168060265], [37.61477371279638, -0.3865996124923626], [37.62505190182575, -0.3895426082265661], [37.63097361334889, -0.38905654543891666], [37.63382743836133, -0.3922626621672101], [37.63700673681891, -0.39275764140699804], [37.63755972473146, -0.39767157465408964], [37.6436508294893, -0.4047615103776832], [37.654976967632116, -0.4130420932493894], [37.66200002956247, -0.42115765120884574], [37.665843813574575, -0.42160802883100307], [37.67008880253253, -0.42436819478229104], [37.68277051815449, -0.42630787925000146], [37.69003886406737, -0.4314180325683459], [37.69399852268603, -0.4375760415598398], [37.70025468754222, -0.4377053374084243], [37.7033447895576, -0.44117902071679754], [37.71204897995528, -0.44227145629094916], [37.71770315019146, -0.4461151968722705], [37.72085566663578, -0.4499812691362486], [37.72365600787049, -0.4488352693122276], [37.7275443227057, -0.45047174095306125], [37.732043620703685, -0.45020421633095814], [37.735967636001575, -0.4459814471415645], [37.747645993960944, -0.44481759726144093], [37.758245255528905, -0.44841612881824316], [37.768831142043645, -0.4483314122484496], [37.78153065947417, -0.4451520782777316], [37.78502219068185, -0.4462757567476545], [37.80203360917265, -0.4361224004354549], [37.808289753168964, -0.42930885661350804], [37.81463508634871, -0.4271640425480435], [37.816298303684505, -0.4216615260898689], [37.820436326611905, -0.4168635187488921], [37.828953222404216, -0.4111647712338869], [37.82726771327206, -0.40825297189980725], [37.83201661137051, -0.40419075173716995], [37.84037741145522, -0.40437802645284987], [37.84552321719078, -0.4032320430742079], [37.847957885244966, -0.3963605863677237], [37.852136109110845, -0.388958494401623], [37.866084140043654, -0.38194427344729415], [37.86511657825283, -0.3778151472564907], [37.86529935805577, -0.36914669280915585], [37.86997246308536, -0.3658959884087334], [37.870141955524176, -0.3624580244101526], [37.87316522898178, -0.3548731189803841], [37.87354426194838, -0.34926801866025453], [37.883621822631284, -0.3455357509627463], [37.8858201416719, -0.34241439243921895], [37.89115772200235, -0.34592367725756956], [37.89479630584925, -0.35152877788517994], [37.89297703802391, -0.3589398108969916], [37.889677246750864, -0.3641391123590118], [37.89145646729275, -0.3673407534111884], [37.895737153612984, -0.368500133416198], [37.89488547171318, -0.37436830879084937], [37.896624587469745, -0.376539893452029], [37.89063151607312, -0.3826577625671078], [37.891023884985444, -0.38718818612925965], [37.889325006111, -0.3903853518679575], [37.8913003787048, -0.39332391253285653], [37.90046385276489, -0.39588346758447285], [37.90166335664659, -0.3995532669517866], [37.90069572935717, -0.4044672228724061], [37.908285088617426, -0.4097468211118455], [37.908900468687186, -0.41366632015998794], [37.915629245430026, -0.4127967951259781], [37.92110055122411, -0.4144021234448776], [37.922143999360124, -0.4166762428373671], [37.920235514934774, -0.4213181733302277], [37.92540357045689, -0.42707038335430036], [37.930183784021054, -0.424787316911889], [37.936466612538744, -0.4273111691710805], [37.93950329909481, -0.4253001354108647], [37.94532238956701, -0.4270570265854683], [37.94733342167204, -0.423895547131645], [37.95120841111137, -0.4256167178435554], [37.9600508018871, -0.4169616125592847], [37.961834420414846, -0.41256938331348403], [37.964585701190124, -0.41155720239018584], [37.96571384221727, -0.4063355628474563], [37.96490675891137, -0.40100697741911817], [37.969557642692976, -0.3962000633522274], [37.96912951370206, -0.39266398159454435], [37.97017740254383, -0.3805530627464183], [37.9740702516806, -0.37769480193123567], [37.97406572580451, -0.37059587290797263], [37.9726254313259, -0.36778663354596863], [37.96812622489224, -0.36474111610237964], [37.96984747892023, -0.3605851811906379], [37.97782032187112, -0.3548017699926603], [37.977731102300005, -0.3525722293461374], [37.971965525305784, -0.3447241718907309], [37.97263884759773, -0.3419461532378085], [37.97767760282736, -0.3330547389651927], [37.97958165720289, -0.3265711984547133], [37.98485674431976, -0.324314897955138], [37.985690661771535, -0.31743897152128525], [37.98058938403356, -0.31304226982951844], [37.98038872878629, -0.3093902766293266], [37.98284576543004, -0.3054930070523399], [37.98400067543962, -0.2996426729666241], [37.987581321763656, -0.2925125894975307], [37.9931506990334, -0.2853423516749528], [37.99338258496214, -0.27535393657909984], [37.997270960251846, -0.26681030414072926], [38.00027190371819, -0.2649999153595049], [38.006630607488596, -0.26643574413632], [38.01118777680437, -0.2660923848523437], [38.02699083452866, -0.268629648774339], [38.03149899865538, -0.2730486198882425], [38.045683401001135, -0.2752692179525098], [38.054226978664175, -0.27518451825227486], [38.06181640429632, -0.2738423263057365], [38.07367315398467, -0.2733339612682906], [38.081851150289, -0.27453348996355326], [38.08788877316992, -0.2737887988773958], [38.10247006102807, -0.2783861170940326], [38.10356695942646, -0.27544313343425464], [38.1133146033343, -0.27530046726900687], [38.11444721647617, -0.27303076628650186], [38.1201458852772, -0.2700030472267218], [38.12704413254745, -0.2624716280665215], [38.13542725493857, -0.2562110361982608], [38.13809379673234, -0.2473998643222052], [38.14210699656729, -0.2405595918397707], [38.14537999097818, -0.23841924058916725], [38.14895173454078, -0.23970789360419034], [38.15454786823057, -0.23753630383605215], [38.15889546600744, -0.2374471531384818], [38.1622131027073, -0.23526216673607642], [38.1639119551913, -0.22954116315541825], [38.162489544921634, -0.22696380112338035], [38.163470542963026, -0.22184472932411067], [38.170029855313054, -0.21203027755405998], [38.18187321738739, -0.1893467844634219], [38.18481177787916, -0.17022617864678619], [38.183705965356836, -0.16344835661927123], [38.18542272647946, -0.15343319597541547], [38.18708594816736, -0.15034753726991962], [38.193605100885414, -0.1498168589081484], [38.197047580217685, -0.14324863795600465], [38.204133052591025, -0.1443277076351951], [38.20693339832867, -0.14221411256882416], [38.206304683817905, -0.13633698867002056], [38.207000248232184, -0.12795838087071526], [38.21291306078137, -0.12238893385909], [38.213684500487844, -0.11372938893700374], [38.22037759057935, -0.10357156019749554], [38.22598269083566, -0.10030300804467043], [38.23355864484618, -0.09338695044103293], [38.242267271204, -0.08985533653500294], [38.25028481004737, -0.08407186343814416], [38.257495132243946, -0.08609631128565479], [38.263929640945086, -0.09117077941746889], [38.27143428526719, -0.09299012006616061], [38.27633481237266, -0.0847942744820276], [38.27986646165374, -0.08243095300755213], [38.28653726673493, -0.08426360700707654], [38.28821391417495, -0.08284117782115163], [38.29039883440948, -0.0754078587040732], [38.29760918442091, -0.0702174415608412], [38.30145740545479, -0.06608387293387247], [38.30243396339225, -0.060732933891634006], [38.305608844345315, -0.05492275652701959], [38.309131550423096, -0.051475878237670816], [38.30110963092585, -0.04812707535659144], [38.303423857839576, -0.043993466849373684], [38.30249637510966, -0.04127791082921033], [38.29817551296143, -0.03856232162166058], [38.29731487829116, -0.034803305622076085], [38.2937565592297, -0.03373753126247736], [38.29016700022659, -0.02798534467012906], [38.289618542671754, -0.023602015879418257], [38.28286743272611, -0.019276675170063005], [38.277364919448644, -0.019548693298592386], [38.27609850423542, -0.016940151149699725], [38.26826389865322, -0.016025993946641802], [38.264812512883815, -0.013109780539921184], [38.25119442301438, -0.012075253311774023], [38.248764253483415, -0.017912207458214983], [38.24653466938953, -0.01896454650335965], [38.239854972028475, -0.014839865334700001], [38.23762090572982, -0.008918226505913196], [38.2319578414422, -0.008146784218326831], [38.23040160465409, -0.005908318029158529], [38.22974613710628, 0.002541694317399975], [38.22804274503385, 0.005493611918332656], [38.22158152394238, 0.006389889434684151], [38.224016220215276, 0.01183893823730027], [38.21759954742872, 0.0153660900501708], [38.214054553246065, 0.014246809155020492], [38.20891325491567, 0.0189378288098003], [38.2056402826096, 0.0196200168850871], [38.192851556753936, 0.01497812820253608], [38.189814899525, 0.01767141239375725], [38.18213185323779, 0.0203112251086132], [38.180276904620364, 0.02374023840389292], [38.1762725812298, 0.026496001576428247], [38.16032238491241, 0.02945237529819863], [38.15690229092857, 0.03420577848271202], [38.1545701957332, 0.034615975982212346], [38.14796625303373, 0.04022552433654422], [38.144233949052264, 0.04455085935085451], [38.13698794407298, 0.04985721625241869], [38.133674792799425, 0.05015153103370278], [38.12946990784498, 0.052933973889492426], [38.123860326676514, 0.05078025171228103], [38.12204990470394, 0.05282250402914712], [38.11797881856245, 0.05060189296857648], [38.11708248703015, 0.054178068805887804], [38.11362673317997, 0.05740198406140194], [38.10434287646125, 0.0477034770590364], [38.0982338724106, 0.05060188749715772], [38.09432327214913, 0.048149366490007374], [38.09318168993632, 0.044666805269815514], [38.088575472633615, 0.042985736120753334], [38.083474237367376, 0.02994731534974992], [38.077592692042515, 0.03262280401567973], [38.07440002468137, 0.03179783815069984], [38.07213925130535, 0.026464755150330276], [38.06602581210105, 0.026215072476621335], [38.062231117573276, 0.027512659663995256], [38.059849912145935, 0.024756910966603884], [38.05379001723451, 0.028939562729374462], [38.05117254895757, 0.026237328421324587], [38.04685169750863, 0.0287656440473872], [38.04269132076018, 0.026371150238548927], [38.03306409983958, 0.03924452469595204], [38.03298383497502, 0.04400243003425672], [38.02994718572546, 0.04631665988152313], [38.028310706275704, 0.05137327546525888], [38.021831670372954, 0.052822497166825175], [38.01869243504066, 0.05834287711651504], [38.01537931834738, 0.06144643309368694], [38.00357606077286, 0.06534367355855825], [37.99987054679252, 0.06406835849085242], [37.99876025907887, 0.06711837863140982], [37.9931195115278, 0.06891987686295496], [37.98614098912042, 0.06640045030495006], [37.979991942006514, 0.06662790894830276], [37.9763844706503, 0.06827332130732346], [37.96395699919997, 0.06841154288623835], [37.960189030954986, 0.067078271600655], [37.94640152872431, 0.04633453726587048], [37.952073460470814, 0.04155434201328143], [37.95666191975794, 0.03957897762152171], [37.94936234303166, 0.03315789001684391], [37.94781949510225, 0.028507040547138016], [37.939913501021145, 0.02742795522713268], [37.94201816292396, 0.019825163296160932], [37.938789786084335, 0.019200878725381135], [37.937594732168535, 0.008383116187766607], [37.93494603539221, 0.006907164973583134], [37.92881033673525, 0.008476741271375718], [37.926090291248265, 0.006786746629591029], [37.9187194306146, 0.00755369091400201], [37.907281797745966, 0.00694283539156131], [37.899968867244034, 0.01024699793048084], [37.89779729656384, 0.0036341770589214182], [37.89421219375542, -0.003018813535208945], [37.89171062633394, -0.018572178605998295], [37.88199867111073, -0.01655663515904316], [37.87720959637496, -0.014625855572278081], [37.87404364663045, -0.010523476178230101], [37.86823348215152, -0.010893558941049278], [37.866155534928254, -0.012530096082249195], [37.854071341198804, -0.011834436257600337], [37.85013394525837, -0.018674741084973495], [37.84834142931495, -0.03036645352115545], [37.86236972302689, -0.06887083392100388], [37.84950079305212, -0.10501629887471492], [37.85335345845478, -0.10617565316172084], [37.855105849934944, -0.10956455187829371], [37.85172586822049, -0.11276620301483442], [37.85736215525484, -0.11757757070516296], [37.85720607020653, -0.12104678057939758], [37.79662923949159, -0.16198129913754], [37.791666246041615, -0.1577630187258649], [37.784455868223226, -0.15454799396460528], [37.777874258265136, -0.15890007929462552], [37.76811772253061, -0.15630486090964413], [37.764670816220764, -0.15902937888517976], [37.75968558632655, -0.1683042835746776], [37.756051381073625, -0.17329404084866687], [37.755868555066904, -0.17705752100474403], [37.753456179517755, -0.18274290580958993], [37.74925568580747, -0.1859043793945033], [37.74725361982677, -0.18936909475628697], [37.74433729983727, -0.1876211517011383], [37.739637440560365, -0.19101448700559764], [37.73238693223815, -0.19914793156988864], [37.72832912950224, -0.1994288551377893], [37.722416418788335, -0.2032993513347143], [37.71648576341381, -0.20169406095602907], [37.71257516867492, -0.20273748625110188], [37.69893475572772, -0.20290695667372202], [37.69527383633164, -0.20464153929142895], [37.68917376950489, -0.20399050655665957], [37.68396552695813, -0.20729466282605183], [37.67005316622339, -0.20695131992398053], [37.665513811921834, -0.20421347327735537], [37.661665625677266, -0.21647154322825019], [37.65412970645845, -0.21236024507330598], [37.646067666119045, -0.2133055431566451], [37.64255834509907, -0.21162004448205723], [37.64046704208216, -0.207419569382066], [37.63619970283616, -0.2086457953267396], [37.62603289130639, -0.20487339714821645], [37.622982900566946, -0.20160934295299468], [37.61805111835426, -0.19911667599830798], [37.613431526905806, -0.19428305584048142], [37.602867890869604, -0.19451492767140563], [37.59768644086877, -0.18969461179418273], [37.59344582708326, -0.1882543420138896], [37.590761424213895, -0.18326457724261214], [37.52754473877573, -0.18144972497996903], [37.30778686435281, -0.1510743361014571]]]}, "id": "00000000000000000788", "properties": {"shapeGroup": "KEN", "shapeID": "32016919B40030396675644", "shapeName": "Tharaka", "shapeType": "ADM1"}}, {"type": "Feature", "geometry": {"type": "Polygon", "coordinates": [[[35.522799785357165, 0.015415089975774744], [35.516044287108684, 0.015865480959850013], [35.51356948877353, 0.008548082325938927], [35.50034374810684, 0.009952727268512481], [35.49775307358267, 0.01310528997365346], [35.49369969367197, 0.01468383606411866], [35.478734939563395, 0.015357119271720277], [35.45914613269094, 0.010630468533836116], [35.4579064967839, 0.015018254683226847], [35.47062833699529, 0.01986083203292402], [35.46516589008007, 0.027343210334512816], [35.43483067755605, 0.02546594083667934], [35.437474951183894, 0.01877727415690628], [35.41351171390563, 0.005163658499565488], [35.4036882693818, -0.024471548318094043], [35.42400399165718, -0.07820369338476685], [35.40217665308345, -0.08722896146563217], [35.397423274762865, -0.0906713455871839], [35.390863950620634, -0.09706127716900721], [35.371609561066194, -0.11034047603099612], [35.34096216300844, -0.10951998243864523], [35.32588140677299, -0.1018146275310779], [35.30793804019611, -0.08673845641258783], [35.28007310460094, -0.09935768799556136], [35.22648358432946, -0.1065680562751953], [35.23647649608837, -0.11958860269628269], [35.24907345345543, -0.11970901609595855], [35.25331403006057, -0.12054289637424434], [35.27031656111495, -0.15259491389440002], [35.2773664439935, -0.14480039715575066], [35.28455898648146, -0.15705842821230304], [35.27966290104134, -0.16337703260870717], [35.28027376511763, -0.1659632918086466], [35.28940150132832, -0.16512940886983787], [35.295737902549064, -0.17604087492469112], [35.33031823990886, -0.17625042056926207], [35.33043420880282, -0.1921872298311266], [35.33551306723099, -0.20783867640067835], [35.34221068881165, -0.2364750585395383], [35.339677868698004, -0.24017607236434427], [35.33046544083078, -0.24286049330683288], [35.31946927563573, -0.24766741862093009], [35.31198690318738, -0.24848341366932475], [35.3045714436964, -0.24029201823904214], [35.30048242902327, -0.24036782155011738], [35.2844608816307, -0.2359978957151077], [35.27866846732477, -0.23766118432179958], [35.270263101100184, -0.2376924030533938], [35.259307090210676, -0.2296660189757837], [35.26063143839266, -0.22329839464704967], [35.25668959018359, -0.22200524667670976], [35.25194061863517, -0.21623070869542454], [35.247593022302695, -0.21294439916701624], [35.248217282523335, -0.20767369557696527], [35.245506141850015, -0.20396818741980216], [35.242233142136755, -0.20379874088273814], [35.24058326585135, -0.20068628690999707], [35.23668162146349, -0.201105446790396], [35.234951494124644, -0.19596411271133904], [35.232124398837, -0.19407343777953182], [35.22652818587003, -0.19633868892758655], [35.21987524877461, -0.19240576336843435], [35.2176411902729, -0.187389250655115], [35.21766802113179, -0.1810796089156739], [35.215612332964284, -0.18039294024320782], [35.21524222486506, -0.17532291559340252], [35.206511336971715, -0.17110462773953472], [35.198039013156695, -0.16312729653622834], [35.19024009182997, -0.1630470447932174], [35.18453687486505, -0.16021997289475481], [35.18422920288653, -0.1653033258348904], [35.177313077253515, -0.16497779434100832], [35.17403570877723, -0.16304705216800974], [35.1682477359344, -0.1637872363447544], [35.16301722408411, -0.1628864961638226], [35.1599806027777, -0.1654682933809969], [35.15442458798877, -0.1662085263487318], [35.14535474082114, -0.16247625134906812], [35.14193017301894, -0.16251642184635728], [35.13641424789566, -0.16034034529608318], [35.13173662151116, -0.15537737506867222], [35.1283387741125, -0.15609974920564557], [35.121302334465334, -0.17198754057349377], [35.103902970775124, -0.20167622286431802], [35.072461808489386, -0.2087483854169488], [35.07087886998449, -0.2126188778952593], [35.06350797691934, -0.21571346343405426], [35.057920682237, -0.23449519233231073], [35.05667215934175, -0.25708055237016236], [35.055227371213924, -0.2668459831819707], [35.05310483676578, -0.27337412105854514], [35.05236914112071, -0.28277836709117155], [35.0524806258471, -0.2944166057880989], [35.04680857914376, -0.3002847864293718], [35.031950912060566, -0.31213709177239085], [35.02314865966983, -0.32353007044803], [35.015135643176635, -0.33070029090622954], [35.012041038571546, -0.332104948658117], [35.008246298720664, -0.3387132931318157], [35.008157114479054, -0.35440045762703515], [35.00737681138234, -0.3582486476114776], [35.00925850382835, -0.36283257395068896], [35.00929868245485, -0.3703461945545185], [35.012892658738046, -0.378921043878233], [35.012330852638364, -0.39141991587599595], [35.015893685456575, -0.39559807080208703], [35.01864935834353, -0.4027683070686174], [35.02141401776063, -0.40590304439180835], [35.01960806964275, -0.41240444836024026], [35.02579282724878, -0.41377784359338704], [35.02962324781118, -0.41872739721652125], [35.031678896568366, -0.418954817010851], [35.03825155978386, -0.4307580992304772], [35.038171314174534, -0.4364924578857371], [35.0442535461759, -0.4450182720120316], [35.043910152561075, -0.45107818813831385], [35.04194815249315, -0.4551315157142222], [35.04165390314792, -0.4696637660890957], [35.03891604090225, -0.48377233979953116], [35.03343130965357, -0.48501196591676604], [35.03420716976878, -0.4891990320043973], [35.03283375887657, -0.4971719344942986], [35.04287122499398, -0.4995932134972134], [35.05135241375019, -0.49958873586964186], [35.057920682237, -0.49180317372419413], [35.06598270903075, -0.49063041074794433], [35.069402912079674, -0.4912101264468754], [35.076568607555146, -0.4848647903683139], [35.079529483523615, -0.4766868203206005], [35.082552737850634, -0.47512611440351815], [35.088313902948315, -0.47505923079353574], [35.09252774584513, -0.4704262445899199], [35.0972499705805, -0.4729946649964721], [35.098641219836395, -0.4679112863876577], [35.10388063713979, -0.4684909792386642], [35.11060942452539, -0.46532057752096406], [35.11163945338138, -0.4620476100993176], [35.12025446054889, -0.45931861557227077], [35.12776355544076, -0.45995624887531855], [35.13563387836578, -0.4630107636888372], [35.14084210668988, -0.45664313610349216], [35.143544328728446, -0.4604869360602343], [35.14951510733778, -0.46322033325904843], [35.14953289735333, -0.465503411305061], [35.158361898771204, -0.46428606530618205], [35.16130494305744, -0.46739849969215047], [35.16555000643112, -0.46880756864750495], [35.17279605001233, -0.46938728601272695], [35.17316617947351, -0.47356547310407854], [35.1776074368089, -0.4814759058247399], [35.181910470380636, -0.4814937519123404], [35.18471964892824, -0.4855024744427462], [35.19371366621549, -0.48172114812366085], [35.19684399430434, -0.48375004786362663], [35.20287711642098, -0.48201545553215785], [35.20606538054345, -0.4795495748339728], [35.21785969382744, -0.479487115357866], [35.217039254441204, -0.4764014405552929], [35.2203523208355, -0.4739444985019037], [35.220107077632115, -0.47079635446422125], [35.20858033212919, -0.46607417959309944], [35.20948999275745, -0.4631668233307112], [35.21422110700563, -0.45996967457055554], [35.21831011453381, -0.44906269436379576], [35.22675563658608, -0.43751805001309446], [35.22820927756058, -0.42878272186986044], [35.23197727390202, -0.42234820877216994], [35.23490689711866, -0.42356999201444095], [35.24455639181869, -0.42329353629086014], [35.250139149682155, -0.4208811697007437], [35.25421029296735, -0.4243949507716899], [35.259177780129534, -0.4244083313466129], [35.265326866521974, -0.42134936355789887], [35.27468650701733, -0.4179515590601368], [35.277415458757304, -0.4195389608705739], [35.2844742024499, -0.41865607422728257], [35.28696239322071, -0.42226793153673653], [35.29060992847874, -0.4243146499780244], [35.29445817974058, -0.424011459572187], [35.301356401973194, -0.42542050806842174], [35.30645757550061, -0.4244484658622957], [35.31085424998962, -0.4215188020346244], [35.32093183687205, -0.4168724361609513], [35.328026292585, -0.4092696759797144], [35.33141076925337, -0.4045563755964337], [35.33485765106023, -0.4062241242685015], [35.34148826578078, -0.40590304106426683], [35.347624012870405, -0.4077535960626375], [35.35397828194011, -0.406224095528379], [35.358633570307795, -0.4063043547803675], [35.36145616278884, -0.40459652724322953], [35.370552716835654, -0.4040792635164393], [35.375627168792334, -0.4046232762160238], [35.3803136964958, -0.4006056524952252], [35.387912007925515, -0.4039187272593091], [35.39057855060577, -0.4038384623824607], [35.39983116224439, -0.39996350849380663], [35.404771874185336, -0.40157774030953497], [35.409498475203726, -0.4050513436154762], [35.41609795974305, -0.3999635377924373], [35.41880465155364, -0.39315891884692455], [35.43124106502035, -0.3825017061834705], [35.43594096347622, -0.3771373659245755], [35.44409667373142, -0.3740962813134554], [35.44563510680087, -0.3707697828755566], [35.45108858006013, -0.36540101615416265], [35.41246829247639, -0.3024385396400238], [35.45464245555616, -0.28703679182592423], [35.4692861439407, -0.27774847827057964], [35.4890667252436, -0.27391365209165136], [35.5014897384102, -0.2704712049069432], [35.50274274727866, -0.2690889255887751], [35.5105640064293, -0.2706050263249916], [35.524592340943855, -0.2701145066521562], [35.52812395787387, -0.25961332754251704], [35.55864653157344, -0.27346772424367266], [35.57147087594606, -0.28222540960450915], [35.56821131881248, -0.3034061288948264], [35.58009922170358, -0.3080079599112049], [35.58398317049616, -0.2920131476681542], [35.59140304706554, -0.2849053234601902], [35.591313907428884, -0.27753447667333264], [35.59345423305024, -0.27681654665096894], [35.60074046225705, -0.28320641645089684], [35.60369235595013, -0.2935738129041708], [35.610528146514106, -0.28874911270923403], [35.617140996460044, -0.29013588632856113], [35.619557806967485, -0.29389044809914616], [35.63023292288839, -0.2877680617122542], [35.63117377086572, -0.27561256407299906], [35.63908428338614, -0.2716350719004686], [35.64542954827109, -0.2713228958925652], [35.648555369470934, -0.2665828844681614], [35.65173027585371, -0.25769147698506856], [35.65239915282202, -0.25165829465753586], [35.65655498902353, -0.23610941929012472], [35.654142626996936, -0.22328058348336174], [35.65615368429393, -0.21778696687663163], [35.65409800854149, -0.21380942987120868], [35.65472233106691, -0.20661246808563782], [35.66039872280638, -0.20496258583160507], [35.66277095292847, -0.19418939489224335], [35.672509645167516, -0.18891874483132223], [35.6645992576144, -0.18565467903534527], [35.66953543035134, -0.16318970353944426], [35.66675739569471, -0.16252085178968745], [35.652849515720405, -0.16431342268136684], [35.65129775468698, -0.15702277843443158], [35.646816361300694, -0.15155592739494922], [35.63938299051587, -0.15064625994205363], [35.62897988782556, -0.15338414755647647], [35.626063710980766, -0.1507755573536948], [35.61573189385249, -0.15393709550471893], [35.611981815201595, -0.1585700735204742], [35.60943126472927, -0.1587707631275239], [35.60732649490758, -0.1546996194312048], [35.60274701400398, -0.1539594081081207], [35.60187751994643, -0.14790392008443057], [35.59971037845439, -0.14711022792604128], [35.600628967149255, -0.13662684117408067], [35.59689220617513, -0.12897506076673843], [35.598609009602164, -0.12263418471566878], [35.603723566732675, -0.12299094641714528], [35.61183470555809, -0.11433134483147638], [35.61273538284685, -0.11062582701553442], [35.622349238716545, -0.10399514464455897], [35.62108732031811, -0.09670452450479396], [35.61441204763367, -0.0914294282987701], [35.61645872620958, -0.08819207334178936], [35.614973848521295, -0.08438851230099922], [35.62335700713283, -0.08134738636231052], [35.62912704954676, -0.07171574787138783], [35.63599855122473, -0.06423782670135468], [35.64014998125612, -0.06096929406359966], [35.63456717237567, -0.054218223077062914], [35.6383841815923, -0.050276337108344664], [35.632159238501245, -0.03609640665033063], [35.61016249309799, -0.03249347275166945], [35.582475991178605, -0.007767776456971189], [35.572228913046764, -0.010866807033370535], [35.568189027507046, -0.007910466436499803], [35.54344990374198, -0.008507955058900495], [35.522799785357165, 0.015415089975774744]]]}, "id": "00000000000000000789", "properties": {"shapeGroup": "KEN", "shapeID": "32016919B28150779100642", "shapeName": "Kericho", "shapeType": "ADM1"}}, {"type": "Feature", "geometry": {"type": "Polygon", "coordinates": [[[34.74707232366543, -0.024730172386997824], [34.73993771345449, -0.025769149746983792], [34.73108639963337, -0.010590348800381138], [34.72756822085982, -0.006550412974036307], [34.722712209969, -0.007344164550439484], [34.71494888915196, -0.01039859666073549], [34.70855907030682, -0.021510683433476847], [34.70437642392517, -0.02233115293330844], [34.694240865059555, -0.020846320566714753], [34.69071367407224, -0.023156134987233394], [34.69251073964627, -0.014795286169783197], [34.69057547565052, -0.010594834788565884], [34.683405222312814, -0.012039543837984045], [34.67195429719543, -0.015838725732014395], [34.66033390087418, -0.013493246438575158], [34.65416692606778, -0.006612830878871462], [34.648490449956434, -0.005725500031110074], [34.63753451758427, -0.0006554845868405353], [34.61385218372548, -0.0006956067769677872], [34.61062826625718, 0.0053687453533262566], [34.60846560653418, 0.006059941036227308], [34.603841494253224, 0.012374018724257158], [34.588899068802945, 0.0012083963984788426], [34.59208282546526, -0.007321829507839725], [34.587819967485466, -0.010585880607142337], [34.58562607738691, -0.01629357592468998], [34.585706326150216, -0.02098006256565412], [34.582736565824085, -0.02418167832891001], [34.58250468102832, -0.031209277057719996], [34.575784822458495, -0.03589128673927291], [34.570634565513004, -0.03604735435840852], [34.56423131792369, -0.03979745632886957], [34.56055705582463, -0.03401848334546212], [34.56001297981223, -0.029256152866454794], [34.5633706664246, -0.026602998066159754], [34.56368287114506, -0.02355742907566844], [34.56094945766456, -0.02082402095421353], [34.56282221423686, -0.015825330524855404], [34.55478244416452, -0.0155132143250602], [34.55040807310009, -0.021604327341850513], [34.54517755378021, -0.021292180331707575], [34.54260025031565, -0.016917858445051455], [34.534114540120925, -0.015366070453801062], [34.52913375365662, -0.0208462944818862], [34.4857734722489, -0.02987152769062985], [34.460481442166284, -0.04237927889531975], [34.45596878372663, -0.048251931293072405], [34.44628360288442, -0.05581008938322199], [34.437708783837145, -0.05906523842785041], [34.43754826878015, -0.06130374478373061], [34.41160970017038, -0.07839994131745373], [34.411426877223604, -0.08299724030458988], [34.42429135652867, -0.12196086479233978], [34.42599473264593, -0.13051343588006475], [34.483419041960026, -0.29927253987580066], [34.53242458523452, -0.27171534992152263], [34.70638299588632, -0.2580526168264272], [34.754639346936585, -0.2894536059302695], [34.75537071214481, -0.2962403590210696], [34.758237856658795, -0.2992235264422066], [34.75714543774023, -0.3060147082957418], [34.7600928631131, -0.3135640131309326], [34.76528774711285, -0.31342575626354946], [34.76825748398018, -0.3097648426047399], [34.77545894324724, -0.3168236032900707], [34.7789861195114, -0.31643561871676823], [34.78001167729375, -0.32106416632139834], [34.78278967373004, -0.320390887297299], [34.786896537379015, -0.3243059471318793], [34.7883278675585, -0.32963013471698704], [34.78730679154801, -0.3321316795032054], [34.7829323595676, -0.332118293395095], [34.785438383111796, -0.337509359008822], [34.785795128381515, -0.3416786064717825], [34.793081323610735, -0.34386804238540675], [34.79021854527864, -0.3466282061627464], [34.79519048732008, -0.3498967588080291], [34.79846346884604, -0.35415521030815467], [34.80390349905299, -0.3535086166229852], [34.810770515949116, -0.3561662116352098], [34.814765925591956, -0.3608349412418208], [34.82089267793219, -0.3701588749484674], [34.8226005082645, -0.3707162824736608], [34.82190492933774, -0.37840824339169066], [34.8244064429722, -0.38108371770198285], [34.82470523817492, -0.38791947628109846], [34.83372150488214, -0.38805328645424253], [34.83869344619078, -0.3920397295424324], [34.856859837057335, -0.3918568545152294], [34.85837142321543, -0.39473743608976897], [34.862678930458344, -0.39732375600842856], [34.86569774389106, -0.3941800956961493], [34.87066967405001, -0.3949604423529997], [34.87681430324401, -0.39824677454372526], [34.87849096029204, -0.39610639669291414], [34.88603129939593, -0.3971899934141015], [34.88720397708615, -0.4010961343310915], [34.893830215568926, -0.3938723890427426], [34.89708982127907, -0.3946928765863974], [34.89969391460595, -0.3917364817612344], [34.908304445029074, -0.38895398282420185], [34.911332158973075, -0.3858861398677659], [34.91587159204069, -0.3881112341520844], [34.91310692914753, -0.39637394050081987], [34.91462298603559, -0.40324096445808066], [34.929471859812715, -0.40328107869598806], [34.92921768728395, -0.4114635561326181], [34.93475142556734, -0.4105985099897386], [34.93894738277399, -0.4132115077928965], [34.94244778075787, -0.41265858017104284], [34.949136495108135, -0.4155926998025351], [34.95909359561268, -0.4159761342917448], [34.9679137190271, -0.41327838764185415], [34.975110762522824, -0.4094971088276924], [34.98235226125754, -0.41346124921575905], [34.986427895822914, -0.4132382962519989], [34.988282898957436, -0.4088326604469426], [34.997522162848355, -0.40434682788744075], [35.000170833664306, -0.4056533561383316], [35.00362221095667, -0.40401242050725383], [35.00736336216514, -0.3980996435498162], [35.00765773141634, -0.394059680591377], [35.012330852638364, -0.39141991587599595], [35.012892658738046, -0.378921043878233], [35.00929868245485, -0.3703461945545185], [35.00925850382835, -0.36283257395068896], [35.00737681138234, -0.3582486476114776], [35.008157114479054, -0.35440045762703515], [35.008246298720664, -0.3387132931318157], [35.012041038571546, -0.332104948658117], [35.015135643176635, -0.33070029090622954], [35.02314865966983, -0.32353007044803], [35.031950912060566, -0.31213709177239085], [35.04680857914376, -0.3002847864293718], [35.0524806258471, -0.2944166057880989], [35.05236914112071, -0.28277836709117155], [35.05310483676578, -0.27337412105854514], [35.055227371213924, -0.2668459831819707], [35.05667215934175, -0.25708055237016236], [35.057920682237, -0.23449519233231073], [35.06350797691934, -0.21571346343405426], [35.07087886998449, -0.2126188778952593], [35.072461808489386, -0.2087483854169488], [35.103902970775124, -0.20167622286431802], [35.121302334465334, -0.17198754057349377], [35.1283387741125, -0.15609974920564557], [35.13173662151116, -0.15537737506867222], [35.13641424789566, -0.16034034529608318], [35.14193017301894, -0.16251642184635728], [35.14535474082114, -0.16247625134906812], [35.15442458798877, -0.1662085263487318], [35.1599806027777, -0.1654682933809969], [35.16301722408411, -0.1628864961638226], [35.1682477359344, -0.1637872363447544], [35.17403570877723, -0.16304705216800974], [35.177313077253515, -0.16497779434100832], [35.18422920288653, -0.1653033258348904], [35.18453687486505, -0.16021997289475481], [35.19024009182997, -0.1630470447932174], [35.198039013156695, -0.16312729653622834], [35.206511336971715, -0.17110462773953472], [35.21524222486506, -0.17532291559340252], [35.215612332964284, -0.18039294024320782], [35.21766802113179, -0.1810796089156739], [35.2176411902729, -0.187389250655115], [35.21987524877461, -0.19240576336843435], [35.22652818587003, -0.19633868892758655], [35.232124398837, -0.19407343777953182], [35.234951494124644, -0.19596411271133904], [35.23668162146349, -0.201105446790396], [35.24058326585135, -0.20068628690999707], [35.242233142136755, -0.20379874088273814], [35.245506141850015, -0.20396818741980216], [35.248217282523335, -0.20767369557696527], [35.247593022302695, -0.21294439916701624], [35.25194061863517, -0.21623070869542454], [35.25668959018359, -0.22200524667670976], [35.26063143839266, -0.22329839464704967], [35.259307090210676, -0.2296660189757837], [35.270263101100184, -0.2376924030533938], [35.27866846732477, -0.23766118432179958], [35.2844608816307, -0.2359978957151077], [35.30048242902327, -0.24036782155011738], [35.3045714436964, -0.24029201823904214], [35.31198690318738, -0.24848341366932475], [35.31946927563573, -0.24766741862093009], [35.33046544083078, -0.24286049330683288], [35.339677868698004, -0.24017607236434427], [35.34221068881165, -0.2364750585395383], [35.33551306723099, -0.20783867640067835], [35.33043420880282, -0.1921872298311266], [35.33031823990886, -0.17625042056926207], [35.295737902549064, -0.17604087492469112], [35.28940150132832, -0.16512940886983787], [35.28027376511763, -0.1659632918086466], [35.27966290104134, -0.16337703260870717], [35.28455898648146, -0.15705842821230304], [35.2773664439935, -0.14480039715575066], [35.27031656111495, -0.15259491389440002], [35.25331403006057, -0.12054289637424434], [35.24907345345543, -0.11970901609595855], [35.23647649608837, -0.11958860269628269], [35.22648358432946, -0.1065680562751953], [35.22648358432946, -0.06772484327952759], [35.22123971787314, -0.039052824683354415], [35.21581742613865, -0.03671625380690896], [35.21483647917669, -0.033960492633955223], [35.210457586346955, -0.03333622378890891], [35.20642655679722, -0.029398872779070502], [35.20231977189906, -0.030326368625085906], [35.19940350590246, -0.027423490343212738], [35.19374042093935, -0.02637560742271082], [35.18719448258427, -0.029965159813030877], [35.17709908081, -0.028471343276751243], [35.165425164585415, -0.03253805198546164], [35.16382435336242, -0.03105318765863519], [35.15792944474041, -0.03711309631868842], [35.15244025515496, -0.03657355469373195], [35.143825296385586, -0.03215014603305884], [35.102725744975956, -0.005337540538461283], [35.100291057481634, -0.011125465726532585], [35.1019275964442, -0.013350538783608083], [35.10031339207519, -0.028466924251671733], [35.094900017543985, -0.031766621024808615], [35.091653756162756, -0.044626665503343675], [35.08560720741338, -0.05040569606032356], [35.08219161259047, -0.050240673364449394], [35.07422319771993, -0.055297321971546645], [35.07020548631111, -0.05967613365560724], [35.06996920858307, -0.0644607711026122], [35.06561260845941, -0.06877272270976952], [35.04999684212622, -0.03561038919632779], [35.04225584445314, -0.03619454865068501], [35.03257964515166, -0.03522692189094259], [35.0068416989963, -0.029612871922325094], [34.989419943681256, -0.020128353965341128], [34.98980795122265, -0.0247747618427474], [34.97877607105348, -0.024583004853907114], [34.96464968675831, -0.03232401402549643], [34.95787632532679, -0.026518256406130973], [34.952841957558725, -0.026901761952544095], [34.95516518034322, -0.0309684538673907], [34.934167225779966, -0.035904672811811485], [34.92371960009923, -0.03667613097307202], [34.91984465900515, -0.033385271481685595], [34.921200218544584, -0.02680809679640493], [34.90610617527285, -0.029323054623633923], [34.8915917577194, -0.02564431405857406], [34.87998027482608, -0.027387787675271547], [34.82665829019856, -0.028453543508676925], [34.8090493057766, -0.022839511898107193], [34.8034219564409, -0.017747247321217345], [34.80369394619662, -0.012851105580591042], [34.810106182970955, -0.0063096285613295855], [34.81254527495385, -0.001783636747365172], [34.830671488810545, 0.023905218642936203], [34.81868987772178, 0.02194323480995173], [34.81701330891146, 0.018728239631829013], [34.80978509387066, 0.011174493293011633], [34.803448751009086, 0.010104316476920705], [34.789790523428195, -0.004864895594332491], [34.78765012929226, -0.0066485096416022465], [34.77944091308493, -0.019459504046229238], [34.77470979576563, -0.017238860644041627], [34.76721408373483, -0.018612298556841378], [34.76271479128948, -0.0179478888587351], [34.76041388543314, -0.023383523651745612], [34.75719441900624, -0.02634884272247866], [34.755138783632724, -0.032988448121082786], [34.750568205761276, -0.033055289019037946], [34.74707232366543, -0.024730172386997824]]]}, "id": "0000000000000000078a", "properties": {"shapeGroup": "KEN", "shapeID": "32016919B35081513576883", "shapeName": "Kisumu", "shapeType": "ADM1"}}, {"type": "Feature", "geometry": {"type": "Polygon", "coordinates": [[[36.65747160157608, -0.15307649437507473], [36.685858204122006, -0.17445340023117017], [36.67865680983041, -0.17440437376452209], [36.68201000318006, -0.18551196901571423], [36.61251939268061, -0.31153509019524317], [36.61226963490038, -0.3192894938811789], [36.608720216641096, -0.326343771719835], [36.60631680055736, -0.33475811351069656], [36.60803795911361, -0.3462447160632899], [36.61332203869374, -0.35451192578619944], [36.61206007495934, -0.3586454753971537], [36.60241507036318, -0.3673764403552801], [36.601264638637865, -0.3697843440487447], [36.601844305527, -0.375558874630597], [36.60826985487703, -0.37920197058526117], [36.61825823784379, -0.38230550149958004], [36.625151996738964, -0.3832240744742866], [36.630436021430334, -0.38953814759676625], [36.62193700892101, -0.40159555485917564], [36.62607055108332, -0.40779818473166707], [36.63043602143034, -0.4105538698168581], [36.63559969135547, -0.41974408341435376], [36.64503515186566, -0.4294025058521048], [36.6503013873925, -0.4359351117651602], [36.647773005040605, -0.46004990452644523], [36.648580130565456, -0.4614322368025224], [36.65856848244263, -0.46223489401463314], [36.66236323331832, -0.465333921743606], [36.66339328262757, -0.46924011515729486], [36.6640799742688, -0.48026299925593846], [36.66328182428972, -0.4845125693776809], [36.6590322892729, -0.4916337357420404], [36.65777035584974, -0.5016265556777488], [36.65489423034604, -0.5124220322951236], [36.65455084306342, -0.5166671001936423], [36.661212735480206, -0.5250547069588647], [36.660410109500795, -0.5344678626348458], [36.66144018576521, -0.5382580901072259], [36.66592154765059, -0.545263362031903], [36.666340694334274, -0.5623238853451309], [36.66753128196858, -0.5715631264392129], [36.67051441734306, -0.5773064334274204], [36.679013501173436, -0.5808648243912532], [36.67901350117343, -0.5916603012949454], [36.680048011635925, -0.5967124464410057], [36.68728070682617, -0.6054433688444385], [36.69015229214519, -0.61336716197964], [36.69680977046105, -0.6224369873722236], [36.704104846443784, -0.6286663686676421], [36.70727524381638, -0.623623101232005], [36.707172736195254, -0.6137685257217147], [36.70844798347588, -0.6080028635348752], [36.7054871813176, -0.6011938560378286], [36.70578590773297, -0.5918029773518751], [36.70682490029332, -0.5865813945368966], [36.7101648146685, -0.5841913025348185], [36.713308465236445, -0.579317494318767], [36.718244635016354, -0.5761113979551329], [36.72111190010993, -0.5716656568053794], [36.73381140759772, -0.5666580895468333], [36.73794944146417, -0.5703814741108311], [36.742841050343245, -0.569939989352118], [36.748312428520734, -0.5712063730587313], [36.75279826289768, -0.5682276991687217], [36.76657687007877, -0.5671262974552584], [36.77302028492895, -0.5676301773274854], [36.78074339115528, -0.5668944384176717], [36.78680334971337, -0.5705419736871563], [36.79693888028553, -0.5711974425801111], [36.803324356488005, -0.5702922412023125], [36.807961808457705, -0.5729855625763659], [36.80942436448082, -0.5793397777316848], [36.82044280143973, -0.5824567190464696], [36.82082181180674, -0.5847799106696128], [36.837926919890165, -0.5955040338837468], [36.84445510212716, -0.5937337791118267], [36.86007530728366, -0.6081188044314091], [36.86606390217283, -0.6058803600080765], [36.875731187752514, -0.6070798634541353], [36.880636171170096, -0.6085914758768272], [36.88272310506457, -0.6109325316019559], [36.89354528728998, -0.6088100009818614], [36.90679328889441, -0.6094387009755603], [36.92128094458137, -0.6093272511279987], [36.921316628161634, -0.6044132928576862], [36.92480360945811, -0.603833634663032], [36.935144225062174, -0.5985362104917735], [36.95034983649536, -0.5937605384205462], [36.95591922104261, -0.5887841591993538], [36.96654975192527, -0.5865768975354722], [36.97091073938661, -0.5824923434977672], [36.97676995809458, -0.5795939590589354], [36.981755227436416, -0.5792818421738322], [36.98454217750637, -0.5766286762599347], [36.98913508947978, -0.5769675303688089], [36.99507905542813, -0.5837186457078904], [37.001758780419365, -0.584053044826088], [37.00557131259411, -0.5856137664509425], [37.01511377261278, -0.5846594981741177], [37.02143678975618, -0.5892612669803714], [37.026587009502165, -0.5915532539718212], [37.03365469794267, -0.5907595423160141], [37.04409349053652, -0.5945898987329654], [37.04809329689527, -0.5947370604215099], [37.055513274649854, -0.6021926682970109], [37.05892441681838, -0.6102012520202804], [37.06330329228555, -0.6119045994413853], [37.06551502220458, -0.6104152410087488], [37.075351757580805, -0.6158286365328619], [37.079347141086295, -0.6191372417084023], [37.08725311142362, -0.6229185944564521], [37.09783010669878, -0.6270209478701245], [37.10161141568134, -0.629941649271105], [37.100403045066656, -0.6365857036855589], [37.10902248335466, -0.6410448498023933], [37.122595976041254, -0.6435686730912635], [37.12988211774499, -0.6405899993924942], [37.13520629868177, -0.6402154612803767], [37.1406954551182, -0.6380750722786814], [37.15268149118626, -0.6405097225010012], [37.1540281592765, -0.6358499530795401], [37.1589420702935, -0.6371832384922261], [37.169117724564565, -0.6356225429832001], [37.17072307078116, -0.6317431405683119], [37.176568952692506, -0.6326929473357955], [37.17225693313334, -0.6274088731286808], [37.172377348488574, -0.6226510083199144], [37.175039432892135, -0.6202565108624595], [37.17404507637697, -0.6160649662979838], [37.17813849349519, -0.6151017878349655], [37.17903037241252, -0.6096393525903538], [37.177166413821304, -0.6005785133486656], [37.1710441030333, -0.5981839415045328], [37.1655906115713, -0.5929088403750645], [37.15922300927975, -0.591816361912489], [37.15587865234, -0.5869068861561704], [37.148935889843266, -0.5804277986839999], [37.14925693732274, -0.5746131660637855], [37.1441289203376, -0.5702967186914695], [37.14416016041679, -0.5628277108484907], [37.14844090477456, -0.5630506798334838], [37.14955565902595, -0.5542305894289957], [37.146354047035445, -0.5455799482919806], [37.147731908187595, -0.5392658170052351], [37.14642094125219, -0.5342537945518945], [37.16797621229744, -0.5070756061159924], [37.166857000952, -0.5036197728517003], [37.163133638267176, -0.4999454990068816], [37.16376685731837, -0.4967661488235177], [37.16074804081674, -0.49423336913971005], [37.16493067408507, -0.48929716897682757], [37.17019242839199, -0.48800845160247336], [37.17678737112681, -0.4829340180016199], [37.17465146872241, -0.4681966994911511], [37.17422786112629, -0.45931863061172373], [37.174575690394796, -0.4432970460579581], [37.17886533763586, -0.4410942938654814], [37.18608016757797, -0.4437697383614709], [37.19365173685558, -0.44310530213278687], [37.199671531490225, -0.4390386284028384], [37.19898477587609, -0.43185501705522045], [37.200211027196275, -0.4287024318139781], [37.205677912061944, -0.42433254304506735], [37.20513388154844, -0.417777640700708], [37.20803236133044, -0.41031307951680485], [37.30778686435281, -0.1510743361014571], [37.13541142880055, -0.04134480199364224], [37.130466305715, -0.03687229713427198], [37.12370180362095, -0.05446790988777503], [37.120736531128784, -0.051114688416732966], [37.11443132352055, -0.040952386421572194], [37.10799686163842, -0.03417453945158464], [37.099872376851124, -0.0279006015066923], [37.09683575061069, -0.023280939068706], [37.09076244354716, -0.017056033268097532], [37.08780155040248, -0.016775149802988804], [37.07609641683722, -0.0018148353214961794], [37.07927134462764, 0.0034022975940000985], [37.07686341524563, 0.00981445741736819], [37.07114241041509, 0.000900722039985727], [37.06322747906416, 0.0018817430869505752], [37.051500038172456, -0.009939350545978673], [37.04965399941224, -0.015049465702091303], [37.02631948097581, -0.044434920895999826], [37.02435746584642, -0.04910360581802129], [36.99781247794111, -0.06428240436701348], [36.989487331927705, -0.06607944424046829], [36.98345865399307, -0.07010601000165938], [36.97790702389003, -0.0700703363066973], [36.97655593659393, -0.07328531077834209], [36.97790702389003, -0.07684366123456367], [36.97652027994438, -0.07985360723884055], [36.98041748967263, -0.09711921977730957], [36.982985980262825, -0.132083055126939], [36.98490780159171, -0.13712624984228175], [36.993826052295994, -0.14570114939136525], [36.99998850598461, -0.14755612039624325], [37.00236522309315, -0.1499327854289575], [37.00606178399786, -0.14992389656210636], [37.006124219312255, -0.15633161266170353], [37.004429761624415, -0.17678996597279015], [37.01680380370937, -0.18079424686694304], [37.00702493699686, -0.2212026293659601], [37.00742182934833, -0.2253584838729123], [37.01160447134791, -0.23180193214520495], [37.00920544213356, -0.23462449690830425], [37.007711713436414, -0.24070671063374624], [37.002369647869145, -0.2450409626287132], [37.00116568919035, -0.24876431495456555], [36.99662188327741, -0.25203732838976456], [36.98813178745476, -0.25567592692864943], [36.99580142776528, -0.271314023387787], [36.98541168939412, -0.29619581050527277], [36.96121664268996, -0.2847269767432111], [36.877782391997926, -0.2602910956306954], [36.868837441803066, -0.24904082171805006], [36.85473773573607, -0.25430251959660627], [36.84099929021721, -0.216030083099476], [36.841489796591965, -0.20768708139930386], [36.83758355738826, -0.19774328180743156], [36.84460669000496, -0.19661511633376325], [36.84976139552905, -0.1978414049119716], [36.8559015729499, -0.19015834623974012], [36.86069959010906, -0.18924871066679547], [36.86295588011215, -0.1870503431831097], [36.86478414427987, -0.1813115015048079], [36.868966733188394, -0.18000053922542547], [36.86775384792756, -0.17230414719786916], [36.864739484932976, -0.16907576015323972], [36.86250549787186, -0.1597963687702932], [36.85659272344488, -0.15493592584799917], [36.857359730334004, -0.14942002029554588], [36.85956694471225, -0.14348493273564572], [36.852864966049076, -0.14304348641499404], [36.843652403806885, -0.13738490522684804], [36.82900431392973, -0.1356904629595341], [36.82906221854427, -0.10360278021626965], [36.790673817011516, -0.10675086755232206], [36.7649403423624, -0.11474603838896669], [36.76319238759554, -0.10931931552496474], [36.75218737395684, -0.12083716101257085], [36.715934817835915, -0.12956362148169623], [36.71079793193139, -0.13674277659837722], [36.65747160157608, -0.15307649437507473]]]}, "id": "0000000000000000078b", "properties": {"shapeGroup": "KEN", "shapeID": "32016919B26862024603939", "shapeName": "Nyeri", "shapeType": "ADM1"}}, {"type": "Feature", "geometry": {"type": "Polygon", "coordinates": [[[38.43415134520458, -0.07482368968103821], [38.63198158588119, -0.4175011448545636], [38.82981183112833, -0.7601786202619814], [38.95341365523805, -1.0317646580924968], [38.95673120403902, -1.077951999335018], [38.99965457506953, -1.6762608350730017], [38.99316652002821, -1.6834310616048358], [38.99130712101145, -1.6870919856728648], [38.98235325217021, -1.6945743162914497], [38.97663663570288, -1.693820750812608], [38.97425103907711, -1.6962732700663066], [38.96935498622762, -1.6972274832938858], [38.95845687952962, -1.702792446794162], [39.01512314271091, -1.9140468495690017], [38.905177329633446, -2.1268596365563033], [38.79523148549993, -2.339672514743234], [38.79148586197212, -2.3384908193903544], [38.78723185806278, -2.3421160869248387], [38.786625409254164, -2.3479485782247527], [38.78089101016205, -2.353651763497376], [38.77587453226323, -2.351631786547818], [38.769190376219754, -2.3525458894911355], [38.74393397529818, -2.363822964107516], [38.73679941602613, -2.365981210961912], [38.733178666835826, -2.3700969447696605], [38.73197026736462, -2.3780029253756], [38.72539754931104, -2.3834475040891583], [38.717067946137234, -2.3881518487934663], [38.71426759646629, -2.3945640244705557], [38.71160109005103, -2.3974445777746736], [38.70406520768014, -2.4000532023607763], [38.70289248129481, -2.4035268011544537], [38.69540564105027, -2.408048362269333], [38.688021328905876, -2.4099300664828527], [38.68439610905182, -2.4133011429071107], [38.6765703787796, -2.412931027745495], [38.66484738215522, -2.4165696626486177], [38.65497494514808, -2.41677481341729], [38.64557068579084, -2.417804841821827], [38.63990315569515, -2.4153166910504056], [38.63220678420879, -2.415205180008658], [38.63014667882038, -2.411116225572442], [38.62653481563972, -2.4104785385507497], [38.738678946059885, -2.5681423595614805], [38.850823164974386, -2.725806135484296], [38.9629672887483, -2.8834699136143764], [39.07511144269566, -3.0411336717564064], [39.078999759217496, -3.0439295408573694], [39.078491429545615, -3.049235846308931], [39.082357526050444, -3.0524731864825925], [39.08737397792398, -3.0503818740313773], [39.087133197266475, -3.0431402565582597], [39.10127302664364, -3.0367013177440816], [39.10561614455224, -3.032197634395297], [39.110855567142764, -3.0244253968956207], [39.1230512506702, -3.0196363369458754], [39.1289729095041, -3.020844759279179], [39.12901309268492, -3.0279525897376036], [39.13210767709283, -3.032937844659913], [39.13299951897039, -3.0420611387272234], [39.139799609605014, -3.041543940626737], [39.141931063555774, -3.0487230342037837], [39.14835214678511, -3.044807967105875], [39.15270871615353, -3.0467744640478425], [39.156151176992125, -3.0530662346622246], [39.16172058832332, -3.058599972952506], [39.16240723549671, -3.064637619036751], [39.164476259796736, -3.0660734271169354], [39.169416944695996, -3.0643388408039316], [39.17389840265958, -3.0567405227402404], [39.177541426771995, -3.057574373319203], [39.182557978835, -3.0632953953221373], [39.195953074507436, -3.0610970726591997], [39.202405407528666, -3.0656230659712564], [39.21610376150772, -3.065578439421161], [39.21780711373646, -3.0682985331713994], [39.21737015779537, -3.0729270807220317], [39.218484904926854, -3.0691501931296004], [39.30238904200338, -2.9742633354611496], [39.38629315795081, -2.8793764342975248], [39.470197316674934, -2.784489577079114], [39.55410142060915, -2.68960269836663], [39.638005526853135, -2.594715808940551], [39.72190961010979, -2.4998288875165335], [39.80581372032265, -2.404941995006728], [39.8897179036831, -2.310055160719818], [39.961209525867574, -2.4109578844973822], [40.032701167575, -2.511860690575321], [40.104192836675885, -2.6127634308228496], [40.17568446104422, -2.7136662172541635], [40.17856059786832, -2.7177284620275626], [40.1790600041153, -2.7183616352826356], [40.18208773563948, -2.7107767261994806], [40.18731829762828, -2.705809249042457], [40.18501289774575, -2.6998786931068284], [40.1798715986479, -2.703490563036455], [40.17502895723465, -2.702094823673421], [40.17690183959217, -2.6979969453790695], [40.17623737087189, -2.6938633451757306], [40.179983078834006, -2.6919905096065935], [40.178453564970255, -2.6885168643043715], [40.18297953811241, -2.680521685724451], [40.18759024993391, -2.6804325273420067], [40.190858810284325, -2.6821225077354294], [40.196749259112146, -2.6785909055021344], [40.200771344208725, -2.681493796946053], [40.200749102795164, -2.6846017975945764], [40.20472214579307, -2.6915669248181007], [40.19995090368589, -2.697038250071619], [40.20036116438154, -2.7037179743484527], [40.194925468428224, -2.708194914950191], [40.193922234854774, -2.712680772909804], [40.19588419863874, -2.7267180154686335], [40.19323547761847, -2.729424695519806], [40.19721745106977, -2.7317657167749125], [40.20321051348613, -2.7203459459178525], [40.21283768487987, -2.7052563538322563], [40.224707804435496, -2.688766596049136], [40.23327378207678, -2.6777392070247203], [40.25241671189537, -2.6578918002655887], [40.26059465510375, -2.6504673524255042], [40.26059465510375, -2.6491207099107674], [40.26133933846181, -2.64756002053178], [40.259863371934365, -2.642860144737133], [40.26714508435179, -2.6378748873975644], [40.27022188198773, -2.6295363364204998], [40.28259589988882, -2.6227897080778995], [40.290546433220996, -2.613104540865175], [40.297881718417116, -2.610219545978188], [40.30045900496935, -2.6074771974664577], [40.30476651580687, -2.6065229575893056], [40.33953413367213, -2.5838796280471725], [40.33891882250203, -2.588775731223217], [40.33455330026455, -2.5898949362984034], [40.332702831227806, -2.593034154628542], [40.31624422630392, -2.602411632298945], [40.299562732802585, -2.6140008605967266], [40.29171922672162, -2.615931650175996], [40.286626901117494, -2.6233783358685216], [40.281030760055955, -2.62925540013586], [40.278734294695774, -2.6269055102937395], [40.2733565887165, -2.628778325794121], [40.26954855627802, -2.634994301856435], [40.26759549428913, -2.6426639712869777], [40.28097277668729, -2.632613131485496], [40.29496546277045, -2.6204085403456157], [40.30723241696057, -2.61139673459604], [40.316199674222254, -2.6059878180569935], [40.32891699501864, -2.597386204970165], [40.342343399623864, -2.5893821713463563], [40.34195101510819, -2.587420113396608], [40.3422006934144, -2.586635331385074], [40.34608454594808, -2.5851816703306163], [40.34718150425752, -2.584312125510998], [40.34790836121722, -2.5832642312300536], [40.34983464064419, -2.5787516509510198], [40.35166736959018, -2.5762634602274748], [40.353914766798376, -2.5770125873370913], [40.35240755984821, -2.5779846854303807], [40.351212539903244, -2.5797014452087175], [40.35122141390296, -2.580990136091419], [40.3516851952929, -2.5812130866644094], [40.35278656417786, -2.580749298075732], [40.35453902860166, -2.5786847860674595], [40.356808732778966, -2.5774451023021823], [40.358057266335585, -2.577266762191317], [40.35835598891611, -2.5781005926357254], [40.35679083079018, -2.578377107170443], [40.35508303390408, -2.579469568000154], [40.351118895772245, -2.5836031427982604], [40.34974994639072, -2.585288717794899], [40.36120537445012, -2.579340275878295], [40.39932624830053, -2.560968772169002], [40.4203731660698, -2.551805304062721], [40.43808474783636, -2.5445191254512425], [40.45509172488289, -2.5386241908183185], [40.469606100572435, -2.534762616812179], [40.48924402437122, -2.530727105554273], [40.50064595544448, -2.5294651905245478], [40.512752394796934, -2.529465198723621], [40.51377800950617, -2.527735097796547], [40.5067638489831, -2.5221745720163584], [40.504453972589, -2.5226561794987297], [40.49555366680079, -2.5187633415022788], [40.484468319130976, -2.5251220636295444], [40.481168596616875, -2.5248678762429404], [40.475050666724734, -2.529625712001135], [40.46496420982328, -2.5318508094081675], [40.45932344859017, -2.534860744025533], [40.45422670961936, -2.536220757208638], [40.45051225180199, -2.534909772974132], [40.448113270832, -2.531351430714851], [40.444331976073634, -2.5318998973745024], [40.44269993265244, -2.5281185583823875], [40.44426505999952, -2.5239715747927436], [40.448942628381026, -2.522143368159431], [40.45435601202956, -2.522303861522092], [40.455158628603904, -2.516168140839364], [40.45724099788523, -2.513800364025675], [40.45893992455346, -2.5067862137421284], [40.46339015633773, -2.502670466044703], [40.46672110191063, -2.5042043697188956], [40.46899968465368, -2.5104203882226632], [40.47235742224554, -2.510549696276889], [40.47402507183148, -2.506095044969636], [40.465726670479384, -2.501644845238513], [40.46902640872597, -2.49895159147674], [40.47322248061373, -2.502237943830989], [40.477578961440685, -2.5006014635558915], [40.478127498973095, -2.496788935363065], [40.48193550646932, -2.498037488960537], [40.48449954075517, -2.494180323453176], [40.48725521063441, -2.4956830665381107], [40.49347126184799, -2.493377671190748], [40.492508036150376, -2.5001064984231878], [40.500164326016254, -2.5046057056327], [40.49862592706427, -2.4956384851023206], [40.50221108781233, -2.49381023950266], [40.50615292692124, -2.496628411762858], [40.51313587682132, -2.4986171686106022], [40.51240011698639, -2.5025545058604233], [40.515570540815155, -2.5065588043376525], [40.511343270810855, -2.510915326812397], [40.5081996343161, -2.51746578307881], [40.511526166962675, -2.519851376143183], [40.51665409046859, -2.5190710544763024], [40.51994490291836, -2.5206317435320185], [40.522549027752824, -2.5248589509791466], [40.530820667235794, -2.5311150742970905], [40.532149468476774, -2.5314227271875565], [40.53358532825619, -2.5321139361965845], [40.54057267999265, -2.5320871858247127], [40.54774740826525, -2.5339064895355166], [40.55565337485597, -2.5379776477875358], [40.56286378717891, -2.542659701631267], [40.56685015911174, -2.5466282934046647], [40.57603597096921, -2.5488444301204987], [40.5873352841609, -2.5529557503476332], [40.593885723809755, -2.5541150945734015], [40.599673637801544, -2.5567504336754734], [40.60691967478642, -2.557441625250098], [40.61447338528734, -2.551809757966381], [40.619953647235064, -2.5503560746599896], [40.630387907217695, -2.543092238435368], [40.64380093767764, -2.5327961648616886], [40.64837594182122, -2.527909005243452], [40.65829301972252, -2.5139920990324947], [40.66997140423866, -2.5014620338743434], [40.673890899435, -2.496088817795238], [40.679750177117555, -2.4909742323433948], [40.697876413654235, -2.476816603784983], [40.71309090047082, -2.4662931185291983], [40.73061961612623, -2.4560193460512703], [40.705898362621724, -2.4604026726757646], [40.66366175168864, -2.4678850151820217], [40.48515503568596, -2.411557643122122], [40.44067549530978, -2.3975204292004304], [40.24951381280346, -2.398073356708414], [40.24951381280346, -2.2487781825908777], [40.219044810512706, -2.0907654610425634], [40.207937172819285, -2.032890769900949], [40.20455273188984, -2.0152684239101446], [40.19814500502392, -2.0041741849651316], [40.196437155109585, -1.997815532341483], [40.19758761589983, -1.9838005700749142], [40.19574152957236, -1.9777227714088224], [40.19026131133976, -1.9702359416186408], [40.1859849796208, -1.9597882796293296], [40.18595828329359, -1.9557394438606919], [40.18819222490294, -1.946923793827052], [40.1893248923757, -1.9314730137879967], [40.18696157300235, -1.902751909582551], [40.18653350063072, -1.8941725979570734], [40.18867828090505, -1.8769827620787516], [40.188669382533085, -1.869335403768042], [40.187514456233025, -1.8629054110532985], [40.182408814170834, -1.8527297430739875], [40.176268599740446, -1.8434592739539193], [40.170957817347556, -1.8384427832933063], [40.165544503196834, -1.8310228115732043], [40.163020625798474, -1.8233799290065507], [40.16218678026298, -1.8125844701589386], [40.16216444634886, -1.7999517949213693], [40.15891383557365, -1.7830027855896264], [40.157883755223125, -1.7617060788599757], [40.16037192724333, -1.7537064776527904], [40.169147447663526, -1.735495486882337], [40.17075270317831, -1.723866184435807], [40.16839387854693, -1.7175030256793653], [40.16235178546022, -1.7079917486164486], [40.159301731577656, -1.701838196929786], [40.15783025928313, -1.6941418022730188], [40.157709834670435, -1.6813040520212517], [40.15882012164496, -1.6757257261815361], [40.16010883144609, -1.653568452278215], [40.15921254773884, -1.6341758213372701], [40.157027580134816, -1.6209679621265705], [40.153995373528424, -1.6078091644272778], [40.14802914995957, -1.5932992601042768], [40.14325344510878, -1.5863876257540814], [40.13326055913482, -1.5760692944128316], [40.126099267395126, -1.5701520567714997], [40.120882090804436, -1.5634187730747289], [40.11488911338098, -1.5528997501607218], [40.11112118643975, -1.5412080280171359], [40.10662188748055, -1.521735123770554], [40.105141535165586, -1.5079386742071879], [40.10132007311627, -1.4997205533906495], [40.09918856870798, -1.4985611472661364], [40.09283886709121, -1.4884479556348775], [40.089325063651486, -1.4816790304143241], [40.08727835777542, -1.4743437763121439], [40.084527075212726, -1.4747272563500098], [40.07550631101204, -1.4730774214271447], [40.07090453997811, -1.4708746304710771], [40.0387856269658, -1.4907666661536674], [40.032560691307296, -1.48736439285651], [40.03144148676302, -1.482298846866601], [40.03648028636287, -1.4825574731062037], [40.03817917288964, -1.4802476423772486], [40.03532531346089, -1.4748031071801122], [40.03631524687605, -1.4697910761676651], [40.03201224377179, -1.462696651169296], [40.03523617952542, -1.457145023776012], [40.030505082919596, -1.453738260355803], [40.03321619224144, -1.4484765783890763], [40.03428637449782, -1.4326467318593614], [40.03011713432056, -1.4279066979249013], [40.031178371669874, -1.424330502483382], [40.02450760456794, -1.4220876171475798], [40.02197926305772, -1.400996015345938], [40.01253042468149, -1.381639088789179], [40.009863868837144, -1.3780896520338621], [40.01460833201107, -1.3763282759138942], [40.00964536275219, -1.3654391808058395], [40.009373383808324, -1.3603245653077662], [40.00469130143407, -1.3631204227376468], [40.00227002358324, -1.3613591114583772], [40.00402695520466, -1.3522580584172033], [40.00095904468115, -1.3480799139452417], [40.007036850850305, -1.3345688030978136], [40.01119265998866, -1.3310283008092034], [40.01059516558864, -1.327804379875381], [40.00570350514191, -1.325833414582304], [40.00384413147336, -1.3227432999703732], [40.004722541577166, -1.317847157962673], [40.00330896759553, -1.3140078881052442], [39.99936716487991, -1.3089200792754188], [39.997391781644474, -1.2984634578843786], [40.00361221466077, -1.294963093490632], [40.00352303371751, -1.2917391683728687], [39.999995856721654, -1.2876278374869647], [39.99933592195808, -1.284412866274099], [40.005725819156304, -1.280328298824375], [40.00608252908437, -1.2750398068305537], [40.00471807870058, -1.2698717367604981], [40.01184369666144, -1.2646902344291602], [40.012120205055695, -1.2631340185414899], [40.0071928887318, -1.256503358051057], [40.00132917223809, -1.2546617061740715], [40.00569019502412, -1.2485260039125485], [40.00844587469594, -1.2419978703035486], [40.004744855955174, -1.2378865939368038], [39.99673181834475, -1.2395052351925122], [39.99619228436108, -1.2368030294818675], [40.00000478317458, -1.233614792586064], [39.99600050979686, -1.2282906221802354], [39.996187820852235, -1.2234078748943362], [39.999710522739825, -1.2188908031943895], [40.00042393346107, -1.2151986855317227], [39.997659351320635, -1.2131474665389248], [39.991059892119054, -1.2127551111956902], [39.989195915541316, -1.2098834177478344], [39.99122482084392, -1.2052102640083824], [39.989249483842364, -1.202467917644393], [39.98313158207536, -1.2040197073336372], [39.97989427990667, -1.2007066218321512], [39.98103136186012, -1.193157332727133], [39.972661632823446, -1.1863304460755235], [39.97036073098948, -1.1784690454790099], [39.96228976372455, -1.1661663986497017], [39.96326624700729, -1.1602402342981535], [39.96080483324658, -1.1531235322570395], [39.955797311318726, -1.1445397348078041], [39.953487459984565, -1.1422567026695676], [39.946187930849106, -1.1399602400753248], [39.944386442661816, -1.137266944138482], [39.94375771957421, -1.1311178868753344], [39.93643585083554, -1.1328524632144106], [39.93238698567422, -1.1290889816224463], [39.932355786442606, -1.1108601506667388], [39.92951086623233, -1.1052417071075973], [39.92594361077804, -1.077715667478301], [39.92084687536253, -1.0786788635789235], [39.91858610429901, -1.0759989152958007], [39.916695425145974, -1.0693414984035121], [39.91356065512615, -1.064766436712519], [39.917078928936206, -1.0604233058446964], [39.91612914297324, -1.0566330686193999], [39.9083435197604, -1.051291038009192], [39.91269118992663, -1.0424530751499086], [39.907933297252335, -1.0358179792883209], [39.899041819915695, -1.0281259955146915], [39.89620137303616, -1.014993955661089], [39.89867177089699, -1.0099239726418292], [39.89845772497919, -1.0067892086074353], [39.889477076196094, -1.0057324107519432], [39.88582956024956, -1.000586577544902], [39.88573141883069, -0.9951242092286674], [39.89149701651592, -0.9906785089927099], [39.8876979040753, -0.985091250733736], [39.88881710984352, -0.9812519663443853], [39.885508462275105, -0.9793300675634076], [39.88725200460756, -0.9746346438043164], [39.89207670734495, -0.9713973035829483], [39.885236472995295, -0.9678657348361646], [39.88032696264986, -0.969341700865388], [39.87849432630407, -0.9595985395477704], [39.88215522859273, -0.9513759668032182], [39.87835607997714, -0.9515543363003885], [39.87339752044192, -0.9587067198769851], [39.86919706904125, -0.9574983325605296], [39.87076224787299, -0.9532086388779568], [39.868795762803025, -0.9475321936215628], [39.8708068187035, -0.9438266837061644], [39.8764788174514, -0.9427966404360127], [39.87845415487264, -0.9366876643553715], [39.87403521346717, -0.9329197334315934], [39.87146227292883, -0.9274573484526808], [39.865464834310416, -0.9279121724897536], [39.86072481656335, -0.9260616476349434], [39.861175149068984, -0.9203316997182542], [39.864559599402845, -0.9172861224027236], [39.8609967587774, -0.9145348710984919], [39.85824109980258, -0.9058262658098694], [39.853460879611205, -0.9010416160992345], [39.851744153225965, -0.8975011158092127], [39.85490566770072, -0.8947052282001358], [39.85499483261333, -0.8913208130573766], [39.85048226442713, -0.8888370570432162], [39.850932594384226, -0.8854080323593807], [39.85522229673592, -0.885680021018384], [39.85860229124187, -0.8840123284778902], [39.85869592439561, -0.8769491349235521], [39.85517324053585, -0.8731142823978564], [39.85206072024611, -0.8723027468322699], [39.851926966367934, -0.8684232985631931], [39.85684536745282, -0.8605485201372916], [39.85670715029556, -0.8541898462441737], [39.85851305313954, -0.8506716352901438], [39.85734030944629, -0.8475101430358636], [39.85305515225822, -0.8471489579263968], [39.850798838022406, -0.843541509524877], [39.844707666351574, -0.8535121013808697], [39.841189431418265, -0.8519335586168756], [39.843218358730894, -0.8468814074113367], [39.83834902354661, -0.8426140156766206], [39.8368151214253, -0.8386900315660222], [39.84123402395514, -0.836072539876718], [39.84475225630754, -0.8401793457603295], [39.84732522976634, -0.8361661517451503], [39.8445293062006, -0.8321039029361104], [39.8440343383393, -0.8249961479428992], [39.84479684623079, -0.8184546203900254], [39.83672145455108, -0.8133132551146987], [39.83636029006427, -0.8101562248104455], [39.842183884326126, -0.8061162908108669], [39.83816616955922, -0.8021477125622387], [39.826795481436555, -0.804716114818176], [39.825845694808336, -0.7997977697957875], [39.833341420658506, -0.7970019034947214], [39.83415297883795, -0.792939671925294], [39.83031368545427, -0.7910936028925778], [39.82729490855665, -0.7928727792174963], [39.824271662729956, -0.7915216744838909], [39.824499084768306, -0.7869644291921246], [39.82729490855665, -0.7829467726414443], [39.82512778919896, -0.7794731821718938], [39.8177702998896, -0.7761332689719832], [39.81204035116437, -0.7763384204403587], [39.808660360110345, -0.7712416486937157], [39.8148406743367, -0.7696140617731224], [39.81547379830049, -0.7651505064425149], [39.80965023910563, -0.7621272754924071], [39.80847749544714, -0.7595543296030982], [39.812495128698856, -0.7554698055249105], [39.8175473294045, -0.7538913245613731], [39.815291032636786, -0.7487945399875356], [39.81709690925506, -0.7458158532323216], [39.82174334149299, -0.7460432851774852], [39.82373208169642, -0.741396915711469], [39.82119934014893, -0.7389800693103348], [39.814796062450725, -0.7395686614317333], [39.808526589321716, -0.7367237452551165], [39.80532047985761, -0.7270029231213835], [39.81154535455444, -0.7276807131459758], [39.811906587799314, -0.7166712063038265], [39.813172968703086, -0.7137816605160738], [39.809833100248, -0.7096570117742504], [39.81226774035614, -0.7072178608501498], [39.81006049768108, -0.7038779946118543], [39.80608740067998, -0.7050061892300079], [39.80495928610671, -0.701938298297522], [39.807621370463394, -0.6984646613925622], [39.806854390400076, -0.6942686351827205], [39.80180224531409, -0.6974524656329958], [39.79765081923943, -0.6903044949445091], [39.79566201290001, -0.6825234029423173], [39.79593408895829, -0.6788178588344228], [39.799956163217516, -0.6716788366877738], [39.796629711914896, -0.6703901868063941], [39.7922285491101, -0.6726955169235207], [39.79002576634919, -0.6703098865523939], [39.79083287330405, -0.663866491965166], [39.78900460988228, -0.6604285109268462], [39.7818656231659, -0.6627918866641025], [39.77972077790984, -0.6581231676387505], [39.78170507476149, -0.65205434861292], [39.769625326737234, -0.6339370320042027], [39.76855069409424, -0.6288090370955964], [39.77354491884569, -0.6231192509340129], [39.77687585162785, -0.6146380147917384], [39.775373174054245, -0.6122747170105834], [39.76624086158528, -0.6112000581330432], [39.75754562530026, -0.6054835088025673], [39.75598940495347, -0.6010288307311696], [39.752877002598595, -0.6009753545782198], [39.74943900847475, -0.6050554182564815], [39.7451449199279, -0.5993076299300468], [39.741492914622434, -0.5977781659021036], [39.738919953290974, -0.594019150742105], [39.73977609874663, -0.5884363335738118], [39.736503147369596, -0.587794226753395], [39.73086686554971, -0.5935910985687447], [39.72189962007861, -0.5940458734149057], [39.716905423032024, -0.5914730103621422], [39.70955234786787, -0.5913615138754547], [39.705953846811354, -0.5942108939932176], [39.69693306167985, -0.5915532363391914], [39.69607694665449, -0.5899390542407026], [39.70026407663869, -0.5853238907009539], [39.69977800997072, -0.5817789353344825], [39.6932275769338, -0.5857519784102803], [39.69269691077918, -0.578505954350923], [39.68560696576956, -0.5744258515897686], [39.6876492536486, -0.5651108103171075], [39.68614650850291, -0.5607096483519413], [39.686842122023634, -0.5522819659066319], [39.683301636313345, -0.550939747858351], [39.67868198000758, -0.5563620267044364], [39.67336676873976, -0.5548593332480646], [39.673638759396106, -0.5489242685605203], [39.66939367847322, -0.5466724330331311], [39.6652601070149, -0.5492452939035058], [39.663003775491184, -0.5481751093228983], [39.66176861206711, -0.5373840971412535], [39.66703483222804, -0.5372235538226149], [39.66864456703029, -0.5315828126040631], [39.66064492012216, -0.5249565954492575], [39.6532918725289, -0.5214116118716744], [39.647490582646945, -0.5165244136581465], [39.64088668102984, -0.5082304942885825], [39.63965146708891, -0.5042574595518515], [39.64003049341445, -0.49545516646943133], [39.63063519824566, -0.4898991632501874], [39.62977453512646, -0.48366974895940557], [39.63020262298177, -0.475777166101563], [39.62907898448926, -0.4698465331026582], [39.63492927445159, -0.45669222508349894], [39.63084923955329, -0.4543868520133822], [39.6240847963057, -0.44791667392520235], [39.619090597100794, -0.4449647637610968], [39.61930459974047, -0.43830732591918126], [39.61372177146425, -0.4423873925907193], [39.610341775642354, -0.4372861935827905], [39.613026197151555, -0.42797116381605155], [39.61243313642833, -0.42303043606020535], [39.613293726662384, -0.4088058984915541], [39.60926718624437, -0.40821733869882487], [39.60384493665751, -0.4098270811648136], [39.604812515549604, -0.40443153434239015], [39.60352385189784, -0.3968064940673785], [39.59809707743769, -0.39433611889761633], [39.600085838849225, -0.3888068421342248], [39.597187484624904, -0.386555018064058], [39.59675940385157, -0.3783368982489243], [39.593214361574354, -0.3769411641701327], [39.5943960386898, -0.372593545246995], [39.59811496964014, -0.3673541354685809], [39.59460121986281, -0.36462069780276274], [39.59664345658697, -0.36048262317933627], [39.59473498532352, -0.35650066559017196], [39.590463096883106, -0.3572676108991393], [39.59139060415174, -0.3510115359105217], [39.58687803908604, -0.3463071539925296], [39.587841154097134, -0.3427577319506336], [39.58472423975899, -0.3404880131830499], [39.58004664153027, -0.3435024140531362], [39.57791964810407, -0.3367289940027826], [39.570374881357985, -0.33060664969866377], [39.56276767831684, -0.3291886732135112], [39.56057376191481, -0.3266737333578994], [39.55863854283593, -0.3198067014548833], [39.55386731487583, -0.3167120928304092], [39.55606115372719, -0.31123190244097165], [39.551160600185426, -0.3072989270787206], [39.551160600185426, -0.303366041211661], [39.54774049702075, -0.29543325901479783], [39.54348650112863, -0.29072893628020835], [39.54007086526291, -0.2901447634582024], [39.53658829260708, -0.2943051495806187], [39.53420266344665, -0.2940464953511387], [39.530590748890944, -0.2885662452608727], [39.52581956791843, -0.28676034212266877], [39.52260009149364, -0.29378785914684263], [39.51917991001276, -0.2974666282697499], [39.51453800093046, -0.2991432542843758], [39.51221482441436, -0.29446566748935615], [39.51763264560509, -0.28402243592931303], [39.51505078657465, -0.27770392160369833], [39.51002543068813, -0.27731595390687197], [39.50963747576086, -0.27118915444051694], [39.50447827333046, -0.2641303775638167], [39.50267234453668, -0.2569735363256384], [39.497901146253255, -0.24833623402438565], [39.491716365772824, -0.24955806875140332], [39.48842555500092, -0.24414467930264785], [39.48223627704575, -0.24172340159851316], [39.477077087150064, -0.24146921398714824], [39.47327347986394, -0.23476277210686353], [39.47017891357687, -0.23379511669802844], [39.471208925804746, -0.22670069008442262], [39.46444004062597, -0.21867433096527225], [39.457350076255075, -0.21615940609393886], [39.45444274556709, -0.21171368239220983], [39.450960184861714, -0.21016637730556342], [39.444904663417674, -0.20984082172444227], [39.43813133574598, -0.20265278930704797], [39.436004369798574, -0.1982025693279713], [39.431233111233496, -0.195045533359885], [39.42730016188432, -0.18975702335346728], [39.422528948290065, -0.1885307689750701], [39.41492171023005, -0.1911125860798816], [39.407443760999676, -0.19046601722070236], [39.40099150321966, -0.19536657180066103], [39.398030618365944, -0.18891876158474535], [39.39502523003957, -0.18886077832758782], [39.389058940454255, -0.19175918444675352], [39.38410035927696, -0.19051957549964824], [39.38186192481756, -0.183692650741768], [39.37984638727677, -0.18102612658549253], [39.37451330732392, -0.1785245776661425], [39.364096903031104, -0.16410830487173014], [39.359664492454726, -0.16305592575247332], [39.35684194172742, -0.16808136470898807], [39.3536001083024, -0.16766221196205355], [39.35432249090424, -0.1612009597368967], [39.35190122212205, -0.15990782851329122], [39.347299461387244, -0.16394777002832336], [39.34035661251348, -0.16685510136110052], [39.335589839067715, -0.1641484305168045], [39.33518409569363, -0.15849430434230583], [39.331875439870174, -0.15663931368916093], [39.324687363469444, -0.15784770658713546], [39.32428154954153, -0.15494035842570744], [39.32775518747698, -0.14743124676522995], [39.32670728975662, -0.1443633781417485], [39.31967973993395, -0.14137578086016464], [39.314351115494965, -0.13354117983848132], [39.30863457412673, -0.13471392656136774], [39.30621328262381, -0.13925326950522482], [39.299854572267385, -0.1367294200963054], [39.293794698568156, -0.13642617891064956], [39.283636836667554, -0.1412063516902183], [39.280350497994775, -0.14051964281473373], [39.27584236621837, -0.13706828624537765], [39.27164633326396, -0.14120633725342902], [39.264328931012436, -0.14054192438138166], [39.25955321483267, -0.14521064455928823], [39.255678266181384, -0.145210643365165], [39.25583431803121, -0.1402253473456397], [39.25366279287396, -0.13879396025215482], [39.24803981250617, -0.1415764802562858], [39.24363867961483, -0.1412063443362369], [39.238011316675205, -0.13786650032912492], [39.22692603499019, -0.13789326500029622], [39.22771972908689, -0.13062491859291292], [39.22310458723347, -0.13030384119733626], [39.21514504559127, -0.13200277465071014], [39.21159563187875, -0.13529360300987128], [39.20649889439348, -0.1366981856754608], [39.20512099705629, -0.14152742093740417], [39.20135304158789, -0.14274474594077338], [39.19806225233139, -0.14125988076984602], [39.190370331115375, -0.14017185722925163], [39.18517095764352, -0.13614080720505], [39.181349522955195, -0.13524005737483416], [39.172810327157656, -0.13728232339205337], [39.16941250037979, -0.13452218744131567], [39.16930551924568, -0.1302235978676117], [39.16580512065199, -0.12714682894419874], [39.15318136504899, -0.12674992960227668], [39.13848417816866, -0.13046438586774553], [39.134083037182904, -0.12971970691588658], [39.1322236148633, -0.12492170875141594], [39.13376199373704, -0.12073017003840802], [39.13163947692836, -0.1187637060347405], [39.120973329436524, -0.12104677205744971], [39.1191762694653, -0.11430904073498083], [39.120077029693654, -0.11011750478801643], [39.1096783929725, -0.10473089847393299], [39.107025202826186, -0.09916148112309801], [39.10166541937333, -0.098153723277916], [39.10060414995666, -0.09242377165472251], [39.097901876903244, -0.08804942800648112], [39.08723570795478, -0.0795592943305953], [39.086919116273336, -0.0774367595787063], [39.08177332708234, -0.07069905464215093], [39.074076913256164, -0.06483530823533869], [39.070420476906385, -0.05735740088364564], [39.06675508668338, -0.04727537059469238], [39.05964730768988, -0.047302153456971884], [39.05471549293735, -0.0508025468709399], [39.049302166003685, -0.052608466587116], [39.04267147887179, -0.052158099414978745], [39.0370485279988, -0.05358947308963378], [39.03264299241386, -0.052211620622273226], [39.02681044330113, -0.04505029292396695], [39.02320308108519, -0.042847491140067195], [39.01646538850527, -0.04443942611310275], [39.008501398109495, -0.05483803716155876], [39.001607626976565, -0.05523490154376621], [38.99948508071026, -0.049451405757758755], [38.99529357317082, -0.05024960521881639], [38.99136951569074, -0.05661273262332159], [38.98691045100691, -0.059426435946164334], [38.980596380400605, -0.06011759631838923], [38.97412621630724, -0.05825817707127111], [38.96998814020819, -0.061227911705135654], [38.968289206693235, -0.07168003837669859], [38.96908740852401, -0.07640224994674512], [38.96696489899251, -0.08226596748136546], [38.96380337597946, -0.08419673655597544], [38.95475584105907, -0.08595362283025482], [38.94308190637023, -0.09684273078987621], [38.93983127417315, -0.09895192049308156], [38.932366694203985, -0.0989073075587046], [38.92876373022203, -0.09583498284349867], [38.92209290628747, -0.087139753679051], [38.91796382509303, -0.08617660226369223], [38.91410220712983, -0.08951197824907553], [38.90066692707669, -0.09534895217321884], [38.891534697785026, -0.09438581138419172], [38.88319175337196, -0.09631657014296963], [38.87089797046204, -0.09460427283912716], [38.86044586627177, -0.09170587025045314], [38.853511948985975, -0.09232121829166014], [38.84560598900039, -0.09416731665832395], [38.83858288643459, -0.09302574448202768], [38.83481049160054, -0.09359651621157002], [38.82883533430682, -0.09219189697254719], [38.81364312212583, -0.08604283838826986], [38.810570795897874, -0.08419674323725038], [38.80345856399962, -0.08309980165679383], [38.79774640814504, -0.08073202671857557], [38.78844026784715, -0.07941213792981576], [38.78001262554492, -0.0751983059950038], [38.773689598162655, -0.0703690956494355], [38.76868645927657, -0.06874595274013333], [38.7594338171945, -0.07213043770602945], [38.7520941479194, -0.07168895341421265], [38.745458992766764, -0.06888863248227978], [38.74007689319962, -0.06935683332009639], [38.733116261778854, -0.06589659496342128], [38.7292457528239, -0.06281982611388176], [38.71722403709245, -0.060924705033341395], [38.71162339065312, -0.058583645340163214], [38.70734705067293, -0.054378765050626526], [38.698402111209695, -0.04910807434361397], [38.691258644647014, -0.039859900716038406], [38.68818188717675, -0.040484167046006304], [38.68643387569669, -0.043757142358184946], [38.68649184764369, -0.05015595216271098], [38.682732840022254, -0.05379462199366444], [38.67882670998423, -0.053197071341817094], [38.67064871806194, -0.04859081481906957], [38.65699491035639, -0.04505918851809789], [38.65390477829383, -0.04656192955126379], [38.649191499712124, -0.05198865667644499], [38.63840495610398, -0.051524902288053606], [38.62733747800636, -0.03967264335921452], [38.615596610546575, -0.030170302939744938], [38.60920670865722, -0.028038849061805374], [38.60410103200357, -0.032743180375464156], [38.59458088696307, -0.03021042302153181], [38.58931911744965, -0.024654372536348574], [38.58407967081529, -0.024110357930231145], [38.57814908199799, -0.02200120652295776], [38.56993992882373, -0.017430634126675042], [38.56168160213682, -0.01809951864082299], [38.554872623475006, -0.015473068406508866], [38.550190526092265, -0.017372679128103412], [38.54562885662315, -0.02743240506855705], [38.542788391032154, -0.03083916392898653], [38.541856474300616, -0.04061347262492139], [38.531203686936365, -0.04200028694950448], [38.53064182721115, -0.0452420209847818], [38.53204197915368, -0.05263075430861297], [38.527694349647575, -0.054730985619454726], [38.521955475703535, -0.06157127237031005], [38.519904336756696, -0.06267263764610083], [38.51248885758851, -0.05900284979178581], [38.506375419014404, -0.06153561430109249], [38.50077477855292, -0.061803138093295094], [38.49090235994216, -0.05872190822148374], [38.48806186270092, -0.06126358889147676], [38.48708530078762, -0.06750632806168647], [38.484748744059154, -0.07211705005567472], [38.48108782272575, -0.07548368263282537], [38.47592864514758, -0.07745459825448268], [38.47010504586924, -0.0782081652217051], [38.464000602440436, -0.08319346967828595], [38.4574411962494, -0.08481656857988647], [38.45401660884782, -0.08419229789655684], [38.43822252311468, -0.07023978740009647], [38.43415134520458, -0.07482368968103821]]]}, "id": "0000000000000000078c", "properties": {"shapeGroup": "KEN", "shapeID": "32016919B56782604912852", "shapeName": "Tana River", "shapeType": "ADM1"}}, {"type": "Feature", "geometry": {"type": "Polygon", "coordinates": [[[38.42070266620682, -0.06928549897183074], [38.409898335371736, -0.07393190650281055], [38.40346824817027, -0.07493965395754815], [38.396833140546015, -0.07227754535661839], [38.39156250468592, -0.0734681750370212], [38.38801748335375, -0.0820920494631704], [38.3839909420726, -0.08502612112205106], [38.37904577143151, -0.08377314866749824], [38.37519310520417, -0.07883242760558053], [38.369726236147756, -0.07797184826313426], [38.36457157116895, -0.07528744039861401], [38.36143677927926, -0.07183165514518466], [38.346900079061236, -0.061357245108336844], [38.33957383022082, -0.06037174817306137], [38.33297881892296, -0.06490665191246933], [38.33006700259574, -0.06556664381146568], [38.32678957003954, -0.06331478439663196], [38.31973972301003, -0.05520810784837702], [38.314946186821714, -0.05245684245939796], [38.309131550423096, -0.051475878237670816], [38.305608844345315, -0.05492275652701959], [38.30243396339225, -0.060732933891634006], [38.30145740545479, -0.06608387293387247], [38.29760918442091, -0.0702174415608412], [38.29039883440948, -0.0754078587040732], [38.28821391417495, -0.08284117782115163], [38.28653726673493, -0.08426360700707654], [38.27986646165374, -0.08243095300755213], [38.27633481237266, -0.0847942744820276], [38.27143428526719, -0.09299012006616061], [38.263929640945086, -0.09117077941746889], [38.257495132243946, -0.08609631128565479], [38.25028481004737, -0.08407186343814416], [38.242267271204, -0.08985533653500294], [38.23355864484618, -0.09338695044103293], [38.22598269083566, -0.10030300804467043], [38.22037759057935, -0.10357156019749554], [38.213684500487844, -0.11372938893700374], [38.21291306078137, -0.12238893385909], [38.207000248232184, -0.12795838087071526], [38.206304683817905, -0.13633698867002056], [38.20693339832867, -0.14221411256882416], [38.204133052591025, -0.1443277076351951], [38.197047580217685, -0.14324863795600465], [38.193605100885414, -0.1498168589081484], [38.18708594816736, -0.15034753726991962], [38.18542272647946, -0.15343319597541547], [38.183705965356836, -0.16344835661927123], [38.18481177787916, -0.17022617864678619], [38.18187321738739, -0.1893467844634219], [38.170029855313054, -0.21203027755405998], [38.163470542963026, -0.22184472932411067], [38.162489544921634, -0.22696380112338035], [38.1639119551913, -0.22954116315541825], [38.1622131027073, -0.23526216673607642], [38.15889546600744, -0.2374471531384818], [38.15454786823057, -0.23753630383605215], [38.14895173454078, -0.23970789360419034], [38.14537999097818, -0.23841924058916725], [38.14210699656729, -0.2405595918397707], [38.13809379673234, -0.2473998643222052], [38.13542725493857, -0.2562110361982608], [38.12704413254745, -0.2624716280665215], [38.1201458852772, -0.2700030472267218], [38.11444721647617, -0.27303076628650186], [38.1133146033343, -0.27530046726900687], [38.10356695942646, -0.27544313343425464], [38.10247006102807, -0.2783861170940326], [38.08788877316992, -0.2737887988773958], [38.081851150289, -0.27453348996355326], [38.07367315398467, -0.2733339612682906], [38.06181640429632, -0.2738423263057365], [38.054226978664175, -0.27518451825227486], [38.045683401001135, -0.2752692179525098], [38.03149899865538, -0.2730486198882425], [38.02699083452866, -0.268629648774339], [38.01118777680437, -0.2660923848523437], [38.006630607488596, -0.26643574413632], [38.00027190371819, -0.2649999153595049], [37.997270960251846, -0.26681030414072926], [37.99338258496214, -0.27535393657909984], [37.9931506990334, -0.2853423516749528], [37.987581321763656, -0.2925125894975307], [37.98400067543962, -0.2996426729666241], [37.98284576543004, -0.3054930070523399], [37.98038872878629, -0.3093902766293266], [37.98058938403356, -0.31304226982951844], [37.985690661771535, -0.31743897152128525], [37.98485674431976, -0.324314897955138], [37.97958165720289, -0.3265711984547133], [37.97767760282736, -0.3330547389651927], [37.97263884759773, -0.3419461532378085], [37.971965525305784, -0.3447241718907309], [37.977731102300005, -0.3525722293461374], [37.97782032187112, -0.3548017699926603], [37.96984747892023, -0.3605851811906379], [37.96812622489224, -0.36474111610237964], [37.9726254313259, -0.36778663354596863], [37.97406572580451, -0.37059587290797263], [37.9740702516806, -0.37769480193123567], [37.97017740254383, -0.3805530627464183], [37.96912951370206, -0.39266398159454435], [37.969557642692976, -0.3962000633522274], [37.96490675891137, -0.40100697741911817], [37.96571384221727, -0.4063355628474563], [37.964585701190124, -0.41155720239018584], [37.961834420414846, -0.41256938331348403], [37.9600508018871, -0.4169616125592847], [37.95120841111137, -0.4256167178435554], [37.94733342167204, -0.423895547131645], [37.94532238956701, -0.4270570265854683], [37.93950329909481, -0.4253001354108647], [37.936466612538744, -0.4273111691710805], [37.93301081683274, -0.439622760396151], [37.928957524889924, -0.44803265259648034], [37.91879077080134, -0.46052257967738136], [37.91344425712941, -0.4661187297931862], [37.91179438790946, -0.4730927669931722], [37.90716142127104, -0.4810790244725547], [37.9008784954562, -0.4965164561593858], [37.89444854169095, -0.5075794524506269], [37.892486529794546, -0.5090821884382202], [37.88871859449257, -0.5203503373650703], [37.88234649830171, -0.5332460650757745], [37.88303324546891, -0.5420795103533196], [37.88482129701573, -0.544572197431125], [37.8873362246452, -0.5532139162159854], [37.88641322663322, -0.5678620655474971], [37.88252931323675, -0.5806730535443038], [37.88352819121035, -0.582608303515011], [37.890221261998306, -0.5874330469119846], [37.89465365640873, -0.5918119142566935], [37.901288766764026, -0.5965028622348265], [37.901088121666476, -0.6006988820432976], [37.909658542685804, -0.6098355572711708], [37.915780829848686, -0.6174918558357817], [37.921693654884066, -0.6227134483348702], [37.917497576845186, -0.6292148134555371], [37.90626514382041, -0.6383158772018069], [37.89303497310966, -0.6447503536665915], [37.89278971963981, -0.6545514661206876], [37.894542158227885, -0.6646424001004243], [37.896303533219225, -0.6684772269722048], [37.89479630584925, -0.6803161488708974], [37.89720422899293, -0.6833349627411144], [37.90385276529644, -0.6847395683009517], [37.89859991191189, -0.7034142946902495], [37.900312234499765, -0.709184327043398], [37.90437895080102, -0.7085690155847396], [37.90755377661125, -0.7102144064643536], [37.91187916348656, -0.7076147686800115], [37.913613723209586, -0.7240599240213507], [37.91548655840319, -0.7279928120205845], [37.91210210333999, -0.7345789284617075], [37.91269067401391, -0.7388685825097568], [37.90935081629318, -0.7468682077093635], [37.905466986720114, -0.7511935469004922], [37.90388399351557, -0.755773013136851], [37.89917961766495, -0.7611685756054332], [37.890957047296524, -0.7664169158292133], [37.89251768226895, -0.7778723373170433], [37.884897123292106, -0.7800796147505238], [37.88325619808765, -0.7863134242293831], [37.88062976221816, -0.7899609571424441], [37.88067435435928, -0.7970464587284936], [37.883488051858585, -0.8020496084284985], [37.87700451050688, -0.8043683165925016], [37.870623557834314, -0.8096300312333246], [37.866472116114544, -0.8078419760102961], [37.85950254101807, -0.8103078384194852], [37.85470453234037, -0.808154103793319], [37.84551431040186, -0.8098307062899192], [37.84385552234311, -0.8156944436922405], [37.84783303256635, -0.82094727139907], [37.846597934277725, -0.8269046279466374], [37.84905928334391, -0.8311630825081013], [37.84262925990309, -0.8334327550917228], [37.84139860295333, -0.8434568015431329], [37.837144577795094, -0.8445002058107679], [37.83851354207634, -0.8481165551221433], [37.83643558856407, -0.8507206962089767], [37.832315370561176, -0.8517596740176099], [37.833403413217596, -0.8557327069824651], [37.82947941418922, -0.8594694039311419], [37.83174911186957, -0.8632507509272764], [37.82758876580641, -0.864575108076375], [37.82758876580641, -0.868904866961805], [37.825270010479855, -0.8708446075825795], [37.82300034256068, -0.8805387015989097], [37.8207796859079, -0.8821707167980714], [37.822906709663094, -0.8889351565680368], [37.82286208009711, -0.8935681670112177], [37.81907631865347, -0.8952715549057539], [37.82044523664118, -0.8988655908597835], [37.829055756011435, -0.9001899588341081], [37.83392511689943, -0.9053223877472992], [37.83543675572493, -0.9111370562169385], [37.83945888491573, -0.9091527454207424], [37.838562615357624, -0.9189672280886971], [37.84310198568712, -0.9191098821383095], [37.844475366057765, -0.9240729148533584], [37.8506690433963, -0.93107366622568], [37.84967470807431, -0.9351403700054864], [37.852564159315065, -0.9367946806392876], [37.847926712580524, -0.9421188631721066], [37.846834202989996, -0.9450484787085237], [37.85005370851699, -0.9471755013647559], [37.849581030437704, -0.9517193014789843], [37.85412040339795, -0.9582207057906079], [37.84835033573831, -0.9608203310931719], [37.849438368139566, -0.9649360791542662], [37.85662641516581, -0.9642270664960069], [37.868121941099474, -0.9732121655898193], [37.86707856212217, -0.9766902673910288], [37.86381452118659, -0.9768329517526337], [37.86518789319385, -0.9817023237514054], [37.86079124150521, -0.9814659511999803], [37.858659800908384, -0.9841146652873769], [37.854218527691366, -0.9852963190587194], [37.849630095836304, -0.9900051303577746], [37.846508705786945, -0.9950171666088024], [37.84953196500414, -1.0046889833165646], [37.84877840947445, -1.007667633356069], [37.847124072338715, -1.0263735689918654], [37.84546532304219, -1.0302039330822659], [37.846695988320775, -1.0413428151288486], [37.844564516210376, -1.0474919064168107], [37.838892603924165, -1.052597570500853], [37.83515582631975, -1.0582739761897269], [37.8302820169828, -1.0678521278206805], [37.827874099587014, -1.0697918233130752], [37.81912095066821, -1.07078622784714], [37.81760927823229, -1.0797713190871356], [37.810608511991205, -1.0875747700323124], [37.80677808658971, -1.0932957860599766], [37.80692083716107, -1.0973178629920444], [37.803893116945616, -1.1071546546982438], [37.80166795653297, -1.1105837318235607], [37.79911740870104, -1.1221728949320742], [37.796522201154865, -1.1270690052482535], [37.73815257661185, -1.07754623532653], [37.593980874986535, -1.085938266667919], [37.596901624881745, -1.147152789289163], [37.606809748371546, -1.1445887872807192], [37.61153636954504, -1.1420248466870615], [37.61769887550395, -1.1429612151728217], [37.622973965168995, -1.14759427102529], [37.63805464073344, -1.1693546745456622], [37.64337440080204, -1.1840652253774706], [37.646036483758756, -1.1884529666609676], [37.64909537447434, -1.1974469785541133], [37.65481198188358, -1.2010454996302868], [37.655944545980844, -1.2063161286504394], [37.66516156489155, -1.2164204947967574], [37.6647200967525, -1.2199431728219092], [37.67043217651389, -1.2244290227999037], [37.67575636726549, -1.232513380606398], [37.684233110674796, -1.2345065966018547], [37.68866541999212, -1.2417035605753157], [37.686699020302015, -1.2449542654527106], [37.68886611461592, -1.2493420148316197], [37.691430134307794, -1.249047697811226], [37.69492604059153, -1.2613414397634304], [37.696749798487794, -1.2639054339960347], [37.696651694107345, -1.268984374124166], [37.70192681944957, -1.272480266864408], [37.702617957725025, -1.2760030001501101], [37.70577059057348, -1.2800964161088382], [37.708187382471586, -1.2886222427431022], [37.712668788637096, -1.290936487500214], [37.71370776704678, -1.296086779516444], [37.71612014572098, -1.2990966534991741], [37.716169224755376, -1.3027441918360236], [37.723165512205505, -1.3158494992917176], [37.723165512205505, -1.3215705584346082], [37.7258810804667, -1.324330734826795], [37.72997008999126, -1.3339891355708131], [37.73159324984347, -1.340049051266133], [37.73686831802225, -1.3414804261285187], [37.74021710465476, -1.3486997221987667], [37.74514891918282, -1.352249132642222], [37.74416344388352, -1.3554998507772462], [37.748600202262345, -1.357029307120602], [37.75278735756865, -1.3546882547577528], [37.756091513547126, -1.3570516156376278], [37.759391296247095, -1.3544430268508738], [37.764764446972144, -1.3543939678326637], [37.76639206157297, -1.3570516260639014], [37.77481973376513, -1.3609220719592567], [37.77994327632742, -1.3707321517880349], [37.78802318468584, -1.3757575051494866], [37.78950357630645, -1.3799223220704773], [37.79586222228241, -1.3872664801166845], [37.79807841367605, -1.3923899693917863], [37.80354975467547, -1.3945348121542567], [37.804490634523795, -1.4037517639933912], [37.8061627650575, -1.4067081422526948], [37.80774128265212, -1.4143956491158023], [37.8071972636488, -1.4188547461950796], [37.80976128533423, -1.4209772732305481], [37.80931984517997, -1.4245222647300135], [37.813159121565306, -1.4342341862487784], [37.81261951975697, -1.4387914002908515], [37.817105434064786, -1.4431300818925654], [37.81914322616386, -1.4473171545230565], [37.810104616723955, -1.4472681129485694], [37.798921165185085, -1.4540682850185813], [37.788616220343485, -1.464297437151649], [37.78013949266755, -1.470656093036528], [37.77787425826514, -1.4796501126137889], [37.77471720068576, -1.484871727139411], [37.77048103329873, -1.486744556541241], [37.759096923845355, -1.487707694637305], [37.75081636685786, -1.4898258170598413], [37.74317795458004, -1.4934242601357806], [37.734897442525636, -1.496206760677921], [37.7175960709814, -1.4922916709526475], [37.71340898223352, -1.4893353180324989], [37.7097123975561, -1.4886664476877411], [37.701926819449575, -1.4903430502774018], [37.69457824311283, -1.4985567019759463], [37.698060764838736, -1.5046121608068166], [37.702007065840355, -1.5087501925429678], [37.704869829735536, -1.5074124718417823], [37.71072464769854, -1.5082374155374851], [37.714158172786846, -1.5111001350530158], [37.719312887757894, -1.521663760384775], [37.72344641001453, -1.5244641114979882], [37.72477974657756, -1.5292977478941474], [37.73260988512218, -1.5423094296737643], [37.7424689742264, -1.5533144951501268], [37.74831932517998, -1.5538852261386586], [37.75332239942848, -1.5663841273923842], [37.757228590637276, -1.5702679502220447], [37.76028308052098, -1.5770101083430819], [37.764037609608856, -1.5803187924808262], [37.77115884398665, -1.5828649190420676], [37.77147991415708, -1.5861735677409885], [37.774850939454794, -1.5907218677705552], [37.775484128227525, -1.5955555430469943], [37.78178935749313, -1.6044024098136243], [37.78280152850844, -1.609427806094322], [37.79126934027526, -1.620018178822415], [37.79208980956342, -1.6261271284174417], [37.79533609833026, -1.6279063452808589], [37.800236601881664, -1.6357320103456607], [37.80335352374902, -1.6425722863206207], [37.800807413402, -1.6473435108266368], [37.80417846767995, -1.6489354620220895], [37.80379945812852, -1.6527524552308182], [37.806916381273695, -1.6545984742255977], [37.809333212376, -1.6586027545070143], [37.81563389642328, -1.6642033919867605], [37.81912986086733, -1.6645868842558857], [37.82186329363692, -1.6696434996947689], [37.81938396306165, -1.67835660023158], [37.82377621096372, -1.6833195413224675], [37.82880160844974, -1.681857008889726], [37.832493783198636, -1.6894909411075412], [37.83681911579715, -1.6906681358177325], [37.8358603746954, -1.6948686438447729], [37.8371356699231, -1.6990022314429458], [37.83509784247757, -1.7105825163305213], [37.84286116963442, -1.7114743253311082], [37.844769698775444, -1.7150371762096441], [37.84426135663743, -1.7231482764685493], [37.84934914332843, -1.7300821864536033], [37.85024098141163, -1.737399557400266], [37.85354962812647, -1.747098082038158], [37.854949759770676, -1.7543530320212788], [37.852787129750006, -1.757215794789261], [37.85348720688423, -1.763895542787605], [37.84827009691895, -1.7687603821861344], [37.845340465845624, -1.7662811284624693], [37.840315059251935, -1.7678730223049604], [37.83853581130897, -1.7716231278033578], [37.839231498512945, -1.7754401499084382], [37.837706419250054, -1.7791947198619629], [37.840060872218636, -1.7821867441531305], [37.847186499348865, -1.7978694075828372], [37.85113280794546, -1.8011111581111952], [37.86251689177529, -1.8134539856023866], [37.8662714502747, -1.8162855212021687], [37.869009326917485, -1.82099428759607], [37.878676662798135, -1.8310451257344973], [37.88217703594882, -1.8333371314568234], [37.88612336094302, -1.8335912538843888], [37.89057357895987, -1.8380102254459711], [37.89146981855519, -1.8419565290181303], [37.88567747358821, -1.8445027042722493], [37.8833899693117, -1.8517532000088157], [37.88637753971728, -1.8590705834686163], [37.89019455898543, -1.8588163816255936], [37.89719532889487, -1.8612332475177187], [37.9001204862676, -1.8636812857324134], [37.897890908534904, -1.867819359558479], [37.9004995323613, -1.8751991413623954], [37.902028964109114, -1.88397914045021], [37.90565418961416, -1.8918984703358672], [37.90425403874017, -1.8998490481884547], [37.90680020968038, -1.904178848871202], [37.91125038183198, -1.9024576368611645], [37.91659682388636, -1.9025869405532785], [37.91615097267738, -1.90996676405658], [37.91176316329073, -1.913690104524432], [37.90940881845541, -1.9205571194992663], [37.91023815502625, -1.9273037148564935], [37.90756275626391, -1.9323915684147297], [37.913671721767095, -1.9419652703598334], [37.91500494705116, -1.9487742824810077], [37.91245883795499, -1.9543080480492], [37.92505579967709, -1.9878048218387652], [37.92874790298293, -1.9915281427628098], [37.928301969061245, -1.9971867728985286], [37.93505310117178, -2.000535559711258], [37.93362613670677, -2.0051819214207156], [37.93734955715129, -2.0085039817160064], [37.93839291955535, -2.0117590968309194], [37.93712653768914, -2.018866931605477], [37.94127799299592, -2.0208690491782235], [37.939405134894656, -2.028565477567455], [37.93642205664753, -2.0305363934318064], [37.941411731960706, -2.0356554114860326], [37.948626618389206, -2.0352228766890095], [37.9531169218107, -2.048814219426429], [37.95204225420747, -2.056898590867401], [37.95635424278646, -2.0626240627900314], [37.95835185489936, -2.071725134146425], [37.956425543773804, -2.081811569249291], [37.95551592514951, -2.095657071752535], [37.95698738001892, -2.101195301267276], [37.95410684930751, -2.105551855647868], [37.954311947234906, -2.1132883778021196], [37.952505981048574, -2.1211943527701878], [37.952394496099565, -2.133100165045318], [37.95672432805519, -2.138589349705832], [37.96035401627777, -2.1405022792690382], [37.96327922643502, -2.1566085768330354], [37.96280207361102, -2.165330536200018], [37.96880403041841, -2.1662491115479163], [37.975153786279435, -2.161152362266736], [37.981561539447945, -2.159881559299215], [37.987260209001, -2.1563811172985337], [37.99717724175951, -2.153081390467352], [38.010220163119, -2.150272190583853], [38.015780664731956, -2.147061620291288], [38.021122651481825, -2.1478018087824453], [38.02392742858193, -2.1579953023677536], [38.02628186935889, -2.1609026848390385], [38.03599378334747, -2.16589688756989], [38.045139330148636, -2.1661421110293198], [38.04834104259359, -2.1685232786556345], [38.0486620289994, -2.17280400347333], [38.04619614282199, -2.1788282309095464], [38.052015342122786, -2.184500199470674], [38.053058728186706, -2.1911264511808475], [38.057843326012765, -2.2055338288967565], [38.06351083672214, -2.210960515483957], [38.06746606975868, -2.212066389630407], [38.06706034714233, -2.214951405493917], [38.06195466924166, -2.218527634779295], [38.06299806410472, -2.222175197334649], [38.06656979644851, -2.222937689577896], [38.06800116470791, -2.227441398224527], [38.06997654055025, -2.238914667213689], [38.069695604225046, -2.2474448964508373], [38.07500640336098, -2.2546820231074896], [38.07440446319285, -2.259899169066782], [38.08037964687761, -2.2587844167303084], [38.084531099140555, -2.2638855770091846], [38.08635930686133, -2.270409268260918], [38.091072576311355, -2.271363512023968], [38.09557181029928, -2.270360238962776], [38.09785487498261, -2.2765806885223867], [38.10273311498398, -2.2813964757069516], [38.11025113786592, -2.284294898872122], [38.10890002989262, -2.287746245970839], [38.1096179731974, -2.2941629215722137], [38.10876186062449, -2.2997635149609827], [38.114005723014, -2.301159236734272], [38.115151712776395, -2.3101264841754547], [38.12325833650619, -2.3177158878495283], [38.14598637924192, -2.3208193890390216], [38.149335201863515, -2.3255148579059757], [38.158917792072145, -2.3314142376986258], [38.1686698684656, -2.3348031234527613], [38.174332941871576, -2.3384239636827613], [38.18260456610416, -2.33731805784773], [38.187139443862534, -2.3394004978732372], [38.19165202341961, -2.345036773654423], [38.19599078501141, -2.3482518086241444], [38.199201316002416, -2.3531077705274113], [38.21066118580474, -2.3540887305696683], [38.211356785717676, -2.359497626780225], [38.21725174038853, -2.379251455844551], [38.2187188151561, -2.387572141424302], [38.22166623571811, -2.398059975297538], [38.230767298177895, -2.400017515458004], [38.23359439136598, -2.403223583065176], [38.2360736559347, -2.4087261164246243], [38.24158060473098, -2.4075043235932], [38.2453039755023, -2.409154184254187], [38.24735514627523, -2.415856206885731], [38.252973609966475, -2.420141453312341], [38.25700467622284, -2.419378936840497], [38.26326524619162, -2.4214658009436794], [38.27122918027517, -2.421470212082202], [38.275023883070055, -2.427561349701556], [38.276339318069596, -2.435208731216841], [38.278100620061615, -2.4393824519260274], [38.28000468257281, -2.4485146888548805], [38.28169018247157, -2.4511321735963065], [38.28358086864953, -2.4617493225182505], [38.28369679724657, -2.467211715632613], [38.28615377660276, -2.4729327306697217], [38.28668440343975, -2.480914522276972], [38.2899350847981, -2.4850124207830877], [38.29528598878145, -2.486466088216409], [38.298309272290304, -2.494822441008729], [38.30103829027512, -2.498376339486969], [38.31025524198394, -2.50104286868138], [38.31216369709423, -2.5042311609819166], [38.31067437980865, -2.510991167024239], [38.31647119164529, -2.5157757815298374], [38.31610114094431, -2.5232180203951637], [38.31991806480306, -2.5276191287738206], [38.320502215268206, -2.530450641853183], [38.3182280601967, -2.5359085954762883], [38.32236615579522, -2.5402829545293284], [38.321670500873175, -2.548068577972593], [38.33116839477316, -2.550810932348838], [38.33758955126768, -2.5561217200679667], [38.335805860407085, -2.5591316014266137], [38.330842883020615, -2.5620701547198497], [38.33310808711715, -2.5674567426450032], [38.3343611234837, -2.5744218773090832], [38.33790168623732, -2.5848606176105786], [38.34405968275889, -2.5868761355105603], [38.346909000571586, -2.5892528441532843], [38.349027142317674, -2.5998655169911324], [38.35136365896788, -2.6026881096837626], [38.36157949217337, -2.6297637877431352], [38.36154823357575, -2.6370008967461254], [38.366801079223876, -2.640862442708483], [38.366109905157764, -2.648144181715566], [38.37418981362596, -2.656375696256441], [38.38004907014593, -2.6604512801145077], [38.38197095267177, -2.663421061988975], [38.38120394150674, -2.6700874438608455], [38.38608220029005, -2.6775474896180764], [38.3884321967536, -2.686260602035511], [38.38849460836619, -2.6908846526071457], [38.392431963894865, -2.700926566452361], [38.39597249320261, -2.706188322228491], [38.399628962798154, -2.7179915104482184], [38.405336614249016, -2.731333164070236], [38.40968875745865, -2.7368133759925684], [38.41330504802756, -2.7505608209926726], [38.41980194426935, -2.7586139233172555], [38.42193342167345, -2.7668588182668032], [38.425019121522716, -2.771803953369861], [38.42539812060381, -2.77686952704895], [38.43082934661834, -2.785867972969709], [38.43050825541862, -2.791392788509539], [38.423957816241774, -2.7944785121570335], [38.421050539586346, -2.7992720581236794], [38.421438472854746, -2.804105677917512], [38.41802278382053, -2.8107319105198907], [38.41951660739731, -2.8151419592385616], [38.42554976779748, -2.8171842678830012], [38.426544095971096, -2.8202922451942234], [38.42663328453725, -2.8284122879565428], [38.430994306617784, -2.8389892703694772], [38.430588528364275, -2.8423201695488554], [38.42714609639667, -2.8481839237680138], [38.42867110223169, -2.851719961540815], [38.43334873476736, -2.8556796615137303], [38.43754918788114, -2.8548546969828412], [38.43897611430232, -2.8579359861925653], [38.43749565145692, -2.8628186638522926], [38.44028261837631, -2.8659043844518886], [38.4450315814748, -2.868240916511234], [38.442797554184324, -2.87694068018877], [38.44412188014106, -2.880169031857445], [38.45181827353251, -2.8787778204430468], [38.45422179378701, -2.8844943748124936], [38.45076148984491, -2.8887840318859808], [38.451751427588704, -2.8940145505737207], [38.46066068290076, -2.896212878974973], [38.46181118373656, -2.9042214154594195], [38.46586445572984, -2.9090774006921545], [38.46903042290464, -2.9171662217330945], [38.47449280821323, -2.9283808648926755], [38.47589302836169, -2.936670324991606], [38.48393271031357, -2.9359078363214444], [38.48794147752213, -2.936777351377252], [38.488512282583876, -2.9436978400151523], [38.49286433863155, -2.948839210094064], [38.49188776749272, -2.9537799081056098], [38.49405934950299, -2.9558176750171006], [38.49838465741613, -2.956018348410248], [38.501100260074026, -2.9585020738685803], [38.504560577121026, -2.9647715671553363], [38.510682922953706, -2.9656276883865633], [38.51660460036601, -2.9732037184801956], [38.519083847282644, -2.9748312976107716], [38.52557180845043, -2.973912746401655], [38.530739932592496, -2.976035235001954], [38.53897144768887, -2.9737388189661087], [38.54479057701976, -2.979571332080488], [38.551398921300574, -2.9810250027884235], [38.55707538158427, -2.9844406335216282], [38.564218835418025, -2.9866478914979555], [38.57165660834497, -2.986090512333052], [38.584873402770604, -2.987660153655085], [38.59421967379012, -2.998553739375794], [38.60287927417772, -2.99807659018202], [38.6073829323539, -2.9945940337362247], [38.6101387115381, -2.995900540783743], [38.60726260504558, -3.002580303331154], [38.60930037386428, -3.006522154642385], [38.6134874722263, -3.00692345288224], [38.61992194092368, -3.0098976450238264], [38.62611567295202, -3.0102455035027513], [38.63127037342694, -3.012336814756639], [38.6366524919836, -3.011293380432542], [38.643862901027134, -3.012854032663367], [38.65161278469778, -3.0209562445585205], [38.654141101314124, -3.0251121472392706], [38.65924679800235, -3.0271543609642237], [38.662671358445884, -3.031515401630217], [38.66520412666648, -3.0394124324957943], [38.670992074198075, -3.0370892929479427], [38.68461017189609, -3.035385870544113], [38.69086622221888, -3.0375218004702256], [38.696903893339176, -3.0369198382039113], [38.70336509176646, -3.03249641459721], [38.70817645827151, -3.0320728045053076], [38.714905252673674, -3.0348641665894136], [38.72765386949541, -3.03832890731119], [38.73349972033146, -3.0425472336689348], [38.74001002060526, -3.0431803890466402], [38.75655773180965, -3.046083270143788], [38.772588159705876, -3.0438626143688348], [38.77558027874081, -3.044544880331882], [38.780240027775676, -3.0487988483917254], [38.789314307083984, -3.0484331996220217], [38.79941416193795, -3.051322701049449], [38.808176248398865, -3.0526425886637916], [38.80985738116401, -3.0566334933033383], [38.806878656058664, -3.0594249031879817], [38.801518808674466, -3.0575609846875293], [38.797906935205795, -3.0609588679662014], [38.798375183425684, -3.0640088322430548], [38.80163925686325, -3.067469137328526], [38.808631093933336, -3.068601732172733], [38.821308338164606, -3.0655517331830215], [38.82701155397158, -3.0604193078824853], [38.835911909727514, -3.0594293921306615], [38.841280635584766, -3.053476455264505], [38.8446829351484, -3.0544084425491818], [38.847349481461436, -3.060945453990394], [38.851104076039135, -3.0611416430423306], [38.86445017049805, -3.0570793879122724], [38.88773111996725, -3.041374473284609], [38.89355911047601, -3.038520655285326], [38.89948085773812, -3.039336667728014], [38.90682055628804, -3.042961932340455], [38.91673313632092, -3.0445404222599057], [38.924661367776906, -3.0402864459236225], [38.93149275760076, -3.0404157295352867], [38.93709782178625, -3.0345787796226245], [38.94570830465468, -3.036531883245107], [38.95229887511529, -3.039180601539984], [38.97054995662977, -3.0406967082971357], [38.980614210439455, -3.039296528400957], [38.985884838925244, -3.034257753418276], [38.99033951818948, -3.0268065583652874], [39.00097892328371, -3.02455916407013], [39.006771261874384, -3.025785438981197], [39.01493586886097, -3.024590382915362], [39.02287750087832, -3.0207154403443464], [39.0273276958268, -3.0204434534946754], [39.03434188832521, -3.024238150656044], [39.04177073624765, -3.021179198981355], [39.04406276605969, -3.022887005659124], [39.0426447597538, -3.027738557787482], [39.044736053558424, -3.031024896008462], [39.05366314075522, -3.0335442835613597], [39.058385391566325, -3.0395328726542252], [39.06078438617209, -3.040665470857121], [39.068445125489994, -3.040179445218748], [39.07511144269566, -3.0411336717564064], [38.9629672887483, -2.8834699136143764], [38.850823164974386, -2.725806135484296], [38.738678946059885, -2.5681423595614805], [38.62653481563972, -2.4104785385507497], [38.63014667882038, -2.411116225572442], [38.63220678420879, -2.415205180008658], [38.63990315569515, -2.4153166910504056], [38.64557068579084, -2.417804841821827], [38.65497494514808, -2.41677481341729], [38.66484738215522, -2.4165696626486177], [38.6765703787796, -2.412931027745495], [38.68439610905182, -2.4133011429071107], [38.688021328905876, -2.4099300664828527], [38.69540564105027, -2.408048362269333], [38.70289248129481, -2.4035268011544537], [38.70406520768014, -2.4000532023607763], [38.71160109005103, -2.3974445777746736], [38.71426759646629, -2.3945640244705557], [38.717067946137234, -2.3881518487934663], [38.72539754931104, -2.3834475040891583], [38.73197026736462, -2.3780029253756], [38.733178666835826, -2.3700969447696605], [38.73679941602613, -2.365981210961912], [38.74393397529818, -2.363822964107516], [38.769190376219754, -2.3525458894911355], [38.77587453226323, -2.351631786547818], [38.78089101016205, -2.353651763497376], [38.786625409254164, -2.3479485782247527], [38.78723185806278, -2.3421160869248387], [38.79148586197212, -2.3384908193903544], [38.79523148549993, -2.339672514743234], [38.905177329633446, -2.1268596365563033], [39.01512314271091, -1.9140468495690017], [38.95845687952962, -1.702792446794162], [38.96935498622762, -1.6972274832938858], [38.97425103907711, -1.6962732700663066], [38.97663663570288, -1.693820750812608], [38.98235325217021, -1.6945743162914497], [38.99130712101145, -1.6870919856728648], [38.99316652002821, -1.6834310616048358], [38.99965457506953, -1.6762608350730017], [38.95673120403902, -1.077951999335018], [38.95341365523805, -1.0317646580924968], [38.82981183112833, -0.7601786202619814], [38.63198158588119, -0.4175011448545636], [38.43415134520458, -0.07482368968103821], [38.42727092711197, -0.07368666548094022], [38.42070266620682, -0.06928549897183074]]]}, "id": "0000000000000000078d", "properties": {"shapeGroup": "KEN", "shapeID": "32016919B87039477224343", "shapeName": "Kitui", "shapeType": "ADM1"}}, {"type": "Feature", "geometry": {"type": "Polygon", "coordinates": [[[37.30778686435281, -0.1510743361014571], [37.20803236133044, -0.41031307951680485], [37.20513388154844, -0.417777640700708], [37.205677912061944, -0.42433254304506735], [37.200211027196275, -0.4287024318139781], [37.19898477587609, -0.43185501705522045], [37.199671531490225, -0.4390386284028384], [37.19365173685558, -0.44310530213278687], [37.18608016757797, -0.4437697383614709], [37.17886533763586, -0.4410942938654814], [37.174575690394796, -0.4432970460579581], [37.17422786112629, -0.45931863061172373], [37.17465146872241, -0.4681966994911511], [37.17678737112681, -0.4829340180016199], [37.17019242839199, -0.48800845160247336], [37.16493067408507, -0.48929716897682757], [37.16074804081674, -0.49423336913971005], [37.16376685731837, -0.4967661488235177], [37.163133638267176, -0.4999454990068816], [37.166857000952, -0.5036197728517003], [37.16797621229744, -0.5070756061159924], [37.14642094125219, -0.5342537945518945], [37.147731908187595, -0.5392658170052351], [37.146354047035445, -0.5455799482919806], [37.14955565902595, -0.5542305894289957], [37.14844090477456, -0.5630506798334838], [37.14416016041679, -0.5628277108484907], [37.1441289203376, -0.5702967186914695], [37.14925693732274, -0.5746131660637855], [37.148935889843266, -0.5804277986839999], [37.15587865234, -0.5869068861561704], [37.15922300927975, -0.591816361912489], [37.1655906115713, -0.5929088403750645], [37.1710441030333, -0.5981839415045328], [37.177166413821304, -0.6005785133486656], [37.17903037241252, -0.6096393525903538], [37.17813849349519, -0.6151017878349655], [37.17404507637697, -0.6160649662979838], [37.175039432892135, -0.6202565108624595], [37.172377348488574, -0.6226510083199144], [37.17225693313334, -0.6274088731286808], [37.176568952692506, -0.6326929473357955], [37.17072307078116, -0.6317431405683119], [37.169117724564565, -0.6356225429832001], [37.17203850096382, -0.6422577250427972], [37.16942985303875, -0.6490177184680459], [37.172372934079924, -0.6496375325763912], [37.176626908846096, -0.6535882488663547], [37.178945607198045, -0.6586047457295614], [37.18044390144495, -0.667375819502749], [37.19971606741442, -0.6638486500224955], [37.20419746612721, -0.676022014148505], [37.20976691562239, -0.6821532946295165], [37.2120231870875, -0.688284541164059], [37.22260020517975, -0.6759729419155197], [37.22865122953796, -0.6719196523912181], [37.23284723272595, -0.6676700983655195], [37.236191525594776, -0.6671172006535623], [37.23608003806451, -0.6757143642613287], [37.23856375948725, -0.6801912590106587], [37.2414710989419, -0.6936042468127028], [37.244298205700574, -0.6982194179512526], [37.24230494246271, -0.7015637647548283], [37.24377202617543, -0.707378386008653], [37.247803085113816, -0.70707071912603], [37.248984732615746, -0.7133134901820761], [37.25373807424702, -0.7193912256586029], [37.249916644329076, -0.7208939781215659], [37.25140153715297, -0.7261690879726415], [37.25626641976913, -0.7276896180495475], [37.25656518716855, -0.7339279134661619], [37.2641010785926, -0.7428282466876501], [37.261599544814075, -0.7467522484341287], [37.267258100290896, -0.7510463734224609], [37.267739695309835, -0.7550551411028426], [37.261456825999176, -0.751510151440475], [37.25560649785693, -0.7536950801770956], [37.25557971544856, -0.7577796130462032], [37.258473709064305, -0.7624795502185935], [37.26111349953864, -0.7699307118839308], [37.26128740827249, -0.7796069240378615], [37.26728928691167, -0.7853324206933138], [37.266397523806894, -0.7773951904159805], [37.275248778559494, -0.7555813086602178], [37.28721255529814, -0.7559380461197016], [37.29808833669168, -0.7539359045629832], [37.306199433103586, -0.7489283331664619], [37.3172446281579, -0.7494277456548767], [37.32381292430595, -0.7621361607151798], [37.33088503208525, -0.7650390410832664], [37.34426675243862, -0.7693019292536695], [37.35891939350574, -0.7688560567006801], [37.364185583346725, -0.7671482080870135], [37.36894348988731, -0.763509599323878], [37.36917086028163, -0.7589791226100511], [37.3762607994248, -0.7603703863651109], [37.38181685700178, -0.7556972083735887], [37.396157305338576, -0.751835637703197], [37.4006565482115, -0.7490799154546808], [37.40641325939339, -0.7484422603421513], [37.41757887774225, -0.748607246538719], [37.421101560115545, -0.7470644314241823], [37.438906751109364, -0.7336157932020853], [37.46193350351655, -0.7362511065377466], [37.46292344874146, -0.7304364514286567], [37.47303672050819, -0.7261422839086528], [37.47851250329092, -0.7292592012537977], [37.483399640247725, -0.7298388947129959], [37.49185857988952, -0.733267965441029], [37.49588959532648, -0.7318098290693853], [37.492919802675296, -0.7279616142763179], [37.49199676762598, -0.723511462664661], [37.486654776301975, -0.7178082434330814], [37.47897175001324, -0.7152933062231589], [37.47684032182011, -0.7069548186201523], [37.47836085842277, -0.7023975950309288], [37.479065438582346, -0.6939877125208103], [37.47789265385401, -0.6895509028154883], [37.474022195757165, -0.6862913284663565], [37.47445021302072, -0.6798167065208447], [37.476287369098294, -0.6772304408790399], [37.47746457606198, -0.6686823399091301], [37.475288575566026, -0.6652934169114066], [37.47237677164549, -0.6545202036513816], [37.472501647110036, -0.6490890357286218], [37.47529744836622, -0.6432877595347228], [37.477914957132356, -0.6405766426977734], [37.47894057472766, -0.6275292864796198], [37.48595474834205, -0.6236454011824367], [37.48712300412516, -0.6141386000766678], [37.4829269924899, -0.6075569951074339], [37.481772097298375, -0.6036864721541441], [37.47746457606198, -0.6019875524878175], [37.47717031686135, -0.5945230197046739], [37.47882018752952, -0.5902869007348774], [37.48220462562737, -0.5891943978948153], [37.48293594572293, -0.5818636427167114], [37.47709005673922, -0.5768426871777201], [37.47498983017492, -0.5664797200760548], [37.47303224326397, -0.5605803644192124], [37.47062881758322, -0.5575882872376257], [37.46144304439126, -0.5566563406790657], [37.45951227630549, -0.5508461171270672], [37.45028189970725, -0.5492542160075744], [37.44695098172095, -0.5443893400522469], [37.44382513115275, -0.528537254970553], [37.439120784961695, -0.5269988628078528], [37.43695810111175, -0.5230168697179043], [37.43268629278926, -0.520996935369014], [37.426068993311986, -0.5105046169526983], [37.42459303102699, -0.5038115312309659], [37.425386774929024, -0.4990536885937111], [37.428035456123794, -0.4958921871723331], [37.42264887482432, -0.48593943719209], [37.42228766939147, -0.4816364258346449], [37.42444591372333, -0.47563003570827606], [37.426309784285216, -0.4667029158206814], [37.426095711701215, -0.4511406183477625], [37.420896432884874, -0.44337289491885273], [37.423246399389846, -0.43949792877336186], [37.424610870812145, -0.4326576743295663], [37.423201758328595, -0.42439497043238733], [37.423826078937466, -0.41613222256896365], [37.42344255904822, -0.40881037136303705], [37.41456896820017, -0.39431829420264386], [37.30778686435281, -0.1510743361014571]]]}, "id": "0000000000000000078e", "properties": {"shapeGroup": "KEN", "shapeID": "32016919B58720683486854", "shapeName": "Kirinyaga", "shapeType": "ADM1"}}, {"type": "Feature", "geometry": {"type": "Polygon", "coordinates": [[[37.30778686435281, -0.1510743361014571], [37.41456896820017, -0.39431829420264386], [37.42344255904822, -0.40881037136303705], [37.423826078937466, -0.41613222256896365], [37.423201758328595, -0.42439497043238733], [37.424610870812145, -0.4326576743295663], [37.423246399389846, -0.43949792877336186], [37.420896432884874, -0.44337289491885273], [37.426095711701215, -0.4511406183477625], [37.426309784285216, -0.4667029158206814], [37.42444591372333, -0.47563003570827606], [37.42228766939147, -0.4816364258346449], [37.42264887482432, -0.48593943719209], [37.428035456123794, -0.4958921871723331], [37.425386774929024, -0.4990536885937111], [37.42459303102699, -0.5038115312309659], [37.426068993311986, -0.5105046169526983], [37.43268629278926, -0.520996935369014], [37.43695810111175, -0.5230168697179043], [37.439120784961695, -0.5269988628078528], [37.44382513115275, -0.528537254970553], [37.44695098172095, -0.5443893400522469], [37.45028189970725, -0.5492542160075744], [37.45951227630549, -0.5508461171270672], [37.46144304439126, -0.5566563406790657], [37.47062881758322, -0.5575882872376257], [37.47303224326397, -0.5605803644192124], [37.47498983017492, -0.5664797200760548], [37.47709005673922, -0.5768426871777201], [37.48293594572293, -0.5818636427167114], [37.48220462562737, -0.5891943978948153], [37.47882018752952, -0.5902869007348774], [37.47717031686135, -0.5945230197046739], [37.47746457606198, -0.6019875524878175], [37.481772097298375, -0.6036864721541441], [37.4829269924899, -0.6075569951074339], [37.48712300412516, -0.6141386000766678], [37.48595474834205, -0.6236454011824367], [37.47894057472766, -0.6275292864796198], [37.477914957132356, -0.6405766426977734], [37.47529744836622, -0.6432877595347228], [37.472501647110036, -0.6490890357286218], [37.47237677164549, -0.6545202036513816], [37.475288575566026, -0.6652934169114066], [37.47746457606198, -0.6686823399091301], [37.476287369098294, -0.6772304408790399], [37.47445021302072, -0.6798167065208447], [37.474022195757165, -0.6862913284663565], [37.47789265385401, -0.6895509028154883], [37.479065438582346, -0.6939877125208103], [37.47836085842277, -0.7023975950309288], [37.47684032182011, -0.7069548186201523], [37.47897175001324, -0.7152933062231589], [37.486654776301975, -0.7178082434330814], [37.49199676762598, -0.723511462664661], [37.492919802675296, -0.7279616142763179], [37.49588959532648, -0.7318098290693853], [37.49185857988952, -0.733267965441029], [37.483399640247725, -0.7298388947129959], [37.47851250329092, -0.7292592012537977], [37.47303672050819, -0.7261422839086528], [37.46292344874146, -0.7304364514286567], [37.46193350351655, -0.7362511065377466], [37.438906751109364, -0.7336157932020853], [37.421101560115545, -0.7470644314241823], [37.41757887774225, -0.748607246538719], [37.40641325939339, -0.7484422603421513], [37.4006565482115, -0.7490799154546808], [37.396157305338576, -0.751835637703197], [37.38181685700178, -0.7556972083735887], [37.3762607994248, -0.7603703863651109], [37.36917086028163, -0.7589791226100511], [37.36894348988731, -0.763509599323878], [37.364185583346725, -0.7671482080870135], [37.35891939350574, -0.7688560567006801], [37.34426675243862, -0.7693019292536695], [37.33088503208525, -0.7650390410832664], [37.32381292430595, -0.7621361607151798], [37.3172446281579, -0.7494277456548767], [37.306199433103586, -0.7489283331664619], [37.29808833669168, -0.7539359045629832], [37.28721255529814, -0.7559380461197016], [37.275248778559494, -0.7555813086602178], [37.266397523806894, -0.7773951904159805], [37.26728928691167, -0.7853324206933138], [37.27055784701522, -0.7862063943502625], [37.27712610993239, -0.7839411600822217], [37.28604427114845, -0.7830315309997415], [37.29477965883161, -0.7938760847921987], [37.299051516381546, -0.7952806708215728], [37.30104915682844, -0.7987052698513794], [37.30453616221505, -0.8000697191093203], [37.30520950437102, -0.812234192842438], [37.30961063282697, -0.8144459119486221], [37.312464501999955, -0.8182628688061659], [37.312540297930376, -0.8222225859322567], [37.31471631662797, -0.8245546672185863], [37.31654455835109, -0.8302846074559453], [37.32148968933653, -0.8360948503283803], [37.32414730271544, -0.8415750598493684], [37.328378983381704, -0.8442148477612742], [37.33347573851069, -0.8445983493223054], [37.33665065694973, -0.8464533108193599], [37.342799772944694, -0.8420120291108272], [37.351606497008504, -0.8452226035336577], [37.35539223887244, -0.8433898972952225], [37.36184458628556, -0.8442148553936738], [37.3704417242949, -0.8491599650314482], [37.37510595677805, -0.8497307452889548], [37.37606907418295, -0.8537796434719386], [37.378980927080804, -0.8571507190634152], [37.3838858602247, -0.8522903003955719], [37.39027131875007, -0.855139629555369], [37.39884171189316, -0.8558486673131243], [37.40308679648055, -0.8514163059868741], [37.412098620517604, -0.8502613622747072], [37.41357011762579, -0.8532222336267737], [37.41073415260636, -0.8572755526980541], [37.41316438148065, -0.861101454111023], [37.419870869289724, -0.8627334813134174], [37.42701879327672, -0.8659128582613191], [37.43161610122451, -0.8623054493543139], [37.439758403282546, -0.8623187808810793], [37.44272823302167, -0.8637724872567281], [37.44700448416135, -0.8702916946549744], [37.45298412438957, -0.8716293969435048], [37.45717564581756, -0.8707465196653996], [37.461523322296486, -0.875263594030623], [37.46624995062556, -0.8728199817799009], [37.470147210864056, -0.8765834536273018], [37.474182722885836, -0.8766681661255027], [37.471132645032355, -0.8848729568041588], [37.476960712395, -0.8936707098605257], [37.48302507102612, -0.8949594420506743], [37.48499157795166, -0.8997663044646776], [37.491203120353546, -0.9016569604457164], [37.49671004430901, -0.9049121108946552], [37.50169535640907, -0.8985177645071882], [37.50429056719169, -0.8972603143753499], [37.517328968220845, -0.9018621078839199], [37.51783726189568, -0.9124212391739411], [37.5211682518536, -0.914592864631868], [37.524610689463195, -0.9121760156667615], [37.53048330200187, -0.9118906520144409], [37.53442516163178, -0.9100891268404928], [37.53657892238108, -0.9037572472856302], [37.53367152092046, -0.8938490883140972], [37.53886192946108, -0.8867278909169455], [37.544440268256345, -0.8850066994094425], [37.54607229978439, -0.8815420013545198], [37.55164177225, -0.8824650213152128], [37.562486302600455, -0.8732658990147104], [37.567007797265255, -0.8783626698324053], [37.576804480410026, -0.8747686113671641], [37.587510779564035, -0.8763471460326255], [37.58896886651099, -0.87165617073328], [37.592125905589604, -0.866831394534848], [37.58801019462358, -0.8638839698334214], [37.590400266982414, -0.8610301047715709], [37.59766856360933, -0.8587916571788146], [37.60107978709132, -0.8604861094362052], [37.603915819038654, -0.859059210111183], [37.60650652394556, -0.8529770053121231], [37.61666878244925, -0.8527807885804032], [37.61827411250722, -0.8498466978264914], [37.62745094383857, -0.849913591316238], [37.62873064291294, -0.8468947817773775], [37.629301403074, -0.8381148263247609], [37.63597221778769, -0.8369018999809493], [37.639989928413314, -0.8429930521107923], [37.64588487557413, -0.8406609347152358], [37.65243076862305, -0.8423018744404965], [37.657545401151594, -0.8454812449187282], [37.66575906053166, -0.843871515292337], [37.66591062552714, -0.8408705279351363], [37.671301724995686, -0.8355686614408727], [37.67205088199075, -0.8273014553799496], [37.675774224548675, -0.8235067987847111], [37.68151753865114, -0.8212504782229115], [37.68032695186424, -0.8162295098172923], [37.682409349409504, -0.8058309023644922], [37.681945589761604, -0.794946217631272], [37.683729270052574, -0.7929753294454687], [37.69241108321301, -0.7933811070607121], [37.69348574523134, -0.789403583097708], [37.698413088919146, -0.7881639320063722], [37.698800951688376, -0.7830627079213626], [37.70805359623547, -0.7797897767747681], [37.71383708052092, -0.7786883744658634], [37.725328144579656, -0.7787820094949933], [37.731499574283895, -0.7738725472810977], [37.73459420722655, -0.7736495747244285], [37.74161726377969, -0.7760931564163513], [37.74398950640408, -0.7784207997727572], [37.7469235989453, -0.7851540653060411], [37.749991435189905, -0.8020273142435116], [37.755351288630074, -0.811672344298154], [37.75839240315895, -0.8218970322007156], [37.76558052886246, -0.8216428498016028], [37.77133717145527, -0.8187846229776915], [37.781080285959476, -0.8236806927229422], [37.78408128891469, -0.8202873190394027], [37.78733646281289, -0.8209561767412317], [37.79193819567581, -0.8171971604421826], [37.79522905799077, -0.8163187047334514], [37.79901483061565, -0.8086624254381525], [37.802524113795734, -0.8057194000690692], [37.80433451076863, -0.8007341575947715], [37.80762980568945, -0.8019737800820946], [37.80712151382743, -0.813175042355854], [37.81241440353601, -0.8110257445478697], [37.81516568068586, -0.8060360397054058], [37.81938396306165, -0.803663754594055], [37.8288060629243, -0.8045154911932862], [37.83329197770648, -0.8117927346279028], [37.83566860867838, -0.8123099707456577], [37.83880781928256, -0.8086981113219139], [37.84551431040186, -0.8098307062899192], [37.85470453234037, -0.808154103793319], [37.85950254101807, -0.8103078384194852], [37.866472116114544, -0.8078419760102961], [37.870623557834314, -0.8096300312333246], [37.87700451050688, -0.8043683165925016], [37.883488051858585, -0.8020496084284985], [37.88067435435928, -0.7970464587284936], [37.88062976221816, -0.7899609571424441], [37.88325619808765, -0.7863134242293831], [37.884897123292106, -0.7800796147505238], [37.89251768226895, -0.7778723373170433], [37.890957047296524, -0.7664169158292133], [37.89917961766495, -0.7611685756054332], [37.90388399351557, -0.755773013136851], [37.905466986720114, -0.7511935469004922], [37.90935081629318, -0.7468682077093635], [37.91269067401391, -0.7388685825097568], [37.91210210333999, -0.7345789284617075], [37.91548655840319, -0.7279928120205845], [37.913613723209586, -0.7240599240213507], [37.91187916348656, -0.7076147686800115], [37.90755377661125, -0.7102144064643536], [37.90437895080102, -0.7085690155847396], [37.900312234499765, -0.709184327043398], [37.89859991191189, -0.7034142946902495], [37.90385276529644, -0.6847395683009517], [37.89720422899293, -0.6833349627411144], [37.89479630584925, -0.6803161488708974], [37.896303533219225, -0.6684772269722048], [37.894542158227885, -0.6646424001004243], [37.89278971963981, -0.6545514661206876], [37.89303497310966, -0.6447503536665915], [37.90626514382041, -0.6383158772018069], [37.917497576845186, -0.6292148134555371], [37.921693654884066, -0.6227134483348702], [37.915780829848686, -0.6174918558357817], [37.909658542685804, -0.6098355572711708], [37.901088121666476, -0.6006988820432976], [37.901288766764026, -0.5965028622348265], [37.89465365640873, -0.5918119142566935], [37.890221261998306, -0.5874330469119846], [37.88352819121035, -0.582608303515011], [37.88252931323675, -0.5806730535443038], [37.88641322663322, -0.5678620655474971], [37.8873362246452, -0.5532139162159854], [37.88482129701573, -0.544572197431125], [37.88303324546891, -0.5420795103533196], [37.88234649830171, -0.5332460650757745], [37.88871859449257, -0.5203503373650703], [37.892486529794546, -0.5090821884382202], [37.89444854169095, -0.5075794524506269], [37.9008784954562, -0.4965164561593858], [37.90716142127104, -0.4810790244725547], [37.91179438790946, -0.4730927669931722], [37.91344425712941, -0.4661187297931862], [37.91879077080134, -0.46052257967738136], [37.928957524889924, -0.44803265259648034], [37.93301081683274, -0.439622760396151], [37.936466612538744, -0.4273111691710805], [37.930183784021054, -0.424787316911889], [37.92540357045689, -0.42707038335430036], [37.920235514934774, -0.4213181733302277], [37.922143999360124, -0.4166762428373671], [37.92110055122411, -0.4144021234448776], [37.915629245430026, -0.4127967951259781], [37.908900468687186, -0.41366632015998794], [37.908285088617426, -0.4097468211118455], [37.90069572935717, -0.4044672228724061], [37.90166335664659, -0.3995532669517866], [37.90046385276489, -0.39588346758447285], [37.8913003787048, -0.39332391253285653], [37.889325006111, -0.3903853518679575], [37.891023884985444, -0.38718818612925965], [37.89063151607312, -0.3826577625671078], [37.896624587469745, -0.376539893452029], [37.89488547171318, -0.37436830879084937], [37.895737153612984, -0.368500133416198], [37.89145646729275, -0.3673407534111884], [37.889677246750864, -0.3641391123590118], [37.89297703802391, -0.3589398108969916], [37.89479630584925, -0.35152877788517994], [37.89115772200235, -0.34592367725756956], [37.8858201416719, -0.34241439243921895], [37.883621822631284, -0.3455357509627463], [37.87354426194838, -0.34926801866025453], [37.87316522898178, -0.3548731189803841], [37.870141955524176, -0.3624580244101526], [37.86997246308536, -0.3658959884087334], [37.86529935805577, -0.36914669280915585], [37.86511657825283, -0.3778151472564907], [37.866084140043654, -0.38194427344729415], [37.852136109110845, -0.388958494401623], [37.847957885244966, -0.3963605863677237], [37.84552321719078, -0.4032320430742079], [37.84037741145522, -0.40437802645284987], [37.83201661137051, -0.40419075173716995], [37.82726771327206, -0.40825297189980725], [37.828953222404216, -0.4111647712338869], [37.820436326611905, -0.4168635187488921], [37.816298303684505, -0.4216615260898689], [37.81463508634871, -0.4271640425480435], [37.808289753168964, -0.42930885661350804], [37.80203360917265, -0.4361224004354549], [37.78502219068185, -0.4462757567476545], [37.78153065947417, -0.4451520782777316], [37.768831142043645, -0.4483314122484496], [37.758245255528905, -0.44841612881824316], [37.747645993960944, -0.44481759726144093], [37.735967636001575, -0.4459814471415645], [37.732043620703685, -0.45020421633095814], [37.7275443227057, -0.45047174095306125], [37.72365600787049, -0.4488352693122276], [37.72085566663578, -0.4499812691362486], [37.71770315019146, -0.4461151968722705], [37.71204897995528, -0.44227145629094916], [37.7033447895576, -0.44117902071679754], [37.70025468754222, -0.4377053374084243], [37.69399852268603, -0.4375760415598398], [37.69003886406737, -0.4314180325683459], [37.68277051815449, -0.42630787925000146], [37.67008880253253, -0.42436819478229104], [37.665843813574575, -0.42160802883100307], [37.66200002956247, -0.42115765120884574], [37.654976967632116, -0.4130420932493894], [37.6436508294893, -0.4047615103776832], [37.63755972473146, -0.39767157465408964], [37.63700673681891, -0.39275764140699804], [37.63382743836133, -0.3922626621672101], [37.63097361334889, -0.38905654543891666], [37.62505190182575, -0.3895426082265661], [37.61477371279638, -0.3865996124923626], [37.61311939451856, -0.3834782168060265], [37.60177094995152, -0.3830991889413945], [37.59703091128468, -0.37893887749800864], [37.58884850498405, -0.3742255775271285], [37.58475503347316, -0.3687453370362759], [37.579957028055745, -0.3702213323107539], [37.57123952419208, -0.36310908372937256], [37.568555083779316, -0.3625962774296301], [37.56259329472721, -0.3651736212554991], [37.55724682220676, -0.36105342097188575], [37.55380443751642, -0.3598851002881736], [37.30778686435281, -0.1510743361014571]]]}, "id": "0000000000000000078f", "properties": {"shapeGroup": "KEN", "shapeID": "32016919B43560273720920", "shapeName": "Embu", "shapeType": "ADM1"}}, {"type": "Feature", "geometry": {"type": "Polygon", "coordinates": [[[33.94950853877398, -0.3371838299513802], [33.94568268320781, -0.3597691615594197], [33.93796838041524, -0.4052876847746173], [33.929010032029, -0.45816815809048145], [33.92719519637207, -0.5109639203375049], [33.925474017953334, -0.5608790924818025], [33.92673150424079, -0.6109726207850444], [33.92795323308542, -0.6596883379175835], [33.92962543587971, -0.7263608031268012], [33.93097204289905, -0.7799279983515058], [33.93153391043795, -0.8024152595755624], [34.08097625788251, -0.8024152202794422], [34.0828222753134, -0.7993696819051189], [34.096921958469, -0.7823047082825497], [34.109572481328684, -0.7812077451526297], [34.11278748852469, -0.778001659208733], [34.1207246880361, -0.7829378869815261], [34.12298546551633, -0.7829601514226308], [34.13571172846562, -0.7725303267670716], [34.13900696979088, -0.7783717890803543], [34.155862413290976, -0.7660156078554061], [34.16421426399651, -0.7722895512624383], [34.17196863670043, -0.7714690457073395], [34.17668190583179, -0.7682897115224698], [34.17857255857786, -0.7600181161937245], [34.191232009199474, -0.7651415796531439], [34.20201856139836, -0.7504399386261529], [34.20308872095099, -0.753021767790144], [34.209567775253326, -0.7596435099106995], [34.21237704129642, -0.767603047998259], [34.221977474369424, -0.7731233810416389], [34.226057510620386, -0.778550149332911], [34.232144183015365, -0.7816937858683753], [34.23522548549229, -0.7902730787313232], [34.245659756655826, -0.8052868865076492], [34.25040867271209, -0.8105709133134513], [34.26407587497822, -0.8140936229003873], [34.27019819627928, -0.8180488402358599], [34.27681548788574, -0.825259235227938], [34.28402138619295, -0.8262714086626887], [34.29521823658692, -0.8370713940916918], [34.2982370247371, -0.8371828475664898], [34.30052011666398, -0.8430108963203088], [34.319275019215155, -0.8650879216620636], [34.320715304914884, -0.8653866501636573], [34.33533671007526, -0.8612842837396495], [34.33668338334569, -0.8549077847776777], [34.35221443754412, -0.852281339517497], [34.36909657747674, -0.8510907939035275], [34.37150893246424, -0.8451735381257944], [34.3786123301584, -0.8440052680010662], [34.38180058742014, -0.8461010384116564], [34.386344385896734, -0.8383689759771619], [34.38977347977974, -0.8303247247668298], [34.39245778770968, -0.8268065285492322], [34.38786494462591, -0.8225347016816337], [34.386277501032126, -0.8160734743000609], [34.39083469996856, -0.8146554381102687], [34.43258078829598, -0.8374057868694607], [34.45326212664193, -0.852820898032265], [34.46372316525943, -0.8617034124403188], [34.476329068650145, -0.830592303958712], [34.47966890632286, -0.826436416614916], [34.48375343579741, -0.82381445590717], [34.49062936990211, -0.8156141673639611], [34.49497704816145, -0.812956564482995], [34.49676065522834, -0.8098396422182879], [34.496461910125994, -0.8050639308791196], [34.490116570839355, -0.7984823254012817], [34.482023352569, -0.7958023581674721], [34.486678608731836, -0.792654287863534], [34.485309695068196, -0.784494093241186], [34.49253339772729, -0.7825276280036089], [34.50015848151241, -0.7739171214950596], [34.50653496941865, -0.7699886525939084], [34.50445707078347, -0.764530727117302], [34.506708886353834, -0.7621852061926663], [34.516452079978436, -0.7596391047402454], [34.52493324782318, -0.7609679004738482], [34.533597262208566, -0.7477065023718119], [34.5363306863516, -0.7415886348641044], [34.5380608810859, -0.7302224012358021], [34.539715145467945, -0.7259059625439108], [34.540254699512964, -0.7158685387989534], [34.539675084461514, -0.7060852596707168], [34.54356336749505, -0.6980990104379615], [34.545717158619595, -0.6896802528624018], [34.54845502081945, -0.6901841232743012], [34.55133113306663, -0.6817653607511027], [34.554497079433936, -0.6762984574452631], [34.556249560758154, -0.6703277409523533], [34.56089588697471, -0.6659801266804375], [34.563914721505654, -0.6670503059527833], [34.57183858074444, -0.6630415498790965], [34.578643138274415, -0.6624217621058933], [34.58531395123092, -0.6597418080187016], [34.58832383133017, -0.6620248787468791], [34.58758809622049, -0.6534054590413066], [34.597554202358346, -0.6534233058524451], [34.60456830876762, -0.6517377308723686], [34.61498483745267, -0.6536462254817653], [34.61983634320359, -0.6565580166176918], [34.627300870704254, -0.6583238263125304], [34.62952148706883, -0.6613515901777206], [34.637663767564774, -0.6651328831955654], [34.64450403318585, -0.6335490779825733], [34.66222899308328, -0.6042616954819566], [34.68585778218292, -0.6002351367948471], [34.704336270077235, -0.5744704469932613], [34.751477922895276, -0.5576239770232199], [34.76718727784166, -0.5440504624353876], [34.80213327947918, -0.5268294149788738], [34.84914553906688, -0.5108658260921337], [34.86206358560738, -0.5013322830249815], [34.88044404395382, -0.48899396886028657], [34.9031943333417, -0.4838392167829932], [34.938764577434725, -0.4654855744681365], [34.968810019139504, -0.4417319544204519], [35.0008620115045, -0.42777937626950696], [35.01418579034829, -0.4179738558487404], [35.01960806964275, -0.41240444836024026], [35.02141401776063, -0.40590304439180835], [35.01864935834353, -0.4027683070686174], [35.015893685456575, -0.39559807080208703], [35.012330852638364, -0.39141991587599595], [35.00765773141634, -0.394059680591377], [35.00736336216514, -0.3980996435498162], [35.00362221095667, -0.40401242050725383], [35.000170833664306, -0.4056533561383316], [34.997522162848355, -0.40434682788744075], [34.988282898957436, -0.4088326604469426], [34.986427895822914, -0.4132382962519989], [34.98235226125754, -0.41346124921575905], [34.975110762522824, -0.4094971088276924], [34.9679137190271, -0.41327838764185415], [34.95909359561268, -0.4159761342917448], [34.949136495108135, -0.4155926998025351], [34.94244778075787, -0.41265858017104284], [34.93894738277399, -0.4132115077928965], [34.93475142556734, -0.4105985099897386], [34.92921768728395, -0.4114635561326181], [34.929471859812715, -0.40328107869598806], [34.91462298603559, -0.40324096445808066], [34.91310692914753, -0.39637394050081987], [34.91587159204069, -0.3881112341520844], [34.911332158973075, -0.3858861398677659], [34.908304445029074, -0.38895398282420185], [34.89969391460595, -0.3917364817612344], [34.89708982127907, -0.3946928765863974], [34.893830215568926, -0.3938723890427426], [34.88720397708615, -0.4010961343310915], [34.88603129939593, -0.3971899934141015], [34.87849096029204, -0.39610639669291414], [34.87681430324401, -0.39824677454372526], [34.87066967405001, -0.3949604423529997], [34.86569774389106, -0.3941800956961493], [34.862678930458344, -0.39732375600842856], [34.85837142321543, -0.39473743608976897], [34.856859837057335, -0.3918568545152294], [34.83869344619078, -0.3920397295424324], [34.83372150488214, -0.38805328645424253], [34.82470523817492, -0.38791947628109846], [34.8244064429722, -0.38108371770198285], [34.82190492933774, -0.37840824339169066], [34.8226005082645, -0.3707162824736608], [34.82089267793219, -0.3701588749484674], [34.814765925591956, -0.3608349412418208], [34.810770515949116, -0.3561662116352098], [34.80390349905299, -0.3535086166229852], [34.79846346884604, -0.35415521030815467], [34.79519048732008, -0.3498967588080291], [34.79021854527864, -0.3466282061627464], [34.793081323610735, -0.34386804238540675], [34.785795128381515, -0.3416786064717825], [34.785438383111796, -0.337509359008822], [34.7829323595676, -0.332118293395095], [34.78730679154801, -0.3321316795032054], [34.7883278675585, -0.32963013471698704], [34.786896537379015, -0.3243059471318793], [34.78278967373004, -0.320390887297299], [34.78001167729375, -0.32106416632139834], [34.7789861195114, -0.31643561871676823], [34.77545894324724, -0.3168236032900707], [34.76825748398018, -0.3097648426047399], [34.76528774711285, -0.31342575626354946], [34.7600928631131, -0.3135640131309326], [34.75714543774023, -0.3060147082957418], [34.758237856658795, -0.2992235264422066], [34.75537071214481, -0.2962403590210696], [34.754639346936585, -0.2894536059302695], [34.70638299588632, -0.2580526168264272], [34.53242458523452, -0.27171534992152263], [34.483419041960026, -0.29927253987580066], [34.42244526183778, -0.3336209950604521], [34.324010615305156, -0.4177018521172693], [34.3166307773426, -0.4229145187966546], [34.30755657025876, -0.4253491923023791], [34.29931162762788, -0.425161887142004], [34.28935003700079, -0.42074741930809145], [34.28457437098883, -0.4161857326804554], [34.279259082414995, -0.40869888973359303], [34.23979160924237, -0.33747816422056476], [33.94950853877398, -0.3371838299513802]]]}, "id": "00000000000000000790", "properties": {"shapeGroup": "KEN", "shapeID": "32016919B3301153840115", "shapeName": "Homa Bay", "shapeType": "ADM1"}}, {"type": "Feature", "geometry": {"type": "Polygon", "coordinates": [[[35.45108858006013, -0.36540101615416265], [35.44563510680087, -0.3707697828755566], [35.44409667373142, -0.3740962813134554], [35.43594096347622, -0.3771373659245755], [35.43124106502035, -0.3825017061834705], [35.41880465155364, -0.39315891884692455], [35.41609795974305, -0.3999635377924373], [35.409498475203726, -0.4050513436154762], [35.404771874185336, -0.40157774030953497], [35.39983116224439, -0.39996350849380663], [35.39057855060577, -0.4038384623824607], [35.387912007925515, -0.4039187272593091], [35.3803136964958, -0.4006056524952252], [35.375627168792334, -0.4046232762160238], [35.370552716835654, -0.4040792635164393], [35.36145616278884, -0.40459652724322953], [35.358633570307795, -0.4063043547803675], [35.35397828194011, -0.406224095528379], [35.347624012870405, -0.4077535960626375], [35.34148826578078, -0.40590304106426683], [35.33485765106023, -0.4062241242685015], [35.33141076925337, -0.4045563755964337], [35.328026292585, -0.4092696759797144], [35.32093183687205, -0.4168724361609513], [35.31085424998962, -0.4215188020346244], [35.30645757550061, -0.4244484658622957], [35.301356401973194, -0.42542050806842174], [35.29445817974058, -0.424011459572187], [35.29060992847874, -0.4243146499780244], [35.28696239322071, -0.42226793153673653], [35.2844742024499, -0.41865607422728257], [35.277415458757304, -0.4195389608705739], [35.27468650701733, -0.4179515590601368], [35.265326866521974, -0.42134936355789887], [35.259177780129534, -0.4244083313466129], [35.25421029296735, -0.4243949507716899], [35.250139149682155, -0.4208811697007437], [35.24455639181869, -0.42329353629086014], [35.23490689711866, -0.42356999201444095], [35.23197727390202, -0.42234820877216994], [35.22820927756058, -0.42878272186986044], [35.22675563658608, -0.43751805001309446], [35.21831011453381, -0.44906269436379576], [35.21422110700563, -0.45996967457055554], [35.20948999275745, -0.4631668233307112], [35.20858033212919, -0.46607417959309944], [35.220107077632115, -0.47079635446422125], [35.2203523208355, -0.4739444985019037], [35.217039254441204, -0.4764014405552929], [35.21785969382744, -0.479487115357866], [35.20606538054345, -0.4795495748339728], [35.20287711642098, -0.48201545553215785], [35.19684399430434, -0.48375004786362663], [35.19371366621549, -0.48172114812366085], [35.18471964892824, -0.4855024744427462], [35.181910470380636, -0.4814937519123404], [35.1776074368089, -0.4814759058247399], [35.17316617947351, -0.47356547310407854], [35.17279605001233, -0.46938728601272695], [35.16555000643112, -0.46880756864750495], [35.16130494305744, -0.46739849969215047], [35.158361898771204, -0.46428606530618205], [35.14953289735333, -0.465503411305061], [35.14951510733778, -0.46322033325904843], [35.143544328728446, -0.4604869360602343], [35.14084210668988, -0.45664313610349216], [35.13563387836578, -0.4630107636888372], [35.12776355544076, -0.45995624887531855], [35.12025446054889, -0.45931861557227077], [35.11163945338138, -0.4620476100993176], [35.11060942452539, -0.46532057752096406], [35.10388063713979, -0.4684909792386642], [35.098641219836395, -0.4679112863876577], [35.0972499705805, -0.4729946649964721], [35.09252774584513, -0.4704262445899199], [35.088313902948315, -0.47505923079353574], [35.082552737850634, -0.47512611440351815], [35.079529483523615, -0.4766868203206005], [35.076568607555146, -0.4848647903683139], [35.069402912079674, -0.4912101264468754], [35.06598270903075, -0.49063041074794433], [35.057920682237, -0.49180317372419413], [35.05135241375019, -0.49958873586964186], [35.055833835777435, -0.5082929385491283], [35.05264999497492, -0.5118066898193541], [35.05177155694113, -0.5183080904254106], [35.04780301293124, -0.5216434677774575], [35.047704880752434, -0.5245017804811517], [35.05118741072562, -0.5278728232855996], [35.052097107685675, -0.5348513075798694], [35.048685861317175, -0.5365011790485027], [35.05129444429275, -0.5441753136472846], [35.0495910485353, -0.5477960772479525], [35.05060779722649, -0.5529642323526971], [35.049323542951136, -0.5551224035227617], [35.050233176082415, -0.5636437750801742], [35.04709398855823, -0.5707203648179571], [35.049394872255824, -0.5720669964513873], [35.050126141162934, -0.5800889430210856], [35.05462543883203, -0.5888064548598881], [35.05586055069697, -0.5938853483012261], [35.06111339559623, -0.6011983197719363], [35.06195620260291, -0.6048904162475474], [35.06107324171721, -0.6100852845662609], [35.05832198322386, -0.6135901119971005], [35.05700659593874, -0.6196500637896634], [35.06082358160314, -0.6228828858904839], [35.06276775231275, -0.6325235018921499], [35.058571734785, -0.6360640314739989], [35.05495534703754, -0.6447191094569812], [35.05603444949366, -0.6496062727295003], [35.054937536900134, -0.6579983256670521], [35.056761292159585, -0.6642499687070659], [35.06274985983052, -0.6712552138949547], [35.06195620260291, -0.6749473958370047], [35.06861360160128, -0.6846637264475931], [35.071534357642435, -0.6922129950803092], [35.068270223605985, -0.6952095137773495], [35.05763085722053, -0.6968460378585586], [35.04908720643579, -0.7024065232965367], [35.04757112506385, -0.706250252839663], [35.091136562929506, -0.8005022878473604], [35.04431152049165, -0.8525846007529969], [35.03160755222972, -0.8445582257247887], [35.02306831561118, -0.8455704296171332], [35.02120886709762, -0.848665022294733], [35.02533800574997, -0.861043512920854], [35.02554314634965, -0.873417525544511], [35.0203839731709, -0.8690877059648228], [35.01357490685892, -0.8769267947521722], [35.01192950023548, -0.881154011581977], [35.01336982114988, -0.8844537586794463], [35.01295956418189, -0.8894568792424381], [35.08222277020333, -0.9055007289075897], [35.239459607765575, -1.0325226834271384], [35.24819942981929, -1.03371324349804], [35.25376442559495, -1.0265118237468014], [35.25923124731658, -1.0273946912844087], [35.261759585626834, -1.0207016241694642], [35.26547401596098, -1.019288046449322], [35.27210912743942, -1.0214551996747154], [35.27220724697101, -1.0179369915073624], [35.27849008966673, -1.016461012643952], [35.28364931294747, -1.01182800557966], [35.28606615052554, -1.0115649290113287], [35.2985248769122, -1.004564103756712], [35.30226604770022, -1.0012421137363654], [35.30549889424912, -1.003163969225026], [35.31090332860106, -0.9999400185474355], [35.313815078438665, -0.9911288394630733], [35.318425829286234, -0.9883240678587626], [35.32689369266504, -0.986009800471854], [35.331392934548454, -0.9765743431228081], [35.33813509826783, -0.978754857644339], [35.337876390236886, -0.9748263730065729], [35.344145937466415, -0.9718298493794588], [35.3469239056965, -0.9741575408608241], [35.35196717260685, -0.9663362708349482], [35.358374926853905, -0.9724006311507128], [35.36001139795625, -0.9702647255342981], [35.36407811871462, -0.9723471445344871], [35.36790845430375, -0.9694844015124287], [35.37222484769352, -0.9693104437491551], [35.37791025584628, -0.9621090024349137], [35.384589941036204, -0.9600890281116032], [35.386204133287634, -0.9584035106109082], [35.39709773893276, -0.9578461231364349], [35.40638156925254, -0.9483883884651214], [35.41682926050465, -0.9459983121190024], [35.42197511411099, -0.9403084987379887], [35.420186987024024, -0.9367144410262093], [35.424168922515854, -0.9335306496657724], [35.42394151522563, -0.9254463056190865], [35.42139984647587, -0.9221376591335358], [35.422024126257774, -0.9194621948944369], [35.42653671415335, -0.918119992693822], [35.42288024495032, -0.906829564731431], [35.42784774750881, -0.9055275148467714], [35.42940839837998, -0.8959091948639], [35.4325921640725, -0.8983260170416086], [35.438375645416045, -0.8958735124126801], [35.439735657295735, -0.892948334399978], [35.43763993843997, -0.8884223603751433], [35.44185824733322, -0.8885472350407246], [35.44490381330606, -0.8836377676293612], [35.44749449924218, -0.8825854062543382], [35.45490556008411, -0.8832542738726257], [35.45457114045511, -0.8780371146285374], [35.45653307721217, -0.8749380320044], [35.46027431203675, -0.8740729642108018], [35.46080934531338, -0.8697431898512874], [35.459516230743084, -0.8648872303045471], [35.46705208777244, -0.8638928651662089], [35.46974095568853, -0.8583814346521097], [35.47358915813611, -0.8555052763613512], [35.477736149338924, -0.8488211199132963], [35.47607737823347, -0.8470151692341868], [35.47777626834595, -0.8403577345496545], [35.48270799723402, -0.8370356660699205], [35.4850892147016, -0.8317783861317009], [35.49245114137665, -0.829624676778411], [35.49663828266715, -0.824790991002957], [35.50644384002341, -0.8243539946279789], [35.511215089540975, -0.819234989235925], [35.517511352469114, -0.8158906190969036], [35.51996832047127, -0.8094204560817398], [35.52504717713468, -0.8094695386309051], [35.529845230152624, -0.8048811342069], [35.47900247953096, -0.7637726754099807], [35.42564935441757, -0.7212417775777965], [35.396085566053934, -0.6448796695444281], [35.58664971374581, -0.5881064050228547], [35.45108858006013, -0.36540101615416265]]]}, "id": "00000000000000000791", "properties": {"shapeGroup": "KEN", "shapeID": "32016919B53683499362611", "shapeName": "Bomet", "shapeType": "ADM1"}}, {"type": "Feature", "geometry": {"type": "Polygon", "coordinates": [[[35.01960806964275, -0.41240444836024026], [35.01418579034829, -0.4179738558487404], [35.0008620115045, -0.42777937626950696], [34.968810019139504, -0.4417319544204519], [34.938764577434725, -0.4654855744681365], [34.9031943333417, -0.4838392167829932], [34.88044404395382, -0.48899396886028657], [34.86206358560738, -0.5013322830249815], [34.87128504094398, -0.5087923608579265], [34.87361714766382, -0.5131756610226773], [34.88004265524612, -0.51958337106214], [34.8828296074952, -0.5238685784461874], [34.88417178379737, -0.5322784056765006], [34.8838730284981, -0.5400952476564411], [34.88039942659451, -0.5491383196843441], [34.87862026928525, -0.5513678490767578], [34.87733154822547, -0.5622614292410913], [34.87506630512877, -0.5650706633212391], [34.87233735938814, -0.5744303404448703], [34.88127341747658, -0.5853863189562242], [34.878303647111736, -0.5904206249124951], [34.88315959761037, -0.5930782788087963], [34.88992848999547, -0.6007211879419311], [34.88767216820016, -0.607949395474244], [34.88665556224727, -0.6151775548809243], [34.88440369934623, -0.6183569328353717], [34.88021211761387, -0.6200602783090154], [34.874780988154015, -0.6162388245703928], [34.87422356914017, -0.6115880321778332], [34.8704021071975, -0.6131531202238809], [34.87054481523632, -0.6199666265967599], [34.86211713796302, -0.61273845237723], [34.86060098703774, -0.6074901064995754], [34.856369329968985, -0.6035393319674499], [34.85113432786814, -0.595900897532335], [34.845266189573856, -0.595932087958868], [34.84047705853324, -0.6018270481671587], [34.83587085427789, -0.6030666604266595], [34.834216522074804, -0.6055102363556386], [34.83296798162745, -0.6127161725573822], [34.83021671459006, -0.6175185862456185], [34.82581111671817, -0.6217636526622988], [34.82116916123833, -0.6236543169474141], [34.81589408974354, -0.631680717138344], [34.81385182454275, -0.6430113120887558], [34.81109606671404, -0.6467837143161284], [34.80968255742297, -0.6517421906889932], [34.81104703197308, -0.6681428007689936], [34.808474100945546, -0.6665999236746232], [34.80413984574846, -0.6678127841281293], [34.79962277254409, -0.6654584262230648], [34.792773653895765, -0.6675006585486268], [34.788711399983065, -0.6752327547167705], [34.79378135025965, -0.6841955759031249], [34.7944680567728, -0.6885877532401226], [34.80761351922286, -0.6856848730191218], [34.81295995580201, -0.6875175638871291], [34.82060734824475, -0.6916467302491641], [34.822440029433324, -0.6953121050999536], [34.82385804533806, -0.7041322172385343], [34.8278354910718, -0.704243684085366], [34.83628104217367, -0.7083683328721714], [34.84035670356263, -0.7143524221742688], [34.84611788628684, -0.7195740641003628], [34.8564495796479, -0.727261522496265], [34.86924721570577, -0.7340349188452792], [34.87548548109233, -0.7363358164145711], [34.88064019168999, -0.7418739923217833], [34.88490759788442, -0.743202820669095], [34.88650841979794, -0.7462885472542925], [34.892920580878446, -0.7475906020755337], [34.89649231621465, -0.7461948871116522], [34.90272168297549, -0.7520630774385376], [34.90828660393546, -0.760713712512354], [34.91306678895194, -0.759050480932567], [34.92337622075711, -0.7612309964707513], [34.92897243236723, -0.7661582960487149], [34.93387739590604, -0.7658283125851527], [34.93910797857952, -0.771090052553496], [34.943883650797034, -0.7731144693830401], [34.95071499332595, -0.7833793614301826], [35.01295956418189, -0.8894568792424381], [35.01336982114988, -0.8844537586794463], [35.01192950023548, -0.881154011581977], [35.01357490685892, -0.8769267947521722], [35.0203839731709, -0.8690877059648228], [35.02554314634965, -0.873417525544511], [35.02533800574997, -0.861043512920854], [35.02120886709762, -0.848665022294733], [35.02306831561118, -0.8455704296171332], [35.03160755222972, -0.8445582257247887], [35.04431152049165, -0.8525846007529969], [35.091136562929506, -0.8005022878473604], [35.04757112506385, -0.706250252839663], [35.04908720643579, -0.7024065232965367], [35.05763085722053, -0.6968460378585586], [35.068270223605985, -0.6952095137773495], [35.071534357642435, -0.6922129950803092], [35.06861360160128, -0.6846637264475931], [35.06195620260291, -0.6749473958370047], [35.06274985983052, -0.6712552138949547], [35.056761292159585, -0.6642499687070659], [35.054937536900134, -0.6579983256670521], [35.05603444949366, -0.6496062727295003], [35.05495534703754, -0.6447191094569812], [35.058571734785, -0.6360640314739989], [35.06276775231275, -0.6325235018921499], [35.06082358160314, -0.6228828858904839], [35.05700659593874, -0.6196500637896634], [35.05832198322386, -0.6135901119971005], [35.06107324171721, -0.6100852845662609], [35.06195620260291, -0.6048904162475474], [35.06111339559623, -0.6011983197719363], [35.05586055069697, -0.5938853483012261], [35.05462543883203, -0.5888064548598881], [35.050126141162934, -0.5800889430210856], [35.049394872255824, -0.5720669964513873], [35.04709398855823, -0.5707203648179571], [35.050233176082415, -0.5636437750801742], [35.049323542951136, -0.5551224035227617], [35.05060779722649, -0.5529642323526971], [35.0495910485353, -0.5477960772479525], [35.05129444429275, -0.5441753136472846], [35.048685861317175, -0.5365011790485027], [35.052097107685675, -0.5348513075798694], [35.05118741072562, -0.5278728232855996], [35.047704880752434, -0.5245017804811517], [35.04780301293124, -0.5216434677774575], [35.05177155694113, -0.5183080904254106], [35.05264999497492, -0.5118066898193541], [35.055833835777435, -0.5082929385491283], [35.05135241375019, -0.49958873586964186], [35.04287122499398, -0.4995932134972134], [35.03283375887657, -0.4971719344942986], [35.03420716976878, -0.4891990320043973], [35.03343130965357, -0.48501196591676604], [35.03891604090225, -0.48377233979953116], [35.04165390314792, -0.4696637660890957], [35.04194815249315, -0.4551315157142222], [35.043910152561075, -0.45107818813831385], [35.0442535461759, -0.4450182720120316], [35.038171314174534, -0.4364924578857371], [35.03825155978386, -0.4307580992304772], [35.031678896568366, -0.418954817010851], [35.02962324781118, -0.41872739721652125], [35.02579282724878, -0.41377784359338704], [35.01960806964275, -0.41240444836024026]]]}, "id": "00000000000000000792", "properties": {"shapeGroup": "KEN", "shapeID": "32016919B45734544235065", "shapeName": "Nyamira", "shapeType": "ADM1"}}, {"type": "Feature", "geometry": {"type": "Polygon", "coordinates": [[[35.58664971374581, -0.5881064050228547], [35.396085566053934, -0.6448796695444281], [35.42564935441757, -0.7212417775777965], [35.47900247953096, -0.7637726754099807], [35.529845230152624, -0.8048811342069], [35.52504717713468, -0.8094695386309051], [35.51996832047127, -0.8094204560817398], [35.517511352469114, -0.8158906190969036], [35.511215089540975, -0.819234989235925], [35.50644384002341, -0.8243539946279789], [35.49663828266715, -0.824790991002957], [35.49245114137665, -0.829624676778411], [35.4850892147016, -0.8317783861317009], [35.48270799723402, -0.8370356660699205], [35.47777626834595, -0.8403577345496545], [35.47607737823347, -0.8470151692341868], [35.477736149338924, -0.8488211199132963], [35.47358915813611, -0.8555052763613512], [35.46974095568853, -0.8583814346521097], [35.46705208777244, -0.8638928651662089], [35.459516230743084, -0.8648872303045471], [35.46080934531338, -0.8697431898512874], [35.46027431203675, -0.8740729642108018], [35.45653307721217, -0.8749380320044], [35.45457114045511, -0.8780371146285374], [35.45490556008411, -0.8832542738726257], [35.44749449924218, -0.8825854062543382], [35.44490381330606, -0.8836377676293612], [35.44185824733322, -0.8885472350407246], [35.43763993843997, -0.8884223603751433], [35.439735657295735, -0.892948334399978], [35.438375645416045, -0.8958735124126801], [35.4325921640725, -0.8983260170416086], [35.42940839837998, -0.8959091948639], [35.42784774750881, -0.9055275148467714], [35.42288024495032, -0.906829564731431], [35.42653671415335, -0.918119992693822], [35.422024126257774, -0.9194621948944369], [35.42139984647587, -0.9221376591335358], [35.42394151522563, -0.9254463056190865], [35.424168922515854, -0.9335306496657724], [35.420186987024024, -0.9367144410262093], [35.42197511411099, -0.9403084987379887], [35.41682926050465, -0.9459983121190024], [35.40638156925254, -0.9483883884651214], [35.39709773893276, -0.9578461231364349], [35.386204133287634, -0.9584035106109082], [35.384589941036204, -0.9600890281116032], [35.37791025584628, -0.9621090024349137], [35.37222484769352, -0.9693104437491551], [35.36790845430375, -0.9694844015124287], [35.36407811871462, -0.9723471445344871], [35.36001139795625, -0.9702647255342981], [35.358374926853905, -0.9724006311507128], [35.35196717260685, -0.9663362708349482], [35.3469239056965, -0.9741575408608241], [35.344145937466415, -0.9718298493794588], [35.337876390236886, -0.9748263730065729], [35.33813509826783, -0.978754857644339], [35.331392934548454, -0.9765743431228081], [35.32689369266504, -0.986009800471854], [35.318425829286234, -0.9883240678587626], [35.313815078438665, -0.9911288394630733], [35.31090332860106, -0.9999400185474355], [35.30549889424912, -1.003163969225026], [35.30226604770022, -1.0012421137363654], [35.2985248769122, -1.004564103756712], [35.28606615052554, -1.0115649290113287], [35.28364931294747, -1.01182800557966], [35.27849008966673, -1.016461012643952], [35.27220724697101, -1.0179369915073624], [35.27210912743942, -1.0214551996747154], [35.26547401596098, -1.019288046449322], [35.261759585626834, -1.0207016241694642], [35.25923124731658, -1.0273946912844087], [35.25376442559495, -1.0265118237468014], [35.24819942981929, -1.03371324349804], [35.239459607765575, -1.0325226834271384], [35.08222277020333, -0.9055007289075897], [35.01295956418189, -0.8894568792424381], [34.915867132165154, -0.9134022756613207], [34.678571618550045, -0.9719324432566072], [34.67593177155795, -0.9731898937866209], [34.6712809590312, -0.971428511872178], [34.66612623369617, -0.9719323916828461], [34.66122566449265, -0.9707998170292514], [34.65053723174578, -0.9652705321804077], [34.64196233829391, -0.9682581395961767], [34.59033047290109, -1.017687240209258], [34.59473155944648, -1.0454629703155078], [34.599128200522244, -1.05463982268104], [34.616567808826645, -1.0720258770234916], [34.61404395816352, -1.0804847918116542], [34.613959175505094, -1.085688533332832], [34.61762012346153, -1.092296924266948], [34.620754868061624, -1.102160496733411], [34.62161545911591, -1.1105435777654882], [34.62810795198011, -1.1186859205328412], [34.62901760860675, -1.1261549127599662], [34.63193834065309, -1.1349928329711125], [34.63438188968759, -1.1509653236732251], [34.63235743746011, -1.1538102630288563], [34.63180899771657, -1.1585948501023757], [34.63361496901569, -1.1606148166247423], [34.63960350720334, -1.1618633409798889], [34.64453079280416, -1.167437236668341], [34.65053723174579, -1.1724403860631873], [34.65434527534388, -1.1741749578272132], [34.65296742691221, -1.1832001509170096], [34.653787858781676, -1.184787600903413], [34.660195653903294, -1.1867228312169793], [34.66503374457845, -1.1923279409757734], [34.6714281335304, -1.1968316687103708], [34.672547377278626, -1.2072882444191564], [34.680787799175214, -1.2105344821841875], [34.68642849208811, -1.2082023573993652], [34.68862683749587, -1.2105567563157662], [34.730529056428104, -1.3888672900714631], [34.75073767186977, -1.4002736695893803], [34.76017758681984, -1.405602319872053], [34.77836182796493, -1.4158671550869564], [34.79312590234113, -1.4242056358278758], [34.82607419038023, -1.4428045838924035], [34.85902249758162, -1.4614079127826949], [34.86075263702505, -1.4623844682011646], [35.01661600035864, -1.5502064774103965], [35.1395646072295, -1.6194813944783026], [35.26251312777922, -1.6887563177919143], [35.38546176444138, -1.7580312291049096], [35.50841029019434, -1.8273061772917623], [35.63135888587202, -1.8965810769710585], [35.75430738726841, -1.9658560307850665], [35.87725595295316, -2.0351309467172443], [36.000204563409426, -2.1044058556660934], [36.000204563409426, -2.0830735316124804], [36.02817206019645, -2.0829530990925402], [36.028172060196454, -2.0396953930183344], [36.030923321579166, -2.0359229606847595], [36.029688146200044, -2.0318072365630573], [36.03034810961784, -2.022086370196348], [36.03768328003324, -2.006185215961468], [36.035547357125274, -2.0024752828983208], [36.03708131008639, -1.9912249766573373], [36.04010455826096, -1.9750606927042837], [36.037678798266704, -1.9736828686196497], [36.03970768425444, -1.9693040323511486], [36.04161617991132, -1.960229749599148], [36.03978802194112, -1.9525868129224802], [36.037924050112544, -1.9490864600554545], [36.0406976246885, -1.9471422515972612], [36.042967352662004, -1.9371003895792187], [36.04172772039453, -1.9333324291782987], [36.0372373430016, -1.9280082732943913], [36.038182746401795, -1.920619517168305], [36.034579761072465, -1.9189830619892254], [36.03415613315406, -1.9157858914401418], [36.0370099332233, -1.9130524657588408], [36.04343549814418, -1.9108139785863363], [36.03425872037665, -1.9024353609442146], [36.0281096398187, -1.8940254810284998], [36.028064982656126, -1.8886968129462425], [36.0332732632708, -1.8884783254488278], [36.03766991772856, -1.8901371164831895], [36.038369983219496, -1.8840236874792609], [36.03727303133729, -1.8802200863507177], [36.039025474531456, -1.8763540550023052], [36.04449236296053, -1.8779415075154187], [36.04780992085438, -1.8696698539388215], [36.048144349281394, -1.862410469134072], [36.05019105319358, -1.8555523631794368], [36.04828260140806, -1.849385384047915], [36.04860366737595, -1.841372395087294], [36.04288261977221, -1.835615726453689], [36.044269372730454, -1.8307731273668517], [36.04088045688028, -1.8291589057028792], [36.04135309644343, -1.825408795496948], [36.03762974780503, -1.8208739277424897], [36.032096060224546, -1.8248826756384051], [36.030499673815726, -1.8208293542277294], [36.029402777319724, -1.8098956359316891], [36.024069640366754, -1.8063952243624508], [36.01699303667997, -1.8071041874222877], [36.016382190286954, -1.804045250450208], [36.021786578872806, -1.7988949872264155], [36.02674957704536, -1.7959653675359077], [36.02299058398628, -1.792166240749265], [36.028644693724516, -1.7897672108063258], [36.0313335206515, -1.7861865872107097], [36.03129343046893, -1.7801177310488943], [36.02536724423618, -1.7793329204771673], [36.02159041991105, -1.7763275174540025], [36.02536276176248, -1.774048873035606], [36.03190432625552, -1.7679220773143518], [36.031364729557836, -1.762125262721907], [36.03403130191817, -1.761367197063658], [36.03513269828546, -1.7568367885914264], [36.03369681298136, -1.7546339677699916], [36.03617614703082, -1.7497066514478217], [36.035400201628285, -1.7451271493525107], [36.03712587909454, -1.7423179378123117], [36.04168307102381, -1.7399501301211717], [36.04105440849064, -1.7325078804683383], [36.04779207909899, -1.7341488864921917], [36.04973174445121, -1.729605047993763], [36.04799721754717, -1.7207760386097766], [36.04297623259713, -1.7156970735871473], [36.038503770954065, -1.7131107958419405], [36.039056680361874, -1.709512325707927], [36.04438978919366, -1.71091695022882], [36.0478188002381, -1.7056373691449978], [36.05348637920891, -1.7093428749441217], [36.0575887459011, -1.706261625736329], [36.06012150098902, -1.70083936171371], [36.06441558765986, -1.699202901972665], [36.06170890111799, -1.6899011788586185], [36.0581148853553, -1.6881576978821973], [36.055608866480235, -1.6793108156250922], [36.058244241601734, -1.6725642362139377], [36.05155552027658, -1.6645244778028112], [36.052309149278884, -1.6608055811772637], [36.04725699050967, -1.649947657352111], [36.05227346782342, -1.6465854661349366], [36.05132815224526, -1.643588945826202], [36.05277732165342, -1.6360575449590362], [36.05567574558849, -1.632731056533775], [36.057891934091664, -1.6231707667171051], [36.05581846508164, -1.6182523566821598], [36.06077697537932, -1.61785107057693], [36.063773501723475, -1.61544311022661], [36.062440196146795, -1.6110999383713107], [36.06552593000401, -1.6098246321684642], [36.06854027655578, -1.6037424429779903], [36.07083673655073, -1.5957606387357777], [36.074158730885486, -1.5923048442572258], [36.07902806168815, -1.593673782217523], [36.079210886892135, -1.5881623523374133], [36.084436984286114, -1.578160571946161], [36.08526187662187, -1.5735454342305535], [36.084588609194874, -1.564243706091737], [36.08284954995877, -1.5589463301541304], [36.073445298848014, -1.5423450616124532], [36.0713583896364, -1.5350455305367212], [36.064085626340336, -1.516789986124271], [36.059439220964705, -1.5073678770883716], [36.05910036046592, -1.5004964158053329], [36.05203265906197, -1.4908870741155944], [36.19910496043246, -1.3332845850686417], [36.34617731749516, -1.1756821110079387], [36.33392363334733, -1.0493647352810118], [36.262524515440205, -0.9131882383062895], [36.20349495915747, -0.933486060019907], [36.19318552869491, -0.9156273337890687], [36.184606234648804, -0.915493567741215], [36.184227163782104, -0.9126130179428995], [36.188936009744246, -0.9082921209258031], [36.16877198033847, -0.8723071864004288], [36.15706234152168, -0.8369910994548914], [36.18710775747795, -0.8046849057000273], [36.18984568806738, -0.7853012018688126], [36.18178361969512, -0.7789068263139098], [36.19178089321533, -0.7663768086712737], [36.18778999196893, -0.7648249928295202], [36.18075355865226, -0.7587070994864696], [36.16969051308112, -0.752419784837386], [36.16693032493411, -0.7463732779253704], [36.16111565242008, -0.7451381081767408], [36.15879692007797, -0.7414682560503975], [36.158163735461656, -0.7325188140793748], [36.15392314602321, -0.7277609882525039], [36.15134579625327, -0.7192485622521624], [36.153004591725605, -0.7145218862693001], [36.14515209866855, -0.7116769707186669], [36.141856845965, -0.7121184638590958], [36.100257880147204, -0.6759373009423933], [36.09748427055843, -0.6395911696467577], [36.062038872506946, -0.6569013750349035], [36.02862236529943, -0.6788668981364442], [36.02106420010234, -0.6705551494136711], [36.01643565406517, -0.6682765621058359], [36.01109814481216, -0.6634740836227065], [35.94587486865793, -0.7143078819507154], [35.92883221238684, -0.7055635460273599], [35.92940742207974, -0.6965561930918778], [35.89128655534571, -0.6496241130625438], [35.87611225269331, -0.6504847413993461], [35.878809968216146, -0.6425163173182601], [35.875581564157216, -0.6370940924229758], [35.91482167787897, -0.6351944965999925], [35.94932174252338, -0.6656679830300795], [35.98143172350497, -0.6303429555220498], [35.95119455561684, -0.5705196554870454], [35.946895992662355, -0.5657395116612983], [35.94601753931622, -0.5583731133694373], [35.943489230615675, -0.5552026835412578], [35.93512396821999, -0.5563977107834707], [35.93160574649576, -0.5511270800271891], [35.910380386153015, -0.5497135158073176], [35.9030496744768, -0.5473858477489986], [35.88814730396143, -0.5269052185615402], [35.83033061109834, -0.4945054118853784], [35.838071628596246, -0.4725665970434641], [35.83515093520277, -0.46658252248067184], [35.83028159752681, -0.46668503552001983], [35.827927162865535, -0.4725264775732324], [35.8137071141754, -0.47657980676812906], [35.81278406236898, -0.4756969225565601], [35.8144472957483, -0.46601618116438653], [35.81072842318867, -0.4575305051458712], [35.799237354027845, -0.4560055107049385], [35.79538023722603, -0.45936765249885453], [35.792771590547346, -0.46722906607876363], [35.79461764943373, -0.47150980743086357], [35.77446253210046, -0.5211529572168069], [35.77117616054842, -0.5368534973193604], [35.73842853258908, -0.530815835456712], [35.73230176272114, -0.5343786698727963], [35.729251699300455, -0.5376115324605678], [35.722750335117354, -0.5477693767479981], [35.71541517757021, -0.5535840045241379], [35.70915904531723, -0.553517113016208], [35.70845897207542, -0.5555549389184685], [35.71057700821144, -0.5615033716890027], [35.70968517965932, -0.5638087139408929], [35.71051458637055, -0.571563096325261], [35.708334125036366, -0.5811100302611932], [35.70296535120085, -0.5895600530961415], [35.69125574672285, -0.5996108326221553], [35.688830007255376, -0.6069683769525365], [35.686814434350126, -0.6182588394847286], [35.68308218095462, -0.624559505209082], [35.684526950220686, -0.6276050713020986], [35.68415679831662, -0.6401574436512851], [35.6801793080968, -0.6477914663422691], [35.68044684801065, -0.651296308632485], [35.676130417198124, -0.6554165017136138], [35.67600118414938, -0.658729639866257], [35.670993534820035, -0.6596615499816553], [35.6654910048763, -0.6686823141835648], [35.66298951779397, -0.676039878096583], [35.66321692135407, -0.6807887756139771], [35.65216279468975, -0.6860327018969556], [35.649759308217305, -0.6945629440500605], [35.64691444736814, -0.6968549373510098], [35.64506839076974, -0.7025848650191796], [35.64213428036111, -0.7022281359324859], [35.62671911957311, -0.6841821566753409], [35.61076896618193, -0.673877165601484], [35.60079837956504, -0.6715539793900261], [35.58685479670267, -0.5884407934018402], [35.58664971374581, -0.5881064050228547]]]}, "id": "00000000000000000793", "properties": {"shapeGroup": "KEN", "shapeID": "32016919B83281423333591", "shapeName": "Narok", "shapeType": "ADM1"}}, {"type": "Feature", "geometry": {"type": "Polygon", "coordinates": [[[34.637663767564774, -0.6651328831955654], [34.636584680501045, -0.6701271064555498], [34.64400463134896, -0.7051979099733253], [34.631305132533136, -0.7298344201864321], [34.62860288606979, -0.7531020339939737], [34.61848522091648, -0.900782995385656], [34.63272309017264, -0.965538049697841], [34.64196233829391, -0.9682581395961767], [34.65053723174578, -0.9652705321804077], [34.66122566449265, -0.9707998170292514], [34.66612623369617, -0.9719323916828461], [34.6712809590312, -0.971428511872178], [34.67593177155795, -0.9731898937866209], [34.678571618550045, -0.9719324432566072], [34.915867132165154, -0.9134022756613207], [35.01295956418189, -0.8894568792424381], [34.95071499332595, -0.7833793614301826], [34.943883650797034, -0.7731144693830401], [34.93910797857952, -0.771090052553496], [34.93387739590604, -0.7658283125851527], [34.92897243236723, -0.7661582960487149], [34.92337622075711, -0.7612309964707513], [34.91306678895194, -0.759050480932567], [34.90828660393546, -0.760713712512354], [34.90272168297549, -0.7520630774385376], [34.89649231621465, -0.7461948871116522], [34.892920580878446, -0.7475906020755337], [34.88650841979794, -0.7462885472542925], [34.88490759788442, -0.743202820669095], [34.88064019168999, -0.7418739923217833], [34.87548548109233, -0.7363358164145711], [34.86924721570577, -0.7340349188452792], [34.8564495796479, -0.727261522496265], [34.84611788628684, -0.7195740641003628], [34.84035670356263, -0.7143524221742688], [34.83628104217367, -0.7083683328721714], [34.8278354910718, -0.704243684085366], [34.82385804533806, -0.7041322172385343], [34.822440029433324, -0.6953121050999536], [34.82060734824475, -0.6916467302491641], [34.81295995580201, -0.6875175638871291], [34.80761351922286, -0.6856848730191218], [34.7944680567728, -0.6885877532401226], [34.79378135025965, -0.6841955759031249], [34.788711399983065, -0.6752327547167705], [34.792773653895765, -0.6675006585486268], [34.79962277254409, -0.6654584262230648], [34.80413984574846, -0.6678127841281293], [34.808474100945546, -0.6665999236746232], [34.81104703197308, -0.6681428007689936], [34.80968255742297, -0.6517421906889932], [34.81109606671404, -0.6467837143161284], [34.81385182454275, -0.6430113120887558], [34.81589408974354, -0.631680717138344], [34.82116916123833, -0.6236543169474141], [34.82581111671817, -0.6217636526622988], [34.83021671459006, -0.6175185862456185], [34.83296798162745, -0.6127161725573822], [34.834216522074804, -0.6055102363556386], [34.83587085427789, -0.6030666604266595], [34.84047705853324, -0.6018270481671587], [34.845266189573856, -0.595932087958868], [34.85113432786814, -0.595900897532335], [34.856369329968985, -0.6035393319674499], [34.86060098703774, -0.6074901064995754], [34.86211713796302, -0.61273845237723], [34.87054481523632, -0.6199666265967599], [34.8704021071975, -0.6131531202238809], [34.87422356914017, -0.6115880321778332], [34.874780988154015, -0.6162388245703928], [34.88021211761387, -0.6200602783090154], [34.88440369934623, -0.6183569328353717], [34.88665556224727, -0.6151775548809243], [34.88767216820016, -0.607949395474244], [34.88992848999547, -0.6007211879419311], [34.88315959761037, -0.5930782788087963], [34.878303647111736, -0.5904206249124951], [34.88127341747658, -0.5853863189562242], [34.87233735938814, -0.5744303404448703], [34.87506630512877, -0.5650706633212391], [34.87733154822547, -0.5622614292410913], [34.87862026928525, -0.5513678490767578], [34.88039942659451, -0.5491383196843441], [34.8838730284981, -0.5400952476564411], [34.88417178379737, -0.5322784056765006], [34.8828296074952, -0.5238685784461874], [34.88004265524612, -0.51958337106214], [34.87361714766382, -0.5131756610226773], [34.87128504094398, -0.5087923608579265], [34.86206358560738, -0.5013322830249815], [34.84914553906688, -0.5108658260921337], [34.80213327947918, -0.5268294149788738], [34.76718727784166, -0.5440504624353876], [34.751477922895276, -0.5576239770232199], [34.704336270077235, -0.5744704469932613], [34.68585778218292, -0.6002351367948471], [34.66222899308328, -0.6042616954819566], [34.64450403318585, -0.6335490779825733], [34.637663767564774, -0.6651328831955654]]]}, "id": "00000000000000000794", "properties": {"shapeGroup": "KEN", "shapeID": "32016919B92888924192138", "shapeName": "Kisii", "shapeType": "ADM1"}}, {"type": "Feature", "geometry": {"type": "Polygon", "coordinates": [[[36.72003724388284, -0.8063704638710163], [36.7248307569916, -0.8107180900953623], [36.732009919920095, -0.8125329542358142], [36.74116888577353, -0.8208669812081849], [36.744638081590246, -0.8280506225717053], [36.750167375884104, -0.832505231385937], [36.757676478638516, -0.8330849208754108], [36.76947975180461, -0.8322599810086214], [36.77405924100761, -0.8339901057990912], [36.779833812127855, -0.8401793347334015], [36.782393294767765, -0.8396041128786329], [36.78726265882292, -0.8446384514770635], [36.79287661728737, -0.8460386024556881], [36.80030546897495, -0.851322663907149], [36.80562520792105, -0.8566869692590766], [36.80941992805537, -0.8586667674361979], [36.82378269143349, -0.8639508309497733], [36.82576248649745, -0.869065446703947], [36.83414113880195, -0.8736047836796478], [36.83744090667511, -0.8774842202110871], [36.841320300031946, -0.8767440075504], [36.84734901360311, -0.8819432816495432], [36.85766293477158, -0.882603222809976], [36.85906752761143, -0.8871426248003906], [36.86397698807886, -0.8904423677647101], [36.86769145870339, -0.8893677295612321], [36.878335279838076, -0.8945670032716694], [36.88015019359326, -0.8982814488586739], [36.88394928549053, -0.8956416697937485], [36.887993730238684, -0.8993560839420934], [36.88716434175512, -0.9024908146357804], [36.89314843316395, -0.911569563330783], [36.89694759153489, -0.9112396134496769], [36.90000207177128, -0.913384407876621], [36.90709653562389, -0.9139641327711026], [36.90618687372391, -0.9164389017465036], [36.909245810127, -0.9205636001946305], [36.911310353966776, -0.927747164980908], [36.9170849266304, -0.930137277152124], [36.922404599880416, -0.9356665456693473], [36.92735863317702, -0.9359162774786507], [36.932557977720485, -0.9415302745467964], [36.941716997870415, -0.9456549440875055], [36.944856210464984, -0.9505242467941453], [36.949065561843625, -0.9520091512252529], [36.94968539814647, -0.9546489210937691], [36.95438971807206, -0.9558038657980434], [36.95653014416154, -0.9624924800932256], [36.96098921178581, -0.9668668786540305], [36.96462334832942, -0.9734663663867053], [36.97799177851779, -0.9761061109099358], [36.98521547845458, -0.9827947701970234], [36.99255966957508, -0.9909638666967167], [36.995529442923086, -0.9913785779357193], [36.999489061870804, -0.9953382159781331], [37.00311882412565, -0.9965778648828288], [37.009022650254586, -1.0032620612105914], [37.01612153692014, -1.0099462370118222], [37.021815827288805, -1.0113508503636137], [37.02420592189638, -1.0158857663470842], [37.02767505246592, -1.0182000582431314], [37.03134493752364, -1.0267838070008186], [37.03629895595105, -1.030823763208127], [37.042488199555656, -1.0312384781454789], [37.04479801552842, -1.0332183241774695], [37.05173193610579, -1.03346803967489], [37.05470167089282, -1.0316531723107998], [37.05858110732005, -1.0320634145109127], [37.067209449093475, -1.0252944704026776], [37.07124940507289, -1.0259544331188049], [37.07785329778675, -1.0301638153776005], [37.08589758752004, -1.0337132504603312], [37.09027639003113, -1.0336330229815487], [37.09654589459149, -1.036522513438159], [37.100505577736946, -1.0345382142648627], [37.10619979988911, -1.0357778137958666], [37.11214385131149, -1.0418868179324008], [37.11532317182057, -1.0412268308548587], [37.12068744702532, -1.0515407420843976], [37.12588674092008, -1.0509610660542932], [37.130836348969915, -1.0485709763473663], [37.138430242086145, -1.050961075042474], [37.14222938363131, -1.049725904654918], [37.15241843456023, -1.0538505497231099], [37.15505819743995, -1.0507157887012577], [37.164301961916294, -1.0493111732390887], [37.16958599852039, -1.0454317903626666], [37.17383547826719, -1.044441850603062], [37.17713518803745, -1.0345381890886167], [37.18316388384653, -1.0388323159845059], [37.19075333129281, -1.0425467651958478], [37.19900708491329, -1.0401521861903102], [37.203961154130354, -1.0356128332835621], [37.20986055045863, -1.0342082276960214], [37.21398526454322, -1.0345382237691072], [37.216295079443746, -1.0292586249290518], [37.2246335532935, -1.0271137742247336], [37.230822775538485, -1.018529999574127], [37.238867011000096, -1.0243045697373734], [37.243905796844444, -1.025214244531566], [37.251905449740015, -1.019105275021615], [37.26325826276503, -1.0169604401528567], [37.26523371665314, -1.0177050838760369], [37.26812764676463, -1.0239745605903419], [37.271757323868805, -1.0257091567202747], [37.278031289634676, -1.0324780659131767], [37.28009587931899, -1.0363575230754876], [37.28541555758889, -1.0423817857542477], [37.294989230383614, -1.0498061883981782], [37.30650264295042, -1.0611991763624973], [37.30988714770005, -1.066148786615471], [37.313597108368505, -1.064498918732711], [37.31805621429779, -1.0664787283876827], [37.32135590054573, -1.070603437258536], [37.324495139436294, -1.0772073484849713], [37.328535109289625, -1.0772073286154666], [37.334933856493144, -1.0819964084702174], [37.33972299767615, -1.0802618226386826], [37.34756204516408, -1.090825445003707], [37.35284611785721, -1.0923950559838478], [37.35697074739027, -1.0910751194114177], [37.36282109137806, -1.0947360612031198], [37.38945085705064, -1.0572929843912162], [37.42004031763067, -1.035059903470393], [37.40517367640588, -1.013682996444568], [37.382325229001815, -0.9994316810900944], [37.361197951047714, -0.9875125120810888], [37.33864381944717, -0.9846899237857136], [37.337074284089, -0.9774840025928458], [37.34396802540852, -0.9762309922021799], [37.36621001528424, -0.9624479122848884], [37.35399210782378, -0.9458422382571197], [37.33664617108861, -0.9648915211924358], [37.333003069261814, -0.9574358771832429], [37.327678941278066, -0.9543011297315436], [37.32893194815931, -0.9502299737381452], [37.32746041122959, -0.9442413802187505], [37.31921557209158, -0.9474118417246497], [37.3132670862534, -0.9402059239732987], [37.32423205952115, -0.9323712478022396], [37.31859131112682, -0.9251653945944516], [37.317637042793976, -0.9179282332161008], [37.277237615237794, -0.8922705675615291], [37.251548685547384, -0.8603166758278048], [37.23776564568907, -0.8584393774354826], [37.22492338505599, -0.8515456387908265], [37.2349474292834, -0.8358807726283072], [37.25718500919364, -0.8380746731973701], [37.26251806585079, -0.8076859104417384], [37.26188489994419, -0.7960967039005566], [37.262370939984635, -0.791802552117037], [37.26728928691167, -0.7853324206933138], [37.26128740827249, -0.7796069240378615], [37.26111349953864, -0.7699307118839308], [37.258473709064305, -0.7624795502185935], [37.25557971544856, -0.7577796130462032], [37.25560649785693, -0.7536950801770956], [37.261456825999176, -0.751510151440475], [37.267739695309835, -0.7550551411028426], [37.267258100290896, -0.7510463734224609], [37.261599544814075, -0.7467522484341287], [37.2641010785926, -0.7428282466876501], [37.25656518716855, -0.7339279134661619], [37.25626641976913, -0.7276896180495475], [37.25140153715297, -0.7261690879726415], [37.249916644329076, -0.7208939781215659], [37.25373807424702, -0.7193912256586029], [37.248984732615746, -0.7133134901820761], [37.247803085113816, -0.70707071912603], [37.24377202617543, -0.707378386008653], [37.24230494246271, -0.7015637647548283], [37.244298205700574, -0.6982194179512526], [37.2414710989419, -0.6936042468127028], [37.23856375948725, -0.6801912590106587], [37.23608003806451, -0.6757143642613287], [37.236191525594776, -0.6671172006535623], [37.23284723272595, -0.6676700983655195], [37.22865122953796, -0.6719196523912181], [37.22260020517975, -0.6759729419155197], [37.2120231870875, -0.688284541164059], [37.20976691562239, -0.6821532946295165], [37.20419746612721, -0.676022014148505], [37.19971606741442, -0.6638486500224955], [37.18044390144495, -0.667375819502749], [37.178945607198045, -0.6586047457295614], [37.176626908846096, -0.6535882488663547], [37.172372934079924, -0.6496375325763912], [37.16942985303875, -0.6490177184680459], [37.17203850096382, -0.6422577250427972], [37.169117724564565, -0.6356225429832001], [37.1589420702935, -0.6371832384922261], [37.1540281592765, -0.6358499530795401], [37.15268149118626, -0.6405097225010012], [37.1406954551182, -0.6380750722786814], [37.13520629868177, -0.6402154612803767], [37.12988211774499, -0.6405899993924942], [37.122595976041254, -0.6435686730912635], [37.10902248335466, -0.6410448498023933], [37.100403045066656, -0.6365857036855589], [37.10161141568134, -0.629941649271105], [37.09783010669878, -0.6270209478701245], [37.08725311142362, -0.6229185944564521], [37.079347141086295, -0.6191372417084023], [37.075351757580805, -0.6158286365328619], [37.06551502220458, -0.6104152410087488], [37.06330329228555, -0.6119045994413853], [37.05892441681838, -0.6102012520202804], [37.055513274649854, -0.6021926682970109], [37.04809329689527, -0.5947370604215099], [37.04409349053652, -0.5945898987329654], [37.03365469794267, -0.5907595423160141], [37.026587009502165, -0.5915532539718212], [37.02143678975618, -0.5892612669803714], [37.01511377261278, -0.5846594981741177], [37.00557131259411, -0.5856137664509425], [37.001758780419365, -0.584053044826088], [36.99507905542813, -0.5837186457078904], [36.98913508947978, -0.5769675303688089], [36.98454217750637, -0.5766286762599347], [36.981755227436416, -0.5792818421738322], [36.97676995809458, -0.5795939590589354], [36.97091073938661, -0.5824923434977672], [36.96654975192527, -0.5865768975354722], [36.95591922104261, -0.5887841591993538], [36.95034983649536, -0.5937605384205462], [36.935144225062174, -0.5985362104917735], [36.92480360945811, -0.603833634663032], [36.921316628161634, -0.6044132928576862], [36.92128094458137, -0.6093272511279987], [36.90679328889441, -0.6094387009755603], [36.89354528728998, -0.6088100009818614], [36.88272310506457, -0.6109325316019559], [36.880636171170096, -0.6085914758768272], [36.875731187752514, -0.6070798634541353], [36.86606390217283, -0.6058803600080765], [36.86007530728366, -0.6081188044314091], [36.84445510212716, -0.5937337791118267], [36.837926919890165, -0.5955040338837468], [36.82082181180674, -0.5847799106696128], [36.82044280143973, -0.5824567190464696], [36.80942436448082, -0.5793397777316848], [36.807961808457705, -0.5729855625763659], [36.803324356488005, -0.5702922412023125], [36.79693888028553, -0.5711974425801111], [36.78680334971337, -0.5705419736871563], [36.78074339115528, -0.5668944384176717], [36.77302028492895, -0.5676301773274854], [36.76657687007877, -0.5671262974552584], [36.75279826289768, -0.5682276991687217], [36.748312428520734, -0.5712063730587313], [36.742841050343245, -0.569939989352118], [36.73794944146417, -0.5703814741108311], [36.73381140759772, -0.5666580895468333], [36.72111190010993, -0.5716656568053794], [36.718244635016354, -0.5761113979551329], [36.713308465236445, -0.579317494318767], [36.7101648146685, -0.5841913025348185], [36.70682490029332, -0.5865813945368966], [36.70578590773297, -0.5918029773518751], [36.7054871813176, -0.6011938560378286], [36.70844798347588, -0.6080028635348752], [36.707172736195254, -0.6137685257217147], [36.70727524381638, -0.623623101232005], [36.704104846443784, -0.6286663686676421], [36.701692486354155, -0.6491603881140506], [36.70229893640562, -0.6555145979054718], [36.70501897399428, -0.6673133686678866], [36.703471672222896, -0.6919187164378648], [36.70359203826718, -0.6992673172078834], [36.70623181494027, -0.7093671737029549], [36.710008673434075, -0.7157659678455989], [36.71254596901304, -0.7313104194670507], [36.71484240067202, -0.7375085784375381], [36.71426714774351, -0.7469261642697577], [36.71541756689013, -0.754738501204943], [36.71810644284432, -0.762524124732752], [36.7326342158042, -0.7794285952402732], [36.72215972637975, -0.7816626035521643], [36.717656082643884, -0.7801241814320834], [36.7218342511932, -0.7877046840585891], [36.71924800119035, -0.7988746823894134], [36.72003724388284, -0.8063704638710163]]]}, "id": "00000000000000000795", "properties": {"shapeGroup": "KEN", "shapeID": "32016919B92229445677015", "shapeName": "Murang'a", "shapeType": "ADM1"}}, {"type": "Feature", "geometry": {"type": "Polygon", "coordinates": [[[33.93153391043795, -0.8024152595755624], [33.932372237987686, -0.8358094134365501], [33.93406222929344, -0.90321319644391], [33.93406222929344, -0.9488342535961264], [33.93406222929344, -0.9719011850514889], [33.93502986954867, -0.9999980103653924], [33.95511367480895, -0.9999979822212419], [33.979237385653356, -0.9999980139419814], [34.00200111771236, -0.9999979716945575], [34.026891780168405, -0.9999979788607276], [34.02659307603757, -1.0022453819407096], [34.02658857081694, -1.0037882663284547], [34.02711925027284, -1.0059598444480842], [34.02798874866464, -1.0085103973153804], [34.029870522528796, -1.0114712789604354], [34.0311235151852, -1.0127956434405585], [34.03341542460518, -1.014628314066713], [34.0346416795657, -1.0154800266517265], [34.03498064558556, -1.0166795267665119], [34.035323945140945, -1.0176872832154007], [34.03576099360645, -1.0187262248256646], [34.03640304816715, -1.0198856198810367], [34.03580111152464, -1.0216469122319483], [34.035511276167476, -1.0232165704684897], [34.035511276167476, -1.0265430218439542], [34.03563163019902, -1.028085875116763], [34.035908120885274, -1.0296866919859828], [34.036157837236225, -1.0306320337670698], [34.036594796705515, -1.0316085762616423], [34.03731716490099, -1.0329016999206442], [34.03812877047874, -1.0341012343841836], [34.03910083478775, -1.0351401719746394], [34.04042067361622, -1.0363084652873575], [34.042931195803575, -1.0381411402079157], [34.04453203293608, -1.0391176980962464], [34.04616853599461, -1.0396572327303435], [34.047399208381364, -1.039956007239051], [34.049981008246995, -1.04021465809588], [34.050957534978224, -1.040125479356218], [34.05167995915563, -1.0403796089617103], [34.05320050690689, -1.0405178453029071], [34.057659602621634, -1.0371958395202934], [34.072040170211004, -1.0247058722819191], [34.07838998631676, -1.0227884928442683], [34.080062155275314, -1.023595591438389], [34.08015127218923, -1.0235197478655345], [34.08164067556928, -1.0225922401241783], [34.10158623116141, -1.0336419004300272], [34.117732620440954, -1.0427652113747448], [34.13425802467823, -1.0520981594483458], [34.16719740771019, -1.070710435909541], [34.200136800751515, -1.0893182582266148], [34.20268743382229, -1.0907585585957777], [34.23307616691306, -1.1079260932165131], [34.25079219409416, -1.117932336641724], [34.26601555409054, -1.1265339074659426], [34.29895492531287, -1.145141729490433], [34.33189873358059, -1.1637495864387086], [34.36483812970716, -1.1823529413147373], [34.39778197015547, -1.200960766636496], [34.4307258125284, -1.2195685877300737], [34.43774889140195, -1.2235371978516776], [34.463669704274366, -1.2381719865683882], [34.463834654994, -1.2382656327698915], [34.489206903257994, -1.2525971318963647], [34.49101286790279, -1.2536138096602203], [34.496609042004636, -1.2567797677458188], [34.50071586668743, -1.2590940816114615], [34.52955292252626, -1.2753831755528486], [34.56250121897567, -1.2939865602074552], [34.57047851797441, -1.2984946587501875], [34.595445020458556, -1.3125899044612064], [34.6166168698387, -1.3245491890501249], [34.619113962768544, -1.3259583179132233], [34.628388854018006, -1.3311932887962636], [34.661337155398925, -1.3497966689567844], [34.69428102360331, -1.368400033900131], [34.72722928138302, -1.3870033887569255], [34.730529056428104, -1.3888672900714631], [34.68862683749587, -1.2105567563157662], [34.68642849208811, -1.2082023573993652], [34.680787799175214, -1.2105344821841875], [34.672547377278626, -1.2072882444191564], [34.6714281335304, -1.1968316687103708], [34.66503374457845, -1.1923279409757734], [34.660195653903294, -1.1867228312169793], [34.653787858781676, -1.184787600903413], [34.65296742691221, -1.1832001509170096], [34.65434527534388, -1.1741749578272132], [34.65053723174579, -1.1724403860631873], [34.64453079280416, -1.167437236668341], [34.63960350720334, -1.1618633409798889], [34.63361496901569, -1.1606148166247423], [34.63180899771657, -1.1585948501023757], [34.63235743746011, -1.1538102630288563], [34.63438188968759, -1.1509653236732251], [34.63193834065309, -1.1349928329711125], [34.62901760860675, -1.1261549127599662], [34.62810795198011, -1.1186859205328412], [34.62161545911591, -1.1105435777654882], [34.620754868061624, -1.102160496733411], [34.61762012346153, -1.092296924266948], [34.613959175505094, -1.085688533332832], [34.61404395816352, -1.0804847918116542], [34.616567808826645, -1.0720258770234916], [34.599128200522244, -1.05463982268104], [34.59473155944648, -1.0454629703155078], [34.59033047290109, -1.017687240209258], [34.64196233829391, -0.9682581395961767], [34.63272309017264, -0.965538049697841], [34.61848522091648, -0.900782995385656], [34.62860288606979, -0.7531020339939737], [34.631305132533136, -0.7298344201864321], [34.64400463134896, -0.7051979099733253], [34.636584680501045, -0.6701271064555498], [34.637663767564774, -0.6651328831955654], [34.62952148706883, -0.6613515901777206], [34.627300870704254, -0.6583238263125304], [34.61983634320359, -0.6565580166176918], [34.61498483745267, -0.6536462254817653], [34.60456830876762, -0.6517377308723686], [34.597554202358346, -0.6534233058524451], [34.58758809622049, -0.6534054590413066], [34.58832383133017, -0.6620248787468791], [34.58531395123092, -0.6597418080187016], [34.578643138274415, -0.6624217621058933], [34.57183858074444, -0.6630415498790965], [34.563914721505654, -0.6670503059527833], [34.56089588697471, -0.6659801266804375], [34.556249560758154, -0.6703277409523533], [34.554497079433936, -0.6762984574452631], [34.55133113306663, -0.6817653607511027], [34.54845502081945, -0.6901841232743012], [34.545717158619595, -0.6896802528624018], [34.54356336749505, -0.6980990104379615], [34.539675084461514, -0.7060852596707168], [34.540254699512964, -0.7158685387989534], [34.539715145467945, -0.7259059625439108], [34.5380608810859, -0.7302224012358021], [34.5363306863516, -0.7415886348641044], [34.533597262208566, -0.7477065023718119], [34.52493324782318, -0.7609679004738482], [34.516452079978436, -0.7596391047402454], [34.506708886353834, -0.7621852061926663], [34.50445707078347, -0.764530727117302], [34.50653496941865, -0.7699886525939084], [34.50015848151241, -0.7739171214950596], [34.49253339772729, -0.7825276280036089], [34.485309695068196, -0.784494093241186], [34.486678608731836, -0.792654287863534], [34.482023352569, -0.7958023581674721], [34.490116570839355, -0.7984823254012817], [34.496461910125994, -0.8050639308791196], [34.49676065522834, -0.8098396422182879], [34.49497704816145, -0.812956564482995], [34.49062936990211, -0.8156141673639611], [34.48375343579741, -0.82381445590717], [34.47966890632286, -0.826436416614916], [34.476329068650145, -0.830592303958712], [34.46372316525943, -0.8617034124403188], [34.45326212664193, -0.852820898032265], [34.43258078829598, -0.8374057868694607], [34.39083469996856, -0.8146554381102687], [34.386277501032126, -0.8160734743000609], [34.38786494462591, -0.8225347016816337], [34.39245778770968, -0.8268065285492322], [34.38977347977974, -0.8303247247668298], [34.386344385896734, -0.8383689759771619], [34.38180058742014, -0.8461010384116564], [34.3786123301584, -0.8440052680010662], [34.37150893246424, -0.8451735381257944], [34.36909657747674, -0.8510907939035275], [34.35221443754412, -0.852281339517497], [34.33668338334569, -0.8549077847776777], [34.33533671007526, -0.8612842837396495], [34.320715304914884, -0.8653866501636573], [34.319275019215155, -0.8650879216620636], [34.30052011666398, -0.8430108963203088], [34.2982370247371, -0.8371828475664898], [34.29521823658692, -0.8370713940916918], [34.28402138619295, -0.8262714086626887], [34.27681548788574, -0.825259235227938], [34.27019819627928, -0.8180488402358599], [34.26407587497822, -0.8140936229003873], [34.25040867271209, -0.8105709133134513], [34.245659756655826, -0.8052868865076492], [34.23522548549229, -0.7902730787313232], [34.232144183015365, -0.7816937858683753], [34.226057510620386, -0.778550149332911], [34.221977474369424, -0.7731233810416389], [34.21237704129642, -0.767603047998259], [34.209567775253326, -0.7596435099106995], [34.20308872095099, -0.753021767790144], [34.20201856139836, -0.7504399386261529], [34.191232009199474, -0.7651415796531439], [34.17857255857786, -0.7600181161937245], [34.17668190583179, -0.7682897115224698], [34.17196863670043, -0.7714690457073395], [34.16421426399651, -0.7722895512624383], [34.155862413290976, -0.7660156078554061], [34.13900696979088, -0.7783717890803543], [34.13571172846562, -0.7725303267670716], [34.12298546551633, -0.7829601514226308], [34.1207246880361, -0.7829378869815261], [34.11278748852469, -0.778001659208733], [34.109572481328684, -0.7812077451526297], [34.096921958469, -0.7823047082825497], [34.0828222753134, -0.7993696819051189], [34.08097625788251, -0.8024152202794422], [33.93153391043795, -0.8024152595755624]]]}, "id": "00000000000000000796", "properties": {"shapeGroup": "KEN", "shapeID": "32016919B50702580177250", "shapeName": "Migori", "shapeType": "ADM1"}}, {"type": "Feature", "geometry": {"type": "Polygon", "coordinates": [[[36.53373148876847, -1.1559060394036478], [36.51060666018768, -1.240196375153913], [36.488226410307654, -1.2717846491914089], [36.65763657928366, -1.3047864812853034], [36.661070074488094, -1.3121707397641427], [36.66388825771059, -1.3152073818362708], [36.66871740576155, -1.3069625007922228], [36.67189679945681, -1.3080594346007253], [36.67676164240926, -1.3000910471381855], [36.68116727488445, -1.2892331497169245], [36.684275199731914, -1.2851976668273928], [36.68325407986923, -1.2800161668579548], [36.68651374703905, -1.2710890652949838], [36.69147226590045, -1.26825749991283], [36.68849350759452, -1.2640080121420751], [36.6901924487892, -1.2589067822212054], [36.69855328170621, -1.258197777864787], [36.71753565709787, -1.2614574063913728], [36.720460856879924, -1.2522984199930765], [36.7250804672084, -1.2434872397831354], [36.726186304903166, -1.232379588553917], [36.73167100014391, -1.2350639527572498], [36.74453998358817, -1.2355009793732699], [36.753172769040354, -1.2208751187426408], [36.7591123233542, -1.2233900366383732], [36.763281582542035, -1.2264579325432987], [36.77380953121742, -1.229815621574931], [36.78200093746101, -1.213428418329184], [36.78794483729967, -1.2093171090062833], [36.78418139534875, -1.206646095540569], [36.7812250106558, -1.2022895712452155], [36.788047397741046, -1.191092757639512], [36.796443887121754, -1.1946422459996993], [36.8083541923561, -1.2009607684351449], [36.830444605854346, -1.2146591506776276], [36.82745253546536, -1.2085635508382053], [36.84033928176264, -1.2084208628182835], [36.84548508881148, -1.2114842232108598], [36.84760315538537, -1.2027934530083113], [36.853159239295955, -1.201049928769089], [36.85648574250847, -1.201999744297299], [36.85920578512594, -1.1892868424391958], [36.86305398524736, -1.1921852407759064], [36.87018411331238, -1.1953155464978669], [36.87693959119253, -1.195993347279997], [36.88299058485514, -1.1953512279488376], [36.88691017244249, -1.1934293397471178], [36.89527546744466, -1.1915788484405598], [36.89203811649392, -1.1856348219065604], [36.892252138928754, -1.182071998547003], [36.885046264643336, -1.172101443495488], [36.88971936336853, -1.1694304433489915], [36.8917170816724, -1.1645566608453148], [36.895971089477364, -1.160463229711846], [36.90973184133381, -1.160463189290027], [36.91638925861049, -1.1614575907292062], [36.92398759736913, -1.1677761301281369], [36.92805879042271, -1.168284479877679], [36.93593354009172, -1.171374638296331], [36.93922882202946, -1.1739609087387164], [36.93547868440203, -1.1793296428992242], [36.909223493964554, -1.2063652077475637], [36.91357559151411, -1.2124162237098786], [36.92075471229462, -1.217767120537369], [36.92956595954142, -1.221740154833876], [36.93696806791779, -1.2216911335271485], [36.94256864970522, -1.2251737086581749], [36.9476297256045, -1.226850300648923], [36.95172321955213, -1.2259138689025844], [36.95483568292051, -1.228923796360073], [36.9578187972212, -1.227095572071734], [36.967347909887046, -1.2287989461188698], [36.97462512446122, -1.2242105497178781], [36.98284328415857, -1.2226542834923315], [36.98967910583541, -1.224455786016271], [36.99320618065612, -1.230181287377934], [37.00149566745634, -1.233882324788541], [37.0046304274563, -1.2367450653705798], [37.01173826276928, -1.2340294499093072], [37.0136377794955, -1.2285269130692535], [37.01857407926062, -1.2258158150144678], [37.023929455769306, -1.2258648207527407], [37.03199593699556, -1.2199164305034569], [37.034145225917776, -1.214957914269608], [37.042853860475155, -1.2097987055319692], [37.04647016020059, -1.2103739117247168], [37.054139798653566, -1.2063117094513764], [37.0563961045163, -1.2083405977173285], [37.06042274358914, -1.2057543142237757], [37.07875410944331, -1.2376814715383573], [37.087841735814365, -1.2323528367041428], [37.094111205541644, -1.243950938943987], [37.086588693443595, -1.2480221146482493], [37.10272173723148, -1.2617160279865722], [37.10876826798258, -1.2606368922535074], [37.11074362966264, -1.2587239681067959], [37.109343544556815, -1.2489585372692207], [37.11051175675699, -1.2464123621798746], [37.116718887022685, -1.2475449784911776], [37.11912230111039, -1.2458415964484075], [37.1189572929003, -1.2392287507856057], [37.120776616455224, -1.2350996353942578], [37.12644413067504, -1.2327987488710026], [37.13440368468813, -1.2334631270092618], [37.13762308380406, -1.231902496862773], [37.14205993013113, -1.2257979410746918], [37.15241843456023, -1.2246430545119318], [37.15554422447105, -1.2200011576036336], [37.156057067747355, -1.2128041647752457], [37.1535376246999, -1.208835522527067], [37.15939242248173, -1.206490041839407], [37.1551250835884, -1.196564089746385], [37.16020849469023, -1.194089283149928], [37.166580506473075, -1.188011525150348], [37.17332267969694, -1.175187137714863], [37.18100127856748, -1.168525257051062], [37.18172359824307, -1.1615378802788439], [37.17981066544815, -1.1582961003190844], [37.185108113370845, -1.148530673320383], [37.182985535532126, -1.1445264067518208], [37.186508282470946, -1.1386270200770423], [37.18515265830951, -1.1357687391687676], [37.18095223543899, -1.1334589172707097], [37.1751910702372, -1.1198185123683182], [37.17544971131192, -1.115488735761604], [37.179997931249176, -1.1102269959715034], [37.187257354810065, -1.1065392763557365], [37.18975003815112, -1.0973357390902283], [37.1964743521079, -1.0918867161339478], [37.20067035532502, -1.090254656456378], [37.20956183366135, -1.0810510554014576], [37.21280802449877, -1.0792630016399483], [37.22295245698565, -1.0786922330282498], [37.22762118230209, -1.0757046228444709], [37.231870664905756, -1.075392462468949], [37.240244898508664, -1.077666615614391], [37.24493585530342, -1.0798605036940754], [37.254014560245615, -1.0762530735809224], [37.2575551361635, -1.0732342552332514], [37.264930495043245, -1.071178613632175], [37.267873502877826, -1.067705011390972], [37.280381242343665, -1.0659302968482305], [37.28406449441607, -1.0690115190117087], [37.28891597634091, -1.0709200331768582], [37.2929781995131, -1.0698097174833703], [37.2978520076399, -1.0712900891849746], [37.3010581330279, -1.074188541944404], [37.305129294410946, -1.0803554492262482], [37.3124377408772, -1.0866249757302817], [37.31508198503688, -1.0918733466833832], [37.325150591686054, -1.096466205954466], [37.32609146307821, -1.0999264454853006], [37.340681700718115, -1.1132279623961734], [37.342893396954864, -1.1175755896608377], [37.36282109137806, -1.0947360612031198], [37.35697074739027, -1.0910751194114177], [37.35284611785721, -1.0923950559838478], [37.34756204516408, -1.090825445003707], [37.33972299767615, -1.0802618226386826], [37.334933856493144, -1.0819964084702174], [37.328535109289625, -1.0772073286154666], [37.324495139436294, -1.0772073484849713], [37.32135590054573, -1.070603437258536], [37.31805621429779, -1.0664787283876827], [37.313597108368505, -1.064498918732711], [37.30988714770005, -1.066148786615471], [37.30650264295042, -1.0611991763624973], [37.294989230383614, -1.0498061883981782], [37.28541555758889, -1.0423817857542477], [37.28009587931899, -1.0363575230754876], [37.278031289634676, -1.0324780659131767], [37.271757323868805, -1.0257091567202747], [37.26812764676463, -1.0239745605903419], [37.26523371665314, -1.0177050838760369], [37.26325826276503, -1.0169604401528567], [37.251905449740015, -1.019105275021615], [37.243905796844444, -1.025214244531566], [37.238867011000096, -1.0243045697373734], [37.230822775538485, -1.018529999574127], [37.2246335532935, -1.0271137742247336], [37.216295079443746, -1.0292586249290518], [37.21398526454322, -1.0345382237691072], [37.20986055045863, -1.0342082276960214], [37.203961154130354, -1.0356128332835621], [37.19900708491329, -1.0401521861903102], [37.19075333129281, -1.0425467651958478], [37.18316388384653, -1.0388323159845059], [37.17713518803745, -1.0345381890886167], [37.17383547826719, -1.044441850603062], [37.16958599852039, -1.0454317903626666], [37.164301961916294, -1.0493111732390887], [37.15505819743995, -1.0507157887012577], [37.15241843456023, -1.0538505497231099], [37.14222938363131, -1.049725904654918], [37.138430242086145, -1.050961075042474], [37.130836348969915, -1.0485709763473663], [37.12588674092008, -1.0509610660542932], [37.12068744702532, -1.0515407420843976], [37.11532317182057, -1.0412268308548587], [37.11214385131149, -1.0418868179324008], [37.10619979988911, -1.0357778137958666], [37.100505577736946, -1.0345382142648627], [37.09654589459149, -1.036522513438159], [37.09027639003113, -1.0336330229815487], [37.08589758752004, -1.0337132504603312], [37.07785329778675, -1.0301638153776005], [37.07124940507289, -1.0259544331188049], [37.067209449093475, -1.0252944704026776], [37.05858110732005, -1.0320634145109127], [37.05470167089282, -1.0316531723107998], [37.05173193610579, -1.03346803967489], [37.04479801552842, -1.0332183241774695], [37.042488199555656, -1.0312384781454789], [37.03629895595105, -1.030823763208127], [37.03134493752364, -1.0267838070008186], [37.02767505246592, -1.0182000582431314], [37.02420592189638, -1.0158857663470842], [37.021815827288805, -1.0113508503636137], [37.01612153692014, -1.0099462370118222], [37.009022650254586, -1.0032620612105914], [37.00311882412565, -0.9965778648828288], [36.999489061870804, -0.9953382159781331], [36.995529442923086, -0.9913785779357193], [36.99255966957508, -0.9909638666967167], [36.98521547845458, -0.9827947701970234], [36.97799177851779, -0.9761061109099358], [36.96462334832942, -0.9734663663867053], [36.96098921178581, -0.9668668786540305], [36.95653014416154, -0.9624924800932256], [36.95438971807206, -0.9558038657980434], [36.94968539814647, -0.9546489210937691], [36.949065561843625, -0.9520091512252529], [36.944856210464984, -0.9505242467941453], [36.941716997870415, -0.9456549440875055], [36.932557977720485, -0.9415302745467964], [36.92735863317702, -0.9359162774786507], [36.922404599880416, -0.9356665456693473], [36.9170849266304, -0.930137277152124], [36.911310353966776, -0.927747164980908], [36.909245810127, -0.9205636001946305], [36.90618687372391, -0.9164389017465036], [36.90709653562389, -0.9139641327711026], [36.90000207177128, -0.913384407876621], [36.89694759153489, -0.9112396134496769], [36.89314843316395, -0.911569563330783], [36.88716434175512, -0.9024908146357804], [36.887993730238684, -0.8993560839420934], [36.88394928549053, -0.8956416697937485], [36.88015019359326, -0.8982814488586739], [36.878335279838076, -0.8945670032716694], [36.86769145870339, -0.8893677295612321], [36.86397698807886, -0.8904423677647101], [36.85906752761143, -0.8871426248003906], [36.85766293477158, -0.882603222809976], [36.84734901360311, -0.8819432816495432], [36.841320300031946, -0.8767440075504], [36.83744090667511, -0.8774842202110871], [36.83414113880195, -0.8736047836796478], [36.82576248649745, -0.869065446703947], [36.82378269143349, -0.8639508309497733], [36.80941992805537, -0.8586667674361979], [36.80562520792105, -0.8566869692590766], [36.80030546897495, -0.851322663907149], [36.79287661728737, -0.8460386024556881], [36.78726265882292, -0.8446384514770635], [36.782393294767765, -0.8396041128786329], [36.779833812127855, -0.8401793347334015], [36.77405924100761, -0.8339901057990912], [36.76947975180461, -0.8322599810086214], [36.757676478638516, -0.8330849208754108], [36.750167375884104, -0.832505231385937], [36.744638081590246, -0.8280506225717053], [36.74116888577353, -0.8208669812081849], [36.732009919920095, -0.8125329542358142], [36.7248307569916, -0.8107180900953623], [36.72003724388284, -0.8063704638710163], [36.70501453131712, -0.7843246595742966], [36.70092551042961, -0.7813504582171991], [36.68559066919551, -0.7648116564397688], [36.671557852762795, -0.7584930664596459], [36.66691146099272, -0.7594206029148433], [36.658457016899895, -0.7677858445000187], [36.650279075362675, -0.7646243286517292], [36.60829217944018, -0.8056213050733356], [36.61856596214553, -0.8297985952231778], [36.58598324710946, -0.8265255904147129], [36.589813651154195, -0.848941506779477], [36.5979649172979, -0.8618461587049581], [36.58700437770227, -0.8867546709575266], [36.57698479832442, -0.8919049340266945], [36.56181493519149, -0.9039311059887687], [36.56324630962938, -0.9085106057896336], [36.56863739668625, -0.9110746311828919], [36.55284772064415, -0.9199972753727405], [36.5611594530407, -0.9243091987139521], [36.56834306713028, -0.9215490283505514], [36.574697312567, -0.9243092218388673], [36.57801041916967, -0.9292810905592557], [36.57607511983555, -0.9381190675754978], [36.572485581524596, -0.9422615910782267], [36.57994566861722, -0.9480628760874896], [36.584913072172625, -0.9618726621823331], [36.58436013835506, -0.9726414091568106], [36.584913072172625, -0.979272077937111], [36.5885026754612, -0.9820322936249684], [36.5940274876626, -0.9834146175522457], [36.595409801218366, -0.9916996150449351], [36.584253176916775, -1.0443794444164578], [36.58684830844842, -1.0527402448490744], [36.58827080094608, -1.063379657180349], [36.566951847778604, -1.101496075518503], [36.5638527293803, -1.1001092764125462], [36.54165533816368, -1.1270021230042704], [36.53373148876847, -1.1559060394036478]]]}, "id": "00000000000000000797", "properties": {"shapeGroup": "KEN", "shapeID": "32016919B11020559484650", "shapeName": "Kiambu", "shapeType": "ADM1"}}, {"type": "Feature", "geometry": {"type": "Polygon", "coordinates": [[[37.593980874986535, -1.085938266667919], [37.73815257661185, -1.07754623532653], [37.796522201154865, -1.1270690052482535], [37.79911740870104, -1.1221728949320742], [37.80166795653297, -1.1105837318235607], [37.803893116945616, -1.1071546546982438], [37.80692083716107, -1.0973178629920444], [37.80677808658971, -1.0932957860599766], [37.810608511991205, -1.0875747700323124], [37.81760927823229, -1.0797713190871356], [37.81912095066821, -1.07078622784714], [37.827874099587014, -1.0697918233130752], [37.8302820169828, -1.0678521278206805], [37.83515582631975, -1.0582739761897269], [37.838892603924165, -1.052597570500853], [37.844564516210376, -1.0474919064168107], [37.846695988320775, -1.0413428151288486], [37.84546532304219, -1.0302039330822659], [37.847124072338715, -1.0263735689918654], [37.84877840947445, -1.007667633356069], [37.84953196500414, -1.0046889833165646], [37.846508705786945, -0.9950171666088024], [37.849630095836304, -0.9900051303577746], [37.854218527691366, -0.9852963190587194], [37.858659800908384, -0.9841146652873769], [37.86079124150521, -0.9814659511999803], [37.86518789319385, -0.9817023237514054], [37.86381452118659, -0.9768329517526337], [37.86707856212217, -0.9766902673910288], [37.868121941099474, -0.9732121655898193], [37.85662641516581, -0.9642270664960069], [37.849438368139566, -0.9649360791542662], [37.84835033573831, -0.9608203310931719], [37.85412040339795, -0.9582207057906079], [37.849581030437704, -0.9517193014789843], [37.85005370851699, -0.9471755013647559], [37.846834202989996, -0.9450484787085237], [37.847926712580524, -0.9421188631721066], [37.852564159315065, -0.9367946806392876], [37.84967470807431, -0.9351403700054864], [37.8506690433963, -0.93107366622568], [37.844475366057765, -0.9240729148533584], [37.84310198568712, -0.9191098821383095], [37.838562615357624, -0.9189672280886971], [37.83945888491573, -0.9091527454207424], [37.83543675572493, -0.9111370562169385], [37.83392511689943, -0.9053223877472992], [37.829055756011435, -0.9001899588341081], [37.82044523664118, -0.8988655908597835], [37.81907631865347, -0.8952715549057539], [37.82286208009711, -0.8935681670112177], [37.822906709663094, -0.8889351565680368], [37.8207796859079, -0.8821707167980714], [37.82300034256068, -0.8805387015989097], [37.825270010479855, -0.8708446075825795], [37.82758876580641, -0.868904866961805], [37.82758876580641, -0.864575108076375], [37.83174911186957, -0.8632507509272764], [37.82947941418922, -0.8594694039311419], [37.833403413217596, -0.8557327069824651], [37.832315370561176, -0.8517596740176099], [37.83643558856407, -0.8507206962089767], [37.83851354207634, -0.8481165551221433], [37.837144577795094, -0.8445002058107679], [37.84139860295333, -0.8434568015431329], [37.84262925990309, -0.8334327550917228], [37.84905928334391, -0.8311630825081013], [37.846597934277725, -0.8269046279466374], [37.84783303256635, -0.82094727139907], [37.84385552234311, -0.8156944436922405], [37.84551431040186, -0.8098307062899192], [37.83880781928256, -0.8086981113219139], [37.83566860867838, -0.8123099707456577], [37.83329197770648, -0.8117927346279028], [37.8288060629243, -0.8045154911932862], [37.81938396306165, -0.803663754594055], [37.81516568068586, -0.8060360397054058], [37.81241440353601, -0.8110257445478697], [37.80712151382743, -0.813175042355854], [37.80762980568945, -0.8019737800820946], [37.80433451076863, -0.8007341575947715], [37.802524113795734, -0.8057194000690692], [37.79901483061565, -0.8086624254381525], [37.79522905799077, -0.8163187047334514], [37.79193819567581, -0.8171971604421826], [37.78733646281289, -0.8209561767412317], [37.78408128891469, -0.8202873190394027], [37.781080285959476, -0.8236806927229422], [37.77133717145527, -0.8187846229776915], [37.76558052886246, -0.8216428498016028], [37.75839240315895, -0.8218970322007156], [37.755351288630074, -0.811672344298154], [37.749991435189905, -0.8020273142435116], [37.7469235989453, -0.7851540653060411], [37.74398950640408, -0.7784207997727572], [37.74161726377969, -0.7760931564163513], [37.73459420722655, -0.7736495747244285], [37.731499574283895, -0.7738725472810977], [37.725328144579656, -0.7787820094949933], [37.71383708052092, -0.7786883744658634], [37.70805359623547, -0.7797897767747681], [37.698800951688376, -0.7830627079213626], [37.698413088919146, -0.7881639320063722], [37.69348574523134, -0.789403583097708], [37.69241108321301, -0.7933811070607121], [37.683729270052574, -0.7929753294454687], [37.681945589761604, -0.794946217631272], [37.682409349409504, -0.8058309023644922], [37.68032695186424, -0.8162295098172923], [37.68151753865114, -0.8212504782229115], [37.675774224548675, -0.8235067987847111], [37.67205088199075, -0.8273014553799496], [37.671301724995686, -0.8355686614408727], [37.66591062552714, -0.8408705279351363], [37.66575906053166, -0.843871515292337], [37.657545401151594, -0.8454812449187282], [37.65243076862305, -0.8423018744404965], [37.64588487557413, -0.8406609347152358], [37.639989928413314, -0.8429930521107923], [37.63597221778769, -0.8369018999809493], [37.629301403074, -0.8381148263247609], [37.62873064291294, -0.8468947817773775], [37.62745094383857, -0.849913591316238], [37.61827411250722, -0.8498466978264914], [37.61666878244925, -0.8527807885804032], [37.60650652394556, -0.8529770053121231], [37.603915819038654, -0.859059210111183], [37.60107978709132, -0.8604861094362052], [37.59766856360933, -0.8587916571788146], [37.590400266982414, -0.8610301047715709], [37.58801019462358, -0.8638839698334214], [37.592125905589604, -0.866831394534848], [37.58896886651099, -0.87165617073328], [37.587510779564035, -0.8763471460326255], [37.576804480410026, -0.8747686113671641], [37.567007797265255, -0.8783626698324053], [37.562486302600455, -0.8732658990147104], [37.55164177225, -0.8824650213152128], [37.54607229978439, -0.8815420013545198], [37.544440268256345, -0.8850066994094425], [37.53886192946108, -0.8867278909169455], [37.53367152092046, -0.8938490883140972], [37.53657892238108, -0.9037572472856302], [37.53442516163178, -0.9100891268404928], [37.53048330200187, -0.9118906520144409], [37.524610689463195, -0.9121760156667615], [37.5211682518536, -0.914592864631868], [37.51783726189568, -0.9124212391739411], [37.517328968220845, -0.9018621078839199], [37.50429056719169, -0.8972603143753499], [37.50169535640907, -0.8985177645071882], [37.49671004430901, -0.9049121108946552], [37.491203120353546, -0.9016569604457164], [37.48499157795166, -0.8997663044646776], [37.48302507102612, -0.8949594420506743], [37.476960712395, -0.8936707098605257], [37.471132645032355, -0.8848729568041588], [37.474182722885836, -0.8766681661255027], [37.470147210864056, -0.8765834536273018], [37.46624995062556, -0.8728199817799009], [37.461523322296486, -0.875263594030623], [37.45717564581756, -0.8707465196653996], [37.45298412438957, -0.8716293969435048], [37.44700448416135, -0.8702916946549744], [37.44272823302167, -0.8637724872567281], [37.439758403282546, -0.8623187808810793], [37.43161610122451, -0.8623054493543139], [37.42701879327672, -0.8659128582613191], [37.419870869289724, -0.8627334813134174], [37.41316438148065, -0.861101454111023], [37.41073415260636, -0.8572755526980541], [37.41357011762579, -0.8532222336267737], [37.412098620517604, -0.8502613622747072], [37.40308679648055, -0.8514163059868741], [37.39884171189316, -0.8558486673131243], [37.39027131875007, -0.855139629555369], [37.3838858602247, -0.8522903003955719], [37.378980927080804, -0.8571507190634152], [37.37606907418295, -0.8537796434719386], [37.37510595677805, -0.8497307452889548], [37.3704417242949, -0.8491599650314482], [37.36184458628556, -0.8442148553936738], [37.35539223887244, -0.8433898972952225], [37.351606497008504, -0.8452226035336577], [37.342799772944694, -0.8420120291108272], [37.33665065694973, -0.8464533108193599], [37.33347573851069, -0.8445983493223054], [37.328378983381704, -0.8442148477612742], [37.32414730271544, -0.8415750598493684], [37.32148968933653, -0.8360948503283803], [37.31654455835109, -0.8302846074559453], [37.31471631662797, -0.8245546672185863], [37.312540297930376, -0.8222225859322567], [37.312464501999955, -0.8182628688061659], [37.30961063282697, -0.8144459119486221], [37.30520950437102, -0.812234192842438], [37.30453616221505, -0.8000697191093203], [37.30104915682844, -0.7987052698513794], [37.299051516381546, -0.7952806708215728], [37.29477965883161, -0.7938760847921987], [37.28604427114845, -0.7830315309997415], [37.27712610993239, -0.7839411600822217], [37.27055784701522, -0.7862063943502625], [37.26728928691167, -0.7853324206933138], [37.262370939984635, -0.791802552117037], [37.26188489994419, -0.7960967039005566], [37.26251806585079, -0.8076859104417384], [37.25718500919364, -0.8380746731973701], [37.2349474292834, -0.8358807726283072], [37.22492338505599, -0.8515456387908265], [37.23776564568907, -0.8584393774354826], [37.251548685547384, -0.8603166758278048], [37.277237615237794, -0.8922705675615291], [37.317637042793976, -0.9179282332161008], [37.31859131112682, -0.9251653945944516], [37.32423205952115, -0.9323712478022396], [37.3132670862534, -0.9402059239732987], [37.31921557209158, -0.9474118417246497], [37.32746041122959, -0.9442413802187505], [37.32893194815931, -0.9502299737381452], [37.327678941278066, -0.9543011297315436], [37.333003069261814, -0.9574358771832429], [37.33664617108861, -0.9648915211924358], [37.35399210782378, -0.9458422382571197], [37.36621001528424, -0.9624479122848884], [37.34396802540852, -0.9762309922021799], [37.337074284089, -0.9774840025928458], [37.33864381944717, -0.9846899237857136], [37.361197951047714, -0.9875125120810888], [37.382325229001815, -0.9994316810900944], [37.40517367640588, -1.013682996444568], [37.42004031763067, -1.035059903470393], [37.38945085705064, -1.0572929843912162], [37.36282109137806, -1.0947360612031198], [37.342893396954864, -1.1175755896608377], [37.340681700718115, -1.1132279623961734], [37.32609146307821, -1.0999264454853006], [37.325150591686054, -1.096466205954466], [37.31508198503688, -1.0918733466833832], [37.3124377408772, -1.0866249757302817], [37.305129294410946, -1.0803554492262482], [37.3010581330279, -1.074188541944404], [37.2978520076399, -1.0712900891849746], [37.2929781995131, -1.0698097174833703], [37.28891597634091, -1.0709200331768582], [37.28406449441607, -1.0690115190117087], [37.280381242343665, -1.0659302968482305], [37.267873502877826, -1.067705011390972], [37.264930495043245, -1.071178613632175], [37.2575551361635, -1.0732342552332514], [37.254014560245615, -1.0762530735809224], [37.24493585530342, -1.0798605036940754], [37.240244898508664, -1.077666615614391], [37.231870664905756, -1.075392462468949], [37.22762118230209, -1.0757046228444709], [37.22295245698565, -1.0786922330282498], [37.21280802449877, -1.0792630016399483], [37.20956183366135, -1.0810510554014576], [37.20067035532502, -1.090254656456378], [37.1964743521079, -1.0918867161339478], [37.18975003815112, -1.0973357390902283], [37.187257354810065, -1.1065392763557365], [37.179997931249176, -1.1102269959715034], [37.17544971131192, -1.115488735761604], [37.1751910702372, -1.1198185123683182], [37.18095223543899, -1.1334589172707097], [37.18515265830951, -1.1357687391687676], [37.186508282470946, -1.1386270200770423], [37.182985535532126, -1.1445264067518208], [37.185108113370845, -1.148530673320383], [37.17981066544815, -1.1582961003190844], [37.18172359824307, -1.1615378802788439], [37.18100127856748, -1.168525257051062], [37.17332267969694, -1.175187137714863], [37.166580506473075, -1.188011525150348], [37.16020849469023, -1.194089283149928], [37.1551250835884, -1.196564089746385], [37.15939242248173, -1.206490041839407], [37.1535376246999, -1.208835522527067], [37.156057067747355, -1.2128041647752457], [37.15554422447105, -1.2200011576036336], [37.15241843456023, -1.2246430545119318], [37.14205993013113, -1.2257979410746918], [37.13762308380406, -1.231902496862773], [37.13440368468813, -1.2334631270092618], [37.12644413067504, -1.2327987488710026], [37.120776616455224, -1.2350996353942578], [37.1189572929003, -1.2392287507856057], [37.11912230111039, -1.2458415964484075], [37.116718887022685, -1.2475449784911776], [37.11051175675699, -1.2464123621798746], [37.109343544556815, -1.2489585372692207], [37.11074362966264, -1.2587239681067959], [37.10876826798258, -1.2606368922535074], [37.10272173723148, -1.2617160279865722], [37.104398356781594, -1.2651495231123813], [37.10253443456896, -1.2737065501457814], [37.09900734249986, -1.2729796822360866], [37.08779713082426, -1.2775190813422654], [37.08414515758733, -1.280841115872821], [37.08254877334984, -1.2852154638143494], [37.07686341524563, -1.2854963802274963], [37.076306052960106, -1.2917302527299361], [37.073055356127, -1.2947312228896544], [37.073550284141454, -1.2999082054782758], [37.07633724047678, -1.3031188022595377], [37.02484355117648, -1.291904144614382], [37.00259260706764, -1.3006796708779742], [36.99507012304248, -1.2815590410239952], [36.97281918897861, -1.2893936631642207], [36.9828477101189, -1.3119611561650937], [36.979088743706086, -1.3166610614366516], [36.93991106956172, -1.3326469167101649], [36.9046841469672, -1.3656175143971336], [36.91494449583902, -1.3767251501638595], [36.91983619616415, -1.386325575983682], [36.92218164205159, -1.394169164057394], [36.925240567564195, -1.3939462116075616], [36.92986025376264, -1.3983562473112194], [36.93449326340449, -1.3992703545822034], [36.942252100445074, -1.406471815271459], [36.94507024278433, -1.4212403508371638], [36.94683602653594, -1.4249637255710184], [36.95333739751868, -1.4300738294803783], [36.95707858495457, -1.437150461401861], [36.96112744132378, -1.439281911478682], [36.95894697518528, -1.4440620421037804], [36.95341316116856, -1.4371147584206139], [36.94928409184461, -1.4375695970815041], [36.94434335039887, -1.433244232452878], [36.93925112905737, -1.4323792106388153], [36.93191142212092, -1.4342698523803759], [36.887730618302044, -1.4156486616016883], [36.87598088121997, -1.479378100758428], [36.882598187811446, -1.4890097595390113], [36.88812307000933, -1.48728854581508], [36.8892377954096, -1.4840021896654134], [36.89554741483955, -1.4793870521471402], [36.899854946942504, -1.4747540260343732], [36.902467948326816, -1.4742947592554556], [36.90612886567811, -1.46984903778299], [36.919796000053864, -1.4637400759488062], [36.919247608062214, -1.4613589067435677], [36.92557507212166, -1.4572787945096168], [36.929579329120585, -1.4592274422459783], [36.93276310599065, -1.4564493974410535], [36.94266673049354, -1.4550715902268216], [36.94865982411086, -1.45735462131287], [36.94530206942175, -1.4636196706391178], [36.97474111397995, -1.4772288545128494], [36.96900223993778, -1.4918145536596672], [36.97257392390513, -1.4990160246465656], [36.97242678086053, -1.5014283555325094], [36.96698670677844, -1.5090802210718954], [36.9618052214024, -1.5144177594224315], [36.962964573967305, -1.519478810547522], [36.961956813062756, -1.528789430878586], [36.958179963645456, -1.5411500517727328], [36.96230910463632, -1.5484986202925262], [36.96608147770762, -1.5527749218637072], [36.97509334391943, -1.554817166666117], [36.979472181734074, -1.5577869261125175], [36.992162778263314, -1.5761361273661043], [37.036107222835604, -1.6346529415856772], [37.08126011597017, -1.6950603575994112], [37.10935246290321, -1.732164571642734], [37.113931929485894, -1.7365433764759635], [37.12334505786775, -1.7393347937943053], [37.1252045174953, -1.7418006581375707], [37.134167307319146, -1.7430625836494356], [37.14030746974242, -1.7375467185543], [37.14690252871632, -1.7371944316347736], [37.149016110959636, -1.7420280978598317], [37.146148947999194, -1.7536084042059852], [37.148868997957365, -1.7605289208311992], [37.156618885334034, -1.7638999618307498], [37.15732787636618, -1.7653625427164337], [37.15163359283483, -1.77457506387568], [37.15349755755098, -1.7790787317315067], [37.15918736050509, -1.7784232536109252], [37.16009255592914, -1.7801801460897135], [37.197169957468496, -1.7768536802864703], [37.206819480280785, -1.775413398909508], [37.21674098804405, -1.7704949641806782], [37.22050446727351, -1.7695764036646116], [37.22576175033456, -1.7592848268837336], [37.23709673258587, -1.744355732262763], [37.24436059891917, -1.7356560468383526], [37.26361505029435, -1.758299344765677], [37.28064432057667, -1.7692598414386154], [37.28518367572838, -1.7609926192334198], [37.288532463256196, -1.7582681228105004], [37.292835543278635, -1.7523598161247276], [37.30186076390361, -1.7531669511745511], [37.28684690742798, -1.7182700021678028], [37.311603898427826, -1.7002373844652479], [37.31924233067262, -1.7080497447648624], [37.34583188870473, -1.7041167947290152], [37.35428190483977, -1.7052672906135258], [37.35756825416069, -1.7066674426793556], [37.36217903080142, -1.7021815883079285], [37.3640562773314, -1.7037110309684074], [37.37383061110913, -1.7050754966959147], [37.38757354764483, -1.699278715631619], [37.39326783458161, -1.6957336742708753], [37.40310016000832, -1.6929958003314947], [37.405686444151094, -1.6905120701493128], [37.41271847640827, -1.6890718029544298], [37.4083084032549, -1.6838011326689801], [37.40083492461593, -1.6667361822635793], [37.40092855371407, -1.6619292587443562], [37.39616178744745, -1.6585492764479957], [37.393575563597786, -1.6512898170866281], [37.3907484160881, -1.6477136495297162], [37.38622246379459, -1.6362983188393394], [37.3858122514921, -1.6315716876609139], [37.380354319672186, -1.6276298367609467], [37.3759754123015, -1.6179803636128962], [37.37110612873038, -1.6040099837909967], [37.36589784676187, -1.596527628622696], [37.36278546226366, -1.5890853729140288], [37.35301107827265, -1.579792601074632], [37.34159129449279, -1.5706960496061424], [37.334862570331175, -1.5617109749153166], [37.34271055273687, -1.5542107548674229], [37.3469065543702, -1.5530870810312678], [37.36497926928088, -1.534590732581073], [37.371806233090545, -1.5297481049004413], [37.37984153194188, -1.520232379537079], [37.38323037809514, -1.519826605111381], [37.389874495853746, -1.5219625482900483], [37.40029987554545, -1.5214943159859242], [37.40624385995941, -1.5244730197892555], [37.40879442343442, -1.5243972111149287], [37.41458232956434, -1.5281250145920333], [37.42774563416653, -1.531812668169584], [37.43492925235584, -1.5325440023009884], [37.44338813301467, -1.531482690778728], [37.450438002102224, -1.5278039728173702], [37.45268088756538, -1.5238398402308195], [37.465919985961435, -1.5182035129241853], [37.47184169324645, -1.5191220940529186], [37.47444581726892, -1.5213516414341686], [37.4767109770183, -1.51761936031558], [37.48235626223663, -1.519175607448841], [37.485120907577716, -1.5171823543464094], [37.488942332310174, -1.5175391024987566], [37.49673234163867, -1.52352766304806], [37.5053116515472, -1.5277058489841056], [37.512959020668355, -1.5243793546054343], [37.516570913953984, -1.5275676492384946], [37.51956297614618, -1.5363966186176725], [37.52358955954397, -1.5362851619354005], [37.532730719374015, -1.5391612943097819], [37.54364208865445, -1.5393129132362695], [37.546580629731515, -1.5363565204976017], [37.552573701557314, -1.5391345421548979], [37.54969753649926, -1.5435713254459587], [37.54974665127276, -1.5470583663548336], [37.552921474468626, -1.5489089108417575], [37.56039496401851, -1.5505409158511645], [37.554718531225426, -1.5564893361156529], [37.5602255273358, -1.559195999105123], [37.57120383746524, -1.5570556784142031], [37.57426274997447, -1.5607745663087622], [37.57209567502995, -1.5647832935143493], [37.579047408450016, -1.5645201664602326], [37.58364472333877, -1.5592807549313477], [37.590360120226485, -1.5568728409196546], [37.59664297009831, -1.550915501781482], [37.59937192089214, -1.5565161043394393], [37.59844443246964, -1.561091119800843], [37.605726194381965, -1.5612294031000546], [37.60889214643438, -1.5659024907602828], [37.61325758760831, -1.5637175750704173], [37.61807784519553, -1.5672892935310792], [37.618207173717785, -1.5727650686325902], [37.62261281167418, -1.5801448620478455], [37.63067041246468, -1.5886484153517388], [37.64054281149333, -1.5871947269088695], [37.63967328555921, -1.5913728979044948], [37.642339813686206, -1.5949535375719543], [37.64216147985247, -1.6101368010558434], [37.64610331468575, -1.6197729217441323], [37.6487119445538, -1.6217928981185437], [37.64972857327603, -1.628980947783515], [37.65524896592271, -1.631598439122892], [37.65636374186548, -1.6384699230286748], [37.65959210717986, -1.645105054052007], [37.66780130417467, -1.6410562249125389], [37.67203302375322, -1.632258392728039], [37.680737154286746, -1.6260513553107208], [37.683649002580665, -1.6169770621408495], [37.68408596816381, -1.6115191475721613], [37.6819321979863, -1.6029308708330734], [37.682485154420526, -1.5970894430406792], [37.682217563986356, -1.5858659143350102], [37.692656318278694, -1.5831369183923498], [37.696031904922805, -1.5870475971628042], [37.70061584482423, -1.582909526338681], [37.70422772017281, -1.589067549872806], [37.70539599166766, -1.5948866697039799], [37.70851734414974, -1.598667998766676], [37.711433627778646, -1.6048884087028592], [37.71817129531486, -1.6085047436836322], [37.728355895183206, -1.6026499476739624], [37.72885535711867, -1.5973168778315325], [37.733929826138215, -1.59507840027152], [37.73354183502168, -1.578227500284787], [37.73394312679858, -1.5754405085078032], [37.74324931443379, -1.568885679715446], [37.74924230699944, -1.5692066977793264], [37.75332239942848, -1.5663841273923842], [37.74831932517998, -1.5538852261386586], [37.7424689742264, -1.5533144951501268], [37.73260988512218, -1.5423094296737643], [37.72477974657756, -1.5292977478941474], [37.72344641001453, -1.5244641114979882], [37.719312887757894, -1.521663760384775], [37.714158172786846, -1.5111001350530158], [37.71072464769854, -1.5082374155374851], [37.704869829735536, -1.5074124718417823], [37.702007065840355, -1.5087501925429678], [37.698060764838736, -1.5046121608068166], [37.69457824311283, -1.4985567019759463], [37.701926819449575, -1.4903430502774018], [37.7097123975561, -1.4886664476877411], [37.71340898223352, -1.4893353180324989], [37.7175960709814, -1.4922916709526475], [37.734897442525636, -1.496206760677921], [37.74317795458004, -1.4934242601357806], [37.75081636685786, -1.4898258170598413], [37.759096923845355, -1.487707694637305], [37.77048103329873, -1.486744556541241], [37.77471720068576, -1.484871727139411], [37.77787425826514, -1.4796501126137889], [37.78013949266755, -1.470656093036528], [37.788616220343485, -1.464297437151649], [37.798921165185085, -1.4540682850185813], [37.810104616723955, -1.4472681129485694], [37.81914322616386, -1.4473171545230565], [37.817105434064786, -1.4431300818925654], [37.81261951975697, -1.4387914002908515], [37.813159121565306, -1.4342341862487784], [37.80931984517997, -1.4245222647300135], [37.80976128533423, -1.4209772732305481], [37.8071972636488, -1.4188547461950796], [37.80774128265212, -1.4143956491158023], [37.8061627650575, -1.4067081422526948], [37.804490634523795, -1.4037517639933912], [37.80354975467547, -1.3945348121542567], [37.79807841367605, -1.3923899693917863], [37.79586222228241, -1.3872664801166845], [37.78950357630645, -1.3799223220704773], [37.78802318468584, -1.3757575051494866], [37.77994327632742, -1.3707321517880349], [37.77481973376513, -1.3609220719592567], [37.76639206157297, -1.3570516260639014], [37.764764446972144, -1.3543939678326637], [37.759391296247095, -1.3544430268508738], [37.756091513547126, -1.3570516156376278], [37.75278735756865, -1.3546882547577528], [37.748600202262345, -1.357029307120602], [37.74416344388352, -1.3554998507772462], [37.74514891918282, -1.352249132642222], [37.74021710465476, -1.3486997221987667], [37.73686831802225, -1.3414804261285187], [37.73159324984347, -1.340049051266133], [37.72997008999126, -1.3339891355708131], [37.7258810804667, -1.324330734826795], [37.723165512205505, -1.3215705584346082], [37.723165512205505, -1.3158494992917176], [37.716169224755376, -1.3027441918360236], [37.71612014572098, -1.2990966534991741], [37.71370776704678, -1.296086779516444], [37.712668788637096, -1.290936487500214], [37.708187382471586, -1.2886222427431022], [37.70577059057348, -1.2800964161088382], [37.702617957725025, -1.2760030001501101], [37.70192681944957, -1.272480266864408], [37.696651694107345, -1.268984374124166], [37.696749798487794, -1.2639054339960347], [37.69492604059153, -1.2613414397634304], [37.691430134307794, -1.249047697811226], [37.68886611461592, -1.2493420148316197], [37.686699020302015, -1.2449542654527106], [37.68866541999212, -1.2417035605753157], [37.684233110674796, -1.2345065966018547], [37.67575636726549, -1.232513380606398], [37.67043217651389, -1.2244290227999037], [37.6647200967525, -1.2199431728219092], [37.66516156489155, -1.2164204947967574], [37.655944545980844, -1.2063161286504394], [37.65481198188358, -1.2010454996302868], [37.64909537447434, -1.1974469785541133], [37.646036483758756, -1.1884529666609676], [37.64337440080204, -1.1840652253774706], [37.63805464073344, -1.1693546745456622], [37.622973965168995, -1.14759427102529], [37.61769887550395, -1.1429612151728217], [37.61153636954504, -1.1420248466870615], [37.606809748371546, -1.1445887872807192], [37.596901624881745, -1.147152789289163], [37.593980874986535, -1.085938266667919]]]}, "id": "00000000000000000798", "properties": {"shapeGroup": "KEN", "shapeID": "32016919B39119671019936", "shapeName": "Machakos", "shapeType": "ADM1"}}, {"type": "Feature", "geometry": {"type": "Polygon", "coordinates": [[[36.33392363334733, -1.0493647352810118], [36.34617731749516, -1.1756821110079387], [36.19910496043246, -1.3332845850686417], [36.05203265906197, -1.4908870741155944], [36.05910036046592, -1.5004964158053329], [36.059439220964705, -1.5073678770883716], [36.064085626340336, -1.516789986124271], [36.0713583896364, -1.5350455305367212], [36.073445298848014, -1.5423450616124532], [36.08284954995877, -1.5589463301541304], [36.084588609194874, -1.564243706091737], [36.08526187662187, -1.5735454342305535], [36.084436984286114, -1.578160571946161], [36.079210886892135, -1.5881623523374133], [36.07902806168815, -1.593673782217523], [36.074158730885486, -1.5923048442572258], [36.07083673655073, -1.5957606387357777], [36.06854027655578, -1.6037424429779903], [36.06552593000401, -1.6098246321684642], [36.062440196146795, -1.6110999383713107], [36.063773501723475, -1.61544311022661], [36.06077697537932, -1.61785107057693], [36.05581846508164, -1.6182523566821598], [36.057891934091664, -1.6231707667171051], [36.05567574558849, -1.632731056533775], [36.05277732165342, -1.6360575449590362], [36.05132815224526, -1.643588945826202], [36.05227346782342, -1.6465854661349366], [36.04725699050967, -1.649947657352111], [36.052309149278884, -1.6608055811772637], [36.05155552027658, -1.6645244778028112], [36.058244241601734, -1.6725642362139377], [36.055608866480235, -1.6793108156250922], [36.0581148853553, -1.6881576978821973], [36.06170890111799, -1.6899011788586185], [36.06441558765986, -1.699202901972665], [36.06012150098902, -1.70083936171371], [36.0575887459011, -1.706261625736329], [36.05348637920891, -1.7093428749441217], [36.0478188002381, -1.7056373691449978], [36.04438978919366, -1.71091695022882], [36.039056680361874, -1.709512325707927], [36.038503770954065, -1.7131107958419405], [36.04297623259713, -1.7156970735871473], [36.04799721754717, -1.7207760386097766], [36.04973174445121, -1.729605047993763], [36.04779207909899, -1.7341488864921917], [36.04105440849064, -1.7325078804683383], [36.04168307102381, -1.7399501301211717], [36.03712587909454, -1.7423179378123117], [36.035400201628285, -1.7451271493525107], [36.03617614703082, -1.7497066514478217], [36.03369681298136, -1.7546339677699916], [36.03513269828546, -1.7568367885914264], [36.03403130191817, -1.761367197063658], [36.031364729557836, -1.762125262721907], [36.03190432625552, -1.7679220773143518], [36.02536276176248, -1.774048873035606], [36.02159041991105, -1.7763275174540025], [36.02536724423618, -1.7793329204771673], [36.03129343046893, -1.7801177310488943], [36.0313335206515, -1.7861865872107097], [36.028644693724516, -1.7897672108063258], [36.02299058398628, -1.792166240749265], [36.02674957704536, -1.7959653675359077], [36.021786578872806, -1.7988949872264155], [36.016382190286954, -1.804045250450208], [36.01699303667997, -1.8071041874222877], [36.024069640366754, -1.8063952243624508], [36.029402777319724, -1.8098956359316891], [36.030499673815726, -1.8208293542277294], [36.032096060224546, -1.8248826756384051], [36.03762974780503, -1.8208739277424897], [36.04135309644343, -1.825408795496948], [36.04088045688028, -1.8291589057028792], [36.044269372730454, -1.8307731273668517], [36.04288261977221, -1.835615726453689], [36.04860366737595, -1.841372395087294], [36.04828260140806, -1.849385384047915], [36.05019105319358, -1.8555523631794368], [36.048144349281394, -1.862410469134072], [36.04780992085438, -1.8696698539388215], [36.04449236296053, -1.8779415075154187], [36.039025474531456, -1.8763540550023052], [36.03727303133729, -1.8802200863507177], [36.038369983219496, -1.8840236874792609], [36.03766991772856, -1.8901371164831895], [36.0332732632708, -1.8884783254488278], [36.028064982656126, -1.8886968129462425], [36.0281096398187, -1.8940254810284998], [36.03425872037665, -1.9024353609442146], [36.04343549814418, -1.9108139785863363], [36.0370099332233, -1.9130524657588408], [36.03415613315406, -1.9157858914401418], [36.034579761072465, -1.9189830619892254], [36.038182746401795, -1.920619517168305], [36.0372373430016, -1.9280082732943913], [36.04172772039453, -1.9333324291782987], [36.042967352662004, -1.9371003895792187], [36.0406976246885, -1.9471422515972612], [36.037924050112544, -1.9490864600554545], [36.03978802194112, -1.9525868129224802], [36.04161617991132, -1.960229749599148], [36.03970768425444, -1.9693040323511486], [36.037678798266704, -1.9736828686196497], [36.04010455826096, -1.9750606927042837], [36.03708131008639, -1.9912249766573373], [36.035547357125274, -2.0024752828983208], [36.03768328003324, -2.006185215961468], [36.03034810961784, -2.022086370196348], [36.029688146200044, -2.0318072365630573], [36.030923321579166, -2.0359229606847595], [36.028172060196454, -2.0396953930183344], [36.02817206019645, -2.0829530990925402], [36.000204563409426, -2.0830735316124804], [36.000204563409426, -2.1044058556660934], [36.12792544042048, -2.176370161886779], [36.255646363869396, -2.2483344974635444], [36.383367281250614, -2.3202987921933493], [36.51108820938808, -2.392263153062849], [36.57179442282063, -2.4261567498730177], [36.661616350185724, -2.47626814202956], [36.75143818538791, -2.526379498677625], [36.89169590908117, -2.6049890193894294], [37.03195359108224, -2.683598488077275], [37.172211235739475, -2.7622079665460593], [37.312468907793594, -2.840817505565929], [37.432008536542085, -2.9082658679091247], [37.470468282375094, -2.9303740879682305], [37.52025412857981, -2.956129850755896], [37.567658811269524, -2.9869734332061304], [37.671395319326436, -3.0586847194103624], [37.67161384089981, -3.060067018904689], [37.671787797219636, -3.060182960826921], [37.672728598721925, -3.060834011283386], [37.67670166060885, -3.0863757287637488], [37.69092172012384, -3.173961382992737], [37.69118035043702, -3.1744875346581316], [37.691635203111765, -3.177305728069235], [37.69187151433592, -3.178777188458767], [37.79126934027526, -3.169921413939397], [37.79198284523044, -3.172003820225969], [37.800205407645656, -3.16694719904029], [37.80482499905412, -3.1658547064570755], [37.810207178341685, -3.1663274233460483], [37.81449680712401, -3.168744226227105], [37.81864376732376, -3.17315874298392], [37.82190784285046, -3.173488698198853], [37.827405885913265, -3.177550971162268], [37.83305112737457, -3.185519377671654], [37.83703314833159, -3.1856665398540827], [37.84408297445975, -3.182415840662702], [37.84821657733158, -3.1819119343140048], [37.85218071972542, -3.174781878688968], [37.8535005655206, -3.168200201178149], [37.85414712042239, -3.0785366158960943], [37.85781251692436, -3.0779302029127265], [37.86499612787809, -3.0787952118628077], [37.87077516068715, -3.0774351855189077], [37.89512181733132, -2.8858856261746126], [37.91830918265764, -2.8684772760364865], [37.939405134894656, -2.77697653371372], [37.935182404711135, -2.773569748330151], [37.92998750963344, -2.767420653300008], [37.92787390535035, -2.7604689446937933], [37.9243021824291, -2.7409380910195433], [37.9265004926352, -2.7381868311177127], [37.930353208720085, -2.7236055353797903], [37.92154645112706, -2.704346671997882], [37.900914174837084, -2.7024203604887784], [37.89073403875014, -2.6735342828824824], [37.87808359199734, -2.659229518842095], [37.849469540119834, -2.6039322018882998], [37.723401878500034, -2.4574195347365255], [37.59733417675651, -2.3109068259306995], [37.60548089740005, -2.30830269440496], [37.605440759289365, -2.304976225779521], [37.60802263293709, -2.3003387329701974], [37.611991172996944, -2.2970657657278295], [37.61570114730626, -2.296182895848098], [37.61884040885243, -2.2990991495913415], [37.619411168538626, -2.302425627016042], [37.62919443158722, -2.301819197047502], [37.63090668671987, -2.300276338593694], [37.630447457854224, -2.2948540554753203], [37.63744375112762, -2.29727980485581], [37.64023071895322, -2.2961293842566923], [37.64460955105552, -2.298773626821562], [37.64597403779222, -2.2944259894008865], [37.65183770583499, -2.288312559403447], [37.65708163839859, -2.286305977772996], [37.659832911278514, -2.2885622634990312], [37.66456844798607, -2.2893024561285813], [37.66867526907986, -2.2874296313058373], [37.666864901043965, -2.2801568422623357], [37.67117687824259, -2.2790064401036116], [37.67087360847516, -2.275902898086798], [37.67494483008358, -2.265566686648194], [37.67755335519185, -2.262730715554073], [37.675279251431746, -2.2598456862738163], [37.67715652671373, -2.254222738362649], [37.67602836565995, -2.248604291182215], [37.67805724049849, -2.2418576379213384], [37.67498492826197, -2.238593596451265], [37.674628183536235, -2.22780701396222], [37.68377829078869, -2.2234593657787474], [37.68705570319784, -2.215370599555945], [37.69222825187535, -2.212039618897], [37.6939628986109, -2.207848109714327], [37.69749446221475, -2.2053108279741], [37.702640270715264, -2.196865333458816], [37.710474933115925, -2.1911844027037874], [37.716574997526436, -2.1897842541289685], [37.72390575619249, -2.191460898452358], [37.722269275937556, -2.1864533314218026], [37.70806698298385, -2.1812049710897408], [37.706167418185316, -2.1795327962022037], [37.70404938239854, -2.1701642396888117], [37.69947435096994, -2.1643629288769346], [37.69713328872529, -2.1633596096746084], [37.69010573396857, -2.1641399809560644], [37.66333332631625, -2.1539331081260995], [37.621279549383566, -2.1603497136948686], [37.6196118187875, -2.160238282985227], [37.59395413894136, -2.152764793577541], [37.57142234725281, -2.1350844784950556], [37.56528658079598, -2.126496234311351], [37.56249516441654, -2.1252655469537576], [37.5503396850574, -2.126384761401581], [37.543535067653835, -2.123205443891573], [37.5411895915649, -2.120191056551808], [37.54331216092795, -2.1138324085480296], [37.53773381392871, -2.1100421412179577], [37.53516984767108, -2.105690080653354], [37.451958537034585, -2.0737896492531425], [37.37376376589836, -2.019910361725377], [37.35881233717532, -2.0124368721212136], [37.314087610606, -2.008142770456421], [37.309066656653194, -2.003572220787848], [37.30270793933218, -2.0036836636631694], [37.29925218058261, -2.0058017560069046], [37.291087573231884, -2.0008075663566505], [37.28818020724611, -1.9977486446482264], [37.28036785577414, -1.994836854459072], [37.27839698257798, -1.991947316467176], [37.275948926556865, -1.9774106565799547], [37.27476723406369, -1.9747931393445017], [37.265429903779584, -1.9621783505850194], [37.263882598952684, -1.9582722062487765], [37.25721179100194, -1.9576077777560874], [37.251263289246324, -1.9515835702063111], [37.24583213213928, -1.9494654459680116], [37.243397499641596, -1.9433877185733066], [37.23413146942429, -1.9360391167641473], [37.222729522312015, -1.9334394349939181], [37.21471648520211, -1.9341573999591821], [37.210145948033286, -1.9334216100110073], [37.204326816383016, -1.9357448244003983], [37.198895621376266, -1.9345096681656677], [37.19296059234959, -1.9357225099523543], [37.18616492439408, -1.9344917904230692], [37.18233008942133, -1.9297740723176817], [37.182035753841916, -1.923290523893804], [37.17499929594576, -1.920784505828469], [37.16995159017816, -1.9168783756694403], [37.169554769451125, -1.9131104217291655], [37.16416812482094, -1.9070193092563916], [37.16054739782792, -1.8995681444290742], [37.15732787636617, -1.8960944705638172], [37.15707374913978, -1.8917914670056737], [37.151834260618806, -1.887461680260777], [37.155258855699266, -1.8839122266745654], [37.159437065083566, -1.8819502168437328], [37.159691183983064, -1.87474880172941], [37.162964233854396, -1.8711235378006836], [37.16134996643365, -1.8660178751351801], [37.162357743171334, -1.8634984513030013], [37.16160416035297, -1.8571041091572704], [37.15561111016886, -1.8495548788505307], [37.153698220151036, -1.8440924277944648], [37.14660371425444, -1.8408729593463284], [37.143379808631174, -1.8409220410168625], [37.14201977482739, -1.8365922423211787], [37.14730380826027, -1.8308043466613435], [37.14282688396774, -1.8279594219019724], [37.142273955069896, -1.8240844446038385], [37.14504305507533, -1.8183946274918033], [37.1415159097391, -1.8120493773392072], [37.151834260618806, -1.7998447929372308], [37.150429656185196, -1.7941549896771902], [37.16009255592914, -1.7801801460897135], [37.15918736050509, -1.7784232536109252], [37.15349755755098, -1.7790787317315067], [37.15163359283483, -1.77457506387568], [37.15732787636618, -1.7653625427164337], [37.156618885334034, -1.7638999618307498], [37.148868997957365, -1.7605289208311992], [37.146148947999194, -1.7536084042059852], [37.149016110959636, -1.7420280978598317], [37.14690252871632, -1.7371944316347736], [37.14030746974242, -1.7375467185543], [37.134167307319146, -1.7430625836494356], [37.1252045174953, -1.7418006581375707], [37.12334505786775, -1.7393347937943053], [37.113931929485894, -1.7365433764759635], [37.10935246290321, -1.732164571642734], [37.08126011597017, -1.6950603575994112], [37.036107222835604, -1.6346529415856772], [36.992162778263314, -1.5761361273661043], [36.979472181734074, -1.5577869261125175], [36.97509334391943, -1.554817166666117], [36.96608147770762, -1.5527749218637072], [36.96230910463632, -1.5484986202925262], [36.958179963645456, -1.5411500517727328], [36.961956813062756, -1.528789430878586], [36.962964573967305, -1.519478810547522], [36.9618052214024, -1.5144177594224315], [36.96698670677844, -1.5090802210718954], [36.97242678086053, -1.5014283555325094], [36.97257392390513, -1.4990160246465656], [36.96900223993778, -1.4918145536596672], [36.97474111397995, -1.4772288545128494], [36.94530206942175, -1.4636196706391178], [36.94865982411086, -1.45735462131287], [36.94266673049354, -1.4550715902268216], [36.93276310599065, -1.4564493974410535], [36.929579329120585, -1.4592274422459783], [36.92557507212166, -1.4572787945096168], [36.919247608062214, -1.4613589067435677], [36.919796000053864, -1.4637400759488062], [36.90612886567811, -1.46984903778299], [36.902467948326816, -1.4742947592554556], [36.899854946942504, -1.4747540260343732], [36.89554741483955, -1.4793870521471402], [36.8892377954096, -1.4840021896654134], [36.88812307000933, -1.48728854581508], [36.882598187811446, -1.4890097595390113], [36.87598088121997, -1.479378100758428], [36.887730618302044, -1.4156486616016883], [36.89127114293831, -1.4109264410339348], [36.8803285471626, -1.4066011182289593], [36.87382718562078, -1.4063871032999655], [36.86914511388225, -1.4075330831504378], [36.86805265874144, -1.4038944761597332], [36.862028349116095, -1.404224424221324], [36.855504679842696, -1.3994799269502594], [36.848196258952036, -1.3973083694000603], [36.84363014984655, -1.3911681720099867], [36.84314409211413, -1.3876187350002553], [36.833739857773914, -1.389103594641866], [36.82015743344226, -1.3847426188585292], [36.81832469402603, -1.3813358674686178], [36.81344644961723, -1.3824729473868502], [36.810267116171595, -1.3862988328526864], [36.804394519302626, -1.3888806678642198], [36.800622136689135, -1.3890768514825582], [36.792974733478474, -1.385179630657223], [36.78792700425969, -1.3879086030181198], [36.78464515864629, -1.3871014628660874], [36.780475869072134, -1.3886666198768471], [36.7788750723383, -1.3863835658959507], [36.77309163142954, -1.3883857296171116], [36.766973748087615, -1.3881538099273634], [36.759330842258905, -1.384060366860063], [36.747349251830656, -1.3846355855648609], [36.7317379453521, -1.37841960621707], [36.71883326498599, -1.3691268450078116], [36.71003549223632, -1.3600302767939128], [36.70540688450572, -1.3574841306696217], [36.7004840966518, -1.3526415378140095], [36.69312654072985, -1.3546169482014432], [36.68372234176242, -1.3443342314774938], [36.68332543033364, -1.3372754919723542], [36.679254312130304, -1.3381717741861314], [36.6760704584921, -1.3299224575955109], [36.672592384363334, -1.3315143144502872], [36.66623368538905, -1.3263462175694367], [36.66513675253634, -1.3222705886412771], [36.65987057535076, -1.3220699322226324], [36.66388825771059, -1.3152073818362708], [36.661070074488094, -1.3121707397641427], [36.65763657928366, -1.3047864812853034], [36.488226410307654, -1.2717846491914089], [36.51060666018768, -1.240196375153913], [36.53373148876847, -1.1559060394036478], [36.48926536938046, -1.1225340744883514], [36.33392363334733, -1.0493647352810118]]]}, "id": "00000000000000000799", "properties": {"shapeGroup": "KEN", "shapeID": "32016919B31527762068828", "shapeName": "Kajiado", "shapeType": "ADM1"}}, {"type": "Feature", "geometry": {"type": "Polygon", "coordinates": [[[36.66388825771059, -1.3152073818362708], [36.65987057535076, -1.3220699322226324], [36.66513675253634, -1.3222705886412771], [36.66623368538905, -1.3263462175694367], [36.672592384363334, -1.3315143144502872], [36.6760704584921, -1.3299224575955109], [36.679254312130304, -1.3381717741861314], [36.68332543033364, -1.3372754919723542], [36.68372234176242, -1.3443342314774938], [36.69312654072985, -1.3546169482014432], [36.7004840966518, -1.3526415378140095], [36.70540688450572, -1.3574841306696217], [36.71003549223632, -1.3600302767939128], [36.71883326498599, -1.3691268450078116], [36.7317379453521, -1.37841960621707], [36.747349251830656, -1.3846355855648609], [36.759330842258905, -1.384060366860063], [36.766973748087615, -1.3881538099273634], [36.77309163142954, -1.3883857296171116], [36.7788750723383, -1.3863835658959507], [36.780475869072134, -1.3886666198768471], [36.78464515864629, -1.3871014628660874], [36.78792700425969, -1.3879086030181198], [36.792974733478474, -1.385179630657223], [36.800622136689135, -1.3890768514825582], [36.804394519302626, -1.3888806678642198], [36.810267116171595, -1.3862988328526864], [36.81344644961723, -1.3824729473868502], [36.81832469402603, -1.3813358674686178], [36.82015743344226, -1.3847426188585292], [36.833739857773914, -1.389103594641866], [36.84314409211413, -1.3876187350002553], [36.84363014984655, -1.3911681720099867], [36.848196258952036, -1.3973083694000603], [36.855504679842696, -1.3994799269502594], [36.862028349116095, -1.404224424221324], [36.86805265874144, -1.4038944761597332], [36.86914511388225, -1.4075330831504378], [36.87382718562078, -1.4063871032999655], [36.8803285471626, -1.4066011182289593], [36.89127114293831, -1.4109264410339348], [36.887730618302044, -1.4156486616016883], [36.93191142212092, -1.4342698523803759], [36.93925112905737, -1.4323792106388153], [36.94434335039887, -1.433244232452878], [36.94928409184461, -1.4375695970815041], [36.95341316116856, -1.4371147584206139], [36.95894697518528, -1.4440620421037804], [36.96112744132378, -1.439281911478682], [36.95707858495457, -1.437150461401861], [36.95333739751868, -1.4300738294803783], [36.94683602653594, -1.4249637255710184], [36.94507024278433, -1.4212403508371638], [36.942252100445074, -1.406471815271459], [36.93449326340449, -1.3992703545822034], [36.92986025376264, -1.3983562473112194], [36.925240567564195, -1.3939462116075616], [36.92218164205159, -1.394169164057394], [36.91983619616415, -1.386325575983682], [36.91494449583902, -1.3767251501638595], [36.9046841469672, -1.3656175143971336], [36.93991106956172, -1.3326469167101649], [36.979088743706086, -1.3166610614366516], [36.9828477101189, -1.3119611561650937], [36.97281918897861, -1.2893936631642207], [36.99507012304248, -1.2815590410239952], [37.00259260706764, -1.3006796708779742], [37.02484355117648, -1.291904144614382], [37.07633724047678, -1.3031188022595377], [37.073550284141454, -1.2999082054782758], [37.073055356127, -1.2947312228896544], [37.076306052960106, -1.2917302527299361], [37.07686341524563, -1.2854963802274963], [37.08254877334984, -1.2852154638143494], [37.08414515758733, -1.280841115872821], [37.08779713082426, -1.2775190813422654], [37.09900734249986, -1.2729796822360866], [37.10253443456896, -1.2737065501457814], [37.104398356781594, -1.2651495231123813], [37.10272173723148, -1.2617160279865722], [37.086588693443595, -1.2480221146482493], [37.094111205541644, -1.243950938943987], [37.087841735814365, -1.2323528367041428], [37.07875410944331, -1.2376814715383573], [37.06042274358914, -1.2057543142237757], [37.0563961045163, -1.2083405977173285], [37.054139798653566, -1.2063117094513764], [37.04647016020059, -1.2103739117247168], [37.042853860475155, -1.2097987055319692], [37.034145225917776, -1.214957914269608], [37.03199593699556, -1.2199164305034569], [37.023929455769306, -1.2258648207527407], [37.01857407926062, -1.2258158150144678], [37.0136377794955, -1.2285269130692535], [37.01173826276928, -1.2340294499093072], [37.0046304274563, -1.2367450653705798], [37.00149566745634, -1.233882324788541], [36.99320618065612, -1.230181287377934], [36.98967910583541, -1.224455786016271], [36.98284328415857, -1.2226542834923315], [36.97462512446122, -1.2242105497178781], [36.967347909887046, -1.2287989461188698], [36.9578187972212, -1.227095572071734], [36.95483568292051, -1.228923796360073], [36.95172321955213, -1.2259138689025844], [36.9476297256045, -1.226850300648923], [36.94256864970522, -1.2251737086581749], [36.93696806791779, -1.2216911335271485], [36.92956595954142, -1.221740154833876], [36.92075471229462, -1.217767120537369], [36.91357559151411, -1.2124162237098786], [36.909223493964554, -1.2063652077475637], [36.93547868440203, -1.1793296428992242], [36.93922882202946, -1.1739609087387164], [36.93593354009172, -1.171374638296331], [36.92805879042271, -1.168284479877679], [36.92398759736913, -1.1677761301281369], [36.91638925861049, -1.1614575907292062], [36.90973184133381, -1.160463189290027], [36.895971089477364, -1.160463229711846], [36.8917170816724, -1.1645566608453148], [36.88971936336853, -1.1694304433489915], [36.885046264643336, -1.172101443495488], [36.892252138928754, -1.182071998547003], [36.89203811649392, -1.1856348219065604], [36.89527546744466, -1.1915788484405598], [36.88691017244249, -1.1934293397471178], [36.88299058485514, -1.1953512279488376], [36.87693959119253, -1.195993347279997], [36.87018411331238, -1.1953155464978669], [36.86305398524736, -1.1921852407759064], [36.85920578512594, -1.1892868424391958], [36.85648574250847, -1.201999744297299], [36.853159239295955, -1.201049928769089], [36.84760315538537, -1.2027934530083113], [36.84548508881148, -1.2114842232108598], [36.84033928176264, -1.2084208628182835], [36.82745253546536, -1.2085635508382053], [36.830444605854346, -1.2146591506776276], [36.8083541923561, -1.2009607684351449], [36.796443887121754, -1.1946422459996993], [36.788047397741046, -1.191092757639512], [36.7812250106558, -1.2022895712452155], [36.78418139534875, -1.206646095540569], [36.78794483729967, -1.2093171090062833], [36.78200093746101, -1.213428418329184], [36.77380953121742, -1.229815621574931], [36.763281582542035, -1.2264579325432987], [36.7591123233542, -1.2233900366383732], [36.753172769040354, -1.2208751187426408], [36.74453998358817, -1.2355009793732699], [36.73167100014391, -1.2350639527572498], [36.726186304903166, -1.232379588553917], [36.7250804672084, -1.2434872397831354], [36.720460856879924, -1.2522984199930765], [36.71753565709787, -1.2614574063913728], [36.69855328170621, -1.258197777864787], [36.6901924487892, -1.2589067822212054], [36.68849350759452, -1.2640080121420751], [36.69147226590045, -1.26825749991283], [36.68651374703905, -1.2710890652949838], [36.68325407986923, -1.2800161668579548], [36.684275199731914, -1.2851976668273928], [36.68116727488445, -1.2892331497169245], [36.67676164240926, -1.3000910471381855], [36.67189679945681, -1.3080594346007253], [36.66871740576155, -1.3069625007922228], [36.66388825771059, -1.3152073818362708]]]}, "id": "0000000000000000079a", "properties": {"shapeGroup": "KEN", "shapeID": "32016919B57908315498598", "shapeName": "Nairobi", "shapeType": "ADM1"}}, {"type": "Feature", "geometry": {"type": "Polygon", "coordinates": [[[37.75332239942848, -1.5663841273923842], [37.74924230699944, -1.5692066977793264], [37.74324931443379, -1.568885679715446], [37.73394312679858, -1.5754405085078032], [37.73354183502168, -1.578227500284787], [37.733929826138215, -1.59507840027152], [37.72885535711867, -1.5973168778315325], [37.728355895183206, -1.6026499476739624], [37.71817129531486, -1.6085047436836322], [37.711433627778646, -1.6048884087028592], [37.70851734414974, -1.598667998766676], [37.70539599166766, -1.5948866697039799], [37.70422772017281, -1.589067549872806], [37.70061584482423, -1.582909526338681], [37.696031904922805, -1.5870475971628042], [37.692656318278694, -1.5831369183923498], [37.682217563986356, -1.5858659143350102], [37.682485154420526, -1.5970894430406792], [37.6819321979863, -1.6029308708330734], [37.68408596816381, -1.6115191475721613], [37.683649002580665, -1.6169770621408495], [37.680737154286746, -1.6260513553107208], [37.67203302375322, -1.632258392728039], [37.66780130417467, -1.6410562249125389], [37.65959210717986, -1.645105054052007], [37.65636374186548, -1.6384699230286748], [37.65524896592271, -1.631598439122892], [37.64972857327603, -1.628980947783515], [37.6487119445538, -1.6217928981185437], [37.64610331468575, -1.6197729217441323], [37.64216147985247, -1.6101368010558434], [37.642339813686206, -1.5949535375719543], [37.63967328555921, -1.5913728979044948], [37.64054281149333, -1.5871947269088695], [37.63067041246468, -1.5886484153517388], [37.62261281167418, -1.5801448620478455], [37.618207173717785, -1.5727650686325902], [37.61807784519553, -1.5672892935310792], [37.61325758760831, -1.5637175750704173], [37.60889214643438, -1.5659024907602828], [37.605726194381965, -1.5612294031000546], [37.59844443246964, -1.561091119800843], [37.59937192089214, -1.5565161043394393], [37.59664297009831, -1.550915501781482], [37.590360120226485, -1.5568728409196546], [37.58364472333877, -1.5592807549313477], [37.579047408450016, -1.5645201664602326], [37.57209567502995, -1.5647832935143493], [37.57426274997447, -1.5607745663087622], [37.57120383746524, -1.5570556784142031], [37.5602255273358, -1.559195999105123], [37.554718531225426, -1.5564893361156529], [37.56039496401851, -1.5505409158511645], [37.552921474468626, -1.5489089108417575], [37.54974665127276, -1.5470583663548336], [37.54969753649926, -1.5435713254459587], [37.552573701557314, -1.5391345421548979], [37.546580629731515, -1.5363565204976017], [37.54364208865445, -1.5393129132362695], [37.532730719374015, -1.5391612943097819], [37.52358955954397, -1.5362851619354005], [37.51956297614618, -1.5363966186176725], [37.516570913953984, -1.5275676492384946], [37.512959020668355, -1.5243793546054343], [37.5053116515472, -1.5277058489841056], [37.49673234163867, -1.52352766304806], [37.488942332310174, -1.5175391024987566], [37.485120907577716, -1.5171823543464094], [37.48235626223663, -1.519175607448841], [37.4767109770183, -1.51761936031558], [37.47444581726892, -1.5213516414341686], [37.47184169324645, -1.5191220940529186], [37.465919985961435, -1.5182035129241853], [37.45268088756538, -1.5238398402308195], [37.450438002102224, -1.5278039728173702], [37.44338813301467, -1.531482690778728], [37.43492925235584, -1.5325440023009884], [37.42774563416653, -1.531812668169584], [37.41458232956434, -1.5281250145920333], [37.40879442343442, -1.5243972111149287], [37.40624385995941, -1.5244730197892555], [37.40029987554545, -1.5214943159859242], [37.389874495853746, -1.5219625482900483], [37.38323037809514, -1.519826605111381], [37.37984153194188, -1.520232379537079], [37.371806233090545, -1.5297481049004413], [37.36497926928088, -1.534590732581073], [37.3469065543702, -1.5530870810312678], [37.34271055273687, -1.5542107548674229], [37.334862570331175, -1.5617109749153166], [37.34159129449279, -1.5706960496061424], [37.35301107827265, -1.579792601074632], [37.36278546226366, -1.5890853729140288], [37.36589784676187, -1.596527628622696], [37.37110612873038, -1.6040099837909967], [37.3759754123015, -1.6179803636128962], [37.380354319672186, -1.6276298367609467], [37.3858122514921, -1.6315716876609139], [37.38622246379459, -1.6362983188393394], [37.3907484160881, -1.6477136495297162], [37.393575563597786, -1.6512898170866281], [37.39616178744745, -1.6585492764479957], [37.40092855371407, -1.6619292587443562], [37.40083492461593, -1.6667361822635793], [37.4083084032549, -1.6838011326689801], [37.41271847640827, -1.6890718029544298], [37.405686444151094, -1.6905120701493128], [37.40310016000832, -1.6929958003314947], [37.39326783458161, -1.6957336742708753], [37.38757354764483, -1.699278715631619], [37.37383061110913, -1.7050754966959147], [37.3640562773314, -1.7037110309684074], [37.36217903080142, -1.7021815883079285], [37.35756825416069, -1.7066674426793556], [37.35428190483977, -1.7052672906135258], [37.34583188870473, -1.7041167947290152], [37.31924233067262, -1.7080497447648624], [37.311603898427826, -1.7002373844652479], [37.28684690742798, -1.7182700021678028], [37.30186076390361, -1.7531669511745511], [37.292835543278635, -1.7523598161247276], [37.288532463256196, -1.7582681228105004], [37.28518367572838, -1.7609926192334198], [37.28064432057667, -1.7692598414386154], [37.26361505029435, -1.758299344765677], [37.24436059891917, -1.7356560468383526], [37.23709673258587, -1.744355732262763], [37.22576175033456, -1.7592848268837336], [37.22050446727351, -1.7695764036646116], [37.21674098804405, -1.7704949641806782], [37.206819480280785, -1.775413398909508], [37.197169957468496, -1.7768536802864703], [37.16009255592914, -1.7801801460897135], [37.150429656185196, -1.7941549896771902], [37.151834260618806, -1.7998447929372308], [37.1415159097391, -1.8120493773392072], [37.14504305507533, -1.8183946274918033], [37.142273955069896, -1.8240844446038385], [37.14282688396774, -1.8279594219019724], [37.14730380826027, -1.8308043466613435], [37.14201977482739, -1.8365922423211787], [37.143379808631174, -1.8409220410168625], [37.14660371425444, -1.8408729593463284], [37.153698220151036, -1.8440924277944648], [37.15561111016886, -1.8495548788505307], [37.16160416035297, -1.8571041091572704], [37.162357743171334, -1.8634984513030013], [37.16134996643365, -1.8660178751351801], [37.162964233854396, -1.8711235378006836], [37.159691183983064, -1.87474880172941], [37.159437065083566, -1.8819502168437328], [37.155258855699266, -1.8839122266745654], [37.151834260618806, -1.887461680260777], [37.15707374913978, -1.8917914670056737], [37.15732787636617, -1.8960944705638172], [37.16054739782792, -1.8995681444290742], [37.16416812482094, -1.9070193092563916], [37.169554769451125, -1.9131104217291655], [37.16995159017816, -1.9168783756694403], [37.17499929594576, -1.920784505828469], [37.182035753841916, -1.923290523893804], [37.18233008942133, -1.9297740723176817], [37.18616492439408, -1.9344917904230692], [37.19296059234959, -1.9357225099523543], [37.198895621376266, -1.9345096681656677], [37.204326816383016, -1.9357448244003983], [37.210145948033286, -1.9334216100110073], [37.21471648520211, -1.9341573999591821], [37.222729522312015, -1.9334394349939181], [37.23413146942429, -1.9360391167641473], [37.243397499641596, -1.9433877185733066], [37.24583213213928, -1.9494654459680116], [37.251263289246324, -1.9515835702063111], [37.25721179100194, -1.9576077777560874], [37.263882598952684, -1.9582722062487765], [37.265429903779584, -1.9621783505850194], [37.27476723406369, -1.9747931393445017], [37.275948926556865, -1.9774106565799547], [37.27839698257798, -1.991947316467176], [37.28036785577414, -1.994836854459072], [37.28818020724611, -1.9977486446482264], [37.291087573231884, -2.0008075663566505], [37.29925218058261, -2.0058017560069046], [37.30270793933218, -2.0036836636631694], [37.309066656653194, -2.003572220787848], [37.314087610606, -2.008142770456421], [37.35881233717532, -2.0124368721212136], [37.37376376589836, -2.019910361725377], [37.451958537034585, -2.0737896492531425], [37.53516984767108, -2.105690080653354], [37.53773381392871, -2.1100421412179577], [37.54331216092795, -2.1138324085480296], [37.5411895915649, -2.120191056551808], [37.543535067653835, -2.123205443891573], [37.5503396850574, -2.126384761401581], [37.56249516441654, -2.1252655469537576], [37.56528658079598, -2.126496234311351], [37.57142234725281, -2.1350844784950556], [37.59395413894136, -2.152764793577541], [37.6196118187875, -2.160238282985227], [37.621279549383566, -2.1603497136948686], [37.66333332631625, -2.1539331081260995], [37.69010573396857, -2.1641399809560644], [37.69713328872529, -2.1633596096746084], [37.69947435096994, -2.1643629288769346], [37.70404938239854, -2.1701642396888117], [37.706167418185316, -2.1795327962022037], [37.70806698298385, -2.1812049710897408], [37.722269275937556, -2.1864533314218026], [37.72390575619249, -2.191460898452358], [37.716574997526436, -2.1897842541289685], [37.710474933115925, -2.1911844027037874], [37.702640270715264, -2.196865333458816], [37.69749446221475, -2.2053108279741], [37.6939628986109, -2.207848109714327], [37.69222825187535, -2.212039618897], [37.68705570319784, -2.215370599555945], [37.68377829078869, -2.2234593657787474], [37.674628183536235, -2.22780701396222], [37.67498492826197, -2.238593596451265], [37.67805724049849, -2.2418576379213384], [37.67602836565995, -2.248604291182215], [37.67715652671373, -2.254222738362649], [37.675279251431746, -2.2598456862738163], [37.67755335519185, -2.262730715554073], [37.67494483008358, -2.265566686648194], [37.67087360847516, -2.275902898086798], [37.67117687824259, -2.2790064401036116], [37.666864901043965, -2.2801568422623357], [37.66867526907986, -2.2874296313058373], [37.66456844798607, -2.2893024561285813], [37.659832911278514, -2.2885622634990312], [37.65708163839859, -2.286305977772996], [37.65183770583499, -2.288312559403447], [37.64597403779222, -2.2944259894008865], [37.64460955105552, -2.298773626821562], [37.64023071895322, -2.2961293842566923], [37.63744375112762, -2.29727980485581], [37.630447457854224, -2.2948540554753203], [37.63090668671987, -2.300276338593694], [37.62919443158722, -2.301819197047502], [37.619411168538626, -2.302425627016042], [37.61884040885243, -2.2990991495913415], [37.61570114730626, -2.296182895848098], [37.611991172996944, -2.2970657657278295], [37.60802263293709, -2.3003387329701974], [37.605440759289365, -2.304976225779521], [37.60548089740005, -2.30830269440496], [37.59733417675651, -2.3109068259306995], [37.723401878500034, -2.4574195347365255], [37.849469540119834, -2.6039322018882998], [37.87808359199734, -2.659229518842095], [37.89073403875014, -2.6735342828824824], [37.900914174837084, -2.7024203604887784], [37.92154645112706, -2.704346671997882], [37.930353208720085, -2.7236055353797903], [37.9265004926352, -2.7381868311177127], [37.9243021824291, -2.7409380910195433], [37.92787390535035, -2.7604689446937933], [37.92998750963344, -2.767420653300008], [37.935182404711135, -2.773569748330151], [37.939405134894656, -2.77697653371372], [37.94411847482475, -2.780793508769964], [37.97370906966161, -2.7885835864433237], [38.099219352607705, -2.720488652698517], [38.10885542536695, -2.716506652151597], [38.11547278644833, -2.712043106729299], [38.11685505533082, -2.705840458903561], [38.12151483307765, -2.7041059176941857], [38.12822578458273, -2.698679201569506], [38.13371938096619, -2.6980995156355996], [38.13618087628624, -2.6992945248443374], [38.1499460687923, -2.6995040757952125], [38.15704052305393, -2.6936983692173113], [38.15630027261652, -2.6900329817309534], [38.15931022988814, -2.682265217807401], [38.161544236816425, -2.679866205896571], [38.16421071475954, -2.689399789928052], [38.16794747510935, -2.6950271835848483], [38.18029027989954, -2.70135019782228], [38.1977744143397, -2.7142681783153337], [38.23652843949179, -2.7421732448663487], [38.26120957227532, -2.7605269052777905], [38.27060935545036, -2.7700158540718522], [38.2945100976285, -2.804150302910025], [38.31990471732737, -2.833147805814504], [38.351225424846284, -2.886915682082862], [38.38158302992726, -2.918196238934567], [38.3954196041298, -2.9270698593258015], [38.39963787724495, -2.9276406214579884], [38.40411928326713, -2.9262360284616347], [38.407985370373325, -2.9278190032388944], [38.41782655941453, -2.9428863131031373], [38.42933553687929, -2.9557151173871636], [38.43570757426699, -2.9600181763098323], [38.44871030716593, -2.972146891784837], [38.45709784678184, -2.989849526386729], [38.45883246954641, -2.9910490458225767], [38.46318455338511, -2.9875754081912107], [38.46587785416662, -2.988088204866408], [38.47031908589525, -2.98473496870815], [38.476312166124494, -2.985301257111923], [38.482648563684364, -2.982220013560848], [38.488534578929965, -2.9776583673863115], [38.49198143939151, -2.983151952742998], [38.496525249181595, -2.982344884747337], [38.5095324707209, -2.9819480236609976], [38.519083847282644, -2.9748312976107716], [38.51660460036601, -2.9732037184801956], [38.510682922953706, -2.9656276883865633], [38.504560577121026, -2.9647715671553363], [38.501100260074026, -2.9585020738685803], [38.49838465741613, -2.956018348410248], [38.49405934950299, -2.9558176750171006], [38.49188776749272, -2.9537799081056098], [38.49286433863155, -2.948839210094064], [38.488512282583876, -2.9436978400151523], [38.48794147752213, -2.936777351377252], [38.48393271031357, -2.9359078363214444], [38.47589302836169, -2.936670324991606], [38.47449280821323, -2.9283808648926755], [38.46903042290464, -2.9171662217330945], [38.46586445572984, -2.9090774006921545], [38.46181118373656, -2.9042214154594195], [38.46066068290076, -2.896212878974973], [38.451751427588704, -2.8940145505737207], [38.45076148984491, -2.8887840318859808], [38.45422179378701, -2.8844943748124936], [38.45181827353251, -2.8787778204430468], [38.44412188014106, -2.880169031857445], [38.442797554184324, -2.87694068018877], [38.4450315814748, -2.868240916511234], [38.44028261837631, -2.8659043844518886], [38.43749565145692, -2.8628186638522926], [38.43897611430232, -2.8579359861925653], [38.43754918788114, -2.8548546969828412], [38.43334873476736, -2.8556796615137303], [38.42867110223169, -2.851719961540815], [38.42714609639667, -2.8481839237680138], [38.430588528364275, -2.8423201695488554], [38.430994306617784, -2.8389892703694772], [38.42663328453725, -2.8284122879565428], [38.426544095971096, -2.8202922451942234], [38.42554976779748, -2.8171842678830012], [38.41951660739731, -2.8151419592385616], [38.41802278382053, -2.8107319105198907], [38.421438472854746, -2.804105677917512], [38.421050539586346, -2.7992720581236794], [38.423957816241774, -2.7944785121570335], [38.43050825541862, -2.791392788509539], [38.43082934661834, -2.785867972969709], [38.42539812060381, -2.77686952704895], [38.425019121522716, -2.771803953369861], [38.42193342167345, -2.7668588182668032], [38.41980194426935, -2.7586139233172555], [38.41330504802756, -2.7505608209926726], [38.40968875745865, -2.7368133759925684], [38.405336614249016, -2.731333164070236], [38.399628962798154, -2.7179915104482184], [38.39597249320261, -2.706188322228491], [38.392431963894865, -2.700926566452361], [38.38849460836619, -2.6908846526071457], [38.3884321967536, -2.686260602035511], [38.38608220029005, -2.6775474896180764], [38.38120394150674, -2.6700874438608455], [38.38197095267177, -2.663421061988975], [38.38004907014593, -2.6604512801145077], [38.37418981362596, -2.656375696256441], [38.366109905157764, -2.648144181715566], [38.366801079223876, -2.640862442708483], [38.36154823357575, -2.6370008967461254], [38.36157949217337, -2.6297637877431352], [38.35136365896788, -2.6026881096837626], [38.349027142317674, -2.5998655169911324], [38.346909000571586, -2.5892528441532843], [38.34405968275889, -2.5868761355105603], [38.33790168623732, -2.5848606176105786], [38.3343611234837, -2.5744218773090832], [38.33310808711715, -2.5674567426450032], [38.330842883020615, -2.5620701547198497], [38.335805860407085, -2.5591316014266137], [38.33758955126768, -2.5561217200679667], [38.33116839477316, -2.550810932348838], [38.321670500873175, -2.548068577972593], [38.32236615579522, -2.5402829545293284], [38.3182280601967, -2.5359085954762883], [38.320502215268206, -2.530450641853183], [38.31991806480306, -2.5276191287738206], [38.31610114094431, -2.5232180203951637], [38.31647119164529, -2.5157757815298374], [38.31067437980865, -2.510991167024239], [38.31216369709423, -2.5042311609819166], [38.31025524198394, -2.50104286868138], [38.30103829027512, -2.498376339486969], [38.298309272290304, -2.494822441008729], [38.29528598878145, -2.486466088216409], [38.2899350847981, -2.4850124207830877], [38.28668440343975, -2.480914522276972], [38.28615377660276, -2.4729327306697217], [38.28369679724657, -2.467211715632613], [38.28358086864953, -2.4617493225182505], [38.28169018247157, -2.4511321735963065], [38.28000468257281, -2.4485146888548805], [38.278100620061615, -2.4393824519260274], [38.276339318069596, -2.435208731216841], [38.275023883070055, -2.427561349701556], [38.27122918027517, -2.421470212082202], [38.26326524619162, -2.4214658009436794], [38.25700467622284, -2.419378936840497], [38.252973609966475, -2.420141453312341], [38.24735514627523, -2.415856206885731], [38.2453039755023, -2.409154184254187], [38.24158060473098, -2.4075043235932], [38.2360736559347, -2.4087261164246243], [38.23359439136598, -2.403223583065176], [38.230767298177895, -2.400017515458004], [38.22166623571811, -2.398059975297538], [38.2187188151561, -2.387572141424302], [38.21725174038853, -2.379251455844551], [38.211356785717676, -2.359497626780225], [38.21066118580474, -2.3540887305696683], [38.199201316002416, -2.3531077705274113], [38.19599078501141, -2.3482518086241444], [38.19165202341961, -2.345036773654423], [38.187139443862534, -2.3394004978732372], [38.18260456610416, -2.33731805784773], [38.174332941871576, -2.3384239636827613], [38.1686698684656, -2.3348031234527613], [38.158917792072145, -2.3314142376986258], [38.149335201863515, -2.3255148579059757], [38.14598637924192, -2.3208193890390216], [38.12325833650619, -2.3177158878495283], [38.115151712776395, -2.3101264841754547], [38.114005723014, -2.301159236734272], [38.10876186062449, -2.2997635149609827], [38.1096179731974, -2.2941629215722137], [38.10890002989262, -2.287746245970839], [38.11025113786592, -2.284294898872122], [38.10273311498398, -2.2813964757069516], [38.09785487498261, -2.2765806885223867], [38.09557181029928, -2.270360238962776], [38.091072576311355, -2.271363512023968], [38.08635930686133, -2.270409268260918], [38.084531099140555, -2.2638855770091846], [38.08037964687761, -2.2587844167303084], [38.07440446319285, -2.259899169066782], [38.07500640336098, -2.2546820231074896], [38.069695604225046, -2.2474448964508373], [38.06997654055025, -2.238914667213689], [38.06800116470791, -2.227441398224527], [38.06656979644851, -2.222937689577896], [38.06299806410472, -2.222175197334649], [38.06195466924166, -2.218527634779295], [38.06706034714233, -2.214951405493917], [38.06746606975868, -2.212066389630407], [38.06351083672214, -2.210960515483957], [38.057843326012765, -2.2055338288967565], [38.053058728186706, -2.1911264511808475], [38.052015342122786, -2.184500199470674], [38.04619614282199, -2.1788282309095464], [38.0486620289994, -2.17280400347333], [38.04834104259359, -2.1685232786556345], [38.045139330148636, -2.1661421110293198], [38.03599378334747, -2.16589688756989], [38.02628186935889, -2.1609026848390385], [38.02392742858193, -2.1579953023677536], [38.021122651481825, -2.1478018087824453], [38.015780664731956, -2.147061620291288], [38.010220163119, -2.150272190583853], [37.99717724175951, -2.153081390467352], [37.987260209001, -2.1563811172985337], [37.981561539447945, -2.159881559299215], [37.975153786279435, -2.161152362266736], [37.96880403041841, -2.1662491115479163], [37.96280207361102, -2.165330536200018], [37.96327922643502, -2.1566085768330354], [37.96035401627777, -2.1405022792690382], [37.95672432805519, -2.138589349705832], [37.952394496099565, -2.133100165045318], [37.952505981048574, -2.1211943527701878], [37.954311947234906, -2.1132883778021196], [37.95410684930751, -2.105551855647868], [37.95698738001892, -2.101195301267276], [37.95551592514951, -2.095657071752535], [37.956425543773804, -2.081811569249291], [37.95835185489936, -2.071725134146425], [37.95635424278646, -2.0626240627900314], [37.95204225420747, -2.056898590867401], [37.9531169218107, -2.048814219426429], [37.948626618389206, -2.0352228766890095], [37.941411731960706, -2.0356554114860326], [37.93642205664753, -2.0305363934318064], [37.939405134894656, -2.028565477567455], [37.94127799299592, -2.0208690491782235], [37.93712653768914, -2.018866931605477], [37.93839291955535, -2.0117590968309194], [37.93734955715129, -2.0085039817160064], [37.93362613670677, -2.0051819214207156], [37.93505310117178, -2.000535559711258], [37.928301969061245, -1.9971867728985286], [37.92874790298293, -1.9915281427628098], [37.92505579967709, -1.9878048218387652], [37.91245883795499, -1.9543080480492], [37.91500494705116, -1.9487742824810077], [37.913671721767095, -1.9419652703598334], [37.90756275626391, -1.9323915684147297], [37.91023815502625, -1.9273037148564935], [37.90940881845541, -1.9205571194992663], [37.91176316329073, -1.913690104524432], [37.91615097267738, -1.90996676405658], [37.91659682388636, -1.9025869405532785], [37.91125038183198, -1.9024576368611645], [37.90680020968038, -1.904178848871202], [37.90425403874017, -1.8998490481884547], [37.90565418961416, -1.8918984703358672], [37.902028964109114, -1.88397914045021], [37.9004995323613, -1.8751991413623954], [37.897890908534904, -1.867819359558479], [37.9001204862676, -1.8636812857324134], [37.89719532889487, -1.8612332475177187], [37.89019455898543, -1.8588163816255936], [37.88637753971728, -1.8590705834686163], [37.8833899693117, -1.8517532000088157], [37.88567747358821, -1.8445027042722493], [37.89146981855519, -1.8419565290181303], [37.89057357895987, -1.8380102254459711], [37.88612336094302, -1.8335912538843888], [37.88217703594882, -1.8333371314568234], [37.878676662798135, -1.8310451257344973], [37.869009326917485, -1.82099428759607], [37.8662714502747, -1.8162855212021687], [37.86251689177529, -1.8134539856023866], [37.85113280794546, -1.8011111581111952], [37.847186499348865, -1.7978694075828372], [37.840060872218636, -1.7821867441531305], [37.837706419250054, -1.7791947198619629], [37.839231498512945, -1.7754401499084382], [37.83853581130897, -1.7716231278033578], [37.840315059251935, -1.7678730223049604], [37.845340465845624, -1.7662811284624693], [37.84827009691895, -1.7687603821861344], [37.85348720688423, -1.763895542787605], [37.852787129750006, -1.757215794789261], [37.854949759770676, -1.7543530320212788], [37.85354962812647, -1.747098082038158], [37.85024098141163, -1.737399557400266], [37.84934914332843, -1.7300821864536033], [37.84426135663743, -1.7231482764685493], [37.844769698775444, -1.7150371762096441], [37.84286116963442, -1.7114743253311082], [37.83509784247757, -1.7105825163305213], [37.8371356699231, -1.6990022314429458], [37.8358603746954, -1.6948686438447729], [37.83681911579715, -1.6906681358177325], [37.832493783198636, -1.6894909411075412], [37.82880160844974, -1.681857008889726], [37.82377621096372, -1.6833195413224675], [37.81938396306165, -1.67835660023158], [37.82186329363692, -1.6696434996947689], [37.81912986086733, -1.6645868842558857], [37.81563389642328, -1.6642033919867605], [37.809333212376, -1.6586027545070143], [37.806916381273695, -1.6545984742255977], [37.80379945812852, -1.6527524552308182], [37.80417846767995, -1.6489354620220895], [37.800807413402, -1.6473435108266368], [37.80335352374902, -1.6425722863206207], [37.800236601881664, -1.6357320103456607], [37.79533609833026, -1.6279063452808589], [37.79208980956342, -1.6261271284174417], [37.79126934027526, -1.620018178822415], [37.78280152850844, -1.609427806094322], [37.78178935749313, -1.6044024098136243], [37.775484128227525, -1.5955555430469943], [37.774850939454794, -1.5907218677705552], [37.77147991415708, -1.5861735677409885], [37.77115884398665, -1.5828649190420676], [37.764037609608856, -1.5803187924808262], [37.76028308052098, -1.5770101083430819], [37.757228590637276, -1.5702679502220447], [37.75332239942848, -1.5663841273923842]]]}, "id": "0000000000000000079b", "properties": {"shapeGroup": "KEN", "shapeID": "32016919B42227953152284", "shapeName": "Makueni", "shapeType": "ADM1"}}, {"type": "Feature", "geometry": {"type": "MultiPolygon", "coordinates": [[[[41.395917442968184, -1.8714178513050195], [41.39597545609822, -1.8713821672943607], [41.39599326512335, -1.8712974115090613], [41.395917442968184, -1.8714178513050195]]], [[[41.37428640073383, -1.891541738311641], [41.37441126537778, -1.8915685243511586], [41.3746341553343, -1.8907614127264836], [41.37428640073383, -1.891541738311641]]], [[[41.33752555362099, -1.9238301263509037], [41.337891212554396, -1.9273082126443846], [41.34350517995348, -1.9254130720305893], [41.33752555362099, -1.9238301263509037]]], [[[40.78650105793852, -2.2728885533046603], [40.78808406619988, -2.277771237327019], [40.790527603331235, -2.2731917480123873], [40.78650105793852, -2.2728885533046603]]], [[[41.40169201271789, -1.8634315663087753], [41.40238320270596, -1.8631907941749801], [41.40418465832944, -1.8613892863562378], [41.40434071244157, -1.860394905199391], [41.40169201271789, -1.8634315663087753]]], [[[41.39288531270229, -1.8599846980275618], [41.39569005231563, -1.8610860834771994], [41.39849931254076, -1.8585220912480407], [41.39868213309423, -1.8549815652847634], [41.39288531270229, -1.8599846980275618]]], [[[41.34930202359296, -1.9204099469810476], [41.35949556562094, -1.9099132335217022], [41.35730166210444, -1.9083258066483415], [41.35088948267358, -1.9144303325298657], [41.34930202359296, -1.9204099469810476]]], [[[41.295284499316644, -1.9721712090822892], [41.29705473691971, -1.9724922959753832], [41.29860654878629, -1.9719571909829081], [41.298753634455366, -1.968046568301459], [41.295284499316644, -1.9721712090822892]]], [[[41.273680157529895, -1.9519046122095458], [41.277711166138296, -1.9539780878187798], [41.28027515769509, -1.9498890696267561], [41.277283069581, -1.9464109858537837], [41.273680157529895, -1.9519046122095458]]], [[[41.23590264148718, -1.9384158311250554], [41.23592494756526, -1.9384693160287099], [41.23691483791322, -1.938010069333472], [41.237128926038075, -1.9374928045326876], [41.23590264148718, -1.9384158311250554]]], [[[41.225891988968634, -1.9115007084755955], [41.231688779784655, -1.9097304198162266], [41.23413238442461, -1.905088498565725], [41.22930762503401, -1.905088490982988], [41.225891988968634, -1.9115007084755955]]], [[[41.205870614172994, -1.9146131167803708], [41.20611580516981, -1.9202271561919337], [41.20990159616716, -1.9194958754136437], [41.210084421843725, -1.9138194371718074], [41.205870614172994, -1.9146131167803708]]], [[[41.18267877602703, -1.9739994713294005], [41.18670536165649, -1.9818742029305472], [41.188110018385096, -1.9782088117687642], [41.18731628308946, -1.9738166127720806], [41.18267877602703, -1.9739994713294005]]], [[[40.96869102179452, -2.2374877189035107], [40.969003169856805, -2.238103084143267], [40.96906108611133, -2.2371176239643185], [40.96905222924112, -2.237095324403822], [40.96869102179452, -2.2374877189035107]]], [[[40.834717303986764, -2.2661731220628107], [40.83493137250989, -2.2664808155006435], [40.83545306951624, -2.2661686933868888], [40.83607735503472, -2.2654596387884296], [40.834717303986764, -2.2661731220628107]]], [[[40.777774608241025, -2.284928118556535], [40.782898120429614, -2.2860696035702626], [40.78153804575173, -2.279809044130445], [40.781310642331036, -2.2802193076445865], [40.777774608241025, -2.284928118556535]]], [[[40.741272404824684, -2.255921649343684], [40.74768012723486, -2.2611075917396475], [40.74951283957514, -2.2583028144811483], [40.74511616499949, -2.2551859220149537], [40.741272404824684, -2.255921649343684]]], [[[41.242359382154056, -1.93356878285175], [41.24585977458657, -1.9331540571294539], [41.24643058329827, -1.932489687248956], [41.24657328456731, -1.9311876166624171], [41.24249320306902, -1.9334706773164088], [41.242359382154056, -1.93356878285175]]], [[[41.01981908900403, -2.1392002067403633], [41.01982355195836, -2.139360744603821], [41.024291562602244, -2.1427006201945598], [41.0267306302956, -2.139922582056291], [41.02648542798615, -2.139235881330468], [41.02368064439325, -2.136168032645685], [41.01981908900403, -2.1392002067403633]]], [[[40.966309844885636, -2.049010466357659], [40.96808012159456, -2.051208786524686], [40.97167857742598, -2.047788631752077], [40.97115689090965, -2.04193382432483], [40.97085815506875, -2.041545910822963], [40.96869102179452, -2.0408948950471966], [40.966309844885636, -2.049010466357659]]], [[[40.71050907677129, -2.2999285364087667], [40.712890225895066, -2.302305229261221], [40.717527688239265, -2.3015114996846617], [40.719297929732264, -2.2974849387843244], [40.717104090835036, -2.2952866049974947], [40.71307303009548, -2.29510377789246], [40.71050907677129, -2.2999285364087667]]], [[[40.97772067410321, -2.1489255091889907], [40.97949098080622, -2.151917552867276], [40.988890701833235, -2.146423969962292], [40.989929741395656, -2.144225612032592], [40.98608598547293, -2.141113191981643], [40.983093873707844, -2.139525740662638], [40.978514431308945, -2.143128688923123], [40.97772067410321, -2.1489255091889907]]], [[[41.15008721287187, -1.9807728048263478], [41.15307480635749, -1.9849242548174792], [41.157288658145184, -1.9855975774588819], [41.162108938075264, -1.9843133241331328], [41.16308554731379, -1.9790025422578643], [41.16192618653901, -1.9768086590317024], [41.157288658145184, -1.975707289897198], [41.15228111395114, -1.9746683295179686], [41.15008721287187, -1.9807728048263478]]], [[[41.428736461350326, -1.8463175453122058], [41.42907531962778, -1.8461926899520955], [41.43669152188509, -1.8379611817206027], [41.43510849878184, -1.8375554211032408], [41.43204062312216, -1.837577736636032], [41.42962385926142, -1.8412163138793138], [41.429628289722366, -1.8413322449210803], [41.42887915485397, -1.843272001740158], [41.42911993021154, -1.8451447863886687], [41.428736461350326, -1.8463175453122058]]], [[[41.37499536515407, -1.8899453731902847], [41.37519156747245, -1.889945407322559], [41.375534958094676, -1.89060531101906], [41.37576235477002, -1.8897536240628803], [41.3755260120733, -1.889133806160197], [41.37722496569729, -1.8883178229956543], [41.37786255690288, -1.8860481603234975], [41.3780053047656, -1.8857716595822573], [41.37689053131529, -1.8856824959717313], [41.37499536515407, -1.8899453731902847]]], [[[41.39107041921259, -1.8777319259338854], [41.39153861435901, -1.8785167261612374], [41.391980128322174, -1.878949241612652], [41.39200688199874, -1.8789492627965636], [41.39300570218369, -1.8780262187579186], [41.39320635073954, -1.8775401952930801], [41.39381723513758, -1.8770496588181107], [41.39387517402472, -1.875841260461756], [41.39367452788472, -1.8750742787973576], [41.39362102212498, -1.8750118639648483], [41.39107041921259, -1.8777319259338854]]], [[[41.01211373664924, -1.9086869891335279], [41.01310363799081, -1.907862074777675], [41.01424520067459, -1.9076480289237654], [41.01631417642398, -1.9079333951143898], [41.01759841789634, -1.9086468382703685], [41.018739967123146, -1.9086468816620554], [41.021005145240046, -1.9064217650132806], [41.02152691287294, -1.9053604905379675], [41.02119243120997, -1.904923531440835], [41.013915216463126, -1.9066759523111423], [41.01211373664924, -1.9086869891335279]]], [[[41.14367506286028, -1.968077769233645], [41.1453249451162, -1.9700932847940016], [41.14971710167191, -1.9691167325203371], [41.15570122741477, -1.969785580434846], [41.165711961833104, -1.9678949212969858], [41.17450080924196, -1.9633198711789388], [41.17468367341129, -1.9592264419684888], [41.16467292330935, -1.9583123069058324], [41.16131521951428, -1.9553202940703514], [41.155090346351805, -1.9562968240872893], [41.152892025491965, -1.9600826112748482], [41.14868260455354, -1.9591060698085405], [41.14367506286028, -1.968077769233645]]], [[[41.125303586918015, -2.101378135566682], [41.12731904521198, -2.106626488377305], [41.13708449562549, -2.111879325002107], [41.1419048157621, -2.1135246999310255], [41.15088093619874, -2.1124857575132574], [41.15411382869071, -2.108521615896706], [41.15008721287187, -2.1068093288036263], [41.15032804102724, -2.1024170871462915], [41.14446879976578, -2.101320139093557], [41.140076541141426, -2.1041873787386685], [41.13488616315025, -2.101074898368798], [41.13348601380541, -2.088807939964814], [41.13031114828607, -2.0974139909090574], [41.125303586918015, -2.101378135566682]]], [[[41.39970773606847, -1.871836964945917], [41.399721111047356, -1.8718280766208022], [41.408509991850366, -1.8648050058746255], [41.41149756118847, -1.860715994227574], [41.42211914325998, -1.8519270805738504], [41.42359069431478, -1.848984096560986], [41.42309121780789, -1.849354182444156], [41.42277913820245, -1.850000749576374], [41.421673285071954, -1.8506428687970073], [41.42035333741215, -1.8509282433824237], [41.419283191829486, -1.850892569025699], [41.4188729142205, -1.8498224267502912], [41.421530573023524, -1.8497867078177077], [41.42206566491393, -1.8491802840576252], [41.421597421593, -1.8491089421283469], [41.421802550700356, -1.848819093812197], [41.422957447793046, -1.8480387701924814], [41.42266316790396, -1.8477578170992737], [41.42160192909363, -1.8479673989305578], [41.42124514782499, -1.847575012495446], [41.42264979845344, -1.847369889848596], [41.42319381789187, -1.8464869992181394], [41.425030961352206, -1.8464691662759005], [41.425566019467986, -1.8459697638427046], [41.42580237844779, -1.8450690236975622], [41.426350874072924, -1.8448995498589198], [41.426431085373935, -1.8436956108900657], [41.426083273055106, -1.8428260700573535], [41.42468314025066, -1.843321006246172], [41.41149756118847, -1.8511957940368051], [41.40948650770347, -1.854491067914644], [41.40540197575928, -1.8591775980356833], [41.405504532138856, -1.8596725675253258], [41.40679319574327, -1.859962373051987], [41.408153279216165, -1.8587138642528445], [41.40892470179304, -1.8552981960757051], [41.41032485031696, -1.8546070260017677], [41.41131027449882, -1.8561587640503179], [41.40917435155788, -1.8601675337952834], [41.40701618508062, -1.8626869276901192], [41.40447001845484, -1.8665618445202952], [41.4028825599551, -1.8677702896324242], [41.40250800422701, -1.868778064240802], [41.400804626490874, -1.8700890323319308], [41.39970773606847, -1.871836964945917]]], [[[40.97111230012192, -2.115642772245236], [40.97113016724659, -2.1157230301029624], [40.97632056041958, -2.1163919243143874], [40.97967378358787, -2.1184074122789656], [40.98370476668215, -2.118224639085871], [40.9849221442377, -2.124083891706431], [40.98449851736045, -2.131285316055938], [40.99408109075673, -2.1353743158077125], [40.99706869829121, -2.1392224937594695], [41.00311079097557, -2.137817901413267], [41.01092318484414, -2.1386116131702098], [41.01409806242924, -2.1376975014205652], [41.01672440735511, -2.1337289185357347], [41.00830118927615, -2.1276868281464596], [41.0084840533254, -2.1259165305918004], [41.0191056273782, -2.1234150225558928], [41.02667269586378, -2.118287031771435], [41.03411936264843, -2.1099262511800063], [41.04168650482867, -2.1080935281510946], [41.045900368022544, -2.109190472397757], [41.051514365749775, -2.1079107080374984], [41.05352984253898, -2.1024171020720352], [41.06030325068568, -2.093873472460365], [41.060303250685685, -2.0897844863322157], [41.05767684797462, -2.0869752569498523], [41.05352984253898, -2.0858782981330006], [41.04510662955409, -2.0839831506219713], [41.04351919617339, -2.0880142193736635], [41.03112731938503, -2.091367457828383], [41.01928845662211, -2.1013781459146417], [41.01147605958275, -2.096495390676751], [41.00653093324181, -2.096923472766426], [41.00427464457573, -2.09991553052935], [41.00427464457573, -2.104981101537991], [41.005920054725735, -2.1154777780557206], [41.00427464457572, -2.115723028055708], [40.99548130597291, -2.1098013455051112], [40.99408109075673, -2.1060780065728593], [40.996274969186075, -2.099607879340914], [40.99398301512288, -2.0997014783216756], [40.99347023230624, -2.100611183283967], [40.991824846440174, -2.102555339402026], [40.988685601678526, -2.1044459908704183], [40.9800216000633, -2.107634229820592], [40.97438974542422, -2.1092038661000503], [40.97299848302123, -2.1107466827962877], [40.971205948437124, -2.1152280984164857], [40.97111230012192, -2.115642772245236]]], [[[41.0521252147524, -2.131713398886787], [41.055482959370345, -2.1343977460428443], [41.05950948337214, -2.1334212119563403], [41.065306350624624, -2.130005550731171], [41.074278052490314, -2.1275039940739844], [41.070679563640965, -2.1209089733898674], [41.07672165637934, -2.118715085437344], [41.075682668709085, -2.1118168931282058], [41.08050738884937, -2.111205961771571], [41.080690250606104, -2.114626116086615], [41.083495056014925, -2.11889790970447], [41.083495056014925, -2.1267102824077977], [41.08569339244491, -2.1300055252274923], [41.09350570292506, -2.137817921793392], [41.1024773875217, -2.138303918946467], [41.11108350482489, -2.13427737920059], [41.11389271672511, -2.131410171543361], [41.112916176528614, -2.1271963265030838], [41.109678846442755, -2.124391573993399], [41.10589752661082, -2.124208744049348], [41.10888515751721, -2.1138903847506643], [41.10608038304563, -2.1049186262982515], [41.099302544127845, -2.101012491241714], [41.10168367419571, -2.091367467334947], [41.106874111403, -2.0883174198656347], [41.108274229934686, -2.0819096867550235], [41.11267088651925, -2.0780035208749292], [41.12109417882058, -2.0789800851917133], [41.12329251139796, -2.080625468186321], [41.13311587033973, -2.0808706990197927], [41.13891716731039, -2.0856954968964243], [41.14050461042229, -2.0910017813239294], [41.13812350577234, -2.094787577104197], [41.144896835678615, -2.094301515230088], [41.149904422309405, -2.0886830825066305], [41.15088093619874, -2.0947875632413804], [41.15447945866092, -2.092103174899897], [41.15991066100146, -2.084776898977064], [41.16088715487259, -2.080687922604126], [41.16306321228715, -2.0787972611703713], [41.162216009783236, -2.076937766293401], [41.161395505258085, -2.076411607969297], [41.158546135571015, -2.0758052021125972], [41.15585728581418, -2.0739056087225993], [41.154742529606246, -2.0735131758553647], [41.1467830725052, -2.0724296568082865], [41.14540517688519, -2.0713817262352516], [41.14468277973984, -2.0718410454421643], [41.14360373501676, -2.071511038487911], [41.14232841785928, -2.069807715560679], [41.14124487466512, -2.069120979299322], [41.14078556031376, -2.0682380630623616], [41.140130059577366, -2.0651389911304983], [41.1401256061083, -2.0647956600295596], [41.136473566224474, -2.062682047024018], [41.13891716731038, -2.0673819643898166], [41.13647356622448, -2.0715958168990367], [41.131287694583605, -2.0706771927257868], [41.13232220390732, -2.067689636940741], [41.12670816358549, -2.0648179580275974], [41.12609727534177, -2.061705507039693], [41.12011760962625, -2.0568851940570254], [41.115720918631524, -2.057616482536714], [41.11267088651925, -2.062499250263374], [41.10669125753879, -2.052979056920581], [41.09966814543841, -2.049621318229993], [41.09552122103258, -2.0504150845101083], [41.097902356819475, -2.0543212593362523], [41.08551054686988, -2.0524305674677796], [41.0811138511681, -2.053527523467546], [41.08087303490687, -2.0592039719267365], [41.07708732691588, -2.061705489468405], [41.081724765061566, -2.0640242630062597], [41.07953088629656, -2.07171616923176], [41.074278052490314, -2.0778207055079116], [41.068481258575716, -2.0789176322184293], [41.05932670693333, -2.082823791018165], [41.06268440895667, -2.086181517610756], [41.06371894518362, -2.094114235686996], [41.06768752906712, -2.0961921797954415], [41.0632952912372, -2.099184226228382], [41.0598751882657, -2.0964954090612027], [41.05688312073374, -2.0991217918492087], [41.057128345344445, -2.102417085109532], [41.05407830312656, -2.1055919886050165], [41.05267368894325, -2.1187150869726117], [41.057128345344445, -2.1199948860960593], [41.0521252147524, -2.131713398886787]]], [[[40.90229054973316, -2.229068953609069], [40.90252688067985, -2.2332159308212005], [40.9050908351134, -2.2385267021871655], [40.90527364537991, -2.2432266037604993], [40.90832366083905, -2.2467047071888344], [40.90948305420269, -2.252684348229761], [40.91333128810318, -2.2559216634920096], [40.92791700468292, -2.2783821321742175], [40.9343247104139, -2.2817978244347037], [40.94347924199208, -2.278868161855443], [40.947082180484465, -2.2814945674724236], [40.95550545809331, -2.28528038315455], [40.9620960028209, -2.278199313760416], [40.96429435036236, -2.27801648909169], [40.96111946284918, -2.2869882210949135], [40.95611633917919, -2.2922990038642723], [40.95550545809331, -2.294800533261904], [40.950515708614454, -2.2931819275103598], [40.9506628573969, -2.2934227053411456], [40.951559147059804, -2.293846288324237], [40.95119351435164, -2.2941941040018663], [40.949860237064414, -2.293422713881381], [40.949842363263485, -2.292967837118565], [40.94909774497865, -2.2927225990216473], [40.94689935005671, -2.294492875383398], [40.941896287106, -2.292602203059128], [40.93891757138152, -2.2900114506151277], [40.93740153124118, -2.2905198393136166], [40.93312967828109, -2.290265669335023], [40.9246841324081, -2.296080340822825], [40.92225394313394, -2.2964102798341206], [40.92214248600048, -2.296566362432605], [40.92167869557683, -2.3003119968258874], [40.921116854330364, -2.3008426181123407], [40.91980584421443, -2.3034378557626862], [40.9173221806246, -2.304267214551992], [40.916675577846405, -2.3048870390252425], [40.91652841841784, -2.3056763200448276], [40.91562772352729, -2.306086523385099], [40.915489503685116, -2.307031854228494], [40.914829543650576, -2.307883541239417], [40.91476262986045, -2.308525639070154], [40.91420526886047, -2.308886824119354], [40.914236490471154, -2.3094308774092016], [40.914080382246965, -2.309751944298594], [40.916501669125275, -2.3140237452513905], [40.92389039552318, -2.317689100456144], [40.938476109955076, -2.316284526397996], [40.9448838618901, -2.314086179959957], [40.956727213712206, -2.3057253687230115], [40.95947406525669, -2.301087890949508], [40.95947406525669, -2.296570815053155], [40.963683402968385, -2.2910772191754627], [40.96808012159456, -2.2872914240024085], [40.96869102179452, -2.280580455254228], [40.975281580173444, -2.27081503753201], [40.98644269388352, -2.2604431800010443], [40.98638918391498, -2.2603673800831414], [40.98637578716677, -2.259908104619194], [40.98529225695744, -2.256224864841918], [40.98505141833229, -2.2506421031777126], [40.98264351495414, -2.2483367263340157], [40.981359329990006, -2.2455899181015133], [40.98072615868714, -2.243039321765031], [40.979388413866, -2.242169764428243], [40.977930280060654, -2.239284744667321], [40.975905802273886, -2.2372023709828666], [40.97565614505863, -2.235449940485999], [40.975785440218374, -2.2318291305903566], [40.9760484960507, -2.231155801695764], [40.97484455902072, -2.225755819966695], [40.9739884498799, -2.2257379954085836], [40.96786162228835, -2.2227727160003607], [40.96681817448392, -2.2227860453204453], [40.9662028640328, -2.226522794009973], [40.966309844885636, -2.226928583288583], [40.9694802840526, -2.2272942444992387], [40.97290037101511, -2.232908205925651], [40.97034531770052, -2.2356907081657384], [40.969484750962415, -2.2390394973336263], [40.973876939888136, -2.2476188278493625], [40.971678577425976, -2.2498171345977624], [40.96649269002458, -2.2499999535325723], [40.96447712495364, -2.2556139451886903], [40.960878675927844, -2.256407681660256], [40.95813189214533, -2.2540265498345677], [40.95813189214533, -2.250793705440431], [40.955077375223226, -2.248720225310854], [40.9614851088594, -2.244385950466755], [40.963928722395934, -2.241028242285071], [40.96191314355819, -2.2373049315478934], [40.9561163391792, -2.2344956654479673], [40.9561163391792, -2.230772303355224], [40.94891492101873, -2.233215933630018], [40.94909774497865, -2.236511160880423], [40.94549477983935, -2.237487754112791], [40.94207905653326, -2.2446891885898723], [40.936277767632234, -2.2523811261840234], [40.94207905653325, -2.2565905404619877], [40.939880776101546, -2.2592169337218095], [40.931519924938044, -2.2550030660481357], [40.93188560680951, -2.248595337272677], [40.93347300116187, -2.2423704583088755], [40.93749962736298, -2.237001668811263], [40.931519924938044, -2.2354721902411456], [40.92767176138344, -2.2365735937367988], [40.9271232357057, -2.232422211419311], [40.92291389439661, -2.2316284469488106], [40.91668899099704, -2.2249130513047786], [40.909728298578884, -2.2219834492244948], [40.90581767786943, -2.222291108803225], [40.90431494512978, -2.224279895023328], [40.90427932317619, -2.225880689961457], [40.90330718994497, -2.226121453241542], [40.90254469220586, -2.2276687602022975], [40.90255363651986, -2.2284491349715254], [40.90229054973316, -2.229068953609069]]], [[[40.207937172819285, -2.032890769900949], [40.219044810512706, -2.0907654610425634], [40.24951381280346, -2.2487781825908777], [40.24951381280346, -2.398073356708414], [40.44067549530978, -2.3975204292004304], [40.48515503568596, -2.411557643122122], [40.66366175168864, -2.4678850151820217], [40.705898362621724, -2.4604026726757646], [40.73071327167911, -2.4559926111559167], [40.74212852035846, -2.450075346499448], [40.747925368475414, -2.448791128298617], [40.75653142254121, -2.44818022581962], [40.76647972709906, -2.45019573812629], [40.76910611302442, -2.4476942159997273], [40.76910611302442, -2.4393913698012906], [40.77087191187035, -2.43371494699711], [40.776124704030565, -2.425719749058462], [40.78332617954771, -2.4188215555600268], [40.802308555900375, -2.4052123724898333], [40.81128026924013, -2.3961782121207054], [40.81732235823221, -2.3936766837178562], [40.82232544322847, -2.389222027368654], [40.8231192004274, -2.369628722137889], [40.820314439565024, -2.3607773843870854], [40.817242125556895, -2.3573483488225118], [40.81404940728145, -2.3575980916915054], [40.81115538960568, -2.3574197306574938], [40.80477002544414, -2.3555602854297875], [40.803704287267905, -2.354931515776499], [40.80289720800141, -2.35429832623344], [40.80158171169545, -2.352314018150852], [40.800988643267445, -2.3512616697471347], [40.796083660112245, -2.348876079403996], [40.789488641462874, -2.3524790298181233], [40.788084066199886, -2.3604117781475074], [40.78491360201922, -2.3637070574641523], [40.786313773488786, -2.3703020490649607], [40.78051692548775, -2.3771958089255567], [40.77087191187035, -2.381895737471028], [40.77252181212476, -2.3911751060426574], [40.76891884922938, -2.390198541041135], [40.76788428886499, -2.381895714429468], [40.76910611302442, -2.375670786814967], [40.766296860266166, -2.3701771907213853], [40.77472011151001, -2.367920878440876], [40.78051692548775, -2.363283449070852], [40.77087191187035, -2.3574821647202535], [40.7728874283798, -2.353393142223796], [40.76891884922938, -2.349121312004093], [40.76593120214794, -2.3525994402079244], [40.76287677249524, -2.3485728297702533], [40.76568596026153, -2.342588744579713], [40.76147657174061, -2.335815347590469], [40.75891260499845, -2.327699801314916], [40.75891260499845, -2.318522993309059], [40.7567409897184, -2.317443893744968], [40.75530964076882, -2.317198611852697], [40.75231757679459, -2.3140861754410182], [40.74749727802682, -2.3140861889317472], [40.743711511919656, -2.3115845833953044], [40.73907406583208, -2.3107284730202573], [40.73132415582019, -2.3068847205797747], [40.726927486377946, -2.30358943671948], [40.72387740902134, -2.3065814838854566], [40.7260757858045, -2.3112189820189486], [40.710874699667286, -2.307798839617663], [40.704101326193985, -2.308900201483121], [40.702696680401466, -2.3018816287125308], [40.70452942919688, -2.297792596887665], [40.70349046344412, -2.293886448152594], [40.69848733574831, -2.2913804114484084], [40.692873341684944, -2.2913224786786484], [40.691526697554764, -2.287781917469989], [40.69671707546893, -2.2858867904613227], [40.70190296383057, -2.2813742229848337], [40.706116856652336, -2.2833852465090527], [40.710874699667286, -2.282408728092076], [40.70770431786008, -2.2780164910444225], [40.70532310969083, -2.271604287429726], [40.71008101807836, -2.2717291566270092], [40.71209649464096, -2.2700213136973884], [40.71649313351726, -2.2755728883304327], [40.72051970119047, -2.2780165157444023], [40.7216791031965, -2.2750244451066672], [40.72571010447625, -2.271791595835701], [40.7299195534539, -2.275818153304676], [40.72631655568463, -2.278074436199689], [40.72552285432035, -2.2847274589894546], [40.73852558922732, -2.289427358767289], [40.739930214007124, -2.2921741553218387], [40.74572705121969, -2.2957771234286253], [40.74829098628141, -2.2940068610315825], [40.75152384668737, -2.299192759530677], [40.75408783308447, -2.305908163490833], [40.757690796429564, -2.3035894348029538], [40.75628621792666, -2.2979754400452315], [40.75268772789727, -2.297484955616217], [40.74932999618163, -2.288267982012893], [40.742917817925544, -2.2847898841248377], [40.74011300989335, -2.2860696253342634], [40.73766942019742, -2.2821054697602605], [40.738280307997336, -2.2761837819648436], [40.74487091180617, -2.2703869685899134], [40.74170046418062, -2.266173135825031], [40.738708389566355, -2.2672121194345807], [40.734499040566426, -2.2592793547768766], [40.72332894261219, -2.266784047342835], [40.71850420920181, -2.2611075720974814], [40.71173087947937, -2.260679516400594], [40.7091044320344, -2.263002710979771], [40.70532310969083, -2.2617808880822765], [40.703918493599744, -2.2562872707013764], [40.71631034014357, -2.257018583337381], [40.71771047775894, -2.252929581802632], [40.7250992382395, -2.2501827954629228], [40.72607578580449, -2.242798534570014], [40.7250992382395, -2.2360831321884604], [40.72290090160458, -2.231079982375711], [40.71350114397371, -2.218384956095306], [40.709291735446094, -2.215820928775769], [40.701292077840705, -2.2056274256338924], [40.7084980321059, -2.208619498733855], [40.71148556170338, -2.212891343035475], [40.714722883384, -2.213194544190423], [40.724305520132766, -2.2269285703708284], [40.72930865443988, -2.2244894450916677], [40.72772116842275, -2.2312004050325944], [40.73132415582019, -2.2374876986869605], [40.73370529709539, -2.2368768221064728], [40.740295882524535, -2.2431017107571845], [40.74529894444352, -2.2446267447739414], [40.74371151191966, -2.2343128406626644], [40.74450527230528, -2.2276018871706853], [40.748290986281404, -2.2296753917703773], [40.74768012723486, -2.2341924295464413], [40.74908476091807, -2.237915794090846], [40.74871907083459, -2.2459733898280816], [40.751711167050644, -2.2470079114696424], [40.752928463992404, -2.2504280227543343], [40.761717348404034, -2.253112420608633], [40.763915673945434, -2.245790564696526], [40.76672496560435, -2.2460937828438325], [40.77068905898946, -2.2404797843337163], [40.771728051317396, -2.247007909965334], [40.77649037467143, -2.2443859689197603], [40.77929511176241, -2.2487202259650645], [40.77911236291752, -2.2561044615923036], [40.78088256821334, -2.2603763163031605], [40.785524529719225, -2.2553107707795275], [40.791686987824946, -2.25170782784194], [40.7938853273791, -2.2481093220023256], [40.79949930234892, -2.2451796630142624], [40.79888844589856, -2.2423080396471122], [40.79510714014442, -2.2388923650962704], [40.78967151185634, -2.239195588898418], [40.79413060358564, -2.2327253862232324], [40.80011022954983, -2.2324222111760395], [40.80370868990866, -2.235597087242469], [40.80792255754824, -2.2343752718561705], [40.81469593471335, -2.229492530967477], [40.820680060776986, -2.2280254955102476], [40.82373010802421, -2.2290020806972306], [40.82892047545296, -2.2266833002714503], [40.8406969492555, -2.230714364319217], [40.836915617677505, -2.2355970465332713], [40.833312676598275, -2.236573629815013], [40.8336783693825, -2.2410906534065336], [40.839720416048905, -2.2370016596976057], [40.84832647325544, -2.2335815484575217], [40.84948584847353, -2.2396860733342825], [40.85949654286063, -2.2368143835564696], [40.86169490924887, -2.232176910517284], [40.868285412911035, -2.22332560852321], [40.87408227150759, -2.2233880667230643], [40.87829613783357, -2.2210069060980526], [40.870483750422046, -2.216980307869178], [40.86212292113705, -2.214113144846447], [40.86688083671768, -2.2105725679346433], [40.879089814228784, -2.210510183283601], [40.87829613783357, -2.2031259155011096], [40.874082271507596, -2.203794771141768], [40.86950718485733, -2.2016008752785825], [40.87292293133611, -2.1975698568271715], [40.880677288253075, -2.195799561918403], [40.883116420252776, -2.1909168776808703], [40.88189902700874, -2.18682788242415], [40.886719314284086, -2.185976167165151], [40.88891771473076, -2.1895122781215943], [40.88910049962254, -2.1970838271806747], [40.88647412538526, -2.197083831654564], [40.88671931428408, -2.2028806514678845], [40.88952861502885, -2.2025150120430146], [40.89148166290294, -2.198912023784692], [40.89508017396963, -2.2020869176129767], [40.90008325629929, -2.1986088301303464], [40.90252688067985, -2.2022072928322514], [40.90051136654794, -2.2081290169278858], [40.90307533434262, -2.21209758133171], [40.90728922277741, -2.2147195725614135], [40.91552511864578, -2.2175912187572036], [40.92010461657321, -2.2207036586673223], [40.92309672467386, -2.2175912106982616], [40.91967657612238, -2.2111835022771347], [40.91931089306449, -2.199585376763277], [40.91729543170404, -2.1892090647920415], [40.91528437032974, -2.1829841076932492], [40.915101515022464, -2.177793760396928], [40.91711258283927, -2.16937050657968], [40.91827195189489, -2.158325287677563], [40.91631889480517, -2.1569831314201973], [40.91631889480517, -2.1467895949810627], [40.91333128810318, -2.145692660621108], [40.91210945029014, -2.1364132642514315], [40.91272033391917, -2.1339741737563402], [40.91052200115134, -2.127503990501433], [40.91052200115135, -2.1192011576407466], [40.91210945029014, -2.111388818278389], [40.912270035299926, -2.092326152123446], [40.91102589440698, -2.091296083638686], [40.910294646389026, -2.0890576199198], [40.90910851674736, -2.087229380689352], [40.90876065266994, -2.0857757575495675], [40.904114320763725, -2.0772722458306245], [40.89947686410257, -2.0759256029172017], [40.89947686410256, -2.0712301434634033], [40.89758169277979, -2.070922487512481], [40.89707336254743, -2.071234577953231], [40.89481265712259, -2.0710562539669204], [40.89352394714903, -2.0702714246589484], [40.89111155758885, -2.0698834952588214], [40.88372730540589, -2.0734864607084074], [40.882081911472305, -2.0765989128128854], [40.87609779188848, -2.074097354306393], [40.88092250200782, -2.071778586300389], [40.885680397206016, -2.065183586550179], [40.88232264546506, -2.0642070435425453], [40.87652585036261, -2.0678724514922564], [40.868530679780896, -2.076598914406251], [40.868530679780896, -2.0709849006735235], [40.85528715720635, -2.0722067075414206], [40.851073294702545, -2.0689693685229327], [40.86389319123542, -2.067506809602017], [40.873293000085056, -2.0642070391468117], [40.8756697302115, -2.0596944624864078], [40.879517927451644, -2.057799325434377], [40.87988355674831, -2.054383670917497], [40.88647412538526, -2.0551149273010427], [40.89031781666966, -2.0603008774672835], [40.894469255886754, -2.0601805007361467], [40.89129441258719, -2.0551773767038823], [40.89031781666966, -2.050169782407407], [40.88531472783961, -2.0495009610894597], [40.88268833396508, -2.0460808309541973], [40.87847895667898, -2.045104264641405], [40.87609779188848, -2.0413229529088355], [40.88232264546507, -2.0410777189359637], [40.88391010689148, -2.0377200210982833], [40.88287561246866, -2.032899710297611], [40.89068792712304, -2.0374123359472387], [40.892699006361546, -2.0418089719787407], [40.90051136654794, -2.0455947670740646], [40.90008325629929, -2.0342998610636513], [40.90051136654794, -2.025390583160103], [40.90270969915253, -2.0198969597449508], [40.90350342216874, -2.0120221873342516], [40.89611915156548, -2.0084237307663977], [40.89208813994539, -2.008789334748808], [40.88952861502885, -2.0123922796847586], [40.88128819946063, -2.0147110505125005], [40.87927263053757, -2.0169049318037744], [40.87207123181443, -2.0112908959064755], [40.86669798081333, -2.011290907524492], [40.86291666754364, -2.017823468312549], [40.85748105516852, -2.020387470855827], [40.85528715720635, -2.0167221049168633], [40.8480856734368, -2.0151971085358302], [40.8411250408542, -2.0186172006946563], [40.83410643618759, -2.0186171826030557], [40.82892047545296, -2.0159908022633832], [40.83288460386845, -2.01049718168105], [40.83752653274544, -2.0117189652018546], [40.847109188928826, -2.008789369567468], [40.86047304772081, -2.008178451772758], [40.86248858442889, -2.0035989564859453], [40.867919786645174, -2.0050035508253985], [40.87231648246, -2.0037238395714305], [40.87207123181443, -2.0004865230714324], [40.868918598937945, -1.9974275352237054], [40.86639028778749, -1.9960362994522907], [40.861610186126924, -1.99250026018002], [40.86090114590484, -1.992616171738533], [40.853414290522075, -1.986426982402666], [40.84768881460451, -1.982190818447273], [40.84372470624731, -1.9801752737842158], [40.838837500235385, -1.9782578653927239], [40.83532824247567, -1.9810180633466126], [40.831114379196286, -1.980407150884963], [40.822873970776094, -1.9746103235204568], [40.8184817426214, -1.9752212401726814], [40.8189097683846, -1.9699728852825615], [40.80108674174985, -1.9630121932938276], [40.79528991541517, -1.9589856671165429], [40.79491980647638, -1.9558107876051198], [40.79132133653363, -1.95190458001853], [40.78771839199445, -1.9509280339036283], [40.78527929406034, -1.9479984345548416], [40.77892953621953, -1.94629057134332], [40.77410922361814, -1.942384444842483], [40.77472011151001, -1.9400032701109808], [40.78228724209891, -1.9426252209771573], [40.784913602019216, -1.9381081658163428], [40.78729028830599, -1.9432985171068005], [40.79132133653363, -1.9442126290139978], [40.80352594141384, -1.9439718659308918], [40.804872520021625, -1.949706260139921], [40.812684895425804, -1.9525734584186054], [40.81750521726952, -1.955810771644811], [40.820680060776986, -1.9550170526270143], [40.824523845793586, -1.9566044636812547], [40.8322737165479, -1.954285746988442], [40.834472046712456, -1.9569701615860007], [40.84087981098765, -1.9595965584597228], [40.84527649900201, -1.9592888983279946], [40.843323417613064, -1.9517217546340437], [40.839479657262416, -1.9467141948426119], [40.836121896971584, -1.9401236600888851], [40.83807499214328, -1.9332254360991519], [40.84149068381561, -1.9315175883427422], [40.840086067969374, -1.9395127659261933], [40.842895342431895, -1.9401236271323028], [40.84411711580511, -1.9437266146966476], [40.8513185581295, -1.9469015106364878], [40.851073294702545, -1.9526983110127738], [40.85589803080012, -1.9584951409977533], [40.85467627709757, -1.9680777543129022], [40.86407605609917, -1.9711901879220046], [40.86389319123542, -1.9677745200672756], [40.86767451715751, -1.9656966190958336], [40.86688083671768, -1.9603278140551472], [40.86987287813283, -1.9545890045086642], [40.87170555258654, -1.959413739174266], [40.876280617759456, -1.965576211171246], [40.874082271507596, -1.9710073709855682], [40.87432751353374, -1.9802867589623494], [40.87970074239213, -1.989196081144562], [40.88372730540589, -1.9912115706153966], [40.886902183331856, -1.9890756926193938], [40.893492714214645, -1.9921257153097156], [40.899294035284036, -1.9849866619569725], [40.90087701580877, -1.9896241338596221], [40.91052200115135, -1.989686580598071], [40.91552511864579, -1.9915771987588862], [40.9206219145513, -1.9984665346119768], [40.92107230144711, -1.9988545009039755], [40.92170991309945, -2.002301335142357], [40.92158057224022, -2.003603398126331], [40.92047923605115, -2.006604366501517], [40.920470294544934, -2.00689868500308], [40.925295035603234, -2.0101939858082494], [40.93591219098854, -2.008178469860151], [40.93609497960339, -2.0161112238447867], [40.92651235208825, -2.0194109107045892], [40.926329532756775, -2.0244764921054594], [40.921874941743845, -2.024717251477635], [40.91949373488634, -2.0302108757167767], [40.926877988993496, -2.0349107608660706], [40.935301247385716, -2.041991809228904], [40.93548411502095, -2.044310540506973], [40.94329640000397, -2.0523057412871557], [40.942690004550876, -2.0579821392871733], [40.938476109955076, -2.057616484658128], [40.938155086983805, -2.0584503864845676], [40.93929661364516, -2.0608850443912985], [40.939167312664246, -2.0624234245144573], [40.93790534126645, -2.0639395068836603], [40.94311363448061, -2.075377099810086], [40.94567761477398, -2.076295694217973], [40.9520853273902, -2.0751942854874397], [40.94952579574793, -2.0720193814269354], [40.94928056835188, -2.06799281845445], [40.9561163391792, -2.0681756322471045], [40.95910840633076, -2.0701911753291142], [40.96209600282091, -2.0637210442752414], [40.95910840633076, -2.0618883419088343], [40.957886624769436, -2.054504083334375], [40.95709288792965, -2.04162619630866], [40.95868035054519, -2.0372919486640355], [40.95629914002601, -2.03027329813642], [40.9497086177475, -2.027406082537722], [40.952879056985104, -2.024904547011073], [40.95227260943593, -2.017698620209294], [40.95587106312194, -2.0090926000574876], [40.96130224763447, -2.00439265977834], [40.96288974694012, -2.0003036827044998], [40.96252403292655, -1.99188045121556], [40.96911461238457, -1.984621024229887], [40.9694802840526, -1.9821150276745514], [40.96551614845706, -1.9747931797589184], [40.96728637283503, -1.967894960200963], [40.970884878859565, -1.9642964333791324], [40.97192386239139, -1.9603902813627105], [40.96869102179452, -1.9577014546887734], [40.96472244096043, -1.9584951516015625], [40.96447712495364, -1.9456797112123194], [40.9617303607343, -1.9423220183405074], [40.96588176622663, -1.9392719599285562], [40.967897281555636, -1.9346924906427454], [40.973694118475656, -1.928529975791046], [40.97747988041324, -1.9270005358718747], [40.97827364097944, -1.9227286970609894], [40.983704766682145, -1.9268176709855207], [40.9871204567949, -1.926023954636636], [40.98931883832241, -1.9196162510028718], [40.984681381039806, -1.9154068775134616], [40.983521976858434, -1.9119242880703529], [40.988890701833235, -1.9121115956472248], [40.990112510616854, -1.9086914734425942], [40.99450472320217, -1.9089946498026502], [41.00128256672572, -1.9033182470546168], [40.99969513819939, -1.895876015644797], [41.005491966356146, -1.8928839421256454], [41.00769032980494, -1.8956886956729457], [41.01208695528005, -1.8933119992310679], [41.01831189847292, -1.8925183153618015], [41.023315013622835, -1.889098164273358], [41.02667269586378, -1.8834841384756846], [41.0350959563761, -1.8784810480801801], [41.03790071386692, -1.8731078155852343], [41.037111478786485, -1.8693844549215302], [41.04052711061538, -1.8655986709825654], [41.04528945189047, -1.8657815433549272], [41.046876912584885, -1.8734110633586214], [41.050720629034245, -1.8748780811431907], [41.05187996847492, -1.8792123441052833], [41.05047537667479, -1.883484151137827], [41.046876912584885, -1.8836045276371072], [41.04413005447838, -1.8881840320743264], [41.03808802096891, -1.8939808733519328], [41.02807733910997, -1.900388579047883], [41.02532156811547, -1.9031487706079828], [41.0253795808673, -1.9032201173690722], [41.02595031854369, -1.9032914884970649], [41.026735092706225, -1.9032914705601343], [41.02823782798449, -1.902649371465878], [41.030306832042235, -1.901293796637737], [41.03044954307054, -1.9017932420011334], [41.02930799865702, -1.902863420051591], [41.02630708437916, -1.9041476394898516], [41.02474636154584, -1.9037195604718349], [41.024291562602244, -1.9041743847653834], [41.02214224010293, -1.9046916561198801], [41.022383075378336, -1.905217808240057], [41.0223116712883, -1.9065020243120157], [41.02181230181033, -1.9071441597186456], [41.02088480175153, -1.9078620449613752], [41.019596094735746, -1.9096189295379753], [41.01774108394918, -1.9097883996957847], [41.0159441118751, -1.909257749761132], [41.01443689537917, -1.909471805733994], [41.01381709811979, -1.9099310713596738], [41.01342916346364, -1.9107872365020793], [41.01279596468125, -1.9133110678284166], [41.01104354945788, -1.9150545934322731], [41.011021231230366, -1.915081327331202], [41.011110427128514, -1.9163209955760478], [41.00814510787936, -1.918376604195319], [41.00760559244857, -1.9189964169467404], [41.00625000844583, -1.9216362230226791], [41.002896736605756, -1.9320571237093094], [40.99697062781412, -1.9387681054608965], [40.99582910272037, -1.9394815378930657], [40.99475891654975, -1.9418404014338264], [40.993684245213885, -1.94333866278535], [40.991044516721786, -1.945050949288674], [40.987191828154565, -1.9469059292358848], [40.98521195186429, -1.9495011409357856], [40.98475267846658, -1.9512178774780709], [40.98474821275565, -1.9513784077486984], [40.98907355138472, -1.9566045026333703], [40.99047820127059, -1.9682026242738246], [40.989929741395656, -1.9744275179770836], [40.991882816442576, -1.9838273250547624], [40.98929204620368, -1.9831851907443723], [40.98526099727024, -1.991666428774528], [40.98385198366981, -1.9970262503799354], [40.9838876329144, -1.9973740514897391], [40.98968445709428, -2.0029300970154926], [40.989318838322404, -2.012815926213067], [40.98327674190483, -2.0134267957077956], [40.98327674190483, -2.01757823324475], [40.98931883832241, -2.0217876041723573], [40.98852507795557, -2.0261843280236738], [40.99047820127059, -2.0278921136203256], [40.990906248815286, -2.0330201310092435], [40.99609221978367, -2.031495095213321], [41.00128256672572, -2.0316154987758677], [41.0068965951889, -2.027892162120852], [41.01068237789116, -2.0322888399109633], [41.010499520922394, -2.0349107771075534], [41.0068965951889, -2.039673059130056], [41.00927776575007, -2.0436996613822944], [41.01287623079048, -2.044372965184387], [41.0205057642622, -2.04132293186933], [41.024291562602244, -2.0355840778137915], [41.02868820996511, -2.041626150172449], [41.03131018681675, -2.0368058961889166], [41.036924168457524, -2.030210847057661], [41.036924168457524, -2.0258810693266858], [41.04272542434729, -2.0208734903728836], [41.04107562018184, -2.017029767454244], [41.0446785291711, -2.011901796910768], [41.049681625399124, -2.0119018259303387], [41.05267368894326, -2.0081784780649885], [41.05291893178371, -2.0042098479263024], [41.05932670693333, -2.0042098614333046], [41.062073520083, -1.9895037227664665], [41.06652812887716, -1.9852274671993977], [41.06787035539029, -1.9805900067472284], [41.070924805360434, -1.9810805195084842], [41.07727012286279, -1.9747931705683177], [41.08312935005248, -1.9741198600932828], [41.08929630571369, -1.9702760795530005], [41.1029055117047, -1.9666151649706618], [41.10369920785825, -1.9620981210647093], [41.109130387152035, -1.9635027066111979], [41.11267088651925, -1.9602030013117817], [41.11609102263694, -1.9697276059205828], [41.12030041999541, -1.9691167028544692], [41.11889583738744, -1.9639887873625634], [41.123109710724925, -1.9592264503350858], [41.12707381781571, -1.961487201027219], [41.131287694583605, -1.9594137024562015], [41.13452048279033, -1.9611215416523637], [41.14269850082614, -1.9542233137154934], [41.14349225148952, -1.950807635412723], [41.1489278914886, -1.9525155231547568], [41.15527319684478, -1.945617277188447], [41.16387924090845, -1.9387190353569574], [41.16467292330935, -1.934812874145216], [41.16247459287451, -1.9307862757708525], [41.16790579127591, -1.9301753946438238], [41.17273053363617, -1.927611403201211], [41.171874421288486, -1.9238301096602244], [41.1774884114384, -1.9254755065505205], [41.177671265893295, -1.9226082769005823], [41.181274213748814, -1.9191881681218745], [41.18768192747636, -1.9160177763750723], [41.192872348158666, -1.909177484727762], [41.195922334758016, -1.9088743001420505], [41.202882986687555, -1.8977042167983167], [41.208497024181156, -1.8983775284462792], [41.22051876236769, -1.8906231911309825], [41.21972502503568, -1.8945917767366225], [41.22271704638248, -1.898194748895365], [41.221923340156636, -1.9021008730655606], [41.21807962514199, -1.9047228618113206], [41.218324839482165, -1.9093023283579051], [41.21837836016814, -1.9092533117004329], [41.21854336918231, -1.9077193795126848], [41.21811528020176, -1.9047184106434658], [41.21940398453812, -1.906359335398847], [41.219524365355554, -1.9082812169850307], [41.22772015790417, -1.9013071561758874], [41.23449803056624, -1.902404105095105], [41.236509041708, -1.904294767296322], [41.23529171211706, -1.9108897711286092], [41.23827937700372, -1.9138194197815506], [41.23809648991549, -1.9183944614030157], [41.244691545228974, -1.9150991626177223], [41.243532182069956, -1.9111930088824451], [41.25128206922011, -1.913819400520616], [41.25030553703719, -1.9202895849947563], [41.25250387911623, -1.9248066302802236], [41.25012268920638, -1.929198834785134], [41.24742496293793, -1.930710512150575], [41.247291153803964, -1.9323915726427638], [41.245873186512135, -1.9347593750430792], [41.2447717884892, -1.935370240692142], [41.24272949660744, -1.9352944597002513], [41.24129370866073, -1.934674617705989], [41.24092358472246, -1.9346478816851622], [41.239184528998074, -1.935954409877521], [41.238725248011285, -1.9375329119218307], [41.237200211913205, -1.9391515859262476], [41.2363708373051, -1.9395172244031424], [41.23711995780866, -1.9412830380306094], [41.24151667093821, -1.9437845619803207], [41.237302771432525, -1.9497062573457318], [41.24627899154119, -1.9475079403591156], [41.25012268920638, -1.9395751970712278], [41.257324189345326, -1.9338987770252867], [41.25988811938612, -1.9332254442356438], [41.26348663331216, -1.9365831100675368], [41.26727238150107, -1.9343268015945232], [41.270081609741254, -1.9370112306884102], [41.27710030988066, -1.9368283994696731], [41.2800923311823, -1.9384158409081476], [41.279115765531415, -1.9420187519408743], [41.282103389938584, -1.944520334468128], [41.28088161354317, -1.9473251136364427], [41.282103389938584, -1.9548966691126373], [41.27490193809584, -1.962709017009343], [41.27710030988066, -1.9694823542712714], [41.27657408729, -1.9745345178355636], [41.27709134805266, -1.9765456149014844], [41.27736334272243, -1.9816021884016641], [41.28668289899752, -1.971983925185242], [41.294923308517156, -1.9674088946049904], [41.29730442939952, -1.9591060503793278], [41.303284081465364, -1.954102920534106], [41.30932617259411, -1.9533672075395556], [41.31268390010529, -1.9550170708781345], [41.31347762104505, -1.9498890606751704], [41.320130608465504, -1.9465938279274124], [41.323301020988914, -1.9431781666524957], [41.32128999130454, -1.9406720952975838], [41.32348829807275, -1.9343268087684309], [41.331907081132115, -1.925109886582751], [41.33929582859731, -1.913391340907644], [41.34228344653027, -1.9113758531286453], [41.35107230683002, -1.9103992665357867], [41.35027858555261, -1.9078977085026185], [41.35510331219457, -1.901427600196998], [41.35607984889534, -1.896910490203568], [41.36267039257548, -1.8892229990757359], [41.369323396714, -1.884826369658183], [41.37091082009331, -1.881713873966416], [41.375673124241956, -1.8787218067376525], [41.37707334651822, -1.8760998544219163], [41.382691772734724, -1.872068850998733], [41.386718346989944, -1.8707890923584263], [41.38909952281389, -1.8662720418016512], [41.37908886148724, -1.8662095788152957], [41.37487944794852, -1.8608988270859428], [41.37048275017346, -1.860898824191477], [41.37207021693168, -1.8563861949096083], [41.38049343212544, -1.8552848126870352], [41.38452001274203, -1.8637080641036023], [41.387512083602374, -1.862000182857064], [41.39367452788472, -1.8543706781037808], [41.39227441805577, -1.8499740028167864], [41.39507918851433, -1.8450912908080392], [41.40472419712784, -1.837827395721995], [41.410280224614176, -1.8312993062453775], [41.41552861832272, -1.8272102783438153], [41.42309572518712, -1.814573225848032], [41.421873906420544, -1.8109122880551498], [41.42907531962778, -1.8015125199818658], [41.43768144208777, -1.7969954455173514], [41.450073233020575, -1.7833862652571129], [41.45269969371449, -1.7791144117139266], [41.45770281116773, -1.775391102408136], [41.46191220466818, -1.7691037750672451], [41.475097773028246, -1.7570820156055256], [41.477296105217874, -1.752805745298502], [41.482481984978214, -1.7474994285484484], [41.49047716646946, -1.7446277686215828], [41.493286430333136, -1.742005774318833], [41.494691008690644, -1.7365121736829465], [41.50128157412332, -1.7244280238442806], [41.5098876062984, -1.7142924776750963], [41.519715490911786, -1.7000099827932198], [41.531679232797316, -1.6887819601221776], [41.537110450855465, -1.6848133426707266], [41.54687585770054, -1.6752931595890983], [41.55248987210781, -1.671507421370884], [41.55509843253396, -1.6686669457362984], [41.5560928631592, -1.6673114168977272], [41.55918296758, -1.662031809268215], [41.55917405120895, -1.6619649333397393], [41.55916513483645, -1.6588926364910273], [41.39510036095817, -1.6727905396158642], [41.23103556491864, -1.6866883970300863], [41.06697067196495, -1.7005863174041351], [40.90290585632323, -1.7144842409114667], [40.72916372061901, -1.7940858560727981], [40.55542151424433, -1.8736874909923535], [40.381679305681985, -1.953289161449516], [40.207937172819285, -2.032890769900949]]]]}, "id": "0000000000000000079c", "properties": {"shapeGroup": "KEN", "shapeID": "32016919B38538724963648", "shapeName": "Lamu", "shapeType": "ADM1"}}, {"type": "Feature", "geometry": {"type": "MultiPolygon", "coordinates": [[[[40.17388742963864, -2.776490474726358], [40.17712473279766, -2.772401516608978], [40.17388742963864, -2.7711172948796676], [40.17388742963864, -2.776490474726358]]], [[[40.16827347526283, -2.7877809362445163], [40.17407028164137, -2.7882090133211657], [40.169129567002145, -2.785096534362701], [40.16827347526283, -2.7877809362445163]]], [[[40.15930173157766, -2.9345700508095396], [40.16412198997012, -2.9381730531813477], [40.16290466277471, -2.930726304510669], [40.15930173157766, -2.9345700508095396]]], [[[40.161317235158236, -2.783509110647771], [40.16570949910387, -2.787477718607383], [40.16528143021716, -2.781310791800642], [40.161317235158236, -2.783509110647771]]], [[[39.97808831439096, -3.3602314081341325], [39.97949292409846, -3.364623598811325], [39.98528976525925, -3.3580910410026066], [39.97808831439096, -3.3602314081341325]]], [[[40.17407028164137, -2.745727130126692], [40.18249351366512, -2.7451162376927005], [40.180906061185375, -2.7396850724019983], [40.17767325732479, -2.7407820311455], [40.17407028164137, -2.745727130126692]]], [[[40.15771428616822, -2.9614272643710975], [40.15887369479222, -2.9677725528773116], [40.16131723515824, -2.969422425265647], [40.16107202661361, -2.961913298139834], [40.15771428616822, -2.9614272643710975]]], [[[39.948118675304734, -3.360597048826591], [39.954713744473054, -3.3657829598035667], [39.95928875926544, -3.365417327133641], [39.964113517380966, -3.3568737105555058], [39.96032773908028, -3.3569940716802744], [39.948118675304734, -3.360597048826591]]], [[[40.16711409319433, -2.8718260584032524], [40.17028898795754, -2.881225837288179], [40.17061895305628, -2.8780866466983266], [40.1705966223003, -2.8779038168430837], [40.17066353646363, -2.8776630334688966], [40.171055962705346, -2.8739709207417703], [40.171029181609434, -2.8736944349565685], [40.16711409319433, -2.8718260584032524]]], [[[39.9675291953687, -3.3449099066167096], [39.96850575055588, -3.348816104570175], [39.974119715673126, -3.3510144180100827], [39.97584096480018, -3.3490524650339957], [39.97551540940965, -3.3484994886697965], [39.97502495799236, -3.3464438412678033], [39.97387891078141, -3.344606706126526], [39.97370053906903, -3.3425109099893198], [39.97274631586789, -3.341124175982007], [39.97257240606428, -3.3409993110821006], [39.9675291953687, -3.3449099066167096]]], [[[40.17856059786832, -2.7177284620275626], [40.17468121562644, -2.7241228121032535], [40.17608583255483, -2.726316663243201], [40.17431551480871, -2.731078997647405], [40.17407028164137, -2.7373039332183082], [40.17712473279766, -2.736693033387444], [40.18011680794172, -2.7327868079974507], [40.18127617129616, -2.7285774276188905], [40.18072323015777, -2.7235118771053384], [40.17730757486773, -2.721679235799416], [40.1790600041153, -2.7183616352826356], [40.17856059786832, -2.7177284620275626]]], [[[39.21737015779537, -3.0729270807220317], [39.15588358844692, -3.3157072640479064], [39.09228347964113, -3.567075728346697], [39.19610467301905, -3.5676866474103233], [39.299925930370115, -3.5682975021474577], [39.30609291247823, -3.5667100727182794], [39.31488178126319, -3.5629867010095286], [39.31890834464774, -3.5637804690307284], [39.3184802450706, -3.570799095521269], [39.3206785889171, -3.5770284091359743], [39.32672066863214, -3.5872799001508553], [39.338684436366165, -3.590700023098012], [39.34448126007525, -3.5952126451070017], [39.347107707424115, -3.6002202518839783], [39.34790138932914, -3.6051029697117305], [39.34527497525837, -3.6199963478779917], [39.344115620622006, -3.6298821382069257], [39.342528229968245, -3.6356790100679164], [39.34832952545708, -3.637025639431162], [39.352904543074104, -3.645203651401827], [39.35449198729075, -3.652708297361812], [39.35211084543983, -3.6716906661780673], [39.353698230647865, -3.6923809079851475], [39.34991249578488, -3.6920153033514453], [39.347107707424115, -3.6964743882585775], [39.34667964208437, -3.701111860048333], [39.353270210353664, -3.70648057887329], [39.35211084543983, -3.7127054807764996], [39.35571374038636, -3.7150866893725123], [39.35687311771369, -3.721373984431312], [39.35650747147656, -3.7266847649488204], [39.35992314605503, -3.730408125911814], [39.372680665522, -3.7395002408430114], [39.380921079791484, -3.7379172672969334], [39.38787722422314, -3.735411221565636], [39.39093175118873, -3.735411228067748], [39.39251917945439, -3.7594012254817413], [39.39172543082265, -3.765198028042568], [39.38391314725544, -3.7664778202877045], [39.380493008413865, -3.7705088459048466], [39.38787722422314, -3.774718235541742], [39.388488173197985, -3.781313245799942], [39.37847750583397, -3.7854022533915592], [39.375489845282736, -3.7896116211311464], [39.378905511914276, -3.7946147537144834], [39.377318133303945, -3.8065785212470944], [39.39129735436922, -3.816892422703699], [39.39672855949888, -3.823487389278619], [39.401673724322805, -3.819398425958088], [39.40747056330179, -3.8223280225528184], [39.41412350314702, -3.818907930762989], [39.42028604189928, -3.8193984380772936], [39.4304795298757, -3.8292842135398977], [39.44512764435494, -3.847472923331151], [39.4536757772885, -3.8541258783036163], [39.46612559723984, -3.857786824276595], [39.47729560920731, -3.8715208329069175], [39.48352051942337, -3.880189351847119], [39.48931732367575, -3.8806173972531726], [39.49432493460913, -3.8842783468488022], [39.497071712775934, -3.8937985140747737], [39.50012175653116, -3.9013076352314893], [39.50707793855107, -3.9038092005574514], [39.50952152294227, -3.9078981922764955], [39.51568400824637, -3.9103997460054414], [39.52032591043882, -3.9161965870095465], [39.517516707736824, -3.920713642833633], [39.52069154333116, -3.9277946934137304], [39.52789303776681, -3.9298101921256983], [39.52789303776681, -3.9364007514067167], [39.52532904594905, -3.9459833597690586], [39.54431144813772, -3.969117199963778], [39.5454707889523, -3.9774155700973686], [39.540708485970065, -3.9860840593275206], [39.54272402478838, -3.9913948585745835], [39.54773158306528, -3.9860840449799224], [39.55389405408627, -3.9832168438518343], [39.563721942195016, -3.9868778102789713], [39.56737837150409, -3.992777176460372], [39.56951873924655, -3.987181042092727], [39.57391540020984, -3.9854107325091364], [39.56811412634818, -3.9788201763130195], [39.57012963968853, -3.972229632054474], [39.58288714407552, -3.9675921873614146], [39.584291736442474, -3.9627094484315344], [39.590882313606436, -3.9556863831008076], [39.59692437806795, -3.9511113716497506], [39.60528522634366, -3.9525159320439682], [39.607911629148475, -3.957273826425323], [39.61810511953506, -3.9567253443701076], [39.62310822292248, -3.959592531836514], [39.62927065756942, -3.961425228383507], [39.64068598605065, -3.9556864024260907], [39.64367806922298, -3.9566049422403577], [39.650085810831875, -3.957581490128601], [39.65033104962457, -3.954406629698449], [39.647945403257346, -3.951004296001854], [39.646728051611554, -3.947388007683066], [39.64972015592818, -3.942322474288573], [39.64849835032982, -3.937988202130178], [39.64990294427479, -3.9340195928333457], [39.64331237622396, -3.932311805221122], [39.641907789301996, -3.9230947887013152], [39.64892638670226, -3.9226087882511522], [39.67047280803033, -3.918702616047664], [39.676086778530845, -3.920896477399103], [39.68408197433119, -3.92248390249881], [39.6889022346089, -3.9218730386206935], [39.690306849361846, -3.9191262211318176], [39.69091773301827, -3.9066184565335735], [39.69390981027336, -3.9113138813907353], [39.697691113660525, -3.910399741745809], [39.70111124141913, -3.9056998768887388], [39.70867839165913, -3.9052138014777222], [39.70867839165913, -3.897704700271863], [39.71771247359487, -3.892576736503707], [39.7166735090795, -3.8995953196065063], [39.71252660093037, -3.906127908202142], [39.71191569653918, -3.909119956590854], [39.705503468542986, -3.9149168009642477], [39.70425940333782, -3.919037058924677], [39.704473424322686, -3.918930004745629], [39.705681842023075, -3.9172444757354694], [39.70617683161237, -3.9171820583035757], [39.706671738522644, -3.917115169123205], [39.70561047695682, -3.919237702625623], [39.70375999190533, -3.9206869126561954], [39.703492462443656, -3.9215697993495757], [39.70410329344222, -3.9270009799823953], [39.71112194443904, -3.930479061693533], [39.709472096737194, -3.9395756479702646], [39.71410957416438, -3.946594301781151], [39.72552487175922, -3.94952391070081], [39.73028713257244, -3.945983368496832], [39.73571836481708, -3.9453145335988533], [39.744079135349374, -3.9517802177615713], [39.751525871251516, -3.9537957385480107], [39.75891014517615, -3.9494035004091486], [39.764283338654096, -3.9495238928266763], [39.77191286676492, -3.9415287565675654], [39.775511340199955, -3.9362803521312584], [39.77929711234879, -3.92700100974039], [39.77947998597258, -3.923277640988685], [39.78308288537944, -3.9157105274818704], [39.78588768253206, -3.905517019095757], [39.792478247802066, -3.8933124520452354], [39.79791393014233, -3.884581578513193], [39.80047788603217, -3.8786018898364034], [39.812927674750014, -3.855222852769869], [39.81311052605182, -3.852904075087351], [39.81750271950177, -3.8424073694031913], [39.82312118946301, -3.832887193469233], [39.82952893094432, -3.8179937938066173], [39.829711732378975, -3.8068237337992907], [39.83569142347274, -3.7935802306651385], [39.83648512759686, -3.788572656095249], [39.839111524242114, -3.7824101764272657], [39.84008803248132, -3.776185297222489], [39.843503725175275, -3.768493343501846], [39.843503725175275, -3.7620231359848506], [39.84667862107418, -3.754821742352027], [39.850281549790616, -3.744017306843721], [39.85290350419437, -3.741270488926834], [39.85668933352384, -3.7230238554790698], [39.86138916963794, -3.716063192966221], [39.86141593196625, -3.715621777886653], [39.86029229643776, -3.7125850886438063], [39.86547817533946, -3.705075997867909], [39.86969206729271, -3.69299184190285], [39.86803771523018, -3.6816701886277703], [39.866557297924956, -3.6797661052781003], [39.86623178176622, -3.6788297322041563], [39.8663120623118, -3.6770772608681885], [39.86407358431638, -3.6754764841612433], [39.85687213178367, -3.6771842979837803], [39.85449100204323, -3.6791998067828855], [39.83868348240131, -3.6740094080643106], [39.84051614294256, -3.672974944257232], [39.84570206170162, -3.675721726938668], [39.85449100204323, -3.677612391124505], [39.85748299891992, -3.675476476126596], [39.865112551606224, -3.6744999514844916], [39.8671280456453, -3.6701032738374475], [39.868104574465136, -3.664186046942857], [39.86698537883702, -3.6516871873785335], [39.8655941636919, -3.6488645411441474], [39.86451502398456, -3.64754914711166], [39.864367877785156, -3.645564829400047], [39.86356080396791, -3.643540364447458], [39.862869634499305, -3.642095632208109], [39.862379132487526, -3.641507035551946], [39.856573406648046, -3.6407757210549843], [39.855026071697885, -3.640102446619909], [39.85152122877049, -3.637418070891318], [39.84895722474995, -3.637574115726556], [39.84812780940005, -3.6349789279653475], [39.85024143818229, -3.6347872032893314], [39.848694098940925, -3.6340960193279894], [39.84369103788199, -3.635679016128337], [39.83770687309085, -3.632200900481818], [39.830077412122726, -3.633971169103452], [39.82568518372272, -3.6333022769482124], [39.825319556107445, -3.636900783304898], [39.8220822109566, -3.63897873857629], [39.819090199321494, -3.64502081221773], [39.80932473234603, -3.6447755631584955], [39.80450445230432, -3.6436162124633573], [39.801512362512405, -3.6397100452424285], [39.79687491436497, -3.6419083438367155], [39.79308913314776, -3.6370836106348703], [39.79308913314776, -3.6320180508066637], [39.78912498717234, -3.6301274087800697], [39.78851414068659, -3.627501029239966], [39.78350652465247, -3.6224978659316958], [39.77947998597258, -3.6209104292842165], [39.78411742129182, -3.616701077774357], [39.78887975355166, -3.617918387247502], [39.794676620720296, -3.6253071044667315], [39.8048701263802, -3.622983930948944], [39.803527922871915, -3.617369918543111], [39.803710723836495, -3.6116935072537646], [39.79589834123477, -3.6105965435210425], [39.792906300323416, -3.6121840167492087], [39.7797252573853, -3.609677983267644], [39.77148482411569, -3.5974109571009625], [39.77227850052541, -3.591676615562222], [39.77111918560145, -3.589598670992748], [39.77832057206613, -3.5800784503655056], [39.785704906694754, -3.5776972980244337], [39.78692664982232, -3.582397215182827], [39.780090844344784, -3.5844127089693316], [39.77832057206613, -3.5958235630378454], [39.77832057206613, -3.6029045895164673], [39.78149548891056, -3.607912165470344], [39.787720361131214, -3.606873227068066], [39.79827956520538, -3.60162486777321], [39.81390421058325, -3.6018076703296042], [39.8197010534792, -3.6055890086479967], [39.82373208169642, -3.60967796946613], [39.82507431109583, -3.614074623303972], [39.830077412122726, -3.61987147925275], [39.83447403442001, -3.6201167225414537], [39.840516142942555, -3.6243885298990626], [39.84387387525232, -3.630796253346546], [39.85168622434402, -3.630796250696584], [39.85687213178367, -3.6334227111088797], [39.8635250959617, -3.633177446017178], [39.87029848957788, -3.6271978026190723], [39.87487800628332, -3.618408879832343], [39.87567166929094, -3.614195026292585], [39.8812857048712, -3.607301292835703], [39.88708702724916, -3.5932015995579145], [39.88909802591362, -3.590575191295606], [39.893311924504275, -3.57940516657032], [39.893677535169225, -3.574830093759081], [39.89691035991871, -3.573487909404132], [39.90527121422775, -3.5554196229408235], [39.90948508590954, -3.5410747062714902], [39.91528190532011, -3.5244734433198883], [39.917297378383296, -3.5214234399296815], [39.92248332170884, -3.5059191541762162], [39.926331524628424, -3.490419336482089], [39.93591411962776, -3.474794655386489], [39.93591411962775, -3.472413463017015], [39.9403063663073, -3.462219941973857], [39.94128289159203, -3.4577029138905595], [39.94732502109628, -3.4481827051981275], [39.95007177103566, -3.4412844610680575], [39.956907578870656, -3.4280989221407587], [39.960082491309585, -3.41778499721144], [39.96691826255414, -3.406494559217841], [39.96765846350934, -3.402606252429416], [39.96708772299429, -3.402499215394869], [39.96644113837004, -3.4019239891260837], [39.96600420212543, -3.4007735680915707], [39.96626282301025, -3.3991281416281414], [39.965090049502386, -3.3983166146030213], [39.96540218544838, -3.3906647809530575], [39.96319941446593, -3.390294641399234], [39.9613934191784, -3.3891932700806637], [39.960987709202634, -3.3857820284543694], [39.95971681171276, -3.385193480560389], [39.95587308504452, -3.385679506184549], [39.950682717634336, -3.3825090696524245], [39.94787792339694, -3.37707343500911], [39.942870348331766, -3.378295205154276], [39.93792522129296, -3.3853762801464473], [39.93627978657881, -3.3833027873734376], [39.943115587633265, -3.3753031794866617], [39.94067200668602, -3.370973395354923], [39.93707350748699, -3.372926437123593], [39.9340814403633, -3.3695063544876978], [39.9392718232705, -3.36437836336949], [39.93707350748699, -3.3602893692480036], [39.93707350748699, -3.3482052228034367], [39.93951260947248, -3.345092783965011], [39.94549676325431, -3.3449099039379844], [39.947507781141, -3.3477191482394], [39.954102838654286, -3.3433849217563325], [39.95532017757633, -3.339781962210469], [39.9489123974541, -3.334899272666601], [39.94927806412136, -3.3314835516143955], [39.95428565655159, -3.326110363039199], [39.96771197260408, -3.3215932900608776], [39.971680601247115, -3.3189089015003956], [39.97747741018622, -3.317504306418384], [39.98492416013149, -3.3178119591428548], [39.989927228380395, -3.316773008148702], [39.9888927525192, -3.313718540231513], [39.99627701265925, -3.3125012019598925], [39.99310212586924, -3.3192745337532696], [39.989927228380395, -3.3201886994661205], [39.98988266695031, -3.3202511034578754], [39.991786718499675, -3.32051864119711], [39.991336339346, -3.321686911148419], [39.98979346567579, -3.323590963867508], [39.98570001104619, -3.3277290000461237], [39.984050160651115, -3.3306408135971277], [39.98388513396616, -3.332602801401364], [39.983885133966155, -3.3336774467678034], [39.98932082985356, -3.3406960846626776], [39.992674075400046, -3.3499130715164376], [39.99011455832003, -3.3533956253134556], [39.99169752004403, -3.3566908492312457], [39.9904802102743, -3.3610250968282402], [39.994689551026745, -3.361025129731801], [39.99652226987083, -3.36370950874873], [39.992919268969935, -3.3671875843183816], [39.989927228380395, -3.3649892944890674], [39.986877239609086, -3.3673080154946393], [39.9824850127891, -3.3649892786633986], [39.97306295576322, -3.3722308537135257], [39.97312977737928, -3.3730825433716376], [39.97150222303362, -3.377568418474458], [39.97183218706139, -3.378696523609379], [39.97150222303362, -3.3804846534929927], [39.97099387748411, -3.3815414605027785], [39.970124376530066, -3.382308393194155], [39.97062826400502, -3.385585877013556], [39.97047667516532, -3.385853382012659], [39.97430255127603, -3.386107549608611], [39.9824850127891, -3.3789061433220775], [39.992674075400046, -3.371887477321923], [39.99768159001107, -3.367490816140776], [40.00628765982408, -3.3582783168437076], [40.01251257548879, -3.355897171613683], [40.01391724379541, -3.35388161431935], [40.02209518618583, -3.3527847308989926], [40.023071718130474, -3.3483880608007617], [40.04010102438079, -3.3391710666028156], [40.05309929529811, -3.3330085876080435], [40.05749599067692, -3.3301993418428064], [40.06567402607698, -3.322815066351341], [40.07012861472559, -3.320313510749004], [40.074890921530994, -3.3156136438103054], [40.08770643838298, -3.3107309067216892], [40.09991541656495, -3.3029185670403605], [40.108521459065436, -3.2960827698145962], [40.111696343859805, -3.294495356435239], [40.11950868318864, -3.2866829695236754], [40.121885459411786, -3.279481537532811], [40.1244449108196, -3.2754237379975226], [40.12417290496105, -3.274607731768277], [40.12420416108358, -3.274344673421102], [40.12267915581183, -3.2722176498148317], [40.12408374678173, -3.267580192938758], [40.129697795825926, -3.2600086708164695], [40.130981977718555, -3.253199597206021], [40.130375518523856, -3.252472765065311], [40.129354399848665, -3.2501005044591906], [40.12879253883015, -3.249338042401179], [40.127405795410034, -3.2488787493135236], [40.126647714156455, -3.2471976384749612], [40.12687071699945, -3.245775183500216], [40.12548838288671, -3.245115263159703], [40.12750385613554, -3.2247906464527833], [40.12512269308688, -3.216675128589683], [40.117493174817106, -3.2072752965012707], [40.11669948772334, -3.2017817124107437], [40.1190806736963, -3.1870131716070427], [40.12371812652938, -3.177002481061911], [40.13207893284923, -3.165587163062479], [40.13348353730048, -3.1616230719185046], [40.13258724440257, -3.159580790403613], [40.131731097120785, -3.15852395304366], [40.13199423987993, -3.158238572053011], [40.13012580743492, -3.153993536807102], [40.13592710157601, -3.1566154604279824], [40.13812104446832, -3.1557013349054435], [40.14648631857273, -3.142274999369123], [40.15368773164552, -3.134092566888098], [40.159912660716806, -3.1287862203681347], [40.161500047624266, -3.122498874734991], [40.15991266071681, -3.1165772285935485], [40.159912660716806, -3.1077883310472467], [40.158690874276765, -3.0955793225098174], [40.153076816862736, -3.082884258523299], [40.15771428616822, -3.0744030280582106], [40.16052350550613, -3.0719014506106466], [40.16967808703339, -3.06732199993705], [40.17211720274533, -3.063108121250982], [40.17204583978603, -3.062216316207765], [40.17072147141952, -3.0603479640991558], [40.16990990843045, -3.058216511681244], [40.16981628986093, -3.0566959124018456], [40.16870152266911, -3.0548097315881524], [40.16888431249851, -3.0459004259308404], [40.172117202745326, -3.038877367466088], [40.17968876444571, -3.0305789668514156], [40.184081001904744, -3.0283806380322242], [40.19286981264612, -3.0264275837817123], [40.19488535189755, -3.0244744505498584], [40.195313442274305, -3.0139777252587776], [40.198301013730315, -3.008787349675364], [40.20471324981937, -3.002379603901797], [40.20971632269172, -2.999512447475459], [40.2191161171476, -2.9989014993143996], [40.22387841094374, -2.9967031900328376], [40.23132514161984, -2.9899298177795943], [40.233884654398615, -2.9896221494857858], [40.237487596911, -2.992921876844311], [40.23968599029664, -2.9896845469968945], [40.240805199251376, -2.9851496679904], [40.24042173354654, -2.983000384922417], [40.24018979681335, -2.9792279555437324], [40.23919099233075, -2.9783450742021054], [40.237532208228735, -2.978461008437127], [40.22959944595008, -2.980061818094274], [40.22954149028508, -2.980164367106463], [40.22962620069965, -2.981582365535831], [40.22886372461674, -2.984057180567779], [40.22843119547059, -2.984819667313619], [40.2269909170158, -2.9856936545363943], [40.22556394292994, -2.987303394322485], [40.225804751598474, -2.988364688736484], [40.22546144098484, -2.988917612095735], [40.221992262145534, -2.9908707083755735], [40.21835358421368, -2.993648682321489], [40.21597245872723, -2.9935595251104306], [40.210969365956934, -2.994241794958557], [40.20547572357856, -2.9930378143676912], [40.20117270274493, -2.992828218782266], [40.20066435122728, -2.9930690382749447], [40.198947598731394, -2.9927167627966975], [40.19747609062198, -2.994669847328572], [40.19552744728472, -2.9946297177697336], [40.19338267957521, -2.9955973024044193], [40.190288005738, -2.9958068874279338], [40.189275795734645, -2.9960477285365017], [40.18830821678721, -2.9968057514809274], [40.18576649090683, -2.9962260829189447], [40.18371528071426, -2.994861575705825], [40.18371528071426, -2.996885986678771], [40.1779184756659, -3.010009175651885], [40.171693552240555, -3.0156856050294047], [40.16729688789061, -3.016907400206368], [40.16491574981977, -3.0299056617646025], [40.16192814365429, -3.0333258099621547], [40.15807993262463, -3.033080535079028], [40.157103412612045, -3.0278945840578704], [40.15448147414891, -3.027528948709411], [40.149291067653664, -3.0311898815656066], [40.14690991380597, -3.0363758097195777], [40.149108217776266, -3.0426007292621606], [40.14471598134708, -3.0443130383967034], [40.14349419620668, -3.033200947847791], [40.14587540818649, -3.027586945479099], [40.14208959280593, -3.0234979415087007], [40.14288333331876, -3.015993258658295], [40.14690991380597, -3.013977719740919], [40.14892544544668, -3.0103747943690515], [40.14831448191346, -3.0003061492463283], [40.149473916970905, -2.99292186930455], [40.14752081360561, -2.9855955919319186], [40.148069298036624, -2.9782692533891333], [40.151306596995646, -2.972900502267191], [40.152100293067626, -2.963317906520413], [40.15051281226214, -2.937682552788896], [40.15746906281253, -2.9348732705640335], [40.158690874276765, -2.930481093525049], [40.15728623799242, -2.923828101899141], [40.15930173157766, -2.9160157656581105], [40.15008479052983, -2.9172955023589275], [40.150878502850695, -2.9074096821348747], [40.15630970498822, -2.908203386696412], [40.162293764281046, -2.911806394977402], [40.16369843882725, -2.9022237635630193], [40.16711409319433, -2.897889487163649], [40.16949522155674, -2.888672571840869], [40.16107202661361, -2.8930067836718174], [40.15630970498822, -2.8936176824010778], [40.15588164673479, -2.8964224778367713], [40.151306596995646, -2.89782708683776], [40.14868018597117, -2.900391095035797], [40.14611614871172, -2.8978271037937837], [40.14690991380597, -2.8939208931047453], [40.14428791804772, -2.892213085214487], [40.14849733422239, -2.8873303337214744], [40.15252837844841, -2.8897695088355375], [40.154722258063565, -2.884217895463113], [40.153076816862736, -2.8818991736187756], [40.152283133778376, -2.87170569798052], [40.15472225806356, -2.871580835297434], [40.15771428616822, -2.8753041440038136], [40.15746906281253, -2.8809226556785434], [40.162293764281046, -2.8803697258721352], [40.16308754846446, -2.8732931132441477], [40.16570949910387, -2.8673714157954624], [40.16790781321491, -2.8594966515969067], [40.170288987957534, -2.8585200857646105], [40.17187641097373, -2.8521748102769564], [40.17590298673605, -2.8447281309516024], [40.17407028164136, -2.8397205231782547], [40.17791847566589, -2.832398681282356], [40.17852937020093, -2.8286753219254326], [40.177673257324784, -2.8195787811708266], [40.17968876444571, -2.8137819617432993], [40.17407028164137, -2.806825745806504], [40.17291093423278, -2.800413556020341], [40.17010612435478, -2.8007212633303755], [40.16790781321491, -2.792480814776954], [40.16607509654814, -2.792601207392698], [40.16412198997012, -2.7987057111981106], [40.15972984338553, -2.7915042844293843], [40.15527520609372, -2.7891230877504545], [40.156675360053256, -2.7860731007218753], [40.16009547748777, -2.785399775208447], [40.15789710967657, -2.7788092124296524], [40.16308754846446, -2.777707794467685], [40.16607509654814, -2.7794200925596044], [40.16747976011014, -2.7741093206602288], [40.16192814365429, -2.7628188543398857], [40.162293764281046, -2.7568971732629373], [40.166503159737246, -2.760803360561827], [40.172299982101514, -2.7611065717234697], [40.17388742963864, -2.7570175902704985], [40.17108266571029, -2.7529285960081977], [40.17071702089255, -2.7482911059600763], [40.16747976011014, -2.7423694251697945], [40.163881243994446, -2.7423114784857665], [40.163511103945986, -2.736024160100837], [40.156675360053256, -2.729674365599712], [40.160278293698426, -2.7285774403374856], [40.164487675235016, -2.7310165478186783], [40.16607509654814, -2.726807161529076], [40.16247665184413, -2.717590214221507], [40.164674928961205, -2.714174549844779], [40.170288987957534, -2.7144153484732074], [40.17407028164137, -2.7166136775273046], [40.17568446104422, -2.7136662172541635], [40.104192836675885, -2.6127634308228496], [40.032701167575, -2.511860690575321], [39.961209525867574, -2.4109578844973822], [39.8897179036831, -2.310055160719818], [39.80581372032265, -2.404941995006728], [39.72190961010979, -2.4998288875165335], [39.638005526853135, -2.594715808940551], [39.55410142060915, -2.68960269836663], [39.470197316674934, -2.784489577079114], [39.38629315795081, -2.8793764342975248], [39.30238904200338, -2.9742633354611496], [39.218484904926854, -3.0691501931296004], [39.21737015779537, -3.0729270807220317]]]]}, "id": "0000000000000000079d", "properties": {"shapeGroup": "KEN", "shapeID": "32016919B27781338411646", "shapeName": "Kilifi", "shapeType": "ADM1"}}, {"type": "Feature", "geometry": {"type": "Polygon", "coordinates": [[[39.07511144269566, -3.0411336717564064], [39.068445125489994, -3.040179445218748], [39.06078438617209, -3.040665470857121], [39.058385391566325, -3.0395328726542252], [39.05366314075522, -3.0335442835613597], [39.044736053558424, -3.031024896008462], [39.0426447597538, -3.027738557787482], [39.04406276605969, -3.022887005659124], [39.04177073624765, -3.021179198981355], [39.03434188832521, -3.024238150656044], [39.0273276958268, -3.0204434534946754], [39.02287750087832, -3.0207154403443464], [39.01493586886097, -3.024590382915362], [39.006771261874384, -3.025785438981197], [39.00097892328371, -3.02455916407013], [38.99033951818948, -3.0268065583652874], [38.985884838925244, -3.034257753418276], [38.980614210439455, -3.039296528400957], [38.97054995662977, -3.0406967082971357], [38.95229887511529, -3.039180601539984], [38.94570830465468, -3.036531883245107], [38.93709782178625, -3.0345787796226245], [38.93149275760076, -3.0404157295352867], [38.924661367776906, -3.0402864459236225], [38.91673313632092, -3.0445404222599057], [38.90682055628804, -3.042961932340455], [38.89948085773812, -3.039336667728014], [38.89355911047601, -3.038520655285326], [38.88773111996725, -3.041374473284609], [38.86445017049805, -3.0570793879122724], [38.851104076039135, -3.0611416430423306], [38.847349481461436, -3.060945453990394], [38.8446829351484, -3.0544084425491818], [38.841280635584766, -3.053476455264505], [38.835911909727514, -3.0594293921306615], [38.82701155397158, -3.0604193078824853], [38.821308338164606, -3.0655517331830215], [38.808631093933336, -3.068601732172733], [38.80163925686325, -3.067469137328526], [38.798375183425684, -3.0640088322430548], [38.797906935205795, -3.0609588679662014], [38.801518808674466, -3.0575609846875293], [38.806878656058664, -3.0594249031879817], [38.80985738116401, -3.0566334933033383], [38.808176248398865, -3.0526425886637916], [38.79941416193795, -3.051322701049449], [38.789314307083984, -3.0484331996220217], [38.780240027775676, -3.0487988483917254], [38.77558027874081, -3.044544880331882], [38.772588159705876, -3.0438626143688348], [38.75655773180965, -3.046083270143788], [38.74001002060526, -3.0431803890466402], [38.73349972033146, -3.0425472336689348], [38.72765386949541, -3.03832890731119], [38.714905252673674, -3.0348641665894136], [38.70817645827151, -3.0320728045053076], [38.70336509176646, -3.03249641459721], [38.696903893339176, -3.0369198382039113], [38.69086622221888, -3.0375218004702256], [38.68461017189609, -3.035385870544113], [38.670992074198075, -3.0370892929479427], [38.66520412666648, -3.0394124324957943], [38.662671358445884, -3.031515401630217], [38.65924679800235, -3.0271543609642237], [38.654141101314124, -3.0251121472392706], [38.65161278469778, -3.0209562445585205], [38.643862901027134, -3.012854032663367], [38.6366524919836, -3.011293380432542], [38.63127037342694, -3.012336814756639], [38.62611567295202, -3.0102455035027513], [38.61992194092368, -3.0098976450238264], [38.6134874722263, -3.00692345288224], [38.60930037386428, -3.006522154642385], [38.60726260504558, -3.002580303331154], [38.6101387115381, -2.995900540783743], [38.6073829323539, -2.9945940337362247], [38.60287927417772, -2.99807659018202], [38.59421967379012, -2.998553739375794], [38.584873402770604, -2.987660153655085], [38.57165660834497, -2.986090512333052], [38.564218835418025, -2.9866478914979555], [38.55707538158427, -2.9844406335216282], [38.551398921300574, -2.9810250027884235], [38.54479057701976, -2.979571332080488], [38.53897144768887, -2.9737388189661087], [38.530739932592496, -2.976035235001954], [38.52557180845043, -2.973912746401655], [38.519083847282644, -2.9748312976107716], [38.5095324707209, -2.9819480236609976], [38.496525249181595, -2.982344884747337], [38.49198143939151, -2.983151952742998], [38.488534578929965, -2.9776583673863115], [38.482648563684364, -2.982220013560848], [38.476312166124494, -2.985301257111923], [38.47031908589525, -2.98473496870815], [38.46587785416662, -2.988088204866408], [38.46318455338511, -2.9875754081912107], [38.45883246954641, -2.9910490458225767], [38.45709784678184, -2.989849526386729], [38.44871030716593, -2.972146891784837], [38.43570757426699, -2.9600181763098323], [38.42933553687929, -2.9557151173871636], [38.41782655941453, -2.9428863131031373], [38.407985370373325, -2.9278190032388944], [38.40411928326713, -2.9262360284616347], [38.39963787724495, -2.9276406214579884], [38.3954196041298, -2.9270698593258015], [38.38158302992726, -2.918196238934567], [38.351225424846284, -2.886915682082862], [38.31990471732737, -2.833147805814504], [38.2945100976285, -2.804150302910025], [38.27060935545036, -2.7700158540718522], [38.26120957227532, -2.7605269052777905], [38.23652843949179, -2.7421732448663487], [38.1977744143397, -2.7142681783153337], [38.18029027989954, -2.70135019782228], [38.16794747510935, -2.6950271835848483], [38.16421071475954, -2.689399789928052], [38.161544236816425, -2.679866205896571], [38.15931022988814, -2.682265217807401], [38.15630027261652, -2.6900329817309534], [38.15704052305393, -2.6936983692173113], [38.1499460687923, -2.6995040757952125], [38.13618087628624, -2.6992945248443374], [38.13371938096619, -2.6980995156355996], [38.12822578458273, -2.698679201569506], [38.12151483307765, -2.7041059176941857], [38.11685505533082, -2.705840458903561], [38.11547278644833, -2.712043106729299], [38.10885542536695, -2.716506652151597], [38.099219352607705, -2.720488652698517], [37.97370906966161, -2.7885835864433237], [37.94411847482475, -2.780793508769964], [37.939405134894656, -2.77697653371372], [37.91830918265764, -2.8684772760364865], [37.89512181733132, -2.8858856261746126], [37.87077516068715, -3.0774351855189077], [37.86499612787809, -3.0787952118628077], [37.85781251692436, -3.0779302029127265], [37.85414712042239, -3.0785366158960943], [37.8535005655206, -3.168200201178149], [37.85218071972542, -3.174781878688968], [37.84821657733158, -3.1819119343140048], [37.84408297445975, -3.182415840662702], [37.83703314833159, -3.1856665398540827], [37.83305112737457, -3.185519377671654], [37.827405885913265, -3.177550971162268], [37.82190784285046, -3.173488698198853], [37.81864376732376, -3.17315874298392], [37.81449680712401, -3.168744226227105], [37.810207178341685, -3.1663274233460483], [37.80482499905412, -3.1658547064570755], [37.800205407645656, -3.16694719904029], [37.79198284523044, -3.172003820225969], [37.79126934027526, -3.169921413939397], [37.69187151433592, -3.178777188458767], [37.695554765732425, -3.2016167018334865], [37.697597028327756, -3.2151947073442497], [37.698805414531925, -3.2232255470623796], [37.70088336452251, -3.237048715916639], [37.701365010981725, -3.240254809030759], [37.70291224520613, -3.2505330567405624], [37.70320215001816, -3.2524549543958745], [37.704450682315446, -3.2607577906425225], [37.706568705877494, -3.2748217561741697], [37.70717071420556, -3.278830510124945], [37.70841033191577, -3.287088746981354], [37.711103679944415, -3.3049652878056914], [37.71145147590795, -3.309072148685363], [37.70699684629795, -3.313620446319633], [37.68573584561778, -3.322980044826395], [37.68550397725817, -3.3355904340742053], [37.667400036475755, -3.3540912160978698], [37.64874312571881, -3.373408035387647], [37.64848896633775, -3.3736622059349823], [37.641274107961245, -3.380743264354073], [37.6343669693156, -3.387521107769528], [37.629555632298214, -3.3922432628402657], [37.619072255150755, -3.402534872440848], [37.607023759675535, -3.4160637980029867], [37.60146770369619, -3.422297645916272], [37.59715134001352, -3.42714019675208], [37.58530347678807, -3.440437255067191], [37.58527673743137, -3.459281389152474], [37.58527673743137, -3.459651538343955], [37.594288541933054, -3.4577519749320325], [37.59677672635128, -3.455995030262151], [37.60261372712609, -3.4569002436212837], [37.608566587936764, -3.4599012244554497], [37.61385958959375, -3.459575717542864], [37.61796638851335, -3.457457655347391], [37.62247008810757, -3.462737206806581], [37.622666261859194, -3.4666701666578463], [37.622702003601454, -3.466674605011764], [37.623330730352194, -3.4670491445607157], [37.62359375415507, -3.4670268840767733], [37.62376320009564, -3.4671294413959273], [37.62431174398837, -3.4669867553012472], [37.62465948593263, -3.4670224340724425], [37.624895861739624, -3.467223101451707], [37.62495385898045, -3.467584282804108], [37.625163428441155, -3.4677492183547693], [37.62512768795741, -3.4681907179253715], [37.62517228233089, -3.468707984981991], [37.62518121744784, -3.4692296576735253], [37.62521240911986, -3.46955518343026], [37.62517674988951, -3.4698673260653274], [37.625239214451895, -3.4704068793992873], [37.625248149560285, -3.470772487613723], [37.62539078622686, -3.4707725055977887], [37.62544878305703, -3.470982110501183], [37.62525261711406, -3.471169375174162], [37.62527934120245, -3.471664349511668], [37.62565388350599, -3.471753552494527], [37.62540418885996, -3.472489292088535], [37.62558703300993, -3.473060063816789], [37.62552010122199, -3.473153652085055], [37.62538631868193, -3.4732874658999036], [37.6253774648193, -3.473354314028808], [37.60832138215863, -3.4974201132774896], [37.60469169991962, -3.506400763552511], [37.60513314134484, -3.5118854521112053], [37.6044999446323, -3.5122600088719094], [37.60312205369027, -3.5127415917574827], [37.60206078778937, -3.513125049449895], [37.60202511675494, -3.5133390706132626], [37.60454008328253, -3.518248542217213], [37.608629067336636, -3.519202802190343], [37.619794678087736, -3.5183868171499793], [37.635316803312946, -3.5149800736874575], [37.65453105052807, -3.509820855725223], [37.65713960891134, -3.5089468894921305], [37.65745170703445, -3.508634721447818], [37.6580002299041, -3.508313718857876], [37.658299009048434, -3.5079569643033977], [37.659007954874525, -3.5079257307504026], [37.659873018151465, -3.507832135437642], [37.66039026484465, -3.507412961159559], [37.66100119717568, -3.5066459847549325], [37.661482794809906, -3.5066103367015393], [37.662379083641646, -3.5065791291639608], [37.663248570221256, -3.5060662801564892], [37.663921907467, -3.5053929627727656], [37.664885059061724, -3.5052681181917276], [37.66575459556965, -3.5050719494924163], [37.666204987024635, -3.505138800106689], [37.66652605558043, -3.505459873339764], [37.666784614138855, -3.5057452765121977], [37.6671993611703, -3.5059369965618217], [37.66756945728911, -3.5063115632878117], [37.66936202927989, -3.506128744682615], [37.6699684182988, -3.5063561419646176], [37.670048701536444, -3.506280361591244], [37.672166798075736, -3.506761914651763], [37.67306749520191, -3.506570173516749], [37.673807704320375, -3.506440867568371], [37.674258124904085, -3.506601425127991], [37.67493143696218, -3.5067307347620753], [37.67502502641729, -3.507305945254314], [37.67541301952152, -3.5078499652380355], [37.67561367117457, -3.5084340878407465], [37.67739288708586, -3.5090940257463243], [37.681472899115725, -3.5115420589282484], [37.684549713556066, -3.51084200533095], [37.693347548666964, -3.523434526323608], [37.69689699537147, -3.526034144665003], [37.70313967413229, -3.526234833603589], [37.715406670553456, -3.52846439924652], [37.71974541116717, -3.528589226174781], [37.7250963271093, -3.532776341579413], [37.72827121826628, -3.5375342045242433], [37.741510221452735, -3.5411282443972927], [37.744060865422774, -3.5425774002600248], [37.746887920918084, -3.54956038596211], [37.74690575993399, -3.549716439042347], [37.74746314578247, -3.5512369948875815], [37.74792687377116, -3.552922538967911], [37.74842189734109, -3.5557005616605277], [37.74852438826592, -3.556659275928839], [37.74868939509319, -3.5587773630729376], [37.748890078543, -3.5625452687283534], [37.74904616526902, -3.5645607601172], [37.74975961902957, -3.567209513311807], [37.74988002731034, -3.567477033970343], [37.750241169815276, -3.568600717977195], [37.7508074478536, -3.5695906661628443], [37.753451720185595, -3.574816747788423], [37.75470032197983, -3.5808053108390445], [37.75752734897337, -3.5942494619191265], [37.760853816431684, -3.6101729209237914], [37.762517111865954, -3.61787383320172], [37.7646262301042, -3.623273772124611], [37.767266003005005, -3.6299490694494354], [37.769580301627606, -3.635830587341303], [37.772906757594214, -3.644231554345849], [37.77522102975585, -3.6500461954766776], [37.77856536969926, -3.658451633091283], [37.78149945679685, -3.6658091297393316], [37.78487501860564, -3.674169966427279], [37.867577427140624, -3.7320485154034078], [37.950279804831524, -3.789927079071285], [38.03298221998683, -3.84780570409245], [38.115684576486935, -3.9056842573137525], [38.1983869369697, -3.9635628466294524], [38.28108936092955, -4.021441391427534], [38.36379174399946, -4.079319944343429], [38.44649413995448, -4.137198548557352], [38.57568094907322, -4.091020129259929], [38.70486779762727, -4.044841671327994], [38.82506955197456, -4.0018737437157945], [38.94527130912102, -3.95890585523232], [38.99105069734155, -3.8593252301569096], [39.036830063734264, -3.759744591657233], [38.927510782817514, -3.695457698114612], [38.965074245913456, -3.6317951439231497], [39.061265907317186, -3.689268473199684], [39.09228347964113, -3.567075728346697], [39.15588358844692, -3.3157072640479064], [39.21737015779537, -3.0729270807220317], [39.21780711373646, -3.0682985331713994], [39.21610376150772, -3.065578439421161], [39.202405407528666, -3.0656230659712564], [39.195953074507436, -3.0610970726591997], [39.182557978835, -3.0632953953221373], [39.177541426771995, -3.057574373319203], [39.17389840265958, -3.0567405227402404], [39.169416944695996, -3.0643388408039316], [39.164476259796736, -3.0660734271169354], [39.16240723549671, -3.064637619036751], [39.16172058832332, -3.058599972952506], [39.156151176992125, -3.0530662346622246], [39.15270871615353, -3.0467744640478425], [39.14835214678511, -3.044807967105875], [39.141931063555774, -3.0487230342037837], [39.139799609605014, -3.041543940626737], [39.13299951897039, -3.0420611387272234], [39.13210767709283, -3.032937844659913], [39.12901309268492, -3.0279525897376036], [39.1289729095041, -3.020844759279179], [39.1230512506702, -3.0196363369458754], [39.110855567142764, -3.0244253968956207], [39.10561614455224, -3.032197634395297], [39.10127302664364, -3.0367013177440816], [39.087133197266475, -3.0431402565582597], [39.08737397792398, -3.0503818740313773], [39.082357526050444, -3.0524731864825925], [39.078491429545615, -3.049235846308931], [39.078999759217496, -3.0439295408573694], [39.07511144269566, -3.0411336717564064]]]}, "id": "0000000000000000079e", "properties": {"shapeGroup": "KEN", "shapeID": "32016919B21030921481039", "shapeName": "Taita Taveta", "shapeType": "ADM1"}}, {"type": "Feature", "geometry": {"type": "MultiPolygon", "coordinates": [[[[39.24908331541182, -4.6146255993156595], [39.25128162977843, -4.616088180813336], [39.25787215009577, -4.612489654056375], [39.255490987600325, -4.609069519995824], [39.24908331541182, -4.6146255993156595]]], [[[39.240905324940265, -4.614014702027015], [39.24212706930087, -4.618224079903287], [39.24609567255613, -4.620970854748765], [39.246889363223374, -4.617127151852631], [39.24267554649729, -4.612306862955337], [39.240905324940265, -4.614014702027015]]], [[[39.22308222592116, -4.645995334986648], [39.22631953813685, -4.648314069006383], [39.2299180748182, -4.647828039860702], [39.226685228923195, -4.640381354100599], [39.22308222592116, -4.642517275224112], [39.22308222592116, -4.645995334986648]]], [[[39.29870411957024, -4.575193736051562], [39.3010853099847, -4.583496616936492], [39.3010853099847, -4.587402797749016], [39.30572720755479, -4.586118551932446], [39.310302246113004, -4.580018482205924], [39.309691405019564, -4.574400046085083], [39.30511632195169, -4.572081277739746], [39.29870411957024, -4.575193736051562]]], [[[39.429868596716986, -4.557005094105137], [39.434327717852334, -4.565918845310346], [39.43591514864796, -4.5728750447675095], [39.43465766211756, -4.573601851007659], [39.434555162253865, -4.574685389378809], [39.43485831479354, -4.575889399251288], [39.435277478440476, -4.576602847313028], [39.43553163059061, -4.578529173432742], [39.43707453948751, -4.58459352605709], [39.4362808044035, -4.58788883628764], [39.44091829009316, -4.58911057747534], [39.44207766683027, -4.584901236286355], [39.44568058938546, -4.579224766788663], [39.44927911594329, -4.578979513511498], [39.45331014466656, -4.574400037684707], [39.453916581696824, -4.570128185976153], [39.453492961246056, -4.558775353680051], [39.45532117650516, -4.558106443467761], [39.460328762314134, -4.551881594532336], [39.46008347994449, -4.5418084308335755], [39.46112242781769, -4.536622547153523], [39.4528820167897, -4.532105439412039], [39.45050083256698, -4.533202382211], [39.4478744637844, -4.540528669100258], [39.44873062746134, -4.549375559071239], [39.44488688495989, -4.553709823387092], [39.443727481506436, -4.559020581325404], [39.43749811360968, -4.556090978099354], [39.429868596716986, -4.557005094105137]]], [[[39.09228347964113, -3.567075728346697], [39.061265907317186, -3.689268473199684], [38.965074245913456, -3.6317951439231497], [38.927510782817514, -3.695457698114612], [39.036830063734264, -3.759744591657233], [38.99105069734155, -3.8593252301569096], [38.94527130912102, -3.95890585523232], [38.82506955197456, -4.0018737437157945], [38.70486779762727, -4.044841671327994], [38.57568094907322, -4.091020129259929], [38.44649413995448, -4.137198548557352], [38.539417352835606, -4.202209469579232], [38.632340590382086, -4.267220347868388], [38.72526377387888, -4.332231284853766], [38.818186979917485, -4.397242183034896], [38.91111020018589, -4.462253073558228], [39.004033342027455, -4.527263991248631], [39.096956546821595, -4.592274891563966], [39.189879791546545, -4.657285801048216], [39.19189531920211, -4.658690398900061], [39.19266676415638, -4.6619500130228575], [39.194552893153855, -4.66327434698268], [39.194958671281064, -4.663595429079555], [39.195640912115444, -4.664411445154173], [39.19681815689389, -4.666047939836829], [39.197206071698886, -4.6666231646660306], [39.202271671485775, -4.665771468269395], [39.2064810482293, -4.674988446873891], [39.213316791332794, -4.674074307214916], [39.218079119265205, -4.676879065296217], [39.22009469922781, -4.674680774609636], [39.21832439904767, -4.670226137352217], [39.21209504418685, -4.663880821068646], [39.210877714810735, -4.659301339944542], [39.21832439904767, -4.660705917956841], [39.22070109730394, -4.653870143739956], [39.21930090923707, -4.650084335944343], [39.21368247814168, -4.652527943450165], [39.210877714810735, -4.648679709392803], [39.21447618015627, -4.643128127336068], [39.21551516289091, -4.635498607670275], [39.21832439904767, -4.633483119793543], [39.2235103405916, -4.632814257318696], [39.22308222592116, -4.628172346865743], [39.226685228923195, -4.624391019956172], [39.226685228923195, -4.6171895707908535], [39.22930716661729, -4.613769448915821], [39.23388665367914, -4.611388278879098], [39.236878680498606, -4.616819462791922], [39.244080130526434, -4.608703907343542], [39.24469105417076, -4.602296160943258], [39.25048791516837, -4.6104741392881285], [39.254884606961156, -4.606871204072463], [39.25628471843416, -4.599121298238231], [39.26788282598535, -4.600401025716437], [39.2551253846017, -4.591491746276091], [39.24987696845303, -4.58288570411786], [39.24511910146425, -4.5817887669720365], [39.24230986913946, -4.577209234869077], [39.241881802769754, -4.569396938829867], [39.24548476252584, -4.569214100500627], [39.25250341078738, -4.575318595912247], [39.25952206973614, -4.578185834192143], [39.26208598079013, -4.58209199983752], [39.26629540896426, -4.579099923534114], [39.27227949190864, -4.579099941100929], [39.273073248808366, -4.584410702715267], [39.28070272427014, -4.582823302307269], [39.284118408740575, -4.575318599302231], [39.29467760684201, -4.566587697087734], [39.30071965509962, -4.56829995249299], [39.30768035441966, -4.567506263558396], [39.31091316044794, -4.565307898284894], [39.316710017956446, -4.5659187989432], [39.31890834464774, -4.562623558611444], [39.31652719668379, -4.5571879226496055], [39.32409875033044, -4.560728414588303], [39.32788002839668, -4.557798792223304], [39.333128426106924, -4.559203404201966], [39.33587518764365, -4.566712567896302], [39.324887973598656, -4.568603205828221], [39.32147228882269, -4.571287576173899], [39.318725529779684, -4.5765983801479315], [39.3175036888871, -4.5880136683995], [39.31609908086184, -4.5903948149998355], [39.3203129689641, -4.594911889920097], [39.31689283869649, -4.59839000589724], [39.31268347188593, -4.5994244889077605], [39.311278835166654, -4.603700789704605], [39.31408807717376, -4.605528997141903], [39.32110667349508, -4.607178888183674], [39.32549890428218, -4.609983646808351], [39.31970206694769, -4.61438029977767], [39.31408807717376, -4.61297570340145], [39.30871487045966, -4.62249585972715], [39.30846954662698, -4.627195791083305], [39.311706904684144, -4.633179925157727], [39.3184802450706, -4.63439721444834], [39.32891904035999, -4.640809446867491], [39.337096987272865, -4.637879805869012], [39.33947814583446, -4.635984700748419], [39.347107707424115, -4.634704896067674], [39.357118410465056, -4.636778398158821], [39.367307417605325, -4.6412954906857715], [39.379516469499514, -4.6450812617215185], [39.39148019469863, -4.6458125248211735], [39.40289107669953, -4.642700085824637], [39.40368476248344, -4.637086072553623], [39.400697200159314, -4.628297206458332], [39.39648334301833, -4.621827031039446], [39.396117691115144, -4.615419317719364], [39.39093175118873, -4.6021133193538475], [39.39068651194893, -4.590698053805484], [39.39330841039692, -4.5900871190981265], [39.39410213891331, -4.580687377654986], [39.3875116010279, -4.58868253165156], [39.386289836185945, -4.581788781659851], [39.38891618981428, -4.576906061199388], [39.3881224744905, -4.571412419518612], [39.38531330874876, -4.565793950785169], [39.383725855580245, -4.559020579853159], [39.37610075714379, -4.552305201024095], [39.37530703727142, -4.548278638095374], [39.37707734941237, -4.5432754994656355], [39.385683373869874, -4.544800496982329], [39.3881224744905, -4.544189650812847], [39.39148019469863, -4.552305178850887], [39.397522323625054, -4.548889506694208], [39.41089064815819, -4.546998875418285], [39.410703358319125, -4.543516327425631], [39.412718927963326, -4.5344866078868105], [39.41632188797873, -4.531186892460851], [39.42468269484907, -4.535217883901453], [39.42669820794449, -4.532471073753194], [39.42431705007854, -4.516115092684092], [39.427674720363285, -4.511169987762593], [39.43548705920641, -4.513979189564572], [39.43829183318331, -4.517029262345641], [39.4398793210111, -4.511598049506011], [39.442322862130624, -4.510987171967795], [39.44488688495989, -4.506104443726074], [39.44909628698628, -4.510376253709855], [39.45147744593499, -4.514768475167512], [39.457091431161736, -4.517577723934256], [39.45990068272828, -4.523985452126758], [39.45892412255396, -4.529786710036185], [39.46172886770024, -4.53058042189477], [39.46526943592452, -4.5148932954840975], [39.46850673638332, -4.508605963666916], [39.46948330406934, -4.501587360226376], [39.47631908527637, -4.486207917752812], [39.48327524957966, -4.476808168761748], [39.49011109282916, -4.4707036540869405], [39.49371399659921, -4.4696066956015645], [39.496706098516256, -4.465883358943846], [39.49749535208576, -4.458494614765829], [39.495729563929515, -4.451783667542947], [39.49889998860923, -4.444394927690764], [39.49389685228666, -4.439391823381795], [39.49548426335364, -4.437376300680656], [39.500304593342015, -4.441099633727631], [39.50652948638059, -4.4378043730256005], [39.50787163845221, -4.435606042069189], [39.511291812343416, -4.421693642263269], [39.50549492882993, -4.417907889730654], [39.508482594959034, -4.408325284934235], [39.50652948638059, -4.400998973147539], [39.51147461623554, -4.398377013423535], [39.51629488778819, -4.4017926983903966], [39.52008070711602, -4.401975528793105], [39.52148530573877, -4.404784734458203], [39.53009134820203, -4.404481506753955], [39.53387269520003, -4.410095517507327], [39.53552251885147, -4.419678144954191], [39.53509448417833, -4.425720241843575], [39.53352039574121, -4.4293098163101305], [39.533359907484574, -4.430576189632002], [39.534202663446656, -4.432743326669544], [39.534109006927885, -4.434553727399487], [39.53375670881338, -4.43472313021287], [39.53360063971357, -4.435320646004421], [39.53747566071333, -4.435913704306025], [39.53912546726439, -4.4296888364422555], [39.54131935547627, -4.427187251116057], [39.542295961010694, -4.416075191449732], [39.543700529270694, -4.412597102799407], [39.543700529270694, -4.406983066981548], [39.5465098068252, -4.399108305941723], [39.54791435833778, -4.388486730101973], [39.553283150950946, -4.373780604043809], [39.559690905085354, -4.35968093630694], [39.56670948152491, -4.3375236927735505], [39.568296920244684, -4.335815826121904], [39.56927349417931, -4.329711317696941], [39.58392167013494, -4.296691670219989], [39.59509166552628, -4.274110761241954], [39.5974728176095, -4.265870385420626], [39.5974728176095, -4.26067997661636], [39.59429798029317, -4.256470612404439], [39.585874702752854, -4.257505065948206], [39.58892920292459, -4.253723754920182], [39.59667908418569, -4.25579723880228], [39.60028209472303, -4.248109756469478], [39.602475940668064, -4.23510706031156], [39.6066897817834, -4.2265009548819155], [39.60711787244459, -4.2211902008856095], [39.60888812816678, -4.218505818820463], [39.61248664293825, -4.202881090059911], [39.621703568883675, -4.187193995680119], [39.6289050365166, -4.179078417652023], [39.63250797537416, -4.170409957584188], [39.64068598605065, -4.155213312397782], [39.62530653516829, -4.1448994332518785], [39.63092053397159, -4.137207457764572], [39.63153145678995, -4.128481030889576], [39.63671739982724, -4.126220219925793], [39.637693914911246, -4.12060622874134], [39.631286221833754, -4.120178134019611], [39.62811131387366, -4.1145017470738985], [39.61187576762111, -4.096067804902749], [39.608094384035184, -4.089111631699916], [39.603086830313174, -4.090270961658032], [39.60449143582794, -4.095702170229151], [39.59790089343246, -4.098997403979067], [39.595274537228434, -4.101686295676884], [39.59771810833582, -4.109618978422836], [39.59509166552628, -4.11499221425447], [39.590882313606436, -4.11627195833747], [39.57849041206607, -4.119201590791597], [39.57672015140725, -4.119504835491972], [39.58227621210992, -4.111875344566951], [39.58673085467932, -4.102417586860446], [39.583680818374646, -4.093200597088185], [39.57891854070971, -4.085388271889211], [39.57882045772451, -4.081798663908217], [39.57758076682579, -4.083310298943149], [39.57641248735585, -4.086694779074296], [39.57409825579603, -4.0878630480148965], [39.570156371866325, -4.087840787144474], [39.56718666373917, -4.087243223685044], [39.56464937793132, -4.086003602647113], [39.55915135773502, -4.0810005227362165], [39.55936982726296, -4.075912667035477], [39.56027500848675, -4.077263789090648], [39.56104641717489, -4.077486716699941], [39.56274985473568, -4.077072034874791], [39.56417225499193, -4.077393112794921], [39.565425306033696, -4.078356235987744], [39.56587568528314, -4.081031722834463], [39.56654900047791, -4.081482105420702], [39.56867599111016, -4.081285903483463], [39.57151196988448, -4.0800640554263055], [39.5732822220923, -4.078356227837161], [39.57433898722802, -4.076264907472143], [39.57592197212522, -4.074525855491384], [39.57585510847112, -4.073272889420243], [39.57263563251081, -4.069473733436258], [39.57102591047024, -4.066575314590843], [39.57025446860847, -4.062776162448416], [39.570192093607986, -4.0582724887064], [39.56967479661379, -4.055244701269325], [39.5685154363114, -4.054277092787919], [39.566325982390005, -4.053184630131344], [39.56464937793132, -4.051512433338131], [39.563619339818686, -4.048582814833527], [39.563556958121545, -4.046134793233401], [39.56394489081463, -4.04381604421557], [39.564845588742536, -4.042398065772312], [39.56913525754369, -4.039165235878378], [39.57391989472621, -4.037880983397143], [39.57577484045113, -4.037029305650522], [39.576131551364554, -4.0364407023089734], [39.57208271419892, -4.030576993743398], [39.56488123469122, -4.023192685825784], [39.56292816918127, -4.019594213825541], [39.563476674125376, -4.014586644175522], [39.56670948152491, -4.010805319496185], [39.57012963968853, -4.003175825999716], [39.56786887570672, -4.0007946337833875], [39.56737837150409, -3.992777176460372], [39.563721942195016, -3.9868778102789713], [39.55389405408627, -3.9832168438518343], [39.54773158306528, -3.9860840449799224], [39.54272402478838, -3.9913948585745835], [39.540708485970065, -3.9860840593275206], [39.5454707889523, -3.9774155700973686], [39.54431144813772, -3.969117199963778], [39.52532904594905, -3.9459833597690586], [39.52789303776681, -3.9364007514067167], [39.52789303776681, -3.9298101921256983], [39.52069154333116, -3.9277946934137304], [39.517516707736824, -3.920713642833633], [39.52032591043882, -3.9161965870095465], [39.51568400824637, -3.9103997460054414], [39.50952152294227, -3.9078981922764955], [39.50707793855107, -3.9038092005574514], [39.50012175653116, -3.9013076352314893], [39.497071712775934, -3.8937985140747737], [39.49432493460913, -3.8842783468488022], [39.48931732367575, -3.8806173972531726], [39.48352051942337, -3.880189351847119], [39.47729560920731, -3.8715208329069175], [39.46612559723984, -3.857786824276595], [39.4536757772885, -3.8541258783036163], [39.44512764435494, -3.847472923331151], [39.4304795298757, -3.8292842135398977], [39.42028604189928, -3.8193984380772936], [39.41412350314702, -3.818907930762989], [39.40747056330179, -3.8223280225528184], [39.401673724322805, -3.819398425958088], [39.39672855949888, -3.823487389278619], [39.39129735436922, -3.816892422703699], [39.377318133303945, -3.8065785212470944], [39.378905511914276, -3.7946147537144834], [39.375489845282736, -3.7896116211311464], [39.37847750583397, -3.7854022533915592], [39.388488173197985, -3.781313245799942], [39.38787722422314, -3.774718235541742], [39.380493008413865, -3.7705088459048466], [39.38391314725544, -3.7664778202877045], [39.39172543082265, -3.765198028042568], [39.39251917945439, -3.7594012254817413], [39.39093175118873, -3.735411228067748], [39.38787722422314, -3.735411221565636], [39.380921079791484, -3.7379172672969334], [39.372680665522, -3.7395002408430114], [39.35992314605503, -3.730408125911814], [39.35650747147656, -3.7266847649488204], [39.35687311771369, -3.721373984431312], [39.35571374038636, -3.7150866893725123], [39.35211084543983, -3.7127054807764996], [39.353270210353664, -3.70648057887329], [39.34667964208437, -3.701111860048333], [39.347107707424115, -3.6964743882585775], [39.34991249578488, -3.6920153033514453], [39.353698230647865, -3.6923809079851475], [39.35211084543983, -3.6716906661780673], [39.35449198729075, -3.652708297361812], [39.352904543074104, -3.645203651401827], [39.34832952545708, -3.637025639431162], [39.342528229968245, -3.6356790100679164], [39.344115620622006, -3.6298821382069257], [39.34527497525837, -3.6199963478779917], [39.34790138932914, -3.6051029697117305], [39.347107707424115, -3.6002202518839783], [39.34448126007525, -3.5952126451070017], [39.338684436366165, -3.590700023098012], [39.32672066863214, -3.5872799001508553], [39.3206785889171, -3.5770284091359743], [39.3184802450706, -3.570799095521269], [39.31890834464774, -3.5637804690307284], [39.31488178126319, -3.5629867010095286], [39.30609291247823, -3.5667100727182794], [39.299925930370115, -3.5682975021474577], [39.19610467301905, -3.5676866474103233], [39.09228347964113, -3.567075728346697]]]]}, "id": "0000000000000000079f", "properties": {"shapeGroup": "KEN", "shapeID": "32016919B50438423394723", "shapeName": "Kwale", "shapeType": "ADM1"}}, {"type": "Feature", "geometry": {"type": "MultiPolygon", "coordinates": [[[[39.674695535971196, -4.038424987588039], [39.67560075644931, -4.038019237608239], [39.67546252206095, -4.037091730757988], [39.674695535971196, -4.038424987588039]]], [[[39.64689304957468, -4.0372656578470405], [39.64698220342116, -4.037287921598092], [39.64790972654142, -4.036873253116291], [39.64800336803203, -4.03641393201028], [39.64689304957468, -4.0372656578470405]]], [[[39.70263628163345, -3.943548725717217], [39.70435303761065, -3.945394786517671], [39.705062056861074, -3.94559990768219], [39.70508432422883, -3.94556421086996], [39.704709790747856, -3.943481841380993], [39.70263628163345, -3.943548725717217]]], [[[39.624771421729214, -3.989423961349901], [39.62535561851508, -3.9897316399392024], [39.62713921619445, -3.98992333070854], [39.6306485906202, -3.989584479553792], [39.63335520849813, -3.9889111451863637], [39.62811131387366, -3.9874886780015095], [39.624771421729214, -3.989423961349901]]], [[[39.62310822292248, -3.959592531836514], [39.61987088369909, -3.958009575888768], [39.614502126051136, -3.966370402061384], [39.615723976163565, -3.9728985117580518], [39.62927065756942, -3.9791858362893358], [39.63568289292022, -3.974485979525683], [39.633912619301235, -3.9708874494460873], [39.63732826511507, -3.968809530519492], [39.6494749146993, -3.978209285594802], [39.65228410464937, -3.9791278818583047], [39.65033104962457, -3.984313780116754], [39.65728718633154, -3.986877799313135], [39.66009649177988, -3.9844966161508375], [39.657715319010684, -3.981504597550045], [39.65472321000227, -3.9728985323740167], [39.65392950535966, -3.9672844832763237], [39.65551698314477, -3.963806428709915], [39.65472321000227, -3.9602034226368303], [39.64929204632563, -3.9594097236186316], [39.64367806922298, -3.9566049422403577], [39.64068598605065, -3.9556864024260907], [39.62927065756942, -3.961425228383507], [39.62310822292248, -3.959592531836514]]], [[[39.71307951725756, -3.9501660111678025], [39.71378402990631, -3.9510533842244047], [39.71660215681501, -3.9522172227125214], [39.72841434753459, -3.953956223684296], [39.731687338379764, -3.9538001522032764], [39.73307414210751, -3.951468099297276], [39.734884497747885, -3.9499118319859803], [39.73671273034436, -3.9496131014206552], [39.73807276091317, -3.950322082446667], [39.73846517766623, -3.9520655608821906], [39.739713738230336, -3.952440147304777], [39.74032011881368, -3.951873821170126], [39.74148843234252, -3.9527299745160662], [39.741992332910804, -3.95512006196759], [39.74423073989623, -3.9554010232703347], [39.74605012240079, -3.9568189787838692], [39.7479362847738, -3.9567877518596717], [39.74987601170925, -3.957403144690736], [39.75075889338269, -3.958129956268993], [39.752613854715705, -3.9583662875735235], [39.75372862849364, -3.957322889572433], [39.7538624408632, -3.95810765349374], [39.75418792918765, -3.9583261811888617], [39.75592250113405, -3.956578216940968], [39.75750105010341, -3.9567565680865835], [39.75877194146197, -3.956221452309772], [39.75883436115316, -3.95574432501567], [39.75848208999479, -3.955503550844241], [39.751525871251516, -3.955811231854095], [39.745483822006236, -3.9539785215374392], [39.736329267666214, -3.9481192741299345], [39.73052796112918, -3.9515973922079977], [39.724485882477566, -3.952391109078142], [39.720093678844414, -3.9508036736388688], [39.71472045667835, -3.951111361807683], [39.71307951725756, -3.9501660111678025]]], [[[39.56737837150409, -3.992777176460372], [39.56786887570672, -4.0007946337833875], [39.57012963968853, -4.003175825999716], [39.56670948152491, -4.010805319496185], [39.56628592106406, -4.015991277292463], [39.567503205981566, -4.019286538517153], [39.57110618466045, -4.0197770525303484], [39.573121679261874, -4.023620755939227], [39.57952942705009, -4.024597353718155], [39.58789026727814, -4.024597306496576], [39.58506765437951, -4.033899023069162], [39.58521925760901, -4.034095218893485], [39.58550464593376, -4.0362311282804075], [39.58442103049658, -4.041845146766046], [39.58442103049658, -4.04304462102516], [39.584715331135754, -4.0432720384790235], [39.591493160405896, -4.041626622282866], [39.6066897817834, -4.041689085252803], [39.616700509011906, -4.040587684054082], [39.620298961606245, -4.042603180691608], [39.62847693963952, -4.040712518007483], [39.63848767154357, -4.040770505618958], [39.63874626842188, -4.039102800626172], [39.63645879442346, -4.036998114304149], [39.636619329980206, -4.036556627875324], [39.634523512426725, -4.035218880917138], [39.636717399827226, -4.0308846748059795], [39.647887438428036, -4.031981620186559], [39.64881045883814, -4.029787698682987], [39.648364544052235, -4.029939329270492], [39.64577381127274, -4.0284098874732335], [39.645024726960735, -4.028200269794866], [39.64410613914055, -4.02820031092617], [39.640075075326706, -4.026612863098875], [39.639098519259555, -4.020508306223023], [39.640320354033065, -4.0156880616797785], [39.63751109028472, -4.012388329147618], [39.63488917888623, -4.006288276408467], [39.63504971853703, -3.9911406752956013], [39.63214678504401, -3.9910649038233363], [39.628664281627714, -3.991252181416415], [39.626202792491966, -3.9917426654136143], [39.623589775201935, -3.9909177432848493], [39.621650070376774, -3.9898475478680187], [39.62048183734632, -3.9898074213173587], [39.618283431707404, -3.987997035973819], [39.61414540050601, -3.9857184252800097], [39.61307521148166, -3.984295957998551], [39.612718477677284, -3.9825658690676398], [39.61183557824325, -3.982623815504067], [39.6113986155711, -3.9829805338854847], [39.610667316738706, -3.984692831295149], [39.610328457657246, -3.9848221762684246], [39.61147891606724, -3.9824543611643115], [39.61267836765056, -3.982003997657709], [39.61212100106096, -3.981201327669715], [39.60687261910102, -3.980773269328183], [39.60272121149905, -3.9841934365265064], [39.5974728176095, -3.9832168707558937], [39.60071015105092, -3.978882646170983], [39.60730070849272, -3.9760109641537036], [39.60589608815952, -3.967592210995366], [39.60272121149905, -3.9647205376515764], [39.60528522634366, -3.9525159320439682], [39.59692437806795, -3.9511113716497506], [39.590882313606436, -3.9556863831008076], [39.584291736442474, -3.9627094484315344], [39.58288714407552, -3.9675921873614146], [39.57012963968853, -3.972229632054474], [39.56811412634818, -3.9788201763130195], [39.57391540020984, -3.9854107325091364], [39.56951873924655, -3.987181042092727], [39.56737837150409, -3.992777176460372]]], [[[39.641261210137074, -4.039388189576317], [39.641747267541355, -4.04284842381727], [39.64171607680717, -4.043495012066504], [39.64161344657781, -4.043517307747811], [39.64165361652681, -4.0435708068919025], [39.641707097653494, -4.043570830067511], [39.6417115872305, -4.043646602093897], [39.64231799217341, -4.0444448024631825], [39.64277285103061, -4.044516117248332], [39.643406024713556, -4.045876156994071], [39.64532346391755, -4.048400010277745], [39.64554194344148, -4.049559382919036], [39.64653186491325, -4.050183625141279], [39.6467191519475, -4.050032061914605], [39.647142790279744, -4.050941680480591], [39.64699559223853, -4.051351915265699], [39.64813717509539, -4.056198995251134], [39.64829768018231, -4.059284703429482], [39.648239715685015, -4.059338163035816], [39.65331864741336, -4.062620112576961], [39.65374672898252, -4.063681343050158], [39.65395179128317, -4.063645679572698], [39.654732187255824, -4.065259898423274], [39.65483471684818, -4.0657905057781445], [39.65664069009809, -4.06731105353828], [39.65683684454592, -4.067413612886253], [39.657028588654086, -4.0669588045345195], [39.65738089228594, -4.067114841216868], [39.657577044371735, -4.066633298651603], [39.65799619825637, -4.06653518455355], [39.65778217263971, -4.067088105089841], [39.65815226797496, -4.067150529233005], [39.658174552367626, -4.068550678079952], [39.658134471952394, -4.068568550204087], [39.65948553763131, -4.069701124013331], [39.661683889040546, -4.072104587774532], [39.66186223245038, -4.072091219459986], [39.66199159999506, -4.072443507019053], [39.66218332802203, -4.0726530564566845], [39.66254449948125, -4.072345376727151], [39.66207183450707, -4.06898765498391], [39.66296810751324, -4.06816276858915], [39.663793032469016, -4.072456882636755], [39.663106370023144, -4.073656329137383], [39.66607610433655, -4.076902571793071], [39.67169008309325, -4.076719752863812], [39.67529303494027, -4.071716678456675], [39.68170078675844, -4.068296518101464], [39.67898519767654, -4.0585266132491284], [39.677255057853515, -4.057162163765686], [39.67571222541053, -4.055481037948565], [39.675119138936324, -4.053403099952617], [39.675128113210235, -4.052413170667417], [39.67515928699363, -4.052346287112047], [39.674316565891104, -4.051209268353233], [39.67597082317473, -4.046696613551171], [39.67540458318148, -4.046727830921914], [39.67424516432833, -4.04717378514643], [39.67344698839579, -4.04680810041196], [39.67144044211426, -4.044904100816874], [39.67127543131061, -4.043914141778425], [39.66967907060283, -4.043089232604465], [39.66851970111323, -4.0374127627634895], [39.66931345352271, -4.033814301611138], [39.66604933500933, -4.030590346136543], [39.665920054741306, -4.030559162097621], [39.66538049170884, -4.030871282629192], [39.66516649180864, -4.030527910220123], [39.66416317034296, -4.030786577497785], [39.662945824858674, -4.03018459170642], [39.65967727347685, -4.030411992043076], [39.65877654288644, -4.031192343589039], [39.65732734604378, -4.031780932909507], [39.65627499542976, -4.032806527307753], [39.65364860753221, -4.033680511748908], [39.653242811460366, -4.033426375590875], [39.6526453342788, -4.0343717046251175], [39.65164645475458, -4.033622540179448], [39.65120504941677, -4.033961466069687], [39.652431290032524, -4.0348309623594245], [39.653024359293084, -4.035745104377597], [39.65255162110594, -4.035780735712398], [39.65041129935751, -4.037600072611745], [39.65029537429258, -4.038219862153951], [39.64967550225124, -4.038848631715635], [39.64762880121417, -4.038737156023175], [39.64653186491325, -4.038001368894578], [39.645724744206085, -4.0381262142661205], [39.64455200603848, -4.037702650147183], [39.642813020222626, -4.03790326721943], [39.641261210137074, -4.039388189576317]]], [[[39.62530653516829, -4.1448994332518785], [39.64093126232176, -4.155030467124056], [39.65051383615536, -4.138429288171144], [39.65331864741335, -4.129087466045468], [39.65832621201272, -4.119692117942861], [39.661501056981145, -4.115598687868644], [39.66247765103248, -4.11169247953304], [39.667115060154494, -4.10510194240318], [39.67089636139704, -4.098020890286409], [39.673522799417, -4.090699037096888], [39.673522799417, -4.083689363651787], [39.67160537374834, -4.083881057959485], [39.67028992339681, -4.083484214472461], [39.66939367847322, -4.083109668468644], [39.66595123319869, -4.083354929506771], [39.66291015684709, -4.082173244011888], [39.662152068914295, -4.082275785497616], [39.6613138149715, -4.0819636826983565], [39.65960593363869, -4.080683891259485], [39.65998050623575, -4.080224629540991], [39.65946325371396, -4.0805456626204135], [39.658874656151916, -4.080139868148624], [39.65740758664514, -4.078275965150868], [39.65576220027552, -4.0772548242049345], [39.65475888276522, -4.075689725244977], [39.6536263214988, -4.074615072646563], [39.65301987054178, -4.074512522974169], [39.652524924638115, -4.075060978910413], [39.65113810988277, -4.075310697192607], [39.65060306350622, -4.077673989148181], [39.64978252926392, -4.07932831180304], [39.649247471092686, -4.079734139268685], [39.64918060818269, -4.081232357149793], [39.647664478093056, -4.081758544010407], [39.647423717826875, -4.082851042939984], [39.64666567517797, -4.083546618320458], [39.64571584439687, -4.083617990893691], [39.64558211082539, -4.083947964207942], [39.64590313391579, -4.084358210671413], [39.64513617263366, -4.084648070114126], [39.64535465282282, -4.083417347034627], [39.64645609934883, -4.083091802189286], [39.6467191519475, -4.082596852554239], [39.64654076460441, -4.08204389840309], [39.64702236986454, -4.08093360910995], [39.64666567517798, -4.080367316979584], [39.64717846744054, -4.079863454287968], [39.64729880879277, -4.078472208321043], [39.647615412534634, -4.078409788986603], [39.64783396267429, -4.077736456034082], [39.64951948976738, -4.077504550354299], [39.64955067654492, -4.0760419653743725], [39.64922959373754, -4.075506914832283], [39.64870791920011, -4.075520250735464], [39.64571584439687, -4.073348667687138], [39.644609974011104, -4.071845945942498], [39.64394113370175, -4.071520428892386], [39.64225112173062, -4.068809297249434], [39.6421485711577, -4.067908584785675], [39.641907789301996, -4.067690092426197], [39.64172497719506, -4.0623793154486645], [39.64048536918291, -4.059503199653569], [39.640369425410256, -4.059440754800968], [39.640026082481434, -4.058441895195119], [39.638670493268855, -4.055298212654222], [39.63799717731207, -4.056002757662233], [39.63838062487843, -4.056457585928563], [39.638496572398445, -4.057402962021534], [39.638006078237886, -4.058927918760784], [39.6367797863474, -4.05996690430474], [39.63509871534411, -4.06053325239142], [39.62976563301028, -4.063980119386246], [39.62842793756202, -4.064046972821267], [39.62733546472136, -4.063690271293878], [39.62503456702261, -4.062223202705506], [39.616700509011906, -4.063173005373131], [39.61132729855598, -4.065919789642909], [39.61003412157128, -4.062999106161809], [39.60991370736718, -4.0630169324964625], [39.60625727479799, -4.063048132547419], [39.60449143582794, -4.065491718140404], [39.60287726376936, -4.063645685622416], [39.602489339164094, -4.0636367578915555], [39.60221285666804, -4.063146232418708], [39.5982220074654, -4.064015794379551], [39.59368708243165, -4.06787290000852], [39.592300282425015, -4.070619703921056], [39.59249199107479, -4.072202714252079], [39.59223785086117, -4.072711034517859], [39.592398422823834, -4.073446777333489], [39.5919435860867, -4.074467917706465], [39.59015991580864, -4.076273875315159], [39.58901836185003, -4.076599338191629], [39.58884445846846, -4.076969491132129], [39.587649431000486, -4.077107704352296], [39.58774308528493, -4.077335097536417], [39.58735963788695, -4.077491201492615], [39.5889292029246, -4.083680434079385], [39.58630278020029, -4.0838007877260605], [39.58429173644247, -4.090270951371339], [39.587707373693235, -4.092589707991822], [39.58911201405745, -4.099670733633255], [39.59308059281712, -4.105284746291163], [39.585874702752854, -4.1134047824729105], [39.58630278020029, -4.116882861146237], [39.590882313606436, -4.11627195833747], [39.59509166552628, -4.11499221425447], [39.59771810833582, -4.109618978422836], [39.595274537228434, -4.101686295676884], [39.59790089343246, -4.098997403979067], [39.60449143582794, -4.095702170229151], [39.603086830313174, -4.090270961658032], [39.608094384035184, -4.089111631699916], [39.61187576762111, -4.096067804902749], [39.62811131387366, -4.1145017470738985], [39.631286221833754, -4.120178134019611], [39.637693914911246, -4.12060622874134], [39.63671739982724, -4.126220219925793], [39.63153145678995, -4.128481030889576], [39.63092053397159, -4.137207457764572], [39.62530653516829, -4.1448994332518785]]], [[[39.647945403257346, -3.951004296001854], [39.6521013233808, -3.955017534309022], [39.65612781924838, -3.9556283891861304], [39.659302699031706, -3.950990920024972], [39.66009649177988, -3.9608767825215603], [39.66210750300525, -3.964600101469972], [39.66027924927727, -3.966490780638983], [39.66027924927727, -3.9716187333220274], [39.667480690319756, -3.976501495183667], [39.66668699296013, -3.9801044336863844], [39.66931345352271, -3.988893299564256], [39.66888532291803, -3.9940792372102756], [39.67132447798414, -4.002988528293024], [39.668702512287666, -4.00891023232321], [39.66210750300525, -4.013672557541708], [39.6629012595253, -4.017088195145354], [39.66052452615013, -4.019411392255623], [39.66913056543715, -4.023986421874121], [39.66926881407897, -4.024597358940015], [39.669335733867854, -4.0246062686630175], [39.670089324386495, -4.0239730230316875], [39.66951854261365, -4.02458839567814], [39.669415958789266, -4.025217136721885], [39.66942934272082, -4.0252795981555485], [39.67034345834375, -4.024597338539674], [39.670067044314706, -4.025114551693368], [39.67058428630003, -4.026144617263583], [39.67225643606458, -4.027535872509735], [39.672006718662026, -4.027892607279216], [39.672345631851584, -4.029047487869395], [39.672234156778934, -4.029832322303128], [39.67547590467479, -4.030028506098631], [39.67564531256967, -4.031134367594042], [39.676296410774285, -4.03127705422677], [39.67672889801533, -4.031673920809247], [39.67753600520825, -4.033448653081478], [39.67805326300229, -4.033698346876658], [39.67750924087571, -4.035000411618215], [39.67797745757469, -4.036940116928347], [39.67753600520825, -4.03773831682166], [39.67787040094429, -4.0383135066619245], [39.67727292705669, -4.039655726206782], [39.676394496061846, -4.040672386259817], [39.67535105264641, -4.0410202239266235], [39.67512362607344, -4.04119858458096], [39.679078870537296, -4.04119856185377], [39.68072426219499, -4.043214091116917], [39.6807197754672, -4.043285424916498], [39.68178556088888, -4.043954254660733], [39.68230278287527, -4.045073537088274], [39.68219573378821, -4.046482579876636], [39.68110327143724, -4.0486854029567745], [39.681054232574674, -4.049461305526251], [39.68181673129181, -4.050197048508403], [39.681682997557424, -4.050665216291196], [39.68232954511785, -4.052230361974658], [39.681897018620376, -4.052283907920873], [39.681772179650444, -4.053906969723215], [39.68129950520949, -4.054865697754303], [39.68171865466754, -4.0555390372584625], [39.68324811266426, -4.0565690718409355], [39.68303409631268, -4.057300354740443], [39.683315017218334, -4.056983772351673], [39.68430936771674, -4.057790852253817], [39.684139905021, -4.059177685120708], [39.68424695071697, -4.0595656150356225], [39.6843272348664, -4.059690424362982], [39.68829133088255, -4.061705969069798], [39.698730085283486, -4.058776315659496], [39.70269867992208, -4.055115406420531], [39.706114358182525, -4.048279593060196], [39.70990018023002, -4.044007795653939], [39.72229198322764, -4.024294091019287], [39.72527961870612, -4.020873952049568], [39.729676248047205, -4.019103705568787], [39.72776781400592, -4.016454978699138], [39.72720590632653, -4.016392593183586], [39.72672878413823, -4.015005817131526], [39.72607334464324, -4.014100584938693], [39.72527961870611, -4.007813258000945], [39.72888256882978, -3.9978025996277835], [39.736083979266006, -3.986998219359608], [39.745483822006236, -3.976381047071386], [39.74829301987933, -3.974303144596499], [39.75189154844426, -3.9674093480546517], [39.75652895681486, -3.9628922632906027], [39.76145184283125, -3.9599225362532358], [39.76075621179362, -3.9595256942996624], [39.75967709935537, -3.959436509329042], [39.75924904954781, -3.958937088713905], [39.755770925582425, -3.960033984408381], [39.75059834179976, -3.9599403913654214], [39.74908228005674, -3.9583350655132974], [39.7456888922356, -3.957982799187869], [39.74399444737612, -3.9568323526493194], [39.7423222880247, -3.956431029393961], [39.74094442266757, -3.9552984290185305], [39.74056539022746, -3.9536887284876387], [39.73782747950383, -3.953095619462752], [39.736400596939454, -3.951476975242496], [39.734023879649, -3.9533632119922997], [39.732895769749035, -3.9552627778041254], [39.730394176342514, -3.9556462769971583], [39.72942652846373, -3.9554634085490243], [39.72770087930524, -3.956578198550653], [39.724842597039526, -3.9563285045344636], [39.72224738233074, -3.9555971927121405], [39.7159957772147, -3.954647427369852], [39.71438602580815, -3.9538001633552065], [39.71225903106396, -3.9517935698618136], [39.71019443180624, -3.9505405863308094], [39.70813881110373, -3.9511648715217387], [39.70771968481286, -3.9511202430360552], [39.696897413411435, -3.9517802052774864], [39.69811920074556, -3.948667772907251], [39.70337199511949, -3.9473790951382375], [39.70296180643294, -3.947240830356082], [39.70129851943948, -3.9459298661338456], [39.698841590924474, -3.94156887049609], [39.69610818849207, -3.9389023187789025], [39.69390981027336, -3.9313976337895604], [39.69647380337292, -3.9257212394544516], [39.69311613978313, -3.921873021252228], [39.68951313225225, -3.923402520575441], [39.68408197433119, -3.92248390249881], [39.676086778530845, -3.920896477399103], [39.67047280803033, -3.918702616047664], [39.64892638670226, -3.9226087882511522], [39.641907789301996, -3.9230947887013152], [39.64331237622396, -3.932311805221122], [39.64990294427479, -3.9340195928333457], [39.64849835032982, -3.937988202130178], [39.64972015592818, -3.942322474288573], [39.646728051611554, -3.947388007683066], [39.647945403257346, -3.951004296001854]]]]}, "id": "000000000000000007a0", "properties": {"shapeGroup": "KEN", "shapeID": "32016919B10079274489584", "shapeName": "Mombasa", "shapeType": "ADM1"}}]}