lat,lon,county
5.008108,35.326249,Unknown
5.008108,35.371164,Turkana
5.008108,35.41608,Turkana
4.963192,35.146585,Unknown
4.963192,35.191501,Turkana
4.963192,35.236417,Turkana
4.963192,35.281333,Unknown
4.963192,35.326249,Turkana
4.963192,35.371164,Turkana
4.963192,35.41608,Unknown
4.918276,35.011838,Unknown
4.918276,35.056754,Unknown
4.918276,35.10167,Turkana
4.918276,35.146585,Turkana
4.918276,35.191501,Turkana
4.918276,35.236417,Turkana
4.918276,35.281333,Turkana
4.918276,35.326249,Turkana
4.918276,35.371164,Turkana
4.918276,35.41608,Turkana
4.918276,35.460996,Turkana
4.918276,35.505912,Turkana
4.918276,35.550827,Unknown
4.87336,34.922007,Unknown
4.87336,34.966922,Turkana
4.87336,35.011838,Turkana
4.87336,35.056754,Turkana
4.87336,35.10167,Turkana
4.87336,35.146585,Turkana
4.87336,35.191501,Turkana
4.87336,35.236417,Turkana
4.87336,35.281333,Turkana
4.87336,35.326249,Turkana
4.87336,35.371164,Turkana
4.87336,35.41608,Turkana
4.87336,35.460996,Turkana
4.87336,35.505912,Turkana
4.87336,35.550827,Turkana
4.828445,34.787259,Unknown
4.828445,34.832175,Unknown
4.828445,34.877091,Turkana
4.828445,34.922007,Turkana
4.828445,34.966922,Turkana
4.828445,35.011838,Turkana
4.828445,35.056754,Turkana
4.828445,35.10167,Turkana
4.828445,35.146585,Turkana
4.828445,35.191501,Turkana
4.828445,35.236417,Turkana
4.828445,35.281333,Turkana
4.828445,35.326249,Turkana
4.828445,35.371164,Turkana
4.828445,35.41608,Turkana
4.828445,35.460996,Turkana
4.828445,35.505912,Turkana
4.828445,35.550827,Unknown
4.783529,34.652512,Unknown
4.783529,34.697428,Unknown
4.783529,34.742344,Turkana
4.783529,34.787259,Turkana
4.783529,34.832175,Turkana
4.783529,34.877091,Turkana
4.783529,34.922007,Turkana
4.783529,34.966922,Turkana
4.783529,35.011838,Turkana
4.783529,35.056754,Turkana
4.783529,35.10167,Turkana
4.783529,35.146585,Turkana
4.783529,35.191501,Turkana
4.783529,35.236417,Turkana
4.783529,35.281333,Turkana
4.783529,35.326249,Turkana
4.783529,35.371164,Turkana
4.783529,35.41608,Turkana
4.783529,35.460996,Turkana
4.783529,35.505912,Turkana
4.738613,34.562681,Unknown
4.738613,34.607596,Unknown
4.738613,34.652512,Turkana
4.738613,34.697428,Turkana
4.738613,34.742344,Turkana
4.738613,34.787259,Turkana
4.738613,34.832175,Turkana
4.738613,34.877091,Turkana
4.738613,34.922007,Turkana
4.738613,34.966922,Turkana
4.738613,35.011838,Turkana
4.738613,35.056754,Turkana
4.738613,35.10167,Turkana
4.738613,35.146585,Turkana
4.738613,35.191501,Turkana
4.738613,35.236417,Turkana
4.738613,35.281333,Turkana
4.738613,35.326249,Turkana
4.738613,35.371164,Turkana
4.738613,35.41608,Turkana
4.738613,35.460996,Turkana
4.738613,35.505912,Turkana
4.738613,35.550827,Unknown
4.693697,34.472849,Unknown
4.693697,34.517765,Unknown
4.693697,34.562681,Turkana
4.693697,34.607596,Turkana
4.693697,34.652512,Turkana
4.693697,34.697428,Turkana
4.693697,34.742344,Turkana
4.693697,34.787259,Turkana
4.693697,34.832175,Turkana
4.693697,34.877091,Turkana
4.693697,34.922007,Turkana
4.693697,34.966922,Turkana
4.693697,35.011838,Turkana
4.693697,35.056754,Turkana
4.693697,35.10167,Turkana
4.693697,35.146585,Turkana
4.693697,35.191501,Turkana
4.693697,35.236417,Turkana
4.693697,35.281333,Turkana
4.693697,35.326249,Turkana
4.693697,35.371164,Turkana
4.693697,35.41608,Turkana
4.693697,35.460996,Turkana
4.693697,35.505912,Turkana
4.693697,35.550827,Turkana
4.693697,35.73049,Unknown
4.693697,35.775406,Unknown
4.648782,34.383017,Unknown
4.648782,34.427933,Unknown
4.648782,34.472849,Turkana
4.648782,34.517765,Turkana
4.648782,34.562681,Turkana
4.648782,34.607596,Turkana
4.648782,34.652512,Turkana
4.648782,34.697428,Turkana
4.648782,34.742344,Turkana
4.648782,34.787259,Turkana
4.648782,34.832175,Turkana
4.648782,34.877091,Turkana
4.648782,34.922007,Turkana
4.648782,34.966922,Turkana
4.648782,35.011838,Turkana
4.648782,35.056754,Turkana
4.648782,35.10167,Turkana
4.648782,35.146585,Turkana
4.648782,35.191501,Turkana
4.648782,35.236417,Turkana
4.648782,35.281333,Turkana
4.648782,35.326249,Turkana
4.648782,35.371164,Turkana
4.648782,35.41608,Turkana
4.648782,35.460996,Turkana
4.648782,35.505912,Turkana
4.648782,35.550827,Turkana
4.648782,35.595743,Unknown
4.648782,35.685575,Unknown
4.648782,35.73049,Turkana
4.648782,35.775406,Turkana
4.648782,35.910153,Unknown
4.648782,35.955069,Unknown
4.603866,34.338102,Unknown
4.603866,34.383017,Unknown
4.603866,34.427933,Turkana
4.603866,34.472849,Turkana
4.603866,34.517765,Turkana
4.603866,34.562681,Turkana
4.603866,34.607596,Turkana
4.603866,34.652512,Turkana
4.603866,34.697428,Turkana
4.603866,34.742344,Turkana
4.603866,34.787259,Turkana
4.603866,34.832175,Turkana
4.603866,34.877091,Turkana
4.603866,34.922007,Turkana
4.603866,34.966922,Turkana
4.603866,35.011838,Turkana
4.603866,35.056754,Turkana
4.603866,35.10167,Turkana
4.603866,35.146585,Turkana
4.603866,35.191501,Turkana
4.603866,35.236417,Turkana
4.603866,35.281333,Turkana
4.603866,35.326249,Turkana
4.603866,35.371164,Turkana
4.603866,35.41608,Turkana
4.603866,35.460996,Turkana
4.603866,35.505912,Turkana
4.603866,35.550827,Turkana
4.603866,35.595743,Turkana
4.603866,35.640659,Turkana
4.603866,35.685575,Turkana
4.603866,35.73049,Turkana
4.603866,35.775406,Turkana
4.603866,35.820322,Turkana
4.603866,35.865238,Turkana
4.603866,35.910153,Turkana
4.603866,35.955069,Unknown
4.55895,34.293186,Unknown
4.55895,34.338102,Unknown
4.55895,34.383017,Turkana
4.55895,34.427933,Turkana
4.55895,34.472849,Turkana
4.55895,34.517765,Turkana
4.55895,34.562681,Turkana
4.55895,34.607596,Turkana
4.55895,34.652512,Turkana
4.55895,34.697428,Turkana
4.55895,34.742344,Turkana
4.55895,34.787259,Turkana
4.55895,34.832175,Turkana
4.55895,34.877091,Turkana
4.55895,34.922007,Turkana
4.55895,34.966922,Turkana
4.55895,35.011838,Turkana
4.55895,35.056754,Turkana
4.55895,35.10167,Turkana
4.55895,35.146585,Turkana
4.55895,35.191501,Turkana
4.55895,35.236417,Turkana
4.55895,35.281333,Turkana
4.55895,35.326249,Turkana
4.55895,35.371164,Turkana
4.55895,35.41608,Turkana
4.55895,35.460996,Turkana
4.55895,35.505912,Turkana
4.55895,35.550827,Turkana
4.55895,35.595743,Turkana
4.55895,35.640659,Turkana
4.55895,35.685575,Turkana
4.55895,35.73049,Turkana
4.55895,35.775406,Turkana
4.55895,35.820322,Turkana
4.55895,35.865238,Turkana
4.55895,35.910153,Turkana
4.55895,35.955069,Unknown
4.514034,34.24827,Unknown
4.514034,34.293186,Unknown
4.514034,34.338102,Turkana
4.514034,34.383017,Turkana
4.514034,34.427933,Turkana
4.514034,34.472849,Turkana
4.514034,34.517765,Turkana
4.514034,34.562681,Turkana
4.514034,34.607596,Turkana
4.514034,34.652512,Turkana
4.514034,34.697428,Turkana
4.514034,34.742344,Turkana
4.514034,34.787259,Turkana
4.514034,34.832175,Turkana
4.514034,34.877091,Turkana
4.514034,34.922007,Turkana
4.514034,34.966922,Turkana
4.514034,35.011838,Turkana
4.514034,35.056754,Turkana
4.514034,35.10167,Turkana
4.514034,35.146585,Turkana
4.514034,35.191501,Turkana
4.514034,35.236417,Turkana
4.514034,35.281333,Turkana
4.514034,35.326249,Turkana
4.514034,35.371164,Turkana
4.514034,35.41608,Turkana
4.514034,35.460996,Turkana
4.514034,35.505912,Turkana
4.514034,35.550827,Turkana
4.514034,35.595743,Turkana
4.514034,35.640659,Turkana
4.514034,35.685575,Turkana
4.514034,35.73049,Turkana
4.514034,35.775406,Turkana
4.514034,35.820322,Turkana
4.514034,35.865238,Turkana
4.514034,35.910153,Turkana
4.514034,35.955069,Turkana
4.514034,35.999985,Unknown
4.469119,34.203354,Unknown
4.469119,34.24827,Unknown
4.469119,34.293186,Turkana
4.469119,34.338102,Turkana
4.469119,34.383017,Turkana
4.469119,34.427933,Turkana
4.469119,34.472849,Turkana
4.469119,34.517765,Turkana
4.469119,34.562681,Turkana
4.469119,34.607596,Turkana
4.469119,34.652512,Turkana
4.469119,34.697428,Turkana
4.469119,34.742344,Turkana
4.469119,34.787259,Turkana
4.469119,34.832175,Turkana
4.469119,34.877091,Turkana
4.469119,34.922007,Turkana
4.469119,34.966922,Turkana
4.469119,35.011838,Turkana
4.469119,35.056754,Turkana
4.469119,35.10167,Turkana
4.469119,35.146585,Turkana
4.469119,35.191501,Turkana
4.469119,35.236417,Turkana
4.469119,35.281333,Turkana
4.469119,35.326249,Turkana
4.469119,35.371164,Turkana
4.469119,35.41608,Turkana
4.469119,35.460996,Turkana
4.469119,35.505912,Turkana
4.469119,35.550827,Turkana
4.469119,35.595743,Turkana
4.469119,35.640659,Turkana
4.469119,35.685575,Turkana
4.469119,35.73049,Turkana
4.469119,35.775406,Turkana
4.469119,35.820322,Turkana
4.469119,35.865238,Turkana
4.469119,35.910153,Turkana
4.469119,35.955069,Turkana
4.469119,35.999985,Turkana
4.469119,36.044901,Unknown
4.469119,36.089817,Unknown
4.469119,36.179648,Unknown
4.469119,36.224564,Unknown
4.469119,36.26948,Unknown
4.469119,36.314395,Unknown
4.469119,36.359311,Unknown
4.469119,36.404227,Unknown
4.469119,36.449143,Unknown
4.469119,36.494058,Unknown
4.469119,36.538974,Unknown
4.469119,36.58389,Unknown
4.469119,36.628806,Unknown
4.469119,36.673721,Unknown
4.469119,36.808469,Unknown
4.469119,36.853385,Unknown
4.424203,34.158439,Unknown
4.424203,34.203354,Unknown
4.424203,34.24827,Turkana
4.424203,34.293186,Turkana
4.424203,34.338102,Turkana
4.424203,34.383017,Turkana
4.424203,34.427933,Turkana
4.424203,34.472849,Turkana
4.424203,34.517765,Turkana
4.424203,34.562681,Turkana
4.424203,34.607596,Turkana
4.424203,34.652512,Turkana
4.424203,34.697428,Turkana
4.424203,34.742344,Turkana
4.424203,34.787259,Turkana
4.424203,34.832175,Turkana
4.424203,34.877091,Turkana
4.424203,34.922007,Turkana
4.424203,34.966922,Turkana
4.424203,35.011838,Turkana
4.424203,35.056754,Turkana
4.424203,35.10167,Turkana
4.424203,35.146585,Turkana
4.424203,35.191501,Turkana
4.424203,35.236417,Turkana
4.424203,35.281333,Turkana
4.424203,35.326249,Turkana
4.424203,35.371164,Turkana
4.424203,35.41608,Turkana
4.424203,35.460996,Turkana
4.424203,35.505912,Turkana
4.424203,35.550827,Turkana
4.424203,35.595743,Turkana
4.424203,35.640659,Turkana
4.424203,35.685575,Turkana
4.424203,35.73049,Turkana
4.424203,35.775406,Turkana
4.424203,35.820322,Turkana
4.424203,35.865238,Turkana
4.424203,35.910153,Turkana
4.424203,36.134732,Marsabit
4.424203,36.179648,Marsabit
4.424203,36.224564,Marsabit
4.424203,36.26948,Marsabit
4.424203,36.314395,Marsabit
4.424203,36.359311,Marsabit
4.424203,36.404227,Marsabit
4.424203,36.449143,Marsabit
4.424203,36.494058,Marsabit
4.424203,36.538974,Marsabit
4.424203,36.58389,Marsabit
4.424203,36.628806,Marsabit
4.424203,36.673721,Marsabit
4.424203,36.718637,Marsabit
4.424203,36.763553,Marsabit
4.424203,36.808469,Marsabit
4.424203,36.853385,Marsabit
4.424203,36.8983,Marsabit
4.424203,36.943216,Unknown
4.379287,34.113523,Unknown
4.379287,34.158439,Turkana
4.379287,34.203354,Turkana
4.379287,34.24827,Turkana
4.379287,34.293186,Turkana
4.379287,34.338102,Turkana
4.379287,34.383017,Turkana
4.379287,34.427933,Turkana
4.379287,34.472849,Turkana
4.379287,34.517765,Turkana
4.379287,34.562681,Turkana
4.379287,34.607596,Turkana
4.379287,34.652512,Turkana
4.379287,34.697428,Turkana
4.379287,34.742344,Turkana
4.379287,34.787259,Turkana
4.379287,34.832175,Turkana
4.379287,34.877091,Turkana
4.379287,34.922007,Turkana
4.379287,34.966922,Turkana
4.379287,35.011838,Turkana
4.379287,35.056754,Turkana
4.379287,35.10167,Turkana
4.379287,35.146585,Turkana
4.379287,35.191501,Turkana
4.379287,35.236417,Turkana
4.379287,35.281333,Turkana
4.379287,35.326249,Turkana
4.379287,35.371164,Turkana
4.379287,35.41608,Turkana
4.379287,35.460996,Turkana
4.379287,35.505912,Turkana
4.379287,35.550827,Turkana
4.379287,35.595743,Turkana
4.379287,35.640659,Turkana
4.379287,35.685575,Turkana
4.379287,35.73049,Turkana
4.379287,35.775406,Turkana
4.379287,35.820322,Turkana
4.379287,35.865238,Turkana
4.379287,35.910153,Turkana
4.379287,36.089817,Marsabit
4.379287,36.134732,Marsabit
4.379287,36.179648,Marsabit
4.379287,36.224564,Marsabit
4.379287,36.26948,Marsabit
4.379287,36.314395,Marsabit
4.379287,36.359311,Marsabit
4.379287,36.404227,Marsabit
4.379287,36.449143,Marsabit
4.379287,36.494058,Marsabit
4.379287,36.538974,Marsabit
4.379287,36.58389,Marsabit
4.379287,36.628806,Marsabit
4.379287,36.673721,Marsabit
4.379287,36.718637,Marsabit
4.379287,36.763553,Marsabit
4.379287,36.808469,Marsabit
4.379287,36.853385,Marsabit
4.379287,36.8983,Marsabit
4.379287,36.943216,Marsabit
4.379287,36.988132,Marsabit
4.379287,37.033048,Marsabit
4.379287,37.077963,Unknown
4.334371,34.068607,Unknown
4.334371,34.113523,Turkana
4.334371,34.158439,Turkana
4.334371,34.203354,Turkana
4.334371,34.24827,Turkana
4.334371,34.293186,Turkana
4.334371,34.338102,Turkana
4.334371,34.383017,Turkana
4.334371,34.427933,Turkana
4.334371,34.472849,Turkana
4.334371,34.517765,Turkana
4.334371,34.562681,Turkana
4.334371,34.607596,Turkana
4.334371,34.652512,Turkana
4.334371,34.697428,Turkana
4.334371,34.742344,Turkana
4.334371,34.787259,Turkana
4.334371,34.832175,Turkana
4.334371,34.877091,Turkana
4.334371,34.922007,Turkana
4.334371,34.966922,Turkana
4.334371,35.011838,Turkana
4.334371,35.056754,Turkana
4.334371,35.10167,Turkana
4.334371,35.146585,Turkana
4.334371,35.191501,Turkana
4.334371,35.236417,Turkana
4.334371,35.281333,Turkana
4.334371,35.326249,Turkana
4.334371,35.371164,Turkana
4.334371,35.41608,Turkana
4.334371,35.460996,Turkana
4.334371,35.505912,Turkana
4.334371,35.550827,Turkana
4.334371,35.595743,Turkana
4.334371,35.640659,Turkana
4.334371,35.685575,Turkana
4.334371,35.73049,Turkana
4.334371,35.775406,Turkana
4.334371,35.820322,Turkana
4.334371,35.865238,Turkana
4.334371,35.910153,Turkana
4.334371,36.044901,Turkana
4.334371,36.179648,Marsabit
4.334371,36.224564,Marsabit
4.334371,36.26948,Marsabit
4.334371,36.314395,Marsabit
4.334371,36.359311,Marsabit
4.334371,36.404227,Marsabit
4.334371,36.449143,Marsabit
4.334371,36.494058,Marsabit
4.334371,36.538974,Marsabit
4.334371,36.58389,Marsabit
4.334371,36.628806,Marsabit
4.334371,36.673721,Marsabit
4.334371,36.718637,Marsabit
4.334371,36.763553,Marsabit
4.334371,36.808469,Marsabit
4.334371,36.853385,Marsabit
4.334371,36.8983,Marsabit
4.334371,36.943216,Marsabit
4.334371,36.988132,Marsabit
4.334371,37.033048,Marsabit
4.334371,37.077963,Marsabit
4.334371,37.122879,Unknown
4.289455,34.023691,Unknown
4.289455,34.068607,Turkana
4.289455,34.113523,Turkana
4.289455,34.158439,Turkana
4.289455,34.203354,Turkana
4.289455,34.24827,Turkana
4.289455,34.293186,Turkana
4.289455,34.338102,Turkana
4.289455,34.383017,Turkana
4.289455,34.427933,Turkana
4.289455,34.472849,Turkana
4.289455,34.517765,Turkana
4.289455,34.562681,Turkana
4.289455,34.607596,Turkana
4.289455,34.652512,Turkana
4.289455,34.697428,Turkana
4.289455,34.742344,Turkana
4.289455,34.787259,Turkana
4.289455,34.832175,Turkana
4.289455,34.877091,Turkana
4.289455,34.922007,Turkana
4.289455,34.966922,Turkana
4.289455,35.011838,Turkana
4.289455,35.056754,Turkana
4.289455,35.10167,Turkana
4.289455,35.146585,Turkana
4.289455,35.191501,Turkana
4.289455,35.236417,Turkana
4.289455,35.281333,Turkana
4.289455,35.326249,Turkana
4.289455,35.371164,Turkana
4.289455,35.41608,Turkana
4.289455,35.460996,Turkana
4.289455,35.505912,Turkana
4.289455,35.550827,Turkana
4.289455,35.595743,Turkana
4.289455,35.640659,Turkana
4.289455,35.685575,Turkana
4.289455,35.73049,Turkana
4.289455,35.775406,Turkana
4.289455,35.820322,Turkana
4.289455,35.865238,Turkana
4.289455,35.910153,Turkana
4.289455,36.179648,Marsabit
4.289455,36.224564,Marsabit
4.289455,36.26948,Marsabit
4.289455,36.314395,Marsabit
4.289455,36.359311,Marsabit
4.289455,36.404227,Marsabit
4.289455,36.449143,Marsabit
4.289455,36.494058,Marsabit
4.289455,36.538974,Marsabit
4.289455,36.58389,Marsabit
4.289455,36.628806,Marsabit
4.289455,36.673721,Marsabit
4.289455,36.718637,Marsabit
4.289455,36.763553,Marsabit
4.289455,36.808469,Marsabit
4.289455,36.853385,Marsabit
4.289455,36.8983,Marsabit
4.289455,36.943216,Marsabit
4.289455,36.988132,Marsabit
4.289455,37.033048,Marsabit
4.289455,37.077963,Marsabit
4.289455,37.122879,Marsabit
4.289455,37.167795,Unknown
4.289455,40.761056,Unknown
4.289455,40.805972,Unknown
4.24454,33.978776,Unknown
4.24454,34.023691,Turkana
4.24454,34.068607,Turkana
4.24454,34.113523,Turkana
4.24454,34.158439,Turkana
4.24454,34.203354,Turkana
4.24454,34.24827,Turkana
4.24454,34.293186,Turkana
4.24454,34.338102,Turkana
4.24454,34.383017,Turkana
4.24454,34.427933,Turkana
4.24454,34.472849,Turkana
4.24454,34.517765,Turkana
4.24454,34.562681,Turkana
4.24454,34.607596,Turkana
4.24454,34.652512,Turkana
4.24454,34.697428,Turkana
4.24454,34.742344,Turkana
4.24454,34.787259,Turkana
4.24454,34.832175,Turkana
4.24454,34.877091,Turkana
4.24454,34.922007,Turkana
4.24454,34.966922,Turkana
4.24454,35.011838,Turkana
4.24454,35.056754,Turkana
4.24454,35.10167,Turkana
4.24454,35.146585,Turkana
4.24454,35.191501,Turkana
4.24454,35.236417,Turkana
4.24454,35.281333,Turkana
4.24454,35.326249,Turkana
4.24454,35.371164,Turkana
4.24454,35.41608,Turkana
4.24454,35.460996,Turkana
4.24454,35.505912,Turkana
4.24454,35.550827,Turkana
4.24454,35.595743,Turkana
4.24454,35.640659,Turkana
4.24454,35.685575,Turkana
4.24454,35.73049,Turkana
4.24454,35.775406,Turkana
4.24454,35.820322,Turkana
4.24454,35.865238,Turkana
4.24454,35.910153,Turkana
4.24454,35.955069,Turkana
4.24454,36.224564,Marsabit
4.24454,36.26948,Marsabit
4.24454,36.314395,Marsabit
4.24454,36.359311,Marsabit
4.24454,36.404227,Marsabit
4.24454,36.449143,Marsabit
4.24454,36.494058,Marsabit
4.24454,36.538974,Marsabit
4.24454,36.58389,Marsabit
4.24454,36.628806,Marsabit
4.24454,36.673721,Marsabit
4.24454,36.718637,Marsabit
4.24454,36.763553,Marsabit
4.24454,36.808469,Marsabit
4.24454,36.853385,Marsabit
4.24454,36.8983,Marsabit
4.24454,36.943216,Marsabit
4.24454,36.988132,Marsabit
4.24454,37.033048,Marsabit
4.24454,37.077963,Marsabit
4.24454,37.122879,Marsabit
4.24454,37.167795,Marsabit
4.24454,37.212711,Marsabit
4.24454,37.257626,Unknown
4.24454,40.626309,Unknown
4.24454,40.671224,Unknown
4.24454,40.71614,Mandera
4.24454,40.761056,Mandera
4.24454,40.805972,Mandera
4.24454,40.850888,Unknown
4.199624,33.978776,Unknown
4.199624,34.023691,Turkana
4.199624,34.068607,Turkana
4.199624,34.113523,Turkana
4.199624,34.158439,Turkana
4.199624,34.203354,Turkana
4.199624,34.24827,Turkana
4.199624,34.293186,Turkana
4.199624,34.338102,Turkana
4.199624,34.383017,Turkana
4.199624,34.427933,Turkana
4.199624,34.472849,Turkana
4.199624,34.517765,Turkana
4.199624,34.562681,Turkana
4.199624,34.607596,Turkana
4.199624,34.652512,Turkana
4.199624,34.697428,Turkana
4.199624,34.742344,Turkana
4.199624,34.787259,Turkana
4.199624,34.832175,Turkana
4.199624,34.877091,Turkana
4.199624,34.922007,Turkana
4.199624,34.966922,Turkana
4.199624,35.011838,Turkana
4.199624,35.056754,Turkana
4.199624,35.10167,Turkana
4.199624,35.146585,Turkana
4.199624,35.191501,Turkana
4.199624,35.236417,Turkana
4.199624,35.281333,Turkana
4.199624,35.326249,Turkana
4.199624,35.371164,Turkana
4.199624,35.41608,Turkana
4.199624,35.460996,Turkana
4.199624,35.505912,Turkana
4.199624,35.550827,Turkana
4.199624,35.595743,Turkana
4.199624,35.640659,Turkana
4.199624,35.685575,Turkana
4.199624,35.73049,Turkana
4.199624,35.775406,Turkana
4.199624,35.820322,Turkana
4.199624,35.865238,Turkana
4.199624,35.910153,Turkana
4.199624,36.224564,Marsabit
4.199624,36.26948,Marsabit
4.199624,36.314395,Marsabit
4.199624,36.359311,Marsabit
4.199624,36.404227,Marsabit
4.199624,36.449143,Marsabit
4.199624,36.494058,Marsabit
4.199624,36.538974,Marsabit
4.199624,36.58389,Marsabit
4.199624,36.628806,Marsabit
4.199624,36.673721,Marsabit
4.199624,36.718637,Marsabit
4.199624,36.763553,Marsabit
4.199624,36.808469,Marsabit
4.199624,36.853385,Marsabit
4.199624,36.8983,Marsabit
4.199624,36.943216,Marsabit
4.199624,36.988132,Marsabit
4.199624,37.033048,Marsabit
4.199624,37.077963,Marsabit
4.199624,37.122879,Marsabit
4.199624,37.167795,Marsabit
4.199624,37.212711,Marsabit
4.199624,37.257626,Marsabit
4.199624,37.302542,Unknown
4.199624,40.536477,Unknown
4.199624,40.581393,Unknown
4.199624,40.626309,Mandera
4.199624,40.671224,Mandera
4.199624,40.71614,Mandera
4.199624,40.761056,Mandera
4.199624,40.805972,Mandera
4.199624,40.850888,Mandera
4.199624,40.895803,Unknown
4.154708,34.068607,Turkana
4.154708,34.113523,Turkana
4.154708,34.158439,Turkana
4.154708,34.203354,Turkana
4.154708,34.24827,Turkana
4.154708,34.293186,Turkana
4.154708,34.338102,Turkana
4.154708,34.383017,Turkana
4.154708,34.427933,Turkana
4.154708,34.472849,Turkana
4.154708,34.517765,Turkana
4.154708,34.562681,Turkana
4.154708,34.607596,Turkana
4.154708,34.652512,Turkana
4.154708,34.697428,Turkana
4.154708,34.742344,Turkana
4.154708,34.787259,Turkana
4.154708,34.832175,Turkana
4.154708,34.877091,Turkana
4.154708,34.922007,Turkana
4.154708,34.966922,Turkana
4.154708,35.011838,Turkana
4.154708,35.056754,Turkana
4.154708,35.10167,Turkana
4.154708,35.146585,Turkana
4.154708,35.191501,Turkana
4.154708,35.236417,Turkana
4.154708,35.281333,Turkana
4.154708,35.326249,Turkana
4.154708,35.371164,Turkana
4.154708,35.41608,Turkana
4.154708,35.460996,Turkana
4.154708,35.505912,Turkana
4.154708,35.550827,Turkana
4.154708,35.595743,Turkana
4.154708,35.640659,Turkana
4.154708,35.685575,Turkana
4.154708,35.73049,Turkana
4.154708,35.775406,Turkana
4.154708,35.820322,Turkana
4.154708,35.865238,Turkana
4.154708,35.910153,Turkana
4.154708,35.955069,Turkana
4.154708,36.26948,Marsabit
4.154708,36.314395,Marsabit
4.154708,36.359311,Marsabit
4.154708,36.404227,Marsabit
4.154708,36.449143,Marsabit
4.154708,36.494058,Marsabit
4.154708,36.538974,Marsabit
4.154708,36.58389,Marsabit
4.154708,36.628806,Marsabit
4.154708,36.673721,Marsabit
4.154708,36.718637,Marsabit
4.154708,36.763553,Marsabit
4.154708,36.808469,Marsabit
4.154708,36.853385,Marsabit
4.154708,36.8983,Marsabit
4.154708,36.943216,Marsabit
4.154708,36.988132,Marsabit
4.154708,37.033048,Marsabit
4.154708,37.077963,Marsabit
4.154708,37.122879,Marsabit
4.154708,37.167795,Marsabit
4.154708,37.212711,Marsabit
4.154708,37.257626,Marsabit
4.154708,37.302542,Marsabit
4.154708,37.347458,Marsabit
4.154708,37.392374,Unknown
4.154708,40.446646,Unknown
4.154708,40.491561,Mandera
4.154708,40.536477,Mandera
4.154708,40.581393,Mandera
4.154708,40.626309,Mandera
4.154708,40.671224,Mandera
4.154708,40.71614,Mandera
4.154708,40.761056,Mandera
4.154708,40.805972,Mandera
4.154708,40.850888,Mandera
4.154708,40.895803,Mandera
4.154708,40.940719,Unknown
4.109792,34.068607,Turkana
4.109792,34.113523,Turkana
4.109792,34.158439,Turkana
4.109792,34.203354,Turkana
4.109792,34.24827,Turkana
4.109792,34.293186,Turkana
4.109792,34.338102,Turkana
4.109792,34.383017,Turkana
4.109792,34.427933,Turkana
4.109792,34.472849,Turkana
4.109792,34.517765,Turkana
4.109792,34.562681,Turkana
4.109792,34.607596,Turkana
4.109792,34.652512,Turkana
4.109792,34.697428,Turkana
4.109792,34.742344,Turkana
4.109792,34.787259,Turkana
4.109792,34.832175,Turkana
4.109792,34.877091,Turkana
4.109792,34.922007,Turkana
4.109792,34.966922,Turkana
4.109792,35.011838,Turkana
4.109792,35.056754,Turkana
4.109792,35.10167,Turkana
4.109792,35.146585,Turkana
4.109792,35.191501,Turkana
4.109792,35.236417,Turkana
4.109792,35.281333,Turkana
4.109792,35.326249,Turkana
4.109792,35.371164,Turkana
4.109792,35.41608,Turkana
4.109792,35.460996,Turkana
4.109792,35.505912,Turkana
4.109792,35.550827,Turkana
4.109792,35.595743,Turkana
4.109792,35.640659,Turkana
4.109792,35.685575,Turkana
4.109792,35.73049,Turkana
4.109792,35.775406,Turkana
4.109792,35.820322,Turkana
4.109792,35.865238,Turkana
4.109792,35.910153,Turkana
4.109792,35.955069,Turkana
4.109792,36.224564,Marsabit
4.109792,36.26948,Marsabit
4.109792,36.314395,Marsabit
4.109792,36.359311,Marsabit
4.109792,36.404227,Marsabit
4.109792,36.449143,Marsabit
4.109792,36.494058,Marsabit
4.109792,36.538974,Marsabit
4.109792,36.58389,Marsabit
4.109792,36.628806,Marsabit
4.109792,36.673721,Marsabit
4.109792,36.718637,Marsabit
4.109792,36.763553,Marsabit
4.109792,36.808469,Marsabit
4.109792,36.853385,Marsabit
4.109792,36.8983,Marsabit
4.109792,36.943216,Marsabit
4.109792,36.988132,Marsabit
4.109792,37.033048,Marsabit
4.109792,37.077963,Marsabit
4.109792,37.122879,Marsabit
4.109792,37.167795,Marsabit
4.109792,37.212711,Marsabit
4.109792,37.257626,Marsabit
4.109792,37.302542,Marsabit
4.109792,37.347458,Marsabit
4.109792,37.392374,Marsabit
4.109792,37.437289,Unknown
4.109792,40.311898,Unknown
4.109792,40.356814,Unknown
4.109792,40.40173,Mandera
4.109792,40.446646,Mandera
4.109792,40.491561,Mandera
4.109792,40.536477,Mandera
4.109792,40.581393,Mandera
4.109792,40.626309,Mandera
4.109792,40.671224,Mandera
4.109792,40.71614,Mandera
4.109792,40.761056,Mandera
4.109792,40.805972,Mandera
4.109792,40.850888,Mandera
4.109792,40.895803,Mandera
4.109792,40.940719,Mandera
4.109792,40.985635,Mandera
4.109792,41.030551,Unknown
4.064877,34.068607,Unknown
4.064877,34.113523,Turkana
4.064877,34.158439,Turkana
4.064877,34.203354,Turkana
4.064877,34.24827,Turkana
4.064877,34.293186,Turkana
4.064877,34.338102,Turkana
4.064877,34.383017,Turkana
4.064877,34.427933,Turkana
4.064877,34.472849,Turkana
4.064877,34.517765,Turkana
4.064877,34.562681,Turkana
4.064877,34.607596,Turkana
4.064877,34.652512,Turkana
4.064877,34.697428,Turkana
4.064877,34.742344,Turkana
4.064877,34.787259,Turkana
4.064877,34.832175,Turkana
4.064877,34.877091,Turkana
4.064877,34.922007,Turkana
4.064877,34.966922,Turkana
4.064877,35.011838,Turkana
4.064877,35.056754,Turkana
4.064877,35.10167,Turkana
4.064877,35.146585,Turkana
4.064877,35.191501,Turkana
4.064877,35.236417,Turkana
4.064877,35.281333,Turkana
4.064877,35.326249,Turkana
4.064877,35.371164,Turkana
4.064877,35.41608,Turkana
4.064877,35.460996,Turkana
4.064877,35.505912,Turkana
4.064877,35.550827,Turkana
4.064877,35.595743,Turkana
4.064877,35.640659,Turkana
4.064877,35.685575,Turkana
4.064877,35.73049,Turkana
4.064877,35.775406,Turkana
4.064877,35.820322,Turkana
4.064877,35.865238,Turkana
4.064877,35.910153,Turkana
4.064877,36.044901,Turkana
4.064877,36.089817,Marsabit
4.064877,36.134732,Marsabit
4.064877,36.179648,Marsabit
4.064877,36.224564,Marsabit
4.064877,36.26948,Marsabit
4.064877,36.314395,Marsabit
4.064877,36.359311,Marsabit
4.064877,36.404227,Marsabit
4.064877,36.449143,Marsabit
4.064877,36.494058,Marsabit
4.064877,36.538974,Marsabit
4.064877,36.58389,Marsabit
4.064877,36.628806,Marsabit
4.064877,36.673721,Marsabit
4.064877,36.718637,Marsabit
4.064877,36.763553,Marsabit
4.064877,36.808469,Marsabit
4.064877,36.853385,Marsabit
4.064877,36.8983,Marsabit
4.064877,36.943216,Marsabit
4.064877,36.988132,Marsabit
4.064877,37.033048,Marsabit
4.064877,37.077963,Marsabit
4.064877,37.122879,Marsabit
4.064877,37.167795,Marsabit
4.064877,37.212711,Marsabit
4.064877,37.257626,Marsabit
4.064877,37.302542,Marsabit
4.064877,37.347458,Marsabit
4.064877,37.392374,Marsabit
4.064877,37.437289,Marsabit
4.064877,37.482205,Marsabit
4.064877,37.527121,Unknown
4.064877,40.177151,Unknown
4.064877,40.222067,Unknown
4.064877,40.266983,Mandera
4.064877,40.311898,Mandera
4.064877,40.356814,Mandera
4.064877,40.40173,Mandera
4.064877,40.446646,Mandera
4.064877,40.491561,Mandera
4.064877,40.536477,Mandera
4.064877,40.581393,Mandera
4.064877,40.626309,Mandera
4.064877,40.671224,Mandera
4.064877,40.71614,Mandera
4.064877,40.761056,Mandera
4.064877,40.805972,Mandera
4.064877,40.850888,Mandera
4.064877,40.895803,Mandera
4.064877,40.940719,Mandera
4.064877,40.985635,Mandera
4.064877,41.030551,Mandera
4.064877,41.075466,Unknown
4.019961,34.068607,Turkana
4.019961,34.113523,Turkana
4.019961,34.158439,Turkana
4.019961,34.203354,Turkana
4.019961,34.24827,Turkana
4.019961,34.293186,Turkana
4.019961,34.338102,Turkana
4.019961,34.383017,Turkana
4.019961,34.427933,Turkana
4.019961,34.472849,Turkana
4.019961,34.517765,Turkana
4.019961,34.562681,Turkana
4.019961,34.607596,Turkana
4.019961,34.652512,Turkana
4.019961,34.697428,Turkana
4.019961,34.742344,Turkana
4.019961,34.787259,Turkana
4.019961,34.832175,Turkana
4.019961,34.877091,Turkana
4.019961,34.922007,Turkana
4.019961,34.966922,Turkana
4.019961,35.011838,Turkana
4.019961,35.056754,Turkana
4.019961,35.10167,Turkana
4.019961,35.146585,Turkana
4.019961,35.191501,Turkana
4.019961,35.236417,Turkana
4.019961,35.281333,Turkana
4.019961,35.326249,Turkana
4.019961,35.371164,Turkana
4.019961,35.41608,Turkana
4.019961,35.460996,Turkana
4.019961,35.505912,Turkana
4.019961,35.550827,Turkana
4.019961,35.595743,Turkana
4.019961,35.640659,Turkana
4.019961,35.685575,Turkana
4.019961,35.73049,Turkana
4.019961,35.775406,Turkana
4.019961,35.820322,Turkana
4.019961,35.865238,Turkana
4.019961,36.179648,Marsabit
4.019961,36.224564,Marsabit
4.019961,36.26948,Marsabit
4.019961,36.314395,Marsabit
4.019961,36.359311,Marsabit
4.019961,36.404227,Marsabit
4.019961,36.449143,Marsabit
4.019961,36.494058,Marsabit
4.019961,36.538974,Marsabit
4.019961,36.58389,Marsabit
4.019961,36.628806,Marsabit
4.019961,36.673721,Marsabit
4.019961,36.718637,Marsabit
4.019961,36.763553,Marsabit
4.019961,36.808469,Marsabit
4.019961,36.853385,Marsabit
4.019961,36.8983,Marsabit
4.019961,36.943216,Marsabit
4.019961,36.988132,Marsabit
4.019961,37.033048,Marsabit
4.019961,37.077963,Marsabit
4.019961,37.122879,Marsabit
4.019961,37.167795,Marsabit
4.019961,37.212711,Marsabit
4.019961,37.257626,Marsabit
4.019961,37.302542,Marsabit
4.019961,37.347458,Marsabit
4.019961,37.392374,Marsabit
4.019961,37.437289,Marsabit
4.019961,37.482205,Marsabit
4.019961,37.527121,Marsabit
4.019961,37.572037,Unknown
4.019961,40.132235,Unknown
4.019961,40.177151,Mandera
4.019961,40.222067,Mandera
4.019961,40.266983,Mandera
4.019961,40.311898,Mandera
4.019961,40.356814,Mandera
4.019961,40.40173,Mandera
4.019961,40.446646,Mandera
4.019961,40.491561,Mandera
4.019961,40.536477,Mandera
4.019961,40.581393,Mandera
4.019961,40.626309,Mandera
4.019961,40.671224,Mandera
4.019961,40.71614,Mandera
4.019961,40.761056,Mandera
4.019961,40.805972,Mandera
4.019961,40.850888,Mandera
4.019961,40.895803,Mandera
4.019961,40.940719,Mandera
4.019961,40.985635,Mandera
4.019961,41.030551,Mandera
4.019961,41.075466,Mandera
4.019961,41.120382,Unknown
3.975045,34.068607,Unknown
3.975045,34.113523,Turkana
3.975045,34.158439,Turkana
3.975045,34.203354,Turkana
3.975045,34.24827,Turkana
3.975045,34.293186,Turkana
3.975045,34.338102,Turkana
3.975045,34.383017,Turkana
3.975045,34.427933,Turkana
3.975045,34.472849,Turkana
3.975045,34.517765,Turkana
3.975045,34.562681,Turkana
3.975045,34.607596,Turkana
3.975045,34.652512,Turkana
3.975045,34.697428,Turkana
3.975045,34.742344,Turkana
3.975045,34.787259,Turkana
3.975045,34.832175,Turkana
3.975045,34.877091,Turkana
3.975045,34.922007,Turkana
3.975045,34.966922,Turkana
3.975045,35.011838,Turkana
3.975045,35.056754,Turkana
3.975045,35.10167,Turkana
3.975045,35.146585,Turkana
3.975045,35.191501,Turkana
3.975045,35.236417,Turkana
3.975045,35.281333,Turkana
3.975045,35.326249,Turkana
3.975045,35.371164,Turkana
3.975045,35.41608,Turkana
3.975045,35.460996,Turkana
3.975045,35.505912,Turkana
3.975045,35.550827,Turkana
3.975045,35.595743,Turkana
3.975045,35.640659,Turkana
3.975045,35.685575,Turkana
3.975045,35.73049,Turkana
3.975045,35.775406,Turkana
3.975045,35.820322,Turkana
3.975045,35.865238,Turkana
3.975045,36.224564,Marsabit
3.975045,36.26948,Marsabit
3.975045,36.314395,Marsabit
3.975045,36.359311,Marsabit
3.975045,36.404227,Marsabit
3.975045,36.449143,Marsabit
3.975045,36.494058,Marsabit
3.975045,36.538974,Marsabit
3.975045,36.58389,Marsabit
3.975045,36.628806,Marsabit
3.975045,36.673721,Marsabit
3.975045,36.718637,Marsabit
3.975045,36.763553,Marsabit
3.975045,36.808469,Marsabit
3.975045,36.853385,Marsabit
3.975045,36.8983,Marsabit
3.975045,36.943216,Marsabit
3.975045,36.988132,Marsabit
3.975045,37.033048,Marsabit
3.975045,37.077963,Marsabit
3.975045,37.122879,Marsabit
3.975045,37.167795,Marsabit
3.975045,37.212711,Marsabit
3.975045,37.257626,Marsabit
3.975045,37.302542,Marsabit
3.975045,37.347458,Marsabit
3.975045,37.392374,Marsabit
3.975045,37.437289,Marsabit
3.975045,37.482205,Marsabit
3.975045,37.527121,Marsabit
3.975045,37.572037,Marsabit
3.975045,37.616953,Marsabit
3.975045,37.661868,Unknown
3.975045,40.042404,Unknown
3.975045,40.08732,Mandera
3.975045,40.132235,Mandera
3.975045,40.177151,Mandera
3.975045,40.222067,Mandera
3.975045,40.266983,Mandera
3.975045,40.311898,Mandera
3.975045,40.356814,Mandera
3.975045,40.40173,Mandera
3.975045,40.446646,Mandera
3.975045,40.491561,Mandera
3.975045,40.536477,Mandera
3.975045,40.581393,Mandera
3.975045,40.626309,Mandera
3.975045,40.671224,Mandera
3.975045,40.71614,Mandera
3.975045,40.761056,Mandera
3.975045,40.805972,Mandera
3.975045,40.850888,Mandera
3.975045,40.895803,Mandera
3.975045,40.940719,Mandera
3.975045,40.985635,Mandera
3.975045,41.030551,Mandera
3.975045,41.075466,Mandera
3.975045,41.120382,Mandera
3.975045,41.165298,Mandera
3.975045,41.210214,Mandera
3.975045,41.255129,Unknown
3.975045,41.344961,Unknown
3.975045,41.389877,Unknown
3.975045,41.434792,Unknown
3.975045,41.479708,Unknown
3.975045,41.524624,Unknown
3.975045,41.56954,Unknown
3.975045,41.614456,Unknown
3.975045,41.659371,Unknown
3.975045,41.704287,Mandera
3.975045,41.749203,Mandera
3.975045,41.794119,Mandera
3.975045,41.839034,Mandera
3.975045,41.88395,Mandera
3.930129,34.113523,Unknown
3.930129,34.158439,Turkana
3.930129,34.203354,Turkana
3.930129,34.24827,Turkana
3.930129,34.293186,Turkana
3.930129,34.338102,Turkana
3.930129,34.383017,Turkana
3.930129,34.427933,Turkana
3.930129,34.472849,Turkana
3.930129,34.517765,Turkana
3.930129,34.562681,Turkana
3.930129,34.607596,Turkana
3.930129,34.652512,Turkana
3.930129,34.697428,Turkana
3.930129,34.742344,Turkana
3.930129,34.787259,Turkana
3.930129,34.832175,Turkana
3.930129,34.877091,Turkana
3.930129,34.922007,Turkana
3.930129,34.966922,Turkana
3.930129,35.011838,Turkana
3.930129,35.056754,Turkana
3.930129,35.10167,Turkana
3.930129,35.146585,Turkana
3.930129,35.191501,Turkana
3.930129,35.236417,Turkana
3.930129,35.281333,Turkana
3.930129,35.326249,Turkana
3.930129,35.371164,Turkana
3.930129,35.41608,Turkana
3.930129,35.460996,Turkana
3.930129,35.505912,Turkana
3.930129,35.550827,Turkana
3.930129,35.595743,Turkana
3.930129,35.640659,Turkana
3.930129,35.685575,Turkana
3.930129,35.73049,Turkana
3.930129,35.775406,Turkana
3.930129,35.820322,Turkana
3.930129,35.865238,Turkana
3.930129,36.179648,Marsabit
3.930129,36.224564,Marsabit
3.930129,36.26948,Marsabit
3.930129,36.314395,Marsabit
3.930129,36.359311,Marsabit
3.930129,36.404227,Marsabit
3.930129,36.449143,Marsabit
3.930129,36.494058,Marsabit
3.930129,36.538974,Marsabit
3.930129,36.58389,Marsabit
3.930129,36.628806,Marsabit
3.930129,36.673721,Marsabit
3.930129,36.718637,Marsabit
3.930129,36.763553,Marsabit
3.930129,36.808469,Marsabit
3.930129,36.853385,Marsabit
3.930129,36.8983,Marsabit
3.930129,36.943216,Marsabit
3.930129,36.988132,Marsabit
3.930129,37.033048,Marsabit
3.930129,37.077963,Marsabit
3.930129,37.122879,Marsabit
3.930129,37.167795,Marsabit
3.930129,37.212711,Marsabit
3.930129,37.257626,Marsabit
3.930129,37.302542,Marsabit
3.930129,37.347458,Marsabit
3.930129,37.392374,Marsabit
3.930129,37.437289,Marsabit
3.930129,37.482205,Marsabit
3.930129,37.527121,Marsabit
3.930129,37.572037,Marsabit
3.930129,37.616953,Marsabit
3.930129,37.661868,Marsabit
3.930129,37.706784,Unknown
3.930129,39.952572,Unknown
3.930129,39.997488,Mandera
3.930129,40.042404,Mandera
3.930129,40.08732,Mandera
3.930129,40.132235,Mandera
3.930129,40.177151,Mandera
3.930129,40.222067,Mandera
3.930129,40.266983,Mandera
3.930129,40.311898,Mandera
3.930129,40.356814,Mandera
3.930129,40.40173,Mandera
3.930129,40.446646,Mandera
3.930129,40.491561,Mandera
3.930129,40.536477,Mandera
3.930129,40.581393,Mandera
3.930129,40.626309,Mandera
3.930129,40.671224,Mandera
3.930129,40.71614,Mandera
3.930129,40.761056,Mandera
3.930129,40.805972,Mandera
3.930129,40.850888,Mandera
3.930129,40.895803,Mandera
3.930129,40.940719,Mandera
3.930129,40.985635,Mandera
3.930129,41.030551,Mandera
3.930129,41.075466,Mandera
3.930129,41.120382,Mandera
3.930129,41.165298,Mandera
3.930129,41.210214,Mandera
3.930129,41.255129,Mandera
3.930129,41.300045,Mandera
3.930129,41.344961,Mandera
3.930129,41.389877,Mandera
3.930129,41.434792,Mandera
3.930129,41.479708,Mandera
3.930129,41.524624,Mandera
3.930129,41.56954,Mandera
3.930129,41.614456,Mandera
3.930129,41.659371,Mandera
3.930129,41.704287,Mandera
3.930129,41.749203,Mandera
3.930129,41.794119,Mandera
3.930129,41.839034,Mandera
3.930129,41.88395,Unknown
3.885214,34.068607,Unknown
3.885214,34.113523,Turkana
3.885214,34.158439,Turkana
3.885214,34.203354,Turkana
3.885214,34.24827,Turkana
3.885214,34.293186,Turkana
3.885214,34.338102,Turkana
3.885214,34.383017,Turkana
3.885214,34.427933,Turkana
3.885214,34.472849,Turkana
3.885214,34.517765,Turkana
3.885214,34.562681,Turkana
3.885214,34.607596,Turkana
3.885214,34.652512,Turkana
3.885214,34.697428,Turkana
3.885214,34.742344,Turkana
3.885214,34.787259,Turkana
3.885214,34.832175,Turkana
3.885214,34.877091,Turkana
3.885214,34.922007,Turkana
3.885214,34.966922,Turkana
3.885214,35.011838,Turkana
3.885214,35.056754,Turkana
3.885214,35.10167,Turkana
3.885214,35.146585,Turkana
3.885214,35.191501,Turkana
3.885214,35.236417,Turkana
3.885214,35.281333,Turkana
3.885214,35.326249,Turkana
3.885214,35.371164,Turkana
3.885214,35.41608,Turkana
3.885214,35.460996,Turkana
3.885214,35.505912,Turkana
3.885214,35.550827,Turkana
3.885214,35.595743,Turkana
3.885214,35.640659,Turkana
3.885214,35.685575,Turkana
3.885214,35.73049,Turkana
3.885214,35.775406,Turkana
3.885214,35.820322,Turkana
3.885214,35.865238,Turkana
3.885214,36.224564,Marsabit
3.885214,36.26948,Marsabit
3.885214,36.314395,Marsabit
3.885214,36.359311,Marsabit
3.885214,36.404227,Marsabit
3.885214,36.449143,Marsabit
3.885214,36.494058,Marsabit
3.885214,36.538974,Marsabit
3.885214,36.58389,Marsabit
3.885214,36.628806,Marsabit
3.885214,36.673721,Marsabit
3.885214,36.718637,Marsabit
3.885214,36.763553,Marsabit
3.885214,36.808469,Marsabit
3.885214,36.853385,Marsabit
3.885214,36.8983,Marsabit
3.885214,36.943216,Marsabit
3.885214,36.988132,Marsabit
3.885214,37.033048,Marsabit
3.885214,37.077963,Marsabit
3.885214,37.122879,Marsabit
3.885214,37.167795,Marsabit
3.885214,37.212711,Marsabit
3.885214,37.257626,Marsabit
3.885214,37.302542,Marsabit
3.885214,37.347458,Marsabit
3.885214,37.392374,Marsabit
3.885214,37.437289,Marsabit
3.885214,37.482205,Marsabit
3.885214,37.527121,Marsabit
3.885214,37.572037,Marsabit
3.885214,37.616953,Marsabit
3.885214,37.661868,Marsabit
3.885214,37.706784,Marsabit
3.885214,37.7517,Unknown
3.885214,37.796616,Unknown
3.885214,39.862741,Unknown
3.885214,39.907656,Mandera
3.885214,39.952572,Mandera
3.885214,39.997488,Mandera
3.885214,40.042404,Mandera
3.885214,40.08732,Mandera
3.885214,40.132235,Mandera
3.885214,40.177151,Mandera
3.885214,40.222067,Mandera
3.885214,40.266983,Mandera
3.885214,40.311898,Mandera
3.885214,40.356814,Mandera
3.885214,40.40173,Mandera
3.885214,40.446646,Mandera
3.885214,40.491561,Mandera
3.885214,40.536477,Mandera
3.885214,40.581393,Mandera
3.885214,40.626309,Mandera
3.885214,40.671224,Mandera
3.885214,40.71614,Mandera
3.885214,40.761056,Mandera
3.885214,40.805972,Mandera
3.885214,40.850888,Mandera
3.885214,40.895803,Mandera
3.885214,40.940719,Mandera
3.885214,40.985635,Mandera
3.885214,41.030551,Mandera
3.885214,41.075466,Mandera
3.885214,41.120382,Mandera
3.885214,41.165298,Mandera
3.885214,41.210214,Mandera
3.885214,41.255129,Mandera
3.885214,41.300045,Mandera
3.885214,41.344961,Mandera
3.885214,41.389877,Mandera
3.885214,41.434792,Mandera
3.885214,41.479708,Mandera
3.885214,41.524624,Mandera
3.885214,41.56954,Mandera
3.885214,41.614456,Mandera
3.885214,41.659371,Mandera
3.885214,41.704287,Mandera
3.885214,41.749203,Mandera
3.885214,41.794119,Mandera
3.885214,41.839034,Unknown
3.840298,34.068607,Unknown
3.840298,34.113523,Unknown
3.840298,34.158439,Unknown
3.840298,34.203354,Unknown
3.840298,34.24827,Turkana
3.840298,34.293186,Turkana
3.840298,34.338102,Turkana
3.840298,34.383017,Turkana
3.840298,34.427933,Turkana
3.840298,34.472849,Turkana
3.840298,34.517765,Turkana
3.840298,34.562681,Turkana
3.840298,34.607596,Turkana
3.840298,34.652512,Turkana
3.840298,34.697428,Turkana
3.840298,34.742344,Turkana
3.840298,34.787259,Turkana
3.840298,34.832175,Turkana
3.840298,34.877091,Turkana
3.840298,34.922007,Turkana
3.840298,34.966922,Turkana
3.840298,35.011838,Turkana
3.840298,35.056754,Turkana
3.840298,35.10167,Turkana
3.840298,35.146585,Turkana
3.840298,35.191501,Turkana
3.840298,35.236417,Turkana
3.840298,35.281333,Turkana
3.840298,35.326249,Turkana
3.840298,35.371164,Turkana
3.840298,35.41608,Turkana
3.840298,35.460996,Turkana
3.840298,35.505912,Turkana
3.840298,35.550827,Turkana
3.840298,35.595743,Turkana
3.840298,35.640659,Turkana
3.840298,35.685575,Turkana
3.840298,35.73049,Turkana
3.840298,35.775406,Turkana
3.840298,35.820322,Turkana
3.840298,35.865238,Turkana
3.840298,36.224564,Marsabit
3.840298,36.26948,Marsabit
3.840298,36.314395,Marsabit
3.840298,36.359311,Marsabit
3.840298,36.404227,Marsabit
3.840298,36.449143,Marsabit
3.840298,36.494058,Marsabit
3.840298,36.538974,Marsabit
3.840298,36.58389,Marsabit
3.840298,36.628806,Marsabit
3.840298,36.673721,Marsabit
3.840298,36.718637,Marsabit
3.840298,36.763553,Marsabit
3.840298,36.808469,Marsabit
3.840298,36.853385,Marsabit
3.840298,36.8983,Marsabit
3.840298,36.943216,Marsabit
3.840298,36.988132,Marsabit
3.840298,37.033048,Marsabit
3.840298,37.077963,Marsabit
3.840298,37.122879,Marsabit
3.840298,37.167795,Marsabit
3.840298,37.212711,Marsabit
3.840298,37.257626,Marsabit
3.840298,37.302542,Marsabit
3.840298,37.347458,Marsabit
3.840298,37.392374,Marsabit
3.840298,37.437289,Marsabit
3.840298,37.482205,Marsabit
3.840298,37.527121,Marsabit
3.840298,37.572037,Marsabit
3.840298,37.616953,Marsabit
3.840298,37.661868,Marsabit
3.840298,37.706784,Marsabit
3.840298,37.7517,Marsabit
3.840298,37.796616,Marsabit
3.840298,37.841531,Unknown
3.840298,39.862741,Mandera
3.840298,39.907656,Mandera
3.840298,39.952572,Mandera
3.840298,39.997488,Mandera
3.840298,40.042404,Mandera
3.840298,40.08732,Mandera
3.840298,40.132235,Mandera
3.840298,40.177151,Mandera
3.840298,40.222067,Mandera
3.840298,40.266983,Mandera
3.840298,40.311898,Mandera
3.840298,40.356814,Mandera
3.840298,40.40173,Mandera
3.840298,40.446646,Mandera
3.840298,40.491561,Mandera
3.840298,40.536477,Mandera
3.840298,40.581393,Mandera
3.840298,40.626309,Mandera
3.840298,40.671224,Mandera
3.840298,40.71614,Mandera
3.840298,40.761056,Mandera
3.840298,40.805972,Mandera
3.840298,40.850888,Mandera
3.840298,40.895803,Mandera
3.840298,40.940719,Mandera
3.840298,40.985635,Mandera
3.840298,41.030551,Mandera
3.840298,41.075466,Mandera
3.840298,41.120382,Mandera
3.840298,41.165298,Mandera
3.840298,41.210214,Mandera
3.840298,41.255129,Mandera
3.840298,41.300045,Mandera
3.840298,41.344961,Mandera
3.840298,41.389877,Mandera
3.840298,41.434792,Mandera
3.840298,41.479708,Mandera
3.840298,41.524624,Mandera
3.840298,41.56954,Mandera
3.840298,41.614456,Mandera
3.840298,41.659371,Mandera
3.840298,41.704287,Mandera
3.840298,41.749203,Mandera
3.840298,41.794119,Mandera
3.840298,41.839034,Unknown
3.795382,34.158439,Unknown
3.795382,34.203354,Turkana
3.795382,34.24827,Turkana
3.795382,34.293186,Turkana
3.795382,34.338102,Turkana
3.795382,34.383017,Turkana
3.795382,34.427933,Turkana
3.795382,34.472849,Turkana
3.795382,34.517765,Turkana
3.795382,34.562681,Turkana
3.795382,34.607596,Turkana
3.795382,34.652512,Turkana
3.795382,34.697428,Turkana
3.795382,34.742344,Turkana
3.795382,34.787259,Turkana
3.795382,34.832175,Turkana
3.795382,34.877091,Turkana
3.795382,34.922007,Turkana
3.795382,34.966922,Turkana
3.795382,35.011838,Turkana
3.795382,35.056754,Turkana
3.795382,35.10167,Turkana
3.795382,35.146585,Turkana
3.795382,35.191501,Turkana
3.795382,35.236417,Turkana
3.795382,35.281333,Turkana
3.795382,35.326249,Turkana
3.795382,35.371164,Turkana
3.795382,35.41608,Turkana
3.795382,35.460996,Turkana
3.795382,35.505912,Turkana
3.795382,35.550827,Turkana
3.795382,35.595743,Turkana
3.795382,35.640659,Turkana
3.795382,35.685575,Turkana
3.795382,35.73049,Turkana
3.795382,35.775406,Turkana
3.795382,35.820322,Turkana
3.795382,35.865238,Turkana
3.795382,36.224564,Marsabit
3.795382,36.26948,Marsabit
3.795382,36.314395,Marsabit
3.795382,36.359311,Marsabit
3.795382,36.404227,Marsabit
3.795382,36.449143,Marsabit
3.795382,36.494058,Marsabit
3.795382,36.538974,Marsabit
3.795382,36.58389,Marsabit
3.795382,36.628806,Marsabit
3.795382,36.673721,Marsabit
3.795382,36.718637,Marsabit
3.795382,36.763553,Marsabit
3.795382,36.808469,Marsabit
3.795382,36.853385,Marsabit
3.795382,36.8983,Marsabit
3.795382,36.943216,Marsabit
3.795382,36.988132,Marsabit
3.795382,37.033048,Marsabit
3.795382,37.077963,Marsabit
3.795382,37.122879,Marsabit
3.795382,37.167795,Marsabit
3.795382,37.212711,Marsabit
3.795382,37.257626,Marsabit
3.795382,37.302542,Marsabit
3.795382,37.347458,Marsabit
3.795382,37.392374,Marsabit
3.795382,37.437289,Marsabit
3.795382,37.482205,Marsabit
3.795382,37.527121,Marsabit
3.795382,37.572037,Marsabit
3.795382,37.616953,Marsabit
3.795382,37.661868,Marsabit
3.795382,37.706784,Marsabit
3.795382,37.7517,Marsabit
3.795382,37.796616,Marsabit
3.795382,37.841531,Marsabit
3.795382,37.886447,Marsabit
3.795382,37.931363,Unknown
3.795382,39.817825,Unknown
3.795382,39.862741,Mandera
3.795382,39.907656,Mandera
3.795382,39.952572,Mandera
3.795382,39.997488,Mandera
3.795382,40.042404,Mandera
3.795382,40.08732,Mandera
3.795382,40.132235,Mandera
3.795382,40.177151,Mandera
3.795382,40.222067,Mandera
3.795382,40.266983,Mandera
3.795382,40.311898,Mandera
3.795382,40.356814,Mandera
3.795382,40.40173,Mandera
3.795382,40.446646,Mandera
3.795382,40.491561,Mandera
3.795382,40.536477,Mandera
3.795382,40.581393,Mandera
3.795382,40.626309,Mandera
3.795382,40.671224,Mandera
3.795382,40.71614,Mandera
3.795382,40.761056,Mandera
3.795382,40.805972,Mandera
3.795382,40.850888,Mandera
3.795382,40.895803,Mandera
3.795382,40.940719,Mandera
3.795382,40.985635,Mandera
3.795382,41.030551,Mandera
3.795382,41.075466,Mandera
3.795382,41.120382,Mandera
3.795382,41.165298,Mandera
3.795382,41.210214,Mandera
3.795382,41.255129,Mandera
3.795382,41.300045,Mandera
3.795382,41.344961,Mandera
3.795382,41.389877,Mandera
3.795382,41.434792,Mandera
3.795382,41.479708,Mandera
3.795382,41.524624,Mandera
3.795382,41.56954,Mandera
3.795382,41.614456,Mandera
3.795382,41.659371,Mandera
3.795382,41.704287,Mandera
3.795382,41.749203,Mandera
3.795382,41.794119,Unknown
3.750466,34.158439,Unknown
3.750466,34.203354,Unknown
3.750466,34.24827,Unknown
3.750466,34.293186,Turkana
3.750466,34.338102,Turkana
3.750466,34.383017,Turkana
3.750466,34.427933,Turkana
3.750466,34.472849,Turkana
3.750466,34.517765,Turkana
3.750466,34.562681,Turkana
3.750466,34.607596,Turkana
3.750466,34.652512,Turkana
3.750466,34.697428,Turkana
3.750466,34.742344,Turkana
3.750466,34.787259,Turkana
3.750466,34.832175,Turkana
3.750466,34.877091,Turkana
3.750466,34.922007,Turkana
3.750466,34.966922,Turkana
3.750466,35.011838,Turkana
3.750466,35.056754,Turkana
3.750466,35.10167,Turkana
3.750466,35.146585,Turkana
3.750466,35.191501,Turkana
3.750466,35.236417,Turkana
3.750466,35.281333,Turkana
3.750466,35.326249,Turkana
3.750466,35.371164,Turkana
3.750466,35.41608,Turkana
3.750466,35.460996,Turkana
3.750466,35.505912,Turkana
3.750466,35.550827,Turkana
3.750466,35.595743,Turkana
3.750466,35.640659,Turkana
3.750466,35.685575,Turkana
3.750466,35.73049,Turkana
3.750466,35.775406,Turkana
3.750466,35.820322,Turkana
3.750466,35.865238,Turkana
3.750466,36.26948,Marsabit
3.750466,36.314395,Marsabit
3.750466,36.359311,Marsabit
3.750466,36.404227,Marsabit
3.750466,36.449143,Marsabit
3.750466,36.494058,Marsabit
3.750466,36.538974,Marsabit
3.750466,36.58389,Marsabit
3.750466,36.628806,Marsabit
3.750466,36.673721,Marsabit
3.750466,36.718637,Marsabit
3.750466,36.763553,Marsabit
3.750466,36.808469,Marsabit
3.750466,36.853385,Marsabit
3.750466,36.8983,Marsabit
3.750466,36.943216,Marsabit
3.750466,36.988132,Marsabit
3.750466,37.033048,Marsabit
3.750466,37.077963,Marsabit
3.750466,37.122879,Marsabit
3.750466,37.167795,Marsabit
3.750466,37.212711,Marsabit
3.750466,37.257626,Marsabit
3.750466,37.302542,Marsabit
3.750466,37.347458,Marsabit
3.750466,37.392374,Marsabit
3.750466,37.437289,Marsabit
3.750466,37.482205,Marsabit
3.750466,37.527121,Marsabit
3.750466,37.572037,Marsabit
3.750466,37.616953,Marsabit
3.750466,37.661868,Marsabit
3.750466,37.706784,Marsabit
3.750466,37.7517,Marsabit
3.750466,37.796616,Marsabit
3.750466,37.841531,Marsabit
3.750466,37.886447,Marsabit
3.750466,37.931363,Marsabit
3.750466,37.976279,Unknown
3.750466,38.021194,Unknown
3.750466,39.817825,Mandera
3.750466,39.862741,Mandera
3.750466,39.907656,Mandera
3.750466,39.952572,Mandera
3.750466,39.997488,Mandera
3.750466,40.042404,Mandera
3.750466,40.08732,Mandera
3.750466,40.132235,Mandera
3.750466,40.177151,Mandera
3.750466,40.222067,Mandera
3.750466,40.266983,Mandera
3.750466,40.311898,Mandera
3.750466,40.356814,Mandera
3.750466,40.40173,Mandera
3.750466,40.446646,Mandera
3.750466,40.491561,Mandera
3.750466,40.536477,Mandera
3.750466,40.581393,Mandera
3.750466,40.626309,Mandera
3.750466,40.671224,Mandera
3.750466,40.71614,Mandera
3.750466,40.761056,Mandera
3.750466,40.805972,Mandera
3.750466,40.850888,Mandera
3.750466,40.895803,Mandera
3.750466,40.940719,Mandera
3.750466,40.985635,Mandera
3.750466,41.030551,Mandera
3.750466,41.075466,Mandera
3.750466,41.120382,Mandera
3.750466,41.165298,Mandera
3.750466,41.210214,Mandera
3.750466,41.255129,Mandera
3.750466,41.300045,Mandera
3.750466,41.344961,Mandera
3.750466,41.389877,Mandera
3.750466,41.434792,Mandera
3.750466,41.479708,Mandera
3.750466,41.524624,Mandera
3.750466,41.56954,Mandera
3.750466,41.614456,Mandera
3.750466,41.659371,Mandera
3.750466,41.704287,Mandera
3.750466,41.749203,Unknown
3.705551,34.293186,Unknown
3.705551,34.338102,Unknown
3.705551,34.383017,Unknown
3.705551,34.427933,Turkana
3.705551,34.472849,Turkana
3.705551,34.517765,Turkana
3.705551,34.562681,Turkana
3.705551,34.607596,Turkana
3.705551,34.652512,Turkana
3.705551,34.697428,Turkana
3.705551,34.742344,Turkana
3.705551,34.787259,Turkana
3.705551,34.832175,Turkana
3.705551,34.877091,Turkana
3.705551,34.922007,Turkana
3.705551,34.966922,Turkana
3.705551,35.011838,Turkana
3.705551,35.056754,Turkana
3.705551,35.10167,Turkana
3.705551,35.146585,Turkana
3.705551,35.191501,Turkana
3.705551,35.236417,Turkana
3.705551,35.281333,Turkana
3.705551,35.326249,Turkana
3.705551,35.371164,Turkana
3.705551,35.41608,Turkana
3.705551,35.460996,Turkana
3.705551,35.505912,Turkana
3.705551,35.550827,Turkana
3.705551,35.595743,Turkana
3.705551,35.640659,Turkana
3.705551,35.685575,Turkana
3.705551,35.73049,Turkana
3.705551,35.775406,Turkana
3.705551,35.820322,Turkana
3.705551,36.224564,Marsabit
3.705551,36.26948,Marsabit
3.705551,36.314395,Marsabit
3.705551,36.359311,Marsabit
3.705551,36.404227,Marsabit
3.705551,36.449143,Marsabit
3.705551,36.494058,Marsabit
3.705551,36.538974,Marsabit
3.705551,36.58389,Marsabit
3.705551,36.628806,Marsabit
3.705551,36.673721,Marsabit
3.705551,36.718637,Marsabit
3.705551,36.763553,Marsabit
3.705551,36.808469,Marsabit
3.705551,36.853385,Marsabit
3.705551,36.8983,Marsabit
3.705551,36.943216,Marsabit
3.705551,36.988132,Marsabit
3.705551,37.033048,Marsabit
3.705551,37.077963,Marsabit
3.705551,37.122879,Marsabit
3.705551,37.167795,Marsabit
3.705551,37.212711,Marsabit
3.705551,37.257626,Marsabit
3.705551,37.302542,Marsabit
3.705551,37.347458,Marsabit
3.705551,37.392374,Marsabit
3.705551,37.437289,Marsabit
3.705551,37.482205,Marsabit
3.705551,37.527121,Marsabit
3.705551,37.572037,Marsabit
3.705551,37.616953,Marsabit
3.705551,37.661868,Marsabit
3.705551,37.706784,Marsabit
3.705551,37.7517,Marsabit
3.705551,37.796616,Marsabit
3.705551,37.841531,Marsabit
3.705551,37.886447,Marsabit
3.705551,37.931363,Marsabit
3.705551,37.976279,Marsabit
3.705551,38.021194,Unknown
3.705551,39.772909,Unknown
3.705551,39.817825,Mandera
3.705551,39.862741,Mandera
3.705551,39.907656,Mandera
3.705551,39.952572,Mandera
3.705551,39.997488,Mandera
3.705551,40.042404,Mandera
3.705551,40.08732,Mandera
3.705551,40.132235,Mandera
3.705551,40.177151,Mandera
3.705551,40.222067,Mandera
3.705551,40.266983,Mandera
3.705551,40.311898,Mandera
3.705551,40.356814,Mandera
3.705551,40.40173,Mandera
3.705551,40.446646,Mandera
3.705551,40.491561,Mandera
3.705551,40.536477,Mandera
3.705551,40.581393,Mandera
3.705551,40.626309,Mandera
3.705551,40.671224,Mandera
3.705551,40.71614,Mandera
3.705551,40.761056,Mandera
3.705551,40.805972,Mandera
3.705551,40.850888,Mandera
3.705551,40.895803,Mandera
3.705551,40.940719,Mandera
3.705551,40.985635,Mandera
3.705551,41.030551,Mandera
3.705551,41.075466,Mandera
3.705551,41.120382,Mandera
3.705551,41.165298,Mandera
3.705551,41.210214,Mandera
3.705551,41.255129,Mandera
3.705551,41.300045,Mandera
3.705551,41.344961,Mandera
3.705551,41.389877,Mandera
3.705551,41.434792,Mandera
3.705551,41.479708,Mandera
3.705551,41.524624,Mandera
3.705551,41.56954,Mandera
3.705551,41.614456,Mandera
3.705551,41.659371,Mandera
3.705551,41.704287,Mandera
3.660635,34.427933,Unknown
3.660635,34.472849,Turkana
3.660635,34.517765,Turkana
3.660635,34.562681,Turkana
3.660635,34.607596,Turkana
3.660635,34.652512,Turkana
3.660635,34.697428,Turkana
3.660635,34.742344,Turkana
3.660635,34.787259,Turkana
3.660635,34.832175,Turkana
3.660635,34.877091,Turkana
3.660635,34.922007,Turkana
3.660635,34.966922,Turkana
3.660635,35.011838,Turkana
3.660635,35.056754,Turkana
3.660635,35.10167,Turkana
3.660635,35.146585,Turkana
3.660635,35.191501,Turkana
3.660635,35.236417,Turkana
3.660635,35.281333,Turkana
3.660635,35.326249,Turkana
3.660635,35.371164,Turkana
3.660635,35.41608,Turkana
3.660635,35.460996,Turkana
3.660635,35.505912,Turkana
3.660635,35.550827,Turkana
3.660635,35.595743,Turkana
3.660635,35.640659,Turkana
3.660635,35.685575,Turkana
3.660635,35.73049,Turkana
3.660635,35.775406,Turkana
3.660635,35.820322,Turkana
3.660635,35.865238,Turkana
3.660635,36.179648,Marsabit
3.660635,36.224564,Marsabit
3.660635,36.26948,Marsabit
3.660635,36.314395,Marsabit
3.660635,36.359311,Marsabit
3.660635,36.404227,Marsabit
3.660635,36.449143,Marsabit
3.660635,36.494058,Marsabit
3.660635,36.538974,Marsabit
3.660635,36.58389,Marsabit
3.660635,36.628806,Marsabit
3.660635,36.673721,Marsabit
3.660635,36.718637,Marsabit
3.660635,36.763553,Marsabit
3.660635,36.808469,Marsabit
3.660635,36.853385,Marsabit
3.660635,36.8983,Marsabit
3.660635,36.943216,Marsabit
3.660635,36.988132,Marsabit
3.660635,37.033048,Marsabit
3.660635,37.077963,Marsabit
3.660635,37.122879,Marsabit
3.660635,37.167795,Marsabit
3.660635,37.212711,Marsabit
3.660635,37.257626,Marsabit
3.660635,37.302542,Marsabit
3.660635,37.347458,Marsabit
3.660635,37.392374,Marsabit
3.660635,37.437289,Marsabit
3.660635,37.482205,Marsabit
3.660635,37.527121,Marsabit
3.660635,37.572037,Marsabit
3.660635,37.616953,Marsabit
3.660635,37.661868,Marsabit
3.660635,37.706784,Marsabit
3.660635,37.7517,Marsabit
3.660635,37.796616,Marsabit
3.660635,37.841531,Marsabit
3.660635,37.886447,Marsabit
3.660635,37.931363,Marsabit
3.660635,37.976279,Marsabit
3.660635,38.021194,Marsabit
3.660635,38.06611,Marsabit
3.660635,38.111026,Unknown
3.660635,38.515268,Unknown
3.660635,38.560184,Unknown
3.660635,39.727993,Unknown
3.660635,39.772909,Wajir
3.660635,39.817825,Mandera
3.660635,39.862741,Mandera
3.660635,39.907656,Mandera
3.660635,39.952572,Mandera
3.660635,39.997488,Mandera
3.660635,40.042404,Mandera
3.660635,40.08732,Mandera
3.660635,40.132235,Mandera
3.660635,40.177151,Mandera
3.660635,40.222067,Mandera
3.660635,40.266983,Mandera
3.660635,40.311898,Mandera
3.660635,40.356814,Mandera
3.660635,40.40173,Mandera
3.660635,40.446646,Mandera
3.660635,40.491561,Mandera
3.660635,40.536477,Mandera
3.660635,40.581393,Mandera
3.660635,40.626309,Mandera
3.660635,40.671224,Mandera
3.660635,40.71614,Mandera
3.660635,40.761056,Mandera
3.660635,40.805972,Mandera
3.660635,40.850888,Mandera
3.660635,40.895803,Mandera
3.660635,40.940719,Mandera
3.660635,40.985635,Mandera
3.660635,41.030551,Mandera
3.660635,41.075466,Mandera
3.660635,41.120382,Mandera
3.660635,41.165298,Mandera
3.660635,41.210214,Mandera
3.660635,41.255129,Mandera
3.660635,41.300045,Mandera
3.660635,41.344961,Mandera
3.660635,41.389877,Mandera
3.660635,41.434792,Mandera
3.660635,41.479708,Mandera
3.660635,41.524624,Mandera
3.660635,41.56954,Mandera
3.660635,41.614456,Mandera
3.660635,41.659371,Mandera
3.660635,41.704287,Unknown
3.615719,34.472849,Turkana
3.615719,34.517765,Turkana
3.615719,34.562681,Turkana
3.615719,34.607596,Turkana
3.615719,34.652512,Turkana
3.615719,34.697428,Turkana
3.615719,34.742344,Turkana
3.615719,34.787259,Turkana
3.615719,34.832175,Turkana
3.615719,34.877091,Turkana
3.615719,34.922007,Turkana
3.615719,34.966922,Turkana
3.615719,35.011838,Turkana
3.615719,35.056754,Turkana
3.615719,35.10167,Turkana
3.615719,35.146585,Turkana
3.615719,35.191501,Turkana
3.615719,35.236417,Turkana
3.615719,35.281333,Turkana
3.615719,35.326249,Turkana
3.615719,35.371164,Turkana
3.615719,35.41608,Turkana
3.615719,35.460996,Turkana
3.615719,35.505912,Turkana
3.615719,35.550827,Turkana
3.615719,35.595743,Turkana
3.615719,35.640659,Turkana
3.615719,35.685575,Turkana
3.615719,35.73049,Turkana
3.615719,35.775406,Turkana
3.615719,35.820322,Turkana
3.615719,36.224564,Marsabit
3.615719,36.26948,Marsabit
3.615719,36.314395,Marsabit
3.615719,36.359311,Marsabit
3.615719,36.404227,Marsabit
3.615719,36.449143,Marsabit
3.615719,36.494058,Marsabit
3.615719,36.538974,Marsabit
3.615719,36.58389,Marsabit
3.615719,36.628806,Marsabit
3.615719,36.673721,Marsabit
3.615719,36.718637,Marsabit
3.615719,36.763553,Marsabit
3.615719,36.808469,Marsabit
3.615719,36.853385,Marsabit
3.615719,36.8983,Marsabit
3.615719,36.943216,Marsabit
3.615719,36.988132,Marsabit
3.615719,37.033048,Marsabit
3.615719,37.077963,Marsabit
3.615719,37.122879,Marsabit
3.615719,37.167795,Marsabit
3.615719,37.212711,Marsabit
3.615719,37.257626,Marsabit
3.615719,37.302542,Marsabit
3.615719,37.347458,Marsabit
3.615719,37.392374,Marsabit
3.615719,37.437289,Marsabit
3.615719,37.482205,Marsabit
3.615719,37.527121,Marsabit
3.615719,37.572037,Marsabit
3.615719,37.616953,Marsabit
3.615719,37.661868,Marsabit
3.615719,37.706784,Marsabit
3.615719,37.7517,Marsabit
3.615719,37.796616,Marsabit
3.615719,37.841531,Marsabit
3.615719,37.886447,Marsabit
3.615719,37.931363,Marsabit
3.615719,37.976279,Marsabit
3.615719,38.021194,Marsabit
3.615719,38.06611,Marsabit
3.615719,38.111026,Marsabit
3.615719,38.155942,Marsabit
3.615719,38.200857,Marsabit
3.615719,38.245773,Marsabit
3.615719,38.290689,Marsabit
3.615719,38.335605,Unknown
3.615719,38.380521,Unknown
3.615719,38.425436,Unknown
3.615719,38.470352,Marsabit
3.615719,38.515268,Marsabit
3.615719,38.560184,Marsabit
3.615719,38.605099,Unknown
3.615719,38.650015,Unknown
3.615719,38.694931,Unknown
3.615719,39.683078,Unknown
3.615719,39.727993,Wajir
3.615719,39.772909,Wajir
3.615719,39.817825,Mandera
3.615719,39.862741,Mandera
3.615719,39.907656,Mandera
3.615719,39.952572,Mandera
3.615719,39.997488,Mandera
3.615719,40.042404,Mandera
3.615719,40.08732,Mandera
3.615719,40.132235,Mandera
3.615719,40.177151,Mandera
3.615719,40.222067,Mandera
3.615719,40.266983,Mandera
3.615719,40.311898,Mandera
3.615719,40.356814,Mandera
3.615719,40.40173,Mandera
3.615719,40.446646,Mandera
3.615719,40.491561,Mandera
3.615719,40.536477,Mandera
3.615719,40.581393,Mandera
3.615719,40.626309,Mandera
3.615719,40.671224,Mandera
3.615719,40.71614,Mandera
3.615719,40.761056,Mandera
3.615719,40.805972,Mandera
3.615719,40.850888,Mandera
3.615719,40.895803,Mandera
3.615719,40.940719,Mandera
3.615719,40.985635,Mandera
3.615719,41.030551,Mandera
3.615719,41.075466,Mandera
3.615719,41.120382,Mandera
3.615719,41.165298,Mandera
3.615719,41.210214,Mandera
3.615719,41.255129,Mandera
3.615719,41.300045,Mandera
3.615719,41.344961,Mandera
3.615719,41.389877,Mandera
3.615719,41.434792,Mandera
3.615719,41.479708,Mandera
3.615719,41.524624,Mandera
3.615719,41.56954,Mandera
3.615719,41.614456,Mandera
3.615719,41.659371,Unknown
3.570803,34.472849,Turkana
3.570803,34.517765,Turkana
3.570803,34.562681,Turkana
3.570803,34.607596,Turkana
3.570803,34.652512,Turkana
3.570803,34.697428,Turkana
3.570803,34.742344,Turkana
3.570803,34.787259,Turkana
3.570803,34.832175,Turkana
3.570803,34.877091,Turkana
3.570803,34.922007,Turkana
3.570803,34.966922,Turkana
3.570803,35.011838,Turkana
3.570803,35.056754,Turkana
3.570803,35.10167,Turkana
3.570803,35.146585,Turkana
3.570803,35.191501,Turkana
3.570803,35.236417,Turkana
3.570803,35.281333,Turkana
3.570803,35.326249,Turkana
3.570803,35.371164,Turkana
3.570803,35.41608,Turkana
3.570803,35.460996,Turkana
3.570803,35.505912,Turkana
3.570803,35.550827,Turkana
3.570803,35.595743,Turkana
3.570803,35.640659,Turkana
3.570803,35.685575,Turkana
3.570803,35.73049,Turkana
3.570803,35.775406,Turkana
3.570803,35.820322,Turkana
3.570803,35.865238,Turkana
3.570803,36.179648,Marsabit
3.570803,36.224564,Marsabit
3.570803,36.26948,Marsabit
3.570803,36.314395,Marsabit
3.570803,36.359311,Marsabit
3.570803,36.404227,Marsabit
3.570803,36.449143,Marsabit
3.570803,36.494058,Marsabit
3.570803,36.538974,Marsabit
3.570803,36.58389,Marsabit
3.570803,36.628806,Marsabit
3.570803,36.673721,Marsabit
3.570803,36.718637,Marsabit
3.570803,36.763553,Marsabit
3.570803,36.808469,Marsabit
3.570803,36.853385,Marsabit
3.570803,36.8983,Marsabit
3.570803,36.943216,Marsabit
3.570803,36.988132,Marsabit
3.570803,37.033048,Marsabit
3.570803,37.077963,Marsabit
3.570803,37.122879,Marsabit
3.570803,37.167795,Marsabit
3.570803,37.212711,Marsabit
3.570803,37.257626,Marsabit
3.570803,37.302542,Marsabit
3.570803,37.347458,Marsabit
3.570803,37.392374,Marsabit
3.570803,37.437289,Marsabit
3.570803,37.482205,Marsabit
3.570803,37.527121,Marsabit
3.570803,37.572037,Marsabit
3.570803,37.616953,Marsabit
3.570803,37.661868,Marsabit
3.570803,37.706784,Marsabit
3.570803,37.7517,Marsabit
3.570803,37.796616,Marsabit
3.570803,37.841531,Marsabit
3.570803,37.886447,Marsabit
3.570803,37.931363,Marsabit
3.570803,37.976279,Marsabit
3.570803,38.021194,Marsabit
3.570803,38.06611,Marsabit
3.570803,38.111026,Marsabit
3.570803,38.155942,Marsabit
3.570803,38.200857,Marsabit
3.570803,38.245773,Marsabit
3.570803,38.290689,Marsabit
3.570803,38.335605,Marsabit
3.570803,38.380521,Marsabit
3.570803,38.425436,Marsabit
3.570803,38.470352,Marsabit
3.570803,38.515268,Marsabit
3.570803,38.560184,Marsabit
3.570803,38.605099,Marsabit
3.570803,38.650015,Marsabit
3.570803,38.694931,Marsabit
3.570803,38.739847,Unknown
3.570803,38.784762,Unknown
3.570803,39.638162,Unknown
3.570803,39.683078,Wajir
3.570803,39.727993,Wajir
3.570803,39.772909,Wajir
3.570803,39.817825,Mandera
3.570803,39.862741,Mandera
3.570803,39.907656,Mandera
3.570803,39.952572,Mandera
3.570803,39.997488,Mandera
3.570803,40.042404,Mandera
3.570803,40.08732,Mandera
3.570803,40.132235,Mandera
3.570803,40.177151,Mandera
3.570803,40.222067,Mandera
3.570803,40.266983,Mandera
3.570803,40.311898,Mandera
3.570803,40.356814,Mandera
3.570803,40.40173,Mandera
3.570803,40.446646,Mandera
3.570803,40.491561,Mandera
3.570803,40.536477,Mandera
3.570803,40.581393,Mandera
3.570803,40.626309,Mandera
3.570803,40.671224,Mandera
3.570803,40.71614,Mandera
3.570803,40.761056,Mandera
3.570803,40.805972,Mandera
3.570803,40.850888,Mandera
3.570803,40.895803,Mandera
3.570803,40.940719,Mandera
3.570803,40.985635,Mandera
3.570803,41.030551,Mandera
3.570803,41.075466,Mandera
3.570803,41.120382,Mandera
3.570803,41.165298,Mandera
3.570803,41.210214,Mandera
3.570803,41.255129,Mandera
3.570803,41.300045,Mandera
3.570803,41.344961,Mandera
3.570803,41.389877,Mandera
3.570803,41.434792,Mandera
3.570803,41.479708,Mandera
3.570803,41.524624,Mandera
3.570803,41.56954,Mandera
3.570803,41.614456,Mandera
3.525887,34.427933,Unknown
3.525887,34.472849,Turkana
3.525887,34.517765,Turkana
3.525887,34.562681,Turkana
3.525887,34.607596,Turkana
3.525887,34.652512,Turkana
3.525887,34.697428,Turkana
3.525887,34.742344,Turkana
3.525887,34.787259,Turkana
3.525887,34.832175,Turkana
3.525887,34.877091,Turkana
3.525887,34.922007,Turkana
3.525887,34.966922,Turkana
3.525887,35.011838,Turkana
3.525887,35.056754,Turkana
3.525887,35.10167,Turkana
3.525887,35.146585,Turkana
3.525887,35.191501,Turkana
3.525887,35.236417,Turkana
3.525887,35.281333,Turkana
3.525887,35.326249,Turkana
3.525887,35.371164,Turkana
3.525887,35.41608,Turkana
3.525887,35.460996,Turkana
3.525887,35.505912,Turkana
3.525887,35.550827,Turkana
3.525887,35.595743,Turkana
3.525887,35.640659,Turkana
3.525887,35.685575,Turkana
3.525887,35.73049,Turkana
3.525887,35.775406,Turkana
3.525887,35.820322,Turkana
3.525887,35.865238,Turkana
3.525887,35.910153,Turkana
3.525887,35.955069,Turkana
3.525887,36.044901,Turkana
3.525887,36.179648,Marsabit
3.525887,36.224564,Marsabit
3.525887,36.26948,Marsabit
3.525887,36.314395,Marsabit
3.525887,36.359311,Marsabit
3.525887,36.404227,Marsabit
3.525887,36.449143,Marsabit
3.525887,36.494058,Marsabit
3.525887,36.538974,Marsabit
3.525887,36.58389,Marsabit
3.525887,36.628806,Marsabit
3.525887,36.673721,Marsabit
3.525887,36.718637,Marsabit
3.525887,36.763553,Marsabit
3.525887,36.808469,Marsabit
3.525887,36.853385,Marsabit
3.525887,36.8983,Marsabit
3.525887,36.943216,Marsabit
3.525887,36.988132,Marsabit
3.525887,37.033048,Marsabit
3.525887,37.077963,Marsabit
3.525887,37.122879,Marsabit
3.525887,37.167795,Marsabit
3.525887,37.212711,Marsabit
3.525887,37.257626,Marsabit
3.525887,37.302542,Marsabit
3.525887,37.347458,Marsabit
3.525887,37.392374,Marsabit
3.525887,37.437289,Marsabit
3.525887,37.482205,Marsabit
3.525887,37.527121,Marsabit
3.525887,37.572037,Marsabit
3.525887,37.616953,Marsabit
3.525887,37.661868,Marsabit
3.525887,37.706784,Marsabit
3.525887,37.7517,Marsabit
3.525887,37.796616,Marsabit
3.525887,37.841531,Marsabit
3.525887,37.886447,Marsabit
3.525887,37.931363,Marsabit
3.525887,37.976279,Marsabit
3.525887,38.021194,Marsabit
3.525887,38.06611,Marsabit
3.525887,38.111026,Marsabit
3.525887,38.155942,Marsabit
3.525887,38.200857,Marsabit
3.525887,38.245773,Marsabit
3.525887,38.290689,Marsabit
3.525887,38.335605,Marsabit
3.525887,38.380521,Marsabit
3.525887,38.425436,Marsabit
3.525887,38.470352,Marsabit
3.525887,38.515268,Marsabit
3.525887,38.560184,Marsabit
3.525887,38.605099,Marsabit
3.525887,38.650015,Marsabit
3.525887,38.694931,Marsabit
3.525887,38.739847,Marsabit
3.525887,38.784762,Marsabit
3.525887,38.829678,Marsabit
3.525887,38.874594,Unknown
3.525887,38.91951,Unknown
3.525887,38.964425,Unknown
3.525887,39.009341,Unknown
3.525887,39.054257,Marsabit
3.525887,39.099173,Marsabit
3.525887,39.144089,Unknown
3.525887,39.593246,Unknown
3.525887,39.638162,Wajir
3.525887,39.683078,Wajir
3.525887,39.727993,Wajir
3.525887,39.772909,Wajir
3.525887,39.817825,Mandera
3.525887,39.862741,Mandera
3.525887,39.907656,Mandera
3.525887,39.952572,Mandera
3.525887,39.997488,Mandera
3.525887,40.042404,Mandera
3.525887,40.08732,Mandera
3.525887,40.132235,Mandera
3.525887,40.177151,Mandera
3.525887,40.222067,Mandera
3.525887,40.266983,Mandera
3.525887,40.311898,Mandera
3.525887,40.356814,Mandera
3.525887,40.40173,Mandera
3.525887,40.446646,Mandera
3.525887,40.491561,Mandera
3.525887,40.536477,Mandera
3.525887,40.581393,Mandera
3.525887,40.626309,Mandera
3.525887,40.671224,Mandera
3.525887,40.71614,Mandera
3.525887,40.761056,Mandera
3.525887,40.805972,Mandera
3.525887,40.850888,Mandera
3.525887,40.895803,Mandera
3.525887,40.940719,Mandera
3.525887,40.985635,Mandera
3.525887,41.030551,Mandera
3.525887,41.075466,Mandera
3.525887,41.120382,Mandera
3.525887,41.165298,Mandera
3.525887,41.210214,Mandera
3.525887,41.255129,Mandera
3.525887,41.300045,Mandera
3.525887,41.344961,Mandera
3.525887,41.389877,Mandera
3.525887,41.434792,Mandera
3.525887,41.479708,Mandera
3.525887,41.524624,Mandera
3.525887,41.56954,Mandera
3.525887,41.614456,Unknown
3.480972,34.383017,Unknown
3.480972,34.427933,Turkana
3.480972,34.472849,Turkana
3.480972,34.517765,Turkana
3.480972,34.562681,Turkana
3.480972,34.607596,Turkana
3.480972,34.652512,Turkana
3.480972,34.697428,Turkana
3.480972,34.742344,Turkana
3.480972,34.787259,Turkana
3.480972,34.832175,Turkana
3.480972,34.877091,Turkana
3.480972,34.922007,Turkana
3.480972,34.966922,Turkana
3.480972,35.011838,Turkana
3.480972,35.056754,Turkana
3.480972,35.10167,Turkana
3.480972,35.146585,Turkana
3.480972,35.191501,Turkana
3.480972,35.236417,Turkana
3.480972,35.281333,Turkana
3.480972,35.326249,Turkana
3.480972,35.371164,Turkana
3.480972,35.41608,Turkana
3.480972,35.460996,Turkana
3.480972,35.505912,Turkana
3.480972,35.550827,Turkana
3.480972,35.595743,Turkana
3.480972,35.640659,Turkana
3.480972,35.685575,Turkana
3.480972,35.73049,Turkana
3.480972,35.775406,Turkana
3.480972,35.820322,Turkana
3.480972,35.865238,Turkana
3.480972,35.910153,Turkana
3.480972,35.955069,Turkana
3.480972,35.999985,Turkana
3.480972,36.044901,Turkana
3.480972,36.224564,Marsabit
3.480972,36.26948,Marsabit
3.480972,36.314395,Marsabit
3.480972,36.359311,Marsabit
3.480972,36.404227,Marsabit
3.480972,36.449143,Marsabit
3.480972,36.494058,Marsabit
3.480972,36.538974,Marsabit
3.480972,36.58389,Marsabit
3.480972,36.628806,Marsabit
3.480972,36.673721,Marsabit
3.480972,36.718637,Marsabit
3.480972,36.763553,Marsabit
3.480972,36.808469,Marsabit
3.480972,36.853385,Marsabit
3.480972,36.8983,Marsabit
3.480972,36.943216,Marsabit
3.480972,36.988132,Marsabit
3.480972,37.033048,Marsabit
3.480972,37.077963,Marsabit
3.480972,37.122879,Marsabit
3.480972,37.167795,Marsabit
3.480972,37.212711,Marsabit
3.480972,37.257626,Marsabit
3.480972,37.302542,Marsabit
3.480972,37.347458,Marsabit
3.480972,37.392374,Marsabit
3.480972,37.437289,Marsabit
3.480972,37.482205,Marsabit
3.480972,37.527121,Marsabit
3.480972,37.572037,Marsabit
3.480972,37.616953,Marsabit
3.480972,37.661868,Marsabit
3.480972,37.706784,Marsabit
3.480972,37.7517,Marsabit
3.480972,37.796616,Marsabit
3.480972,37.841531,Marsabit
3.480972,37.886447,Marsabit
3.480972,37.931363,Marsabit
3.480972,37.976279,Marsabit
3.480972,38.021194,Marsabit
3.480972,38.06611,Marsabit
3.480972,38.111026,Marsabit
3.480972,38.155942,Marsabit
3.480972,38.200857,Marsabit
3.480972,38.245773,Marsabit
3.480972,38.290689,Marsabit
3.480972,38.335605,Marsabit
3.480972,38.380521,Marsabit
3.480972,38.425436,Marsabit
3.480972,38.470352,Marsabit
3.480972,38.515268,Marsabit
3.480972,38.560184,Marsabit
3.480972,38.605099,Marsabit
3.480972,38.650015,Marsabit
3.480972,38.694931,Marsabit
3.480972,38.739847,Marsabit
3.480972,38.784762,Marsabit
3.480972,38.829678,Marsabit
3.480972,38.874594,Marsabit
3.480972,38.91951,Marsabit
3.480972,38.964425,Marsabit
3.480972,39.009341,Marsabit
3.480972,39.054257,Marsabit
3.480972,39.099173,Marsabit
3.480972,39.144089,Marsabit
3.480972,39.189004,Marsabit
3.480972,39.23392,Unknown
3.480972,39.278836,Unknown
3.480972,39.323752,Unknown
3.480972,39.368667,Unknown
3.480972,39.413583,Unknown
3.480972,39.458499,Unknown
3.480972,39.503415,Unknown
3.480972,39.593246,Wajir
3.480972,39.638162,Wajir
3.480972,39.683078,Wajir
3.480972,39.727993,Wajir
3.480972,39.772909,Wajir
3.480972,39.817825,Mandera
3.480972,39.862741,Mandera
3.480972,39.907656,Mandera
3.480972,39.952572,Mandera
3.480972,39.997488,Mandera
3.480972,40.042404,Mandera
3.480972,40.08732,Mandera
3.480972,40.132235,Mandera
3.480972,40.177151,Mandera
3.480972,40.222067,Mandera
3.480972,40.266983,Mandera
3.480972,40.311898,Mandera
3.480972,40.356814,Mandera
3.480972,40.40173,Mandera
3.480972,40.446646,Mandera
3.480972,40.491561,Mandera
3.480972,40.536477,Mandera
3.480972,40.581393,Mandera
3.480972,40.626309,Mandera
3.480972,40.671224,Mandera
3.480972,40.71614,Mandera
3.480972,40.761056,Mandera
3.480972,40.805972,Mandera
3.480972,40.850888,Mandera
3.480972,40.895803,Mandera
3.480972,40.940719,Mandera
3.480972,40.985635,Mandera
3.480972,41.030551,Mandera
3.480972,41.075466,Mandera
3.480972,41.120382,Mandera
3.480972,41.165298,Mandera
3.480972,41.210214,Mandera
3.480972,41.255129,Mandera
3.480972,41.300045,Mandera
3.480972,41.344961,Mandera
3.480972,41.389877,Mandera
3.480972,41.434792,Mandera
3.480972,41.479708,Mandera
3.480972,41.524624,Mandera
3.480972,41.56954,Unknown
3.436056,34.427933,Turkana
3.436056,34.472849,Turkana
3.436056,34.517765,Turkana
3.436056,34.562681,Turkana
3.436056,34.607596,Turkana
3.436056,34.652512,Turkana
3.436056,34.697428,Turkana
3.436056,34.742344,Turkana
3.436056,34.787259,Turkana
3.436056,34.832175,Turkana
3.436056,34.877091,Turkana
3.436056,34.922007,Turkana
3.436056,34.966922,Turkana
3.436056,35.011838,Turkana
3.436056,35.056754,Turkana
3.436056,35.10167,Turkana
3.436056,35.146585,Turkana
3.436056,35.191501,Turkana
3.436056,35.236417,Turkana
3.436056,35.281333,Turkana
3.436056,35.326249,Turkana
3.436056,35.371164,Turkana
3.436056,35.41608,Turkana
3.436056,35.460996,Turkana
3.436056,35.505912,Turkana
3.436056,35.550827,Turkana
3.436056,35.595743,Turkana
3.436056,35.640659,Turkana
3.436056,35.685575,Turkana
3.436056,35.73049,Turkana
3.436056,35.775406,Turkana
3.436056,35.820322,Turkana
3.436056,35.865238,Turkana
3.436056,35.910153,Turkana
3.436056,35.955069,Turkana
3.436056,36.224564,Marsabit
3.436056,36.26948,Marsabit
3.436056,36.314395,Marsabit
3.436056,36.359311,Marsabit
3.436056,36.404227,Marsabit
3.436056,36.449143,Marsabit
3.436056,36.494058,Marsabit
3.436056,36.538974,Marsabit
3.436056,36.58389,Marsabit
3.436056,36.628806,Marsabit
3.436056,36.673721,Marsabit
3.436056,36.718637,Marsabit
3.436056,36.763553,Marsabit
3.436056,36.808469,Marsabit
3.436056,36.853385,Marsabit
3.436056,36.8983,Marsabit
3.436056,36.943216,Marsabit
3.436056,36.988132,Marsabit
3.436056,37.033048,Marsabit
3.436056,37.077963,Marsabit
3.436056,37.122879,Marsabit
3.436056,37.167795,Marsabit
3.436056,37.212711,Marsabit
3.436056,37.257626,Marsabit
3.436056,37.302542,Marsabit
3.436056,37.347458,Marsabit
3.436056,37.392374,Marsabit
3.436056,37.437289,Marsabit
3.436056,37.482205,Marsabit
3.436056,37.527121,Marsabit
3.436056,37.572037,Marsabit
3.436056,37.616953,Marsabit
3.436056,37.661868,Marsabit
3.436056,37.706784,Marsabit
3.436056,37.7517,Marsabit
3.436056,37.796616,Marsabit
3.436056,37.841531,Marsabit
3.436056,37.886447,Marsabit
3.436056,37.931363,Marsabit
3.436056,37.976279,Marsabit
3.436056,38.021194,Marsabit
3.436056,38.06611,Marsabit
3.436056,38.111026,Marsabit
3.436056,38.155942,Marsabit
3.436056,38.200857,Marsabit
3.436056,38.245773,Marsabit
3.436056,38.290689,Marsabit
3.436056,38.335605,Marsabit
3.436056,38.380521,Marsabit
3.436056,38.425436,Marsabit
3.436056,38.470352,Marsabit
3.436056,38.515268,Marsabit
3.436056,38.560184,Marsabit
3.436056,38.605099,Marsabit
3.436056,38.650015,Marsabit
3.436056,38.694931,Marsabit
3.436056,38.739847,Marsabit
3.436056,38.784762,Marsabit
3.436056,38.829678,Marsabit
3.436056,38.874594,Marsabit
3.436056,38.91951,Marsabit
3.436056,38.964425,Marsabit
3.436056,39.009341,Marsabit
3.436056,39.054257,Marsabit
3.436056,39.099173,Marsabit
3.436056,39.144089,Marsabit
3.436056,39.189004,Marsabit
3.436056,39.23392,Marsabit
3.436056,39.278836,Marsabit
3.436056,39.323752,Wajir
3.436056,39.368667,Wajir
3.436056,39.413583,Wajir
3.436056,39.458499,Wajir
3.436056,39.503415,Wajir
3.436056,39.54833,Wajir
3.436056,39.593246,Wajir
3.436056,39.638162,Wajir
3.436056,39.683078,Wajir
3.436056,39.727993,Wajir
3.436056,39.772909,Wajir
3.436056,39.817825,Mandera
3.436056,39.862741,Mandera
3.436056,39.907656,Mandera
3.436056,39.952572,Mandera
3.436056,39.997488,Mandera
3.436056,40.042404,Mandera
3.436056,40.08732,Mandera
3.436056,40.132235,Mandera
3.436056,40.177151,Mandera
3.436056,40.222067,Mandera
3.436056,40.266983,Mandera
3.436056,40.311898,Mandera
3.436056,40.356814,Mandera
3.436056,40.40173,Mandera
3.436056,40.446646,Mandera
3.436056,40.491561,Mandera
3.436056,40.536477,Mandera
3.436056,40.581393,Mandera
3.436056,40.626309,Mandera
3.436056,40.671224,Mandera
3.436056,40.71614,Mandera
3.436056,40.761056,Mandera
3.436056,40.805972,Mandera
3.436056,40.850888,Mandera
3.436056,40.895803,Mandera
3.436056,40.940719,Mandera
3.436056,40.985635,Mandera
3.436056,41.030551,Mandera
3.436056,41.075466,Mandera
3.436056,41.120382,Mandera
3.436056,41.165298,Mandera
3.436056,41.210214,Mandera
3.436056,41.255129,Mandera
3.436056,41.300045,Mandera
3.436056,41.344961,Mandera
3.436056,41.389877,Mandera
3.436056,41.434792,Mandera
3.436056,41.479708,Mandera
3.436056,41.524624,Mandera
3.39114,34.383017,Unknown
3.39114,34.427933,Turkana
3.39114,34.472849,Turkana
3.39114,34.517765,Turkana
3.39114,34.562681,Turkana
3.39114,34.607596,Turkana
3.39114,34.652512,Turkana
3.39114,34.697428,Turkana
3.39114,34.742344,Turkana
3.39114,34.787259,Turkana
3.39114,34.832175,Turkana
3.39114,34.877091,Turkana
3.39114,34.922007,Turkana
3.39114,34.966922,Turkana
3.39114,35.011838,Turkana
3.39114,35.056754,Turkana
3.39114,35.10167,Turkana
3.39114,35.146585,Turkana
3.39114,35.191501,Turkana
3.39114,35.236417,Turkana
3.39114,35.281333,Turkana
3.39114,35.326249,Turkana
3.39114,35.371164,Turkana
3.39114,35.41608,Turkana
3.39114,35.460996,Turkana
3.39114,35.505912,Turkana
3.39114,35.550827,Turkana
3.39114,35.595743,Turkana
3.39114,35.640659,Turkana
3.39114,35.685575,Turkana
3.39114,35.73049,Turkana
3.39114,35.775406,Turkana
3.39114,35.820322,Turkana
3.39114,35.865238,Turkana
3.39114,35.910153,Turkana
3.39114,35.955069,Turkana
3.39114,36.26948,Marsabit
3.39114,36.314395,Marsabit
3.39114,36.359311,Marsabit
3.39114,36.404227,Marsabit
3.39114,36.449143,Marsabit
3.39114,36.494058,Marsabit
3.39114,36.538974,Marsabit
3.39114,36.58389,Marsabit
3.39114,36.628806,Marsabit
3.39114,36.673721,Marsabit
3.39114,36.718637,Marsabit
3.39114,36.763553,Marsabit
3.39114,36.808469,Marsabit
3.39114,36.853385,Marsabit
3.39114,36.8983,Marsabit
3.39114,36.943216,Marsabit
3.39114,36.988132,Marsabit
3.39114,37.033048,Marsabit
3.39114,37.077963,Marsabit
3.39114,37.122879,Marsabit
3.39114,37.167795,Marsabit
3.39114,37.212711,Marsabit
3.39114,37.257626,Marsabit
3.39114,37.302542,Marsabit
3.39114,37.347458,Marsabit
3.39114,37.392374,Marsabit
3.39114,37.437289,Marsabit
3.39114,37.482205,Marsabit
3.39114,37.527121,Marsabit
3.39114,37.572037,Marsabit
3.39114,37.616953,Marsabit
3.39114,37.661868,Marsabit
3.39114,37.706784,Marsabit
3.39114,37.7517,Marsabit
3.39114,37.796616,Marsabit
3.39114,37.841531,Marsabit
3.39114,37.886447,Marsabit
3.39114,37.931363,Marsabit
3.39114,37.976279,Marsabit
3.39114,38.021194,Marsabit
3.39114,38.06611,Marsabit
3.39114,38.111026,Marsabit
3.39114,38.155942,Marsabit
3.39114,38.200857,Marsabit
3.39114,38.245773,Marsabit
3.39114,38.290689,Marsabit
3.39114,38.335605,Marsabit
3.39114,38.380521,Marsabit
3.39114,38.425436,Marsabit
3.39114,38.470352,Marsabit
3.39114,38.515268,Marsabit
3.39114,38.560184,Marsabit
3.39114,38.605099,Marsabit
3.39114,38.650015,Marsabit
3.39114,38.694931,Marsabit
3.39114,38.739847,Marsabit
3.39114,38.784762,Marsabit
3.39114,38.829678,Marsabit
3.39114,38.874594,Marsabit
3.39114,38.91951,Marsabit
3.39114,38.964425,Marsabit
3.39114,39.009341,Marsabit
3.39114,39.054257,Marsabit
3.39114,39.099173,Marsabit
3.39114,39.144089,Marsabit
3.39114,39.189004,Marsabit
3.39114,39.23392,Marsabit
3.39114,39.278836,Marsabit
3.39114,39.323752,Wajir
3.39114,39.368667,Wajir
3.39114,39.413583,Wajir
3.39114,39.458499,Wajir
3.39114,39.503415,Wajir
3.39114,39.54833,Wajir
3.39114,39.593246,Wajir
3.39114,39.638162,Wajir
3.39114,39.683078,Wajir
3.39114,39.727993,Wajir
3.39114,39.772909,Wajir
3.39114,39.817825,Mandera
3.39114,39.862741,Mandera
3.39114,39.907656,Mandera
3.39114,39.952572,Mandera
3.39114,39.997488,Mandera
3.39114,40.042404,Mandera
3.39114,40.08732,Mandera
3.39114,40.132235,Mandera
3.39114,40.177151,Mandera
3.39114,40.222067,Mandera
3.39114,40.266983,Mandera
3.39114,40.311898,Mandera
3.39114,40.356814,Mandera
3.39114,40.40173,Mandera
3.39114,40.446646,Mandera
3.39114,40.491561,Mandera
3.39114,40.536477,Mandera
3.39114,40.581393,Mandera
3.39114,40.626309,Mandera
3.39114,40.671224,Mandera
3.39114,40.71614,Mandera
3.39114,40.761056,Mandera
3.39114,40.805972,Mandera
3.39114,40.850888,Mandera
3.39114,40.895803,Mandera
3.39114,40.940719,Mandera
3.39114,40.985635,Mandera
3.39114,41.030551,Mandera
3.39114,41.075466,Mandera
3.39114,41.120382,Mandera
3.39114,41.165298,Mandera
3.39114,41.210214,Mandera
3.39114,41.255129,Mandera
3.39114,41.300045,Mandera
3.39114,41.344961,Mandera
3.39114,41.389877,Mandera
3.39114,41.434792,Mandera
3.39114,41.479708,Mandera
3.39114,41.524624,Unknown
3.346224,34.383017,Unknown
3.346224,34.427933,Turkana
3.346224,34.472849,Turkana
3.346224,34.517765,Turkana
3.346224,34.562681,Turkana
3.346224,34.607596,Turkana
3.346224,34.652512,Turkana
3.346224,34.697428,Turkana
3.346224,34.742344,Turkana
3.346224,34.787259,Turkana
3.346224,34.832175,Turkana
3.346224,34.877091,Turkana
3.346224,34.922007,Turkana
3.346224,34.966922,Turkana
3.346224,35.011838,Turkana
3.346224,35.056754,Turkana
3.346224,35.10167,Turkana
3.346224,35.146585,Turkana
3.346224,35.191501,Turkana
3.346224,35.236417,Turkana
3.346224,35.281333,Turkana
3.346224,35.326249,Turkana
3.346224,35.371164,Turkana
3.346224,35.41608,Turkana
3.346224,35.460996,Turkana
3.346224,35.505912,Turkana
3.346224,35.550827,Turkana
3.346224,35.595743,Turkana
3.346224,35.640659,Turkana
3.346224,35.685575,Turkana
3.346224,35.73049,Turkana
3.346224,35.775406,Turkana
3.346224,35.820322,Turkana
3.346224,35.865238,Turkana
3.346224,35.910153,Turkana
3.346224,35.955069,Turkana
3.346224,36.224564,Marsabit
3.346224,36.26948,Marsabit
3.346224,36.314395,Marsabit
3.346224,36.359311,Marsabit
3.346224,36.404227,Marsabit
3.346224,36.449143,Marsabit
3.346224,36.494058,Marsabit
3.346224,36.538974,Marsabit
3.346224,36.58389,Marsabit
3.346224,36.628806,Marsabit
3.346224,36.673721,Marsabit
3.346224,36.718637,Marsabit
3.346224,36.763553,Marsabit
3.346224,36.808469,Marsabit
3.346224,36.853385,Marsabit
3.346224,36.8983,Marsabit
3.346224,36.943216,Marsabit
3.346224,36.988132,Marsabit
3.346224,37.033048,Marsabit
3.346224,37.077963,Marsabit
3.346224,37.122879,Marsabit
3.346224,37.167795,Marsabit
3.346224,37.212711,Marsabit
3.346224,37.257626,Marsabit
3.346224,37.302542,Marsabit
3.346224,37.347458,Marsabit
3.346224,37.392374,Marsabit
3.346224,37.437289,Marsabit
3.346224,37.482205,Marsabit
3.346224,37.527121,Marsabit
3.346224,37.572037,Marsabit
3.346224,37.616953,Marsabit
3.346224,37.661868,Marsabit
3.346224,37.706784,Marsabit
3.346224,37.7517,Marsabit
3.346224,37.796616,Marsabit
3.346224,37.841531,Marsabit
3.346224,37.886447,Marsabit
3.346224,37.931363,Marsabit
3.346224,37.976279,Marsabit
3.346224,38.021194,Marsabit
3.346224,38.06611,Marsabit
3.346224,38.111026,Marsabit
3.346224,38.155942,Marsabit
3.346224,38.200857,Marsabit
3.346224,38.245773,Marsabit
3.346224,38.290689,Marsabit
3.346224,38.335605,Marsabit
3.346224,38.380521,Marsabit
3.346224,38.425436,Marsabit
3.346224,38.470352,Marsabit
3.346224,38.515268,Marsabit
3.346224,38.560184,Marsabit
3.346224,38.605099,Marsabit
3.346224,38.650015,Marsabit
3.346224,38.694931,Marsabit
3.346224,38.739847,Marsabit
3.346224,38.784762,Marsabit
3.346224,38.829678,Marsabit
3.346224,38.874594,Marsabit
3.346224,38.91951,Marsabit
3.346224,38.964425,Marsabit
3.346224,39.009341,Marsabit
3.346224,39.054257,Marsabit
3.346224,39.099173,Marsabit
3.346224,39.144089,Marsabit
3.346224,39.189004,Marsabit
3.346224,39.23392,Marsabit
3.346224,39.278836,Marsabit
3.346224,39.323752,Wajir
3.346224,39.368667,Wajir
3.346224,39.413583,Wajir
3.346224,39.458499,Wajir
3.346224,39.503415,Wajir
3.346224,39.54833,Wajir
3.346224,39.593246,Wajir
3.346224,39.638162,Wajir
3.346224,39.683078,Wajir
3.346224,39.727993,Wajir
3.346224,39.772909,Wajir
3.346224,39.817825,Mandera
3.346224,39.862741,Mandera
3.346224,39.907656,Mandera
3.346224,39.952572,Mandera
3.346224,39.997488,Mandera
3.346224,40.042404,Mandera
3.346224,40.08732,Mandera
3.346224,40.132235,Mandera
3.346224,40.177151,Mandera
3.346224,40.222067,Mandera
3.346224,40.266983,Mandera
3.346224,40.311898,Mandera
3.346224,40.356814,Mandera
3.346224,40.40173,Mandera
3.346224,40.446646,Mandera
3.346224,40.491561,Mandera
3.346224,40.536477,Mandera
3.346224,40.581393,Mandera
3.346224,40.626309,Mandera
3.346224,40.671224,Mandera
3.346224,40.71614,Mandera
3.346224,40.761056,Mandera
3.346224,40.805972,Mandera
3.346224,40.850888,Mandera
3.346224,40.895803,Mandera
3.346224,40.940719,Mandera
3.346224,40.985635,Mandera
3.346224,41.030551,Mandera
3.346224,41.075466,Mandera
3.346224,41.120382,Mandera
3.346224,41.165298,Mandera
3.346224,41.210214,Mandera
3.346224,41.255129,Mandera
3.346224,41.300045,Mandera
3.346224,41.344961,Mandera
3.346224,41.389877,Mandera
3.346224,41.434792,Mandera
3.346224,41.479708,Unknown
3.301309,34.427933,Unknown
3.301309,34.472849,Turkana
3.301309,34.517765,Turkana
3.301309,34.562681,Turkana
3.301309,34.607596,Turkana
3.301309,34.652512,Turkana
3.301309,34.697428,Turkana
3.301309,34.742344,Turkana
3.301309,34.787259,Turkana
3.301309,34.832175,Turkana
3.301309,34.877091,Turkana
3.301309,34.922007,Turkana
3.301309,34.966922,Turkana
3.301309,35.011838,Turkana
3.301309,35.056754,Turkana
3.301309,35.10167,Turkana
3.301309,35.146585,Turkana
3.301309,35.191501,Turkana
3.301309,35.236417,Turkana
3.301309,35.281333,Turkana
3.301309,35.326249,Turkana
3.301309,35.371164,Turkana
3.301309,35.41608,Turkana
3.301309,35.460996,Turkana
3.301309,35.505912,Turkana
3.301309,35.550827,Turkana
3.301309,35.595743,Turkana
3.301309,35.640659,Turkana
3.301309,35.685575,Turkana
3.301309,35.73049,Turkana
3.301309,35.775406,Turkana
3.301309,35.820322,Turkana
3.301309,35.865238,Turkana
3.301309,35.910153,Turkana
3.301309,35.955069,Turkana
3.301309,35.999985,Turkana
3.301309,36.224564,Marsabit
3.301309,36.26948,Marsabit
3.301309,36.314395,Marsabit
3.301309,36.359311,Marsabit
3.301309,36.404227,Marsabit
3.301309,36.449143,Marsabit
3.301309,36.494058,Marsabit
3.301309,36.538974,Marsabit
3.301309,36.58389,Marsabit
3.301309,36.628806,Marsabit
3.301309,36.673721,Marsabit
3.301309,36.718637,Marsabit
3.301309,36.763553,Marsabit
3.301309,36.808469,Marsabit
3.301309,36.853385,Marsabit
3.301309,36.8983,Marsabit
3.301309,36.943216,Marsabit
3.301309,36.988132,Marsabit
3.301309,37.033048,Marsabit
3.301309,37.077963,Marsabit
3.301309,37.122879,Marsabit
3.301309,37.167795,Marsabit
3.301309,37.212711,Marsabit
3.301309,37.257626,Marsabit
3.301309,37.302542,Marsabit
3.301309,37.347458,Marsabit
3.301309,37.392374,Marsabit
3.301309,37.437289,Marsabit
3.301309,37.482205,Marsabit
3.301309,37.527121,Marsabit
3.301309,37.572037,Marsabit
3.301309,37.616953,Marsabit
3.301309,37.661868,Marsabit
3.301309,37.706784,Marsabit
3.301309,37.7517,Marsabit
3.301309,37.796616,Marsabit
3.301309,37.841531,Marsabit
3.301309,37.886447,Marsabit
3.301309,37.931363,Marsabit
3.301309,37.976279,Marsabit
3.301309,38.021194,Marsabit
3.301309,38.06611,Marsabit
3.301309,38.111026,Marsabit
3.301309,38.155942,Marsabit
3.301309,38.200857,Marsabit
3.301309,38.245773,Marsabit
3.301309,38.290689,Marsabit
3.301309,38.335605,Marsabit
3.301309,38.380521,Marsabit
3.301309,38.425436,Marsabit
3.301309,38.470352,Marsabit
3.301309,38.515268,Marsabit
3.301309,38.560184,Marsabit
3.301309,38.605099,Marsabit
3.301309,38.650015,Marsabit
3.301309,38.694931,Marsabit
3.301309,38.739847,Marsabit
3.301309,38.784762,Marsabit
3.301309,38.829678,Marsabit
3.301309,38.874594,Marsabit
3.301309,38.91951,Marsabit
3.301309,38.964425,Marsabit
3.301309,39.009341,Marsabit
3.301309,39.054257,Marsabit
3.301309,39.099173,Marsabit
3.301309,39.144089,Marsabit
3.301309,39.189004,Marsabit
3.301309,39.23392,Marsabit
3.301309,39.278836,Marsabit
3.301309,39.323752,Marsabit
3.301309,39.368667,Wajir
3.301309,39.413583,Wajir
3.301309,39.458499,Wajir
3.301309,39.503415,Wajir
3.301309,39.54833,Wajir
3.301309,39.593246,Wajir
3.301309,39.638162,Wajir
3.301309,39.683078,Wajir
3.301309,39.727993,Wajir
3.301309,39.772909,Wajir
3.301309,39.817825,Wajir
3.301309,39.862741,Wajir
3.301309,39.907656,Mandera
3.301309,39.952572,Mandera
3.301309,39.997488,Mandera
3.301309,40.042404,Mandera
3.301309,40.08732,Mandera
3.301309,40.132235,Mandera
3.301309,40.177151,Mandera
3.301309,40.222067,Mandera
3.301309,40.266983,Mandera
3.301309,40.311898,Mandera
3.301309,40.356814,Mandera
3.301309,40.40173,Mandera
3.301309,40.446646,Mandera
3.301309,40.491561,Mandera
3.301309,40.536477,Mandera
3.301309,40.581393,Mandera
3.301309,40.626309,Mandera
3.301309,40.671224,Mandera
3.301309,40.71614,Mandera
3.301309,40.761056,Mandera
3.301309,40.805972,Mandera
3.301309,40.850888,Mandera
3.301309,40.895803,Mandera
3.301309,40.940719,Mandera
3.301309,40.985635,Mandera
3.301309,41.030551,Mandera
3.301309,41.075466,Mandera
3.301309,41.120382,Mandera
3.301309,41.165298,Mandera
3.301309,41.210214,Mandera
3.301309,41.255129,Mandera
3.301309,41.300045,Mandera
3.301309,41.344961,Mandera
3.301309,41.389877,Mandera
3.301309,41.434792,Unknown
3.256393,34.427933,Unknown
3.256393,34.472849,Turkana
3.256393,34.517765,Turkana
3.256393,34.562681,Turkana
3.256393,34.607596,Turkana
3.256393,34.652512,Turkana
3.256393,34.697428,Turkana
3.256393,34.742344,Turkana
3.256393,34.787259,Turkana
3.256393,34.832175,Turkana
3.256393,34.877091,Turkana
3.256393,34.922007,Turkana
3.256393,34.966922,Turkana
3.256393,35.011838,Turkana
3.256393,35.056754,Turkana
3.256393,35.10167,Turkana
3.256393,35.146585,Turkana
3.256393,35.191501,Turkana
3.256393,35.236417,Turkana
3.256393,35.281333,Turkana
3.256393,35.326249,Turkana
3.256393,35.371164,Turkana
3.256393,35.41608,Turkana
3.256393,35.460996,Turkana
3.256393,35.505912,Turkana
3.256393,35.550827,Turkana
3.256393,35.595743,Turkana
3.256393,35.640659,Turkana
3.256393,35.685575,Turkana
3.256393,35.73049,Turkana
3.256393,35.775406,Turkana
3.256393,35.820322,Turkana
3.256393,35.865238,Turkana
3.256393,35.910153,Turkana
3.256393,35.955069,Turkana
3.256393,35.999985,Turkana
3.256393,36.044901,Turkana
3.256393,36.089817,Marsabit
3.256393,36.26948,Marsabit
3.256393,36.314395,Marsabit
3.256393,36.359311,Marsabit
3.256393,36.404227,Marsabit
3.256393,36.449143,Marsabit
3.256393,36.494058,Marsabit
3.256393,36.538974,Marsabit
3.256393,36.58389,Marsabit
3.256393,36.628806,Marsabit
3.256393,36.673721,Marsabit
3.256393,36.718637,Marsabit
3.256393,36.763553,Marsabit
3.256393,36.808469,Marsabit
3.256393,36.853385,Marsabit
3.256393,36.8983,Marsabit
3.256393,36.943216,Marsabit
3.256393,36.988132,Marsabit
3.256393,37.033048,Marsabit
3.256393,37.077963,Marsabit
3.256393,37.122879,Marsabit
3.256393,37.167795,Marsabit
3.256393,37.212711,Marsabit
3.256393,37.257626,Marsabit
3.256393,37.302542,Marsabit
3.256393,37.347458,Marsabit
3.256393,37.392374,Marsabit
3.256393,37.437289,Marsabit
3.256393,37.482205,Marsabit
3.256393,37.527121,Marsabit
3.256393,37.572037,Marsabit
3.256393,37.616953,Marsabit
3.256393,37.661868,Marsabit
3.256393,37.706784,Marsabit
3.256393,37.7517,Marsabit
3.256393,37.796616,Marsabit
3.256393,37.841531,Marsabit
3.256393,37.886447,Marsabit
3.256393,37.931363,Marsabit
3.256393,37.976279,Marsabit
3.256393,38.021194,Marsabit
3.256393,38.06611,Marsabit
3.256393,38.111026,Marsabit
3.256393,38.155942,Marsabit
3.256393,38.200857,Marsabit
3.256393,38.245773,Marsabit
3.256393,38.290689,Marsabit
3.256393,38.335605,Marsabit
3.256393,38.380521,Marsabit
3.256393,38.425436,Marsabit
3.256393,38.470352,Marsabit
3.256393,38.515268,Marsabit
3.256393,38.560184,Marsabit
3.256393,38.605099,Marsabit
3.256393,38.650015,Marsabit
3.256393,38.694931,Marsabit
3.256393,38.739847,Marsabit
3.256393,38.784762,Marsabit
3.256393,38.829678,Marsabit
3.256393,38.874594,Marsabit
3.256393,38.91951,Marsabit
3.256393,38.964425,Marsabit
3.256393,39.009341,Marsabit
3.256393,39.054257,Marsabit
3.256393,39.099173,Marsabit
3.256393,39.144089,Marsabit
3.256393,39.189004,Marsabit
3.256393,39.23392,Marsabit
3.256393,39.278836,Marsabit
3.256393,39.323752,Marsabit
3.256393,39.368667,Wajir
3.256393,39.413583,Wajir
3.256393,39.458499,Wajir
3.256393,39.503415,Wajir
3.256393,39.54833,Wajir
3.256393,39.593246,Wajir
3.256393,39.638162,Wajir
3.256393,39.683078,Wajir
3.256393,39.727993,Wajir
3.256393,39.772909,Wajir
3.256393,39.817825,Wajir
3.256393,39.862741,Wajir
3.256393,39.907656,Wajir
3.256393,39.952572,Wajir
3.256393,39.997488,Mandera
3.256393,40.042404,Mandera
3.256393,40.08732,Mandera
3.256393,40.132235,Mandera
3.256393,40.177151,Mandera
3.256393,40.222067,Mandera
3.256393,40.266983,Mandera
3.256393,40.311898,Mandera
3.256393,40.356814,Mandera
3.256393,40.40173,Mandera
3.256393,40.446646,Mandera
3.256393,40.491561,Mandera
3.256393,40.536477,Mandera
3.256393,40.581393,Mandera
3.256393,40.626309,Mandera
3.256393,40.671224,Mandera
3.256393,40.71614,Mandera
3.256393,40.761056,Mandera
3.256393,40.805972,Mandera
3.256393,40.850888,Mandera
3.256393,40.895803,Mandera
3.256393,40.940719,Mandera
3.256393,40.985635,Mandera
3.256393,41.030551,Mandera
3.256393,41.075466,Mandera
3.256393,41.120382,Mandera
3.256393,41.165298,Mandera
3.256393,41.210214,Mandera
3.256393,41.255129,Mandera
3.256393,41.300045,Mandera
3.256393,41.344961,Mandera
3.256393,41.389877,Mandera
3.256393,41.434792,Unknown
3.211477,34.472849,Turkana
3.211477,34.517765,Turkana
3.211477,34.562681,Turkana
3.211477,34.607596,Turkana
3.211477,34.652512,Turkana
3.211477,34.697428,Turkana
3.211477,34.742344,Turkana
3.211477,34.787259,Turkana
3.211477,34.832175,Turkana
3.211477,34.877091,Turkana
3.211477,34.922007,Turkana
3.211477,34.966922,Turkana
3.211477,35.011838,Turkana
3.211477,35.056754,Turkana
3.211477,35.10167,Turkana
3.211477,35.146585,Turkana
3.211477,35.191501,Turkana
3.211477,35.236417,Turkana
3.211477,35.281333,Turkana
3.211477,35.326249,Turkana
3.211477,35.371164,Turkana
3.211477,35.41608,Turkana
3.211477,35.460996,Turkana
3.211477,35.505912,Turkana
3.211477,35.550827,Turkana
3.211477,35.595743,Turkana
3.211477,35.640659,Turkana
3.211477,35.685575,Turkana
3.211477,35.73049,Turkana
3.211477,35.775406,Turkana
3.211477,35.820322,Turkana
3.211477,35.865238,Turkana
3.211477,35.910153,Turkana
3.211477,35.955069,Turkana
3.211477,35.999985,Turkana
3.211477,36.044901,Turkana
3.211477,36.089817,Turkana
3.211477,36.134732,Marsabit
3.211477,36.26948,Marsabit
3.211477,36.314395,Marsabit
3.211477,36.359311,Marsabit
3.211477,36.404227,Marsabit
3.211477,36.449143,Marsabit
3.211477,36.494058,Marsabit
3.211477,36.538974,Marsabit
3.211477,36.58389,Marsabit
3.211477,36.628806,Marsabit
3.211477,36.673721,Marsabit
3.211477,36.718637,Marsabit
3.211477,36.763553,Marsabit
3.211477,36.808469,Marsabit
3.211477,36.853385,Marsabit
3.211477,36.8983,Marsabit
3.211477,36.943216,Marsabit
3.211477,36.988132,Marsabit
3.211477,37.033048,Marsabit
3.211477,37.077963,Marsabit
3.211477,37.122879,Marsabit
3.211477,37.167795,Marsabit
3.211477,37.212711,Marsabit
3.211477,37.257626,Marsabit
3.211477,37.302542,Marsabit
3.211477,37.347458,Marsabit
3.211477,37.392374,Marsabit
3.211477,37.437289,Marsabit
3.211477,37.482205,Marsabit
3.211477,37.527121,Marsabit
3.211477,37.572037,Marsabit
3.211477,37.616953,Marsabit
3.211477,37.661868,Marsabit
3.211477,37.706784,Marsabit
3.211477,37.7517,Marsabit
3.211477,37.796616,Marsabit
3.211477,37.841531,Marsabit
3.211477,37.886447,Marsabit
3.211477,37.931363,Marsabit
3.211477,37.976279,Marsabit
3.211477,38.021194,Marsabit
3.211477,38.06611,Marsabit
3.211477,38.111026,Marsabit
3.211477,38.155942,Marsabit
3.211477,38.200857,Marsabit
3.211477,38.245773,Marsabit
3.211477,38.290689,Marsabit
3.211477,38.335605,Marsabit
3.211477,38.380521,Marsabit
3.211477,38.425436,Marsabit
3.211477,38.470352,Marsabit
3.211477,38.515268,Marsabit
3.211477,38.560184,Marsabit
3.211477,38.605099,Marsabit
3.211477,38.650015,Marsabit
3.211477,38.694931,Marsabit
3.211477,38.739847,Marsabit
3.211477,38.784762,Marsabit
3.211477,38.829678,Marsabit
3.211477,38.874594,Marsabit
3.211477,38.91951,Marsabit
3.211477,38.964425,Marsabit
3.211477,39.009341,Marsabit
3.211477,39.054257,Marsabit
3.211477,39.099173,Marsabit
3.211477,39.144089,Marsabit
3.211477,39.189004,Marsabit
3.211477,39.23392,Marsabit
3.211477,39.278836,Marsabit
3.211477,39.323752,Marsabit
3.211477,39.368667,Wajir
3.211477,39.413583,Wajir
3.211477,39.458499,Wajir
3.211477,39.503415,Wajir
3.211477,39.54833,Wajir
3.211477,39.593246,Wajir
3.211477,39.638162,Wajir
3.211477,39.683078,Wajir
3.211477,39.727993,Wajir
3.211477,39.772909,Wajir
3.211477,39.817825,Wajir
3.211477,39.862741,Wajir
3.211477,39.907656,Wajir
3.211477,39.952572,Wajir
3.211477,39.997488,Wajir
3.211477,40.042404,Wajir
3.211477,40.08732,Mandera
3.211477,40.132235,Mandera
3.211477,40.177151,Mandera
3.211477,40.222067,Mandera
3.211477,40.266983,Mandera
3.211477,40.311898,Mandera
3.211477,40.356814,Mandera
3.211477,40.40173,Mandera
3.211477,40.446646,Mandera
3.211477,40.491561,Mandera
3.211477,40.536477,Mandera
3.211477,40.581393,Mandera
3.211477,40.626309,Mandera
3.211477,40.671224,Mandera
3.211477,40.71614,Mandera
3.211477,40.761056,Mandera
3.211477,40.805972,Mandera
3.211477,40.850888,Mandera
3.211477,40.895803,Mandera
3.211477,40.940719,Mandera
3.211477,40.985635,Mandera
3.211477,41.030551,Mandera
3.211477,41.075466,Mandera
3.211477,41.120382,Mandera
3.211477,41.165298,Mandera
3.211477,41.210214,Mandera
3.211477,41.255129,Mandera
3.211477,41.300045,Mandera
3.211477,41.344961,Mandera
3.211477,41.389877,Unknown
3.166561,34.472849,Unknown
3.166561,34.517765,Turkana
3.166561,34.562681,Turkana
3.166561,34.607596,Turkana
3.166561,34.652512,Turkana
3.166561,34.697428,Turkana
3.166561,34.742344,Turkana
3.166561,34.787259,Turkana
3.166561,34.832175,Turkana
3.166561,34.877091,Turkana
3.166561,34.922007,Turkana
3.166561,34.966922,Turkana
3.166561,35.011838,Turkana
3.166561,35.056754,Turkana
3.166561,35.10167,Turkana
3.166561,35.146585,Turkana
3.166561,35.191501,Turkana
3.166561,35.236417,Turkana
3.166561,35.281333,Turkana
3.166561,35.326249,Turkana
3.166561,35.371164,Turkana
3.166561,35.41608,Turkana
3.166561,35.460996,Turkana
3.166561,35.505912,Turkana
3.166561,35.550827,Turkana
3.166561,35.595743,Turkana
3.166561,35.640659,Turkana
3.166561,35.685575,Turkana
3.166561,35.73049,Turkana
3.166561,35.775406,Turkana
3.166561,35.820322,Turkana
3.166561,35.865238,Turkana
3.166561,35.910153,Turkana
3.166561,35.955069,Turkana
3.166561,35.999985,Turkana
3.166561,36.044901,Turkana
3.166561,36.089817,Turkana
3.166561,36.134732,Turkana
3.166561,36.359311,Marsabit
3.166561,36.404227,Marsabit
3.166561,36.449143,Marsabit
3.166561,36.494058,Marsabit
3.166561,36.538974,Marsabit
3.166561,36.58389,Marsabit
3.166561,36.628806,Marsabit
3.166561,36.673721,Marsabit
3.166561,36.718637,Marsabit
3.166561,36.763553,Marsabit
3.166561,36.808469,Marsabit
3.166561,36.853385,Marsabit
3.166561,36.8983,Marsabit
3.166561,36.943216,Marsabit
3.166561,36.988132,Marsabit
3.166561,37.033048,Marsabit
3.166561,37.077963,Marsabit
3.166561,37.122879,Marsabit
3.166561,37.167795,Marsabit
3.166561,37.212711,Marsabit
3.166561,37.257626,Marsabit
3.166561,37.302542,Marsabit
3.166561,37.347458,Marsabit
3.166561,37.392374,Marsabit
3.166561,37.437289,Marsabit
3.166561,37.482205,Marsabit
3.166561,37.527121,Marsabit
3.166561,37.572037,Marsabit
3.166561,37.616953,Marsabit
3.166561,37.661868,Marsabit
3.166561,37.706784,Marsabit
3.166561,37.7517,Marsabit
3.166561,37.796616,Marsabit
3.166561,37.841531,Marsabit
3.166561,37.886447,Marsabit
3.166561,37.931363,Marsabit
3.166561,37.976279,Marsabit
3.166561,38.021194,Marsabit
3.166561,38.06611,Marsabit
3.166561,38.111026,Marsabit
3.166561,38.155942,Marsabit
3.166561,38.200857,Marsabit
3.166561,38.245773,Marsabit
3.166561,38.290689,Marsabit
3.166561,38.335605,Marsabit
3.166561,38.380521,Marsabit
3.166561,38.425436,Marsabit
3.166561,38.470352,Marsabit
3.166561,38.515268,Marsabit
3.166561,38.560184,Marsabit
3.166561,38.605099,Marsabit
3.166561,38.650015,Marsabit
3.166561,38.694931,Marsabit
3.166561,38.739847,Marsabit
3.166561,38.784762,Marsabit
3.166561,38.829678,Marsabit
3.166561,38.874594,Marsabit
3.166561,38.91951,Marsabit
3.166561,38.964425,Marsabit
3.166561,39.009341,Marsabit
3.166561,39.054257,Marsabit
3.166561,39.099173,Marsabit
3.166561,39.144089,Marsabit
3.166561,39.189004,Marsabit
3.166561,39.23392,Marsabit
3.166561,39.278836,Marsabit
3.166561,39.323752,Marsabit
3.166561,39.368667,Wajir
3.166561,39.413583,Wajir
3.166561,39.458499,Wajir
3.166561,39.503415,Wajir
3.166561,39.54833,Wajir
3.166561,39.593246,Wajir
3.166561,39.638162,Wajir
3.166561,39.683078,Wajir
3.166561,39.727993,Wajir
3.166561,39.772909,Wajir
3.166561,39.817825,Wajir
3.166561,39.862741,Wajir
3.166561,39.907656,Wajir
3.166561,39.952572,Wajir
3.166561,39.997488,Wajir
3.166561,40.042404,Wajir
3.166561,40.08732,Wajir
3.166561,40.132235,Mandera
3.166561,40.177151,Mandera
3.166561,40.222067,Mandera
3.166561,40.266983,Mandera
3.166561,40.311898,Mandera
3.166561,40.356814,Mandera
3.166561,40.40173,Mandera
3.166561,40.446646,Mandera
3.166561,40.491561,Mandera
3.166561,40.536477,Mandera
3.166561,40.581393,Mandera
3.166561,40.626309,Mandera
3.166561,40.671224,Mandera
3.166561,40.71614,Mandera
3.166561,40.761056,Mandera
3.166561,40.805972,Mandera
3.166561,40.850888,Mandera
3.166561,40.895803,Mandera
3.166561,40.940719,Mandera
3.166561,40.985635,Mandera
3.166561,41.030551,Mandera
3.166561,41.075466,Mandera
3.166561,41.120382,Mandera
3.166561,41.165298,Mandera
3.166561,41.210214,Mandera
3.166561,41.255129,Mandera
3.166561,41.300045,Mandera
3.166561,41.344961,Unknown
3.121646,34.472849,Unknown
3.121646,34.517765,Unknown
3.121646,34.562681,Turkana
3.121646,34.607596,Turkana
3.121646,34.652512,Turkana
3.121646,34.697428,Turkana
3.121646,34.742344,Turkana
3.121646,34.787259,Turkana
3.121646,34.832175,Turkana
3.121646,34.877091,Turkana
3.121646,34.922007,Turkana
3.121646,34.966922,Turkana
3.121646,35.011838,Turkana
3.121646,35.056754,Turkana
3.121646,35.10167,Turkana
3.121646,35.146585,Turkana
3.121646,35.191501,Turkana
3.121646,35.236417,Turkana
3.121646,35.281333,Turkana
3.121646,35.326249,Turkana
3.121646,35.371164,Turkana
3.121646,35.41608,Turkana
3.121646,35.460996,Turkana
3.121646,35.505912,Turkana
3.121646,35.550827,Turkana
3.121646,35.595743,Turkana
3.121646,35.640659,Turkana
3.121646,35.685575,Turkana
3.121646,35.73049,Turkana
3.121646,35.775406,Turkana
3.121646,35.820322,Turkana
3.121646,35.865238,Turkana
3.121646,35.910153,Turkana
3.121646,35.955069,Turkana
3.121646,35.999985,Turkana
3.121646,36.044901,Turkana
3.121646,36.089817,Turkana
3.121646,36.134732,Turkana
3.121646,36.179648,Marsabit
3.121646,36.359311,Marsabit
3.121646,36.404227,Marsabit
3.121646,36.449143,Marsabit
3.121646,36.494058,Marsabit
3.121646,36.538974,Marsabit
3.121646,36.58389,Marsabit
3.121646,36.628806,Marsabit
3.121646,36.673721,Marsabit
3.121646,36.718637,Marsabit
3.121646,36.763553,Marsabit
3.121646,36.808469,Marsabit
3.121646,36.853385,Marsabit
3.121646,36.8983,Marsabit
3.121646,36.943216,Marsabit
3.121646,36.988132,Marsabit
3.121646,37.033048,Marsabit
3.121646,37.077963,Marsabit
3.121646,37.122879,Marsabit
3.121646,37.167795,Marsabit
3.121646,37.212711,Marsabit
3.121646,37.257626,Marsabit
3.121646,37.302542,Marsabit
3.121646,37.347458,Marsabit
3.121646,37.392374,Marsabit
3.121646,37.437289,Marsabit
3.121646,37.482205,Marsabit
3.121646,37.527121,Marsabit
3.121646,37.572037,Marsabit
3.121646,37.616953,Marsabit
3.121646,37.661868,Marsabit
3.121646,37.706784,Marsabit
3.121646,37.7517,Marsabit
3.121646,37.796616,Marsabit
3.121646,37.841531,Marsabit
3.121646,37.886447,Marsabit
3.121646,37.931363,Marsabit
3.121646,37.976279,Marsabit
3.121646,38.021194,Marsabit
3.121646,38.06611,Marsabit
3.121646,38.111026,Marsabit
3.121646,38.155942,Marsabit
3.121646,38.200857,Marsabit
3.121646,38.245773,Marsabit
3.121646,38.290689,Marsabit
3.121646,38.335605,Marsabit
3.121646,38.380521,Marsabit
3.121646,38.425436,Marsabit
3.121646,38.470352,Marsabit
3.121646,38.515268,Marsabit
3.121646,38.560184,Marsabit
3.121646,38.605099,Marsabit
3.121646,38.650015,Marsabit
3.121646,38.694931,Marsabit
3.121646,38.739847,Marsabit
3.121646,38.784762,Marsabit
3.121646,38.829678,Marsabit
3.121646,38.874594,Marsabit
3.121646,38.91951,Marsabit
3.121646,38.964425,Marsabit
3.121646,39.009341,Marsabit
3.121646,39.054257,Marsabit
3.121646,39.099173,Marsabit
3.121646,39.144089,Marsabit
3.121646,39.189004,Marsabit
3.121646,39.23392,Marsabit
3.121646,39.278836,Marsabit
3.121646,39.323752,Marsabit
3.121646,39.368667,Wajir
3.121646,39.413583,Wajir
3.121646,39.458499,Wajir
3.121646,39.503415,Wajir
3.121646,39.54833,Wajir
3.121646,39.593246,Wajir
3.121646,39.638162,Wajir
3.121646,39.683078,Wajir
3.121646,39.727993,Wajir
3.121646,39.772909,Wajir
3.121646,39.817825,Wajir
3.121646,39.862741,Wajir
3.121646,39.907656,Wajir
3.121646,39.952572,Wajir
3.121646,39.997488,Wajir
3.121646,40.042404,Wajir
3.121646,40.08732,Wajir
3.121646,40.132235,Wajir
3.121646,40.177151,Mandera
3.121646,40.222067,Mandera
3.121646,40.266983,Mandera
3.121646,40.311898,Mandera
3.121646,40.356814,Mandera
3.121646,40.40173,Mandera
3.121646,40.446646,Mandera
3.121646,40.491561,Mandera
3.121646,40.536477,Mandera
3.121646,40.581393,Mandera
3.121646,40.626309,Mandera
3.121646,40.671224,Mandera
3.121646,40.71614,Mandera
3.121646,40.761056,Mandera
3.121646,40.805972,Mandera
3.121646,40.850888,Mandera
3.121646,40.895803,Mandera
3.121646,40.940719,Mandera
3.121646,40.985635,Mandera
3.121646,41.030551,Mandera
3.121646,41.075466,Mandera
3.121646,41.120382,Mandera
3.121646,41.165298,Mandera
3.121646,41.210214,Mandera
3.121646,41.255129,Mandera
3.121646,41.300045,Unknown
3.07673,34.562681,Unknown
3.07673,34.607596,Turkana
3.07673,34.652512,Turkana
3.07673,34.697428,Turkana
3.07673,34.742344,Turkana
3.07673,34.787259,Turkana
3.07673,34.832175,Turkana
3.07673,34.877091,Turkana
3.07673,34.922007,Turkana
3.07673,34.966922,Turkana
3.07673,35.011838,Turkana
3.07673,35.056754,Turkana
3.07673,35.10167,Turkana
3.07673,35.146585,Turkana
3.07673,35.191501,Turkana
3.07673,35.236417,Turkana
3.07673,35.281333,Turkana
3.07673,35.326249,Turkana
3.07673,35.371164,Turkana
3.07673,35.41608,Turkana
3.07673,35.460996,Turkana
3.07673,35.505912,Turkana
3.07673,35.550827,Turkana
3.07673,35.595743,Turkana
3.07673,35.640659,Turkana
3.07673,35.685575,Turkana
3.07673,35.73049,Turkana
3.07673,35.775406,Turkana
3.07673,35.820322,Turkana
3.07673,35.865238,Turkana
3.07673,35.910153,Turkana
3.07673,35.955069,Turkana
3.07673,35.999985,Turkana
3.07673,36.044901,Turkana
3.07673,36.089817,Turkana
3.07673,36.134732,Turkana
3.07673,36.179648,Marsabit
3.07673,36.359311,Marsabit
3.07673,36.404227,Marsabit
3.07673,36.449143,Marsabit
3.07673,36.494058,Marsabit
3.07673,36.538974,Marsabit
3.07673,36.58389,Marsabit
3.07673,36.628806,Marsabit
3.07673,36.673721,Marsabit
3.07673,36.718637,Marsabit
3.07673,36.763553,Marsabit
3.07673,36.808469,Marsabit
3.07673,36.853385,Marsabit
3.07673,36.8983,Marsabit
3.07673,36.943216,Marsabit
3.07673,36.988132,Marsabit
3.07673,37.033048,Marsabit
3.07673,37.077963,Marsabit
3.07673,37.122879,Marsabit
3.07673,37.167795,Marsabit
3.07673,37.212711,Marsabit
3.07673,37.257626,Marsabit
3.07673,37.302542,Marsabit
3.07673,37.347458,Marsabit
3.07673,37.392374,Marsabit
3.07673,37.437289,Marsabit
3.07673,37.482205,Marsabit
3.07673,37.527121,Marsabit
3.07673,37.572037,Marsabit
3.07673,37.616953,Marsabit
3.07673,37.661868,Marsabit
3.07673,37.706784,Marsabit
3.07673,37.7517,Marsabit
3.07673,37.796616,Marsabit
3.07673,37.841531,Marsabit
3.07673,37.886447,Marsabit
3.07673,37.931363,Marsabit
3.07673,37.976279,Marsabit
3.07673,38.021194,Marsabit
3.07673,38.06611,Marsabit
3.07673,38.111026,Marsabit
3.07673,38.155942,Marsabit
3.07673,38.200857,Marsabit
3.07673,38.245773,Marsabit
3.07673,38.290689,Marsabit
3.07673,38.335605,Marsabit
3.07673,38.380521,Marsabit
3.07673,38.425436,Marsabit
3.07673,38.470352,Marsabit
3.07673,38.515268,Marsabit
3.07673,38.560184,Marsabit
3.07673,38.605099,Marsabit
3.07673,38.650015,Marsabit
3.07673,38.694931,Marsabit
3.07673,38.739847,Marsabit
3.07673,38.784762,Marsabit
3.07673,38.829678,Marsabit
3.07673,38.874594,Marsabit
3.07673,38.91951,Marsabit
3.07673,38.964425,Marsabit
3.07673,39.009341,Marsabit
3.07673,39.054257,Marsabit
3.07673,39.099173,Marsabit
3.07673,39.144089,Marsabit
3.07673,39.189004,Marsabit
3.07673,39.23392,Marsabit
3.07673,39.278836,Marsabit
3.07673,39.323752,Marsabit
3.07673,39.368667,Wajir
3.07673,39.413583,Wajir
3.07673,39.458499,Wajir
3.07673,39.503415,Wajir
3.07673,39.54833,Wajir
3.07673,39.593246,Wajir
3.07673,39.638162,Wajir
3.07673,39.683078,Wajir
3.07673,39.727993,Wajir
3.07673,39.772909,Wajir
3.07673,39.817825,Wajir
3.07673,39.862741,Wajir
3.07673,39.907656,Wajir
3.07673,39.952572,Wajir
3.07673,39.997488,Wajir
3.07673,40.042404,Wajir
3.07673,40.08732,Wajir
3.07673,40.132235,Wajir
3.07673,40.177151,Wajir
3.07673,40.222067,Mandera
3.07673,40.266983,Mandera
3.07673,40.311898,Mandera
3.07673,40.356814,Mandera
3.07673,40.40173,Mandera
3.07673,40.446646,Mandera
3.07673,40.491561,Mandera
3.07673,40.536477,Mandera
3.07673,40.581393,Mandera
3.07673,40.626309,Mandera
3.07673,40.671224,Mandera
3.07673,40.71614,Mandera
3.07673,40.761056,Mandera
3.07673,40.805972,Mandera
3.07673,40.850888,Mandera
3.07673,40.895803,Mandera
3.07673,40.940719,Mandera
3.07673,40.985635,Mandera
3.07673,41.030551,Mandera
3.07673,41.075466,Mandera
3.07673,41.120382,Mandera
3.07673,41.165298,Mandera
3.07673,41.210214,Mandera
3.07673,41.255129,Unknown
3.031814,34.562681,Unknown
3.031814,34.607596,Turkana
3.031814,34.652512,Turkana
3.031814,34.697428,Turkana
3.031814,34.742344,Turkana
3.031814,34.787259,Turkana
3.031814,34.832175,Turkana
3.031814,34.877091,Turkana
3.031814,34.922007,Turkana
3.031814,34.966922,Turkana
3.031814,35.011838,Turkana
3.031814,35.056754,Turkana
3.031814,35.10167,Turkana
3.031814,35.146585,Turkana
3.031814,35.191501,Turkana
3.031814,35.236417,Turkana
3.031814,35.281333,Turkana
3.031814,35.326249,Turkana
3.031814,35.371164,Turkana
3.031814,35.41608,Turkana
3.031814,35.460996,Turkana
3.031814,35.505912,Turkana
3.031814,35.550827,Turkana
3.031814,35.595743,Turkana
3.031814,35.640659,Turkana
3.031814,35.685575,Turkana
3.031814,35.73049,Turkana
3.031814,35.775406,Turkana
3.031814,35.820322,Turkana
3.031814,35.865238,Turkana
3.031814,35.910153,Turkana
3.031814,35.955069,Turkana
3.031814,35.999985,Turkana
3.031814,36.044901,Turkana
3.031814,36.089817,Turkana
3.031814,36.134732,Turkana
3.031814,36.359311,Marsabit
3.031814,36.404227,Marsabit
3.031814,36.449143,Marsabit
3.031814,36.494058,Marsabit
3.031814,36.538974,Marsabit
3.031814,36.58389,Marsabit
3.031814,36.628806,Marsabit
3.031814,36.673721,Marsabit
3.031814,36.718637,Marsabit
3.031814,36.763553,Marsabit
3.031814,36.808469,Marsabit
3.031814,36.853385,Marsabit
3.031814,36.8983,Marsabit
3.031814,36.943216,Marsabit
3.031814,36.988132,Marsabit
3.031814,37.033048,Marsabit
3.031814,37.077963,Marsabit
3.031814,37.122879,Marsabit
3.031814,37.167795,Marsabit
3.031814,37.212711,Marsabit
3.031814,37.257626,Marsabit
3.031814,37.302542,Marsabit
3.031814,37.347458,Marsabit
3.031814,37.392374,Marsabit
3.031814,37.437289,Marsabit
3.031814,37.482205,Marsabit
3.031814,37.527121,Marsabit
3.031814,37.572037,Marsabit
3.031814,37.616953,Marsabit
3.031814,37.661868,Marsabit
3.031814,37.706784,Marsabit
3.031814,37.7517,Marsabit
3.031814,37.796616,Marsabit
3.031814,37.841531,Marsabit
3.031814,37.886447,Marsabit
3.031814,37.931363,Marsabit
3.031814,37.976279,Marsabit
3.031814,38.021194,Marsabit
3.031814,38.06611,Marsabit
3.031814,38.111026,Marsabit
3.031814,38.155942,Marsabit
3.031814,38.200857,Marsabit
3.031814,38.245773,Marsabit
3.031814,38.290689,Marsabit
3.031814,38.335605,Marsabit
3.031814,38.380521,Marsabit
3.031814,38.425436,Marsabit
3.031814,38.470352,Marsabit
3.031814,38.515268,Marsabit
3.031814,38.560184,Marsabit
3.031814,38.605099,Marsabit
3.031814,38.650015,Marsabit
3.031814,38.694931,Marsabit
3.031814,38.739847,Marsabit
3.031814,38.784762,Marsabit
3.031814,38.829678,Marsabit
3.031814,38.874594,Marsabit
3.031814,38.91951,Marsabit
3.031814,38.964425,Marsabit
3.031814,39.009341,Marsabit
3.031814,39.054257,Marsabit
3.031814,39.099173,Marsabit
3.031814,39.144089,Marsabit
3.031814,39.189004,Marsabit
3.031814,39.23392,Marsabit
3.031814,39.278836,Marsabit
3.031814,39.323752,Wajir
3.031814,39.368667,Wajir
3.031814,39.413583,Wajir
3.031814,39.458499,Wajir
3.031814,39.503415,Wajir
3.031814,39.54833,Wajir
3.031814,39.593246,Wajir
3.031814,39.638162,Wajir
3.031814,39.683078,Wajir
3.031814,39.727993,Wajir
3.031814,39.772909,Wajir
3.031814,39.817825,Wajir
3.031814,39.862741,Wajir
3.031814,39.907656,Wajir
3.031814,39.952572,Wajir
3.031814,39.997488,Wajir
3.031814,40.042404,Wajir
3.031814,40.08732,Wajir
3.031814,40.132235,Wajir
3.031814,40.177151,Wajir
3.031814,40.222067,Mandera
3.031814,40.266983,Mandera
3.031814,40.311898,Mandera
3.031814,40.356814,Mandera
3.031814,40.40173,Mandera
3.031814,40.446646,Mandera
3.031814,40.491561,Mandera
3.031814,40.536477,Mandera
3.031814,40.581393,Mandera
3.031814,40.626309,Mandera
3.031814,40.671224,Mandera
3.031814,40.71614,Mandera
3.031814,40.761056,Mandera
3.031814,40.805972,Mandera
3.031814,40.850888,Mandera
3.031814,40.895803,Mandera
3.031814,40.940719,Mandera
3.031814,40.985635,Mandera
3.031814,41.030551,Mandera
3.031814,41.075466,Mandera
3.031814,41.120382,Mandera
3.031814,41.165298,Mandera
3.031814,41.210214,Unknown
2.986898,34.562681,Unknown
2.986898,34.607596,Turkana
2.986898,34.652512,Turkana
2.986898,34.697428,Turkana
2.986898,34.742344,Turkana
2.986898,34.787259,Turkana
2.986898,34.832175,Turkana
2.986898,34.877091,Turkana
2.986898,34.922007,Turkana
2.986898,34.966922,Turkana
2.986898,35.011838,Turkana
2.986898,35.056754,Turkana
2.986898,35.10167,Turkana
2.986898,35.146585,Turkana
2.986898,35.191501,Turkana
2.986898,35.236417,Turkana
2.986898,35.281333,Turkana
2.986898,35.326249,Turkana
2.986898,35.371164,Turkana
2.986898,35.41608,Turkana
2.986898,35.460996,Turkana
2.986898,35.505912,Turkana
2.986898,35.550827,Turkana
2.986898,35.595743,Turkana
2.986898,35.640659,Turkana
2.986898,35.685575,Turkana
2.986898,35.73049,Turkana
2.986898,35.775406,Turkana
2.986898,35.820322,Turkana
2.986898,35.865238,Turkana
2.986898,35.910153,Turkana
2.986898,35.955069,Turkana
2.986898,35.999985,Turkana
2.986898,36.044901,Turkana
2.986898,36.089817,Turkana
2.986898,36.134732,Marsabit
2.986898,36.179648,Marsabit
2.986898,36.224564,Marsabit
2.986898,36.26948,Marsabit
2.986898,36.404227,Marsabit
2.986898,36.449143,Marsabit
2.986898,36.494058,Marsabit
2.986898,36.538974,Marsabit
2.986898,36.58389,Marsabit
2.986898,36.628806,Marsabit
2.986898,36.673721,Marsabit
2.986898,36.718637,Marsabit
2.986898,36.763553,Marsabit
2.986898,36.808469,Marsabit
2.986898,36.853385,Marsabit
2.986898,36.8983,Marsabit
2.986898,36.943216,Marsabit
2.986898,36.988132,Marsabit
2.986898,37.033048,Marsabit
2.986898,37.077963,Marsabit
2.986898,37.122879,Marsabit
2.986898,37.167795,Marsabit
2.986898,37.212711,Marsabit
2.986898,37.257626,Marsabit
2.986898,37.302542,Marsabit
2.986898,37.347458,Marsabit
2.986898,37.392374,Marsabit
2.986898,37.437289,Marsabit
2.986898,37.482205,Marsabit
2.986898,37.527121,Marsabit
2.986898,37.572037,Marsabit
2.986898,37.616953,Marsabit
2.986898,37.661868,Marsabit
2.986898,37.706784,Marsabit
2.986898,37.7517,Marsabit
2.986898,37.796616,Marsabit
2.986898,37.841531,Marsabit
2.986898,37.886447,Marsabit
2.986898,37.931363,Marsabit
2.986898,37.976279,Marsabit
2.986898,38.021194,Marsabit
2.986898,38.06611,Marsabit
2.986898,38.111026,Marsabit
2.986898,38.155942,Marsabit
2.986898,38.200857,Marsabit
2.986898,38.245773,Marsabit
2.986898,38.290689,Marsabit
2.986898,38.335605,Marsabit
2.986898,38.380521,Marsabit
2.986898,38.425436,Marsabit
2.986898,38.470352,Marsabit
2.986898,38.515268,Marsabit
2.986898,38.560184,Marsabit
2.986898,38.605099,Marsabit
2.986898,38.650015,Marsabit
2.986898,38.694931,Marsabit
2.986898,38.739847,Marsabit
2.986898,38.784762,Marsabit
2.986898,38.829678,Marsabit
2.986898,38.874594,Marsabit
2.986898,38.91951,Marsabit
2.986898,38.964425,Marsabit
2.986898,39.009341,Marsabit
2.986898,39.054257,Marsabit
2.986898,39.099173,Marsabit
2.986898,39.144089,Marsabit
2.986898,39.189004,Marsabit
2.986898,39.23392,Marsabit
2.986898,39.278836,Wajir
2.986898,39.323752,Wajir
2.986898,39.368667,Wajir
2.986898,39.413583,Wajir
2.986898,39.458499,Wajir
2.986898,39.503415,Wajir
2.986898,39.54833,Wajir
2.986898,39.593246,Wajir
2.986898,39.638162,Wajir
2.986898,39.683078,Wajir
2.986898,39.727993,Wajir
2.986898,39.772909,Wajir
2.986898,39.817825,Wajir
2.986898,39.862741,Wajir
2.986898,39.907656,Wajir
2.986898,39.952572,Wajir
2.986898,39.997488,Wajir
2.986898,40.042404,Wajir
2.986898,40.08732,Wajir
2.986898,40.132235,Wajir
2.986898,40.177151,Wajir
2.986898,40.222067,Wajir
2.986898,40.266983,Mandera
2.986898,40.311898,Mandera
2.986898,40.356814,Mandera
2.986898,40.40173,Mandera
2.986898,40.446646,Mandera
2.986898,40.491561,Mandera
2.986898,40.536477,Mandera
2.986898,40.581393,Mandera
2.986898,40.626309,Mandera
2.986898,40.671224,Mandera
2.986898,40.71614,Mandera
2.986898,40.761056,Mandera
2.986898,40.805972,Mandera
2.986898,40.850888,Mandera
2.986898,40.895803,Mandera
2.986898,40.940719,Mandera
2.986898,40.985635,Mandera
2.986898,41.030551,Mandera
2.986898,41.075466,Mandera
2.986898,41.120382,Mandera
2.986898,41.165298,Unknown
2.941983,34.607596,Turkana
2.941983,34.652512,Turkana
2.941983,34.697428,Turkana
2.941983,34.742344,Turkana
2.941983,34.787259,Turkana
2.941983,34.832175,Turkana
2.941983,34.877091,Turkana
2.941983,34.922007,Turkana
2.941983,34.966922,Turkana
2.941983,35.011838,Turkana
2.941983,35.056754,Turkana
2.941983,35.10167,Turkana
2.941983,35.146585,Turkana
2.941983,35.191501,Turkana
2.941983,35.236417,Turkana
2.941983,35.281333,Turkana
2.941983,35.326249,Turkana
2.941983,35.371164,Turkana
2.941983,35.41608,Turkana
2.941983,35.460996,Turkana
2.941983,35.505912,Turkana
2.941983,35.550827,Turkana
2.941983,35.595743,Turkana
2.941983,35.640659,Turkana
2.941983,35.685575,Turkana
2.941983,35.73049,Turkana
2.941983,35.775406,Turkana
2.941983,35.820322,Turkana
2.941983,35.865238,Turkana
2.941983,35.910153,Turkana
2.941983,35.955069,Turkana
2.941983,35.999985,Turkana
2.941983,36.044901,Turkana
2.941983,36.089817,Turkana
2.941983,36.134732,Turkana
2.941983,36.179648,Turkana
2.941983,36.224564,Turkana
2.941983,36.26948,Marsabit
2.941983,36.404227,Marsabit
2.941983,36.449143,Marsabit
2.941983,36.494058,Marsabit
2.941983,36.538974,Marsabit
2.941983,36.58389,Marsabit
2.941983,36.628806,Marsabit
2.941983,36.673721,Marsabit
2.941983,36.718637,Marsabit
2.941983,36.763553,Marsabit
2.941983,36.808469,Marsabit
2.941983,36.853385,Marsabit
2.941983,36.8983,Marsabit
2.941983,36.943216,Marsabit
2.941983,36.988132,Marsabit
2.941983,37.033048,Marsabit
2.941983,37.077963,Marsabit
2.941983,37.122879,Marsabit
2.941983,37.167795,Marsabit
2.941983,37.212711,Marsabit
2.941983,37.257626,Marsabit
2.941983,37.302542,Marsabit
2.941983,37.347458,Marsabit
2.941983,37.392374,Marsabit
2.941983,37.437289,Marsabit
2.941983,37.482205,Marsabit
2.941983,37.527121,Marsabit
2.941983,37.572037,Marsabit
2.941983,37.616953,Marsabit
2.941983,37.661868,Marsabit
2.941983,37.706784,Marsabit
2.941983,37.7517,Marsabit
2.941983,37.796616,Marsabit
2.941983,37.841531,Marsabit
2.941983,37.886447,Marsabit
2.941983,37.931363,Marsabit
2.941983,37.976279,Marsabit
2.941983,38.021194,Marsabit
2.941983,38.06611,Marsabit
2.941983,38.111026,Marsabit
2.941983,38.155942,Marsabit
2.941983,38.200857,Marsabit
2.941983,38.245773,Marsabit
2.941983,38.290689,Marsabit
2.941983,38.335605,Marsabit
2.941983,38.380521,Marsabit
2.941983,38.425436,Marsabit
2.941983,38.470352,Marsabit
2.941983,38.515268,Marsabit
2.941983,38.560184,Marsabit
2.941983,38.605099,Marsabit
2.941983,38.650015,Marsabit
2.941983,38.694931,Marsabit
2.941983,38.739847,Marsabit
2.941983,38.784762,Marsabit
2.941983,38.829678,Marsabit
2.941983,38.874594,Marsabit
2.941983,38.91951,Marsabit
2.941983,38.964425,Marsabit
2.941983,39.009341,Marsabit
2.941983,39.054257,Marsabit
2.941983,39.099173,Marsabit
2.941983,39.144089,Wajir
2.941983,39.189004,Wajir
2.941983,39.23392,Wajir
2.941983,39.278836,Wajir
2.941983,39.323752,Wajir
2.941983,39.368667,Wajir
2.941983,39.413583,Wajir
2.941983,39.458499,Wajir
2.941983,39.503415,Wajir
2.941983,39.54833,Wajir
2.941983,39.593246,Wajir
2.941983,39.638162,Wajir
2.941983,39.683078,Wajir
2.941983,39.727993,Wajir
2.941983,39.772909,Wajir
2.941983,39.817825,Wajir
2.941983,39.862741,Wajir
2.941983,39.907656,Wajir
2.941983,39.952572,Wajir
2.941983,39.997488,Wajir
2.941983,40.042404,Wajir
2.941983,40.08732,Wajir
2.941983,40.132235,Wajir
2.941983,40.177151,Wajir
2.941983,40.222067,Wajir
2.941983,40.266983,Wajir
2.941983,40.311898,Wajir
2.941983,40.356814,Mandera
2.941983,40.40173,Mandera
2.941983,40.446646,Mandera
2.941983,40.491561,Mandera
2.941983,40.536477,Mandera
2.941983,40.581393,Mandera
2.941983,40.626309,Mandera
2.941983,40.671224,Mandera
2.941983,40.71614,Mandera
2.941983,40.761056,Mandera
2.941983,40.805972,Mandera
2.941983,40.850888,Mandera
2.941983,40.895803,Mandera
2.941983,40.940719,Mandera
2.941983,40.985635,Mandera
2.941983,41.030551,Mandera
2.941983,41.075466,Mandera
2.941983,41.120382,Unknown
2.897067,34.607596,Unknown
2.897067,34.652512,Turkana
2.897067,34.697428,Turkana
2.897067,34.742344,Turkana
2.897067,34.787259,Turkana
2.897067,34.832175,Turkana
2.897067,34.877091,Turkana
2.897067,34.922007,Turkana
2.897067,34.966922,Turkana
2.897067,35.011838,Turkana
2.897067,35.056754,Turkana
2.897067,35.10167,Turkana
2.897067,35.146585,Turkana
2.897067,35.191501,Turkana
2.897067,35.236417,Turkana
2.897067,35.281333,Turkana
2.897067,35.326249,Turkana
2.897067,35.371164,Turkana
2.897067,35.41608,Turkana
2.897067,35.460996,Turkana
2.897067,35.505912,Turkana
2.897067,35.550827,Turkana
2.897067,35.595743,Turkana
2.897067,35.640659,Turkana
2.897067,35.685575,Turkana
2.897067,35.73049,Turkana
2.897067,35.775406,Turkana
2.897067,35.820322,Turkana
2.897067,35.865238,Turkana
2.897067,35.910153,Turkana
2.897067,35.955069,Turkana
2.897067,35.999985,Turkana
2.897067,36.044901,Turkana
2.897067,36.089817,Turkana
2.897067,36.134732,Turkana
2.897067,36.179648,Turkana
2.897067,36.224564,Turkana
2.897067,36.26948,Turkana
2.897067,36.314395,Marsabit
2.897067,36.359311,Marsabit
2.897067,36.494058,Marsabit
2.897067,36.538974,Marsabit
2.897067,36.58389,Marsabit
2.897067,36.628806,Marsabit
2.897067,36.673721,Marsabit
2.897067,36.718637,Marsabit
2.897067,36.763553,Marsabit
2.897067,36.808469,Marsabit
2.897067,36.853385,Marsabit
2.897067,36.8983,Marsabit
2.897067,36.943216,Marsabit
2.897067,36.988132,Marsabit
2.897067,37.033048,Marsabit
2.897067,37.077963,Marsabit
2.897067,37.122879,Marsabit
2.897067,37.167795,Marsabit
2.897067,37.212711,Marsabit
2.897067,37.257626,Marsabit
2.897067,37.302542,Marsabit
2.897067,37.347458,Marsabit
2.897067,37.392374,Marsabit
2.897067,37.437289,Marsabit
2.897067,37.482205,Marsabit
2.897067,37.527121,Marsabit
2.897067,37.572037,Marsabit
2.897067,37.616953,Marsabit
2.897067,37.661868,Marsabit
2.897067,37.706784,Marsabit
2.897067,37.7517,Marsabit
2.897067,37.796616,Marsabit
2.897067,37.841531,Marsabit
2.897067,37.886447,Marsabit
2.897067,37.931363,Marsabit
2.897067,37.976279,Marsabit
2.897067,38.021194,Marsabit
2.897067,38.06611,Marsabit
2.897067,38.111026,Marsabit
2.897067,38.155942,Marsabit
2.897067,38.200857,Marsabit
2.897067,38.245773,Marsabit
2.897067,38.290689,Marsabit
2.897067,38.335605,Marsabit
2.897067,38.380521,Marsabit
2.897067,38.425436,Marsabit
2.897067,38.470352,Marsabit
2.897067,38.515268,Marsabit
2.897067,38.560184,Marsabit
2.897067,38.605099,Marsabit
2.897067,38.650015,Marsabit
2.897067,38.694931,Marsabit
2.897067,38.739847,Marsabit
2.897067,38.784762,Marsabit
2.897067,38.829678,Marsabit
2.897067,38.874594,Marsabit
2.897067,38.91951,Marsabit
2.897067,38.964425,Marsabit
2.897067,39.009341,Marsabit
2.897067,39.054257,Marsabit
2.897067,39.099173,Marsabit
2.897067,39.144089,Wajir
2.897067,39.189004,Wajir
2.897067,39.23392,Wajir
2.897067,39.278836,Wajir
2.897067,39.323752,Wajir
2.897067,39.368667,Wajir
2.897067,39.413583,Wajir
2.897067,39.458499,Wajir
2.897067,39.503415,Wajir
2.897067,39.54833,Wajir
2.897067,39.593246,Wajir
2.897067,39.638162,Wajir
2.897067,39.683078,Wajir
2.897067,39.727993,Wajir
2.897067,39.772909,Wajir
2.897067,39.817825,Wajir
2.897067,39.862741,Wajir
2.897067,39.907656,Wajir
2.897067,39.952572,Wajir
2.897067,39.997488,Wajir
2.897067,40.042404,Wajir
2.897067,40.08732,Wajir
2.897067,40.132235,Wajir
2.897067,40.177151,Wajir
2.897067,40.222067,Wajir
2.897067,40.266983,Wajir
2.897067,40.311898,Wajir
2.897067,40.356814,Wajir
2.897067,40.40173,Wajir
2.897067,40.446646,Mandera
2.897067,40.491561,Mandera
2.897067,40.536477,Mandera
2.897067,40.581393,Mandera
2.897067,40.626309,Mandera
2.897067,40.671224,Mandera
2.897067,40.71614,Mandera
2.897067,40.761056,Mandera
2.897067,40.805972,Mandera
2.897067,40.850888,Mandera
2.897067,40.895803,Mandera
2.897067,40.940719,Mandera
2.897067,40.985635,Mandera
2.897067,41.030551,Mandera
2.897067,41.075466,Unknown
2.852151,34.652512,Unknown
2.852151,34.697428,Unknown
2.852151,34.742344,Turkana
2.852151,34.787259,Turkana
2.852151,34.832175,Turkana
2.852151,34.877091,Turkana
2.852151,34.922007,Turkana
2.852151,34.966922,Turkana
2.852151,35.011838,Turkana
2.852151,35.056754,Turkana
2.852151,35.10167,Turkana
2.852151,35.146585,Turkana
2.852151,35.191501,Turkana
2.852151,35.236417,Turkana
2.852151,35.281333,Turkana
2.852151,35.326249,Turkana
2.852151,35.371164,Turkana
2.852151,35.41608,Turkana
2.852151,35.460996,Turkana
2.852151,35.505912,Turkana
2.852151,35.550827,Turkana
2.852151,35.595743,Turkana
2.852151,35.640659,Turkana
2.852151,35.685575,Turkana
2.852151,35.73049,Turkana
2.852151,35.775406,Turkana
2.852151,35.820322,Turkana
2.852151,35.865238,Turkana
2.852151,35.910153,Turkana
2.852151,35.955069,Turkana
2.852151,35.999985,Turkana
2.852151,36.044901,Turkana
2.852151,36.089817,Turkana
2.852151,36.134732,Turkana
2.852151,36.179648,Turkana
2.852151,36.224564,Turkana
2.852151,36.26948,Turkana
2.852151,36.314395,Turkana
2.852151,36.359311,Turkana
2.852151,36.404227,Marsabit
2.852151,36.449143,Marsabit
2.852151,36.58389,Marsabit
2.852151,36.628806,Marsabit
2.852151,36.673721,Marsabit
2.852151,36.718637,Marsabit
2.852151,36.763553,Marsabit
2.852151,36.808469,Marsabit
2.852151,36.853385,Marsabit
2.852151,36.8983,Marsabit
2.852151,36.943216,Marsabit
2.852151,36.988132,Marsabit
2.852151,37.033048,Marsabit
2.852151,37.077963,Marsabit
2.852151,37.122879,Marsabit
2.852151,37.167795,Marsabit
2.852151,37.212711,Marsabit
2.852151,37.257626,Marsabit
2.852151,37.302542,Marsabit
2.852151,37.347458,Marsabit
2.852151,37.392374,Marsabit
2.852151,37.437289,Marsabit
2.852151,37.482205,Marsabit
2.852151,37.527121,Marsabit
2.852151,37.572037,Marsabit
2.852151,37.616953,Marsabit
2.852151,37.661868,Marsabit
2.852151,37.706784,Marsabit
2.852151,37.7517,Marsabit
2.852151,37.796616,Marsabit
2.852151,37.841531,Marsabit
2.852151,37.886447,Marsabit
2.852151,37.931363,Marsabit
2.852151,37.976279,Marsabit
2.852151,38.021194,Marsabit
2.852151,38.06611,Marsabit
2.852151,38.111026,Marsabit
2.852151,38.155942,Marsabit
2.852151,38.200857,Marsabit
2.852151,38.245773,Marsabit
2.852151,38.290689,Marsabit
2.852151,38.335605,Marsabit
2.852151,38.380521,Marsabit
2.852151,38.425436,Marsabit
2.852151,38.470352,Marsabit
2.852151,38.515268,Marsabit
2.852151,38.560184,Marsabit
2.852151,38.605099,Marsabit
2.852151,38.650015,Marsabit
2.852151,38.694931,Marsabit
2.852151,38.739847,Marsabit
2.852151,38.784762,Marsabit
2.852151,38.829678,Marsabit
2.852151,38.874594,Marsabit
2.852151,38.91951,Marsabit
2.852151,38.964425,Marsabit
2.852151,39.009341,Marsabit
2.852151,39.054257,Marsabit
2.852151,39.099173,Wajir
2.852151,39.144089,Wajir
2.852151,39.189004,Wajir
2.852151,39.23392,Wajir
2.852151,39.278836,Wajir
2.852151,39.323752,Wajir
2.852151,39.368667,Wajir
2.852151,39.413583,Wajir
2.852151,39.458499,Wajir
2.852151,39.503415,Wajir
2.852151,39.54833,Wajir
2.852151,39.593246,Wajir
2.852151,39.638162,Wajir
2.852151,39.683078,Wajir
2.852151,39.727993,Wajir
2.852151,39.772909,Wajir
2.852151,39.817825,Wajir
2.852151,39.862741,Wajir
2.852151,39.907656,Wajir
2.852151,39.952572,Wajir
2.852151,39.997488,Wajir
2.852151,40.042404,Wajir
2.852151,40.08732,Wajir
2.852151,40.132235,Wajir
2.852151,40.177151,Wajir
2.852151,40.222067,Wajir
2.852151,40.266983,Wajir
2.852151,40.311898,Wajir
2.852151,40.356814,Wajir
2.852151,40.40173,Wajir
2.852151,40.446646,Wajir
2.852151,40.491561,Wajir
2.852151,40.536477,Mandera
2.852151,40.581393,Mandera
2.852151,40.626309,Mandera
2.852151,40.671224,Mandera
2.852151,40.71614,Mandera
2.852151,40.761056,Mandera
2.852151,40.805972,Mandera
2.852151,40.850888,Mandera
2.852151,40.895803,Mandera
2.852151,40.940719,Mandera
2.852151,40.985635,Mandera
2.852151,41.030551,Unknown
2.807235,34.742344,Unknown
2.807235,34.787259,Turkana
2.807235,34.832175,Turkana
2.807235,34.877091,Turkana
2.807235,34.922007,Turkana
2.807235,34.966922,Turkana
2.807235,35.011838,Turkana
2.807235,35.056754,Turkana
2.807235,35.10167,Turkana
2.807235,35.146585,Turkana
2.807235,35.191501,Turkana
2.807235,35.236417,Turkana
2.807235,35.281333,Turkana
2.807235,35.326249,Turkana
2.807235,35.371164,Turkana
2.807235,35.41608,Turkana
2.807235,35.460996,Turkana
2.807235,35.505912,Turkana
2.807235,35.550827,Turkana
2.807235,35.595743,Turkana
2.807235,35.640659,Turkana
2.807235,35.685575,Turkana
2.807235,35.73049,Turkana
2.807235,35.775406,Turkana
2.807235,35.820322,Turkana
2.807235,35.865238,Turkana
2.807235,35.910153,Turkana
2.807235,35.955069,Turkana
2.807235,35.999985,Turkana
2.807235,36.044901,Turkana
2.807235,36.089817,Turkana
2.807235,36.134732,Turkana
2.807235,36.179648,Turkana
2.807235,36.224564,Turkana
2.807235,36.26948,Turkana
2.807235,36.314395,Turkana
2.807235,36.359311,Turkana
2.807235,36.404227,Marsabit
2.807235,36.449143,Marsabit
2.807235,36.494058,Marsabit
2.807235,36.58389,Marsabit
2.807235,36.673721,Marsabit
2.807235,36.718637,Marsabit
2.807235,36.763553,Marsabit
2.807235,36.808469,Marsabit
2.807235,36.853385,Marsabit
2.807235,36.8983,Marsabit
2.807235,36.943216,Marsabit
2.807235,36.988132,Marsabit
2.807235,37.033048,Marsabit
2.807235,37.077963,Marsabit
2.807235,37.122879,Marsabit
2.807235,37.167795,Marsabit
2.807235,37.212711,Marsabit
2.807235,37.257626,Marsabit
2.807235,37.302542,Marsabit
2.807235,37.347458,Marsabit
2.807235,37.392374,Marsabit
2.807235,37.437289,Marsabit
2.807235,37.482205,Marsabit
2.807235,37.527121,Marsabit
2.807235,37.572037,Marsabit
2.807235,37.616953,Marsabit
2.807235,37.661868,Marsabit
2.807235,37.706784,Marsabit
2.807235,37.7517,Marsabit
2.807235,37.796616,Marsabit
2.807235,37.841531,Marsabit
2.807235,37.886447,Marsabit
2.807235,37.931363,Marsabit
2.807235,37.976279,Marsabit
2.807235,38.021194,Marsabit
2.807235,38.06611,Marsabit
2.807235,38.111026,Marsabit
2.807235,38.155942,Marsabit
2.807235,38.200857,Marsabit
2.807235,38.245773,Marsabit
2.807235,38.290689,Marsabit
2.807235,38.335605,Marsabit
2.807235,38.380521,Marsabit
2.807235,38.425436,Marsabit
2.807235,38.470352,Marsabit
2.807235,38.515268,Marsabit
2.807235,38.560184,Marsabit
2.807235,38.605099,Marsabit
2.807235,38.650015,Marsabit
2.807235,38.694931,Marsabit
2.807235,38.739847,Marsabit
2.807235,38.784762,Marsabit
2.807235,38.829678,Marsabit
2.807235,38.874594,Marsabit
2.807235,38.91951,Marsabit
2.807235,38.964425,Marsabit
2.807235,39.009341,Marsabit
2.807235,39.054257,Marsabit
2.807235,39.099173,Wajir
2.807235,39.144089,Wajir
2.807235,39.189004,Wajir
2.807235,39.23392,Wajir
2.807235,39.278836,Wajir
2.807235,39.323752,Wajir
2.807235,39.368667,Wajir
2.807235,39.413583,Wajir
2.807235,39.458499,Wajir
2.807235,39.503415,Wajir
2.807235,39.54833,Wajir
2.807235,39.593246,Wajir
2.807235,39.638162,Wajir
2.807235,39.683078,Wajir
2.807235,39.727993,Wajir
2.807235,39.772909,Wajir
2.807235,39.817825,Wajir
2.807235,39.862741,Wajir
2.807235,39.907656,Wajir
2.807235,39.952572,Wajir
2.807235,39.997488,Wajir
2.807235,40.042404,Wajir
2.807235,40.08732,Wajir
2.807235,40.132235,Wajir
2.807235,40.177151,Wajir
2.807235,40.222067,Wajir
2.807235,40.266983,Wajir
2.807235,40.311898,Wajir
2.807235,40.356814,Wajir
2.807235,40.40173,Wajir
2.807235,40.446646,Wajir
2.807235,40.491561,Wajir
2.807235,40.536477,Mandera
2.807235,40.581393,Mandera
2.807235,40.626309,Mandera
2.807235,40.671224,Mandera
2.807235,40.71614,Mandera
2.807235,40.761056,Mandera
2.807235,40.805972,Mandera
2.807235,40.850888,Mandera
2.807235,40.895803,Mandera
2.807235,40.940719,Mandera
2.807235,40.985635,Mandera
2.762319,34.787259,Turkana
2.762319,34.832175,Turkana
2.762319,34.877091,Turkana
2.762319,34.922007,Turkana
2.762319,34.966922,Turkana
2.762319,35.011838,Turkana
2.762319,35.056754,Turkana
2.762319,35.10167,Turkana
2.762319,35.146585,Turkana
2.762319,35.191501,Turkana
2.762319,35.236417,Turkana
2.762319,35.281333,Turkana
2.762319,35.326249,Turkana
2.762319,35.371164,Turkana
2.762319,35.41608,Turkana
2.762319,35.460996,Turkana
2.762319,35.505912,Turkana
2.762319,35.550827,Turkana
2.762319,35.595743,Turkana
2.762319,35.640659,Turkana
2.762319,35.685575,Turkana
2.762319,35.73049,Turkana
2.762319,35.775406,Turkana
2.762319,35.820322,Turkana
2.762319,35.865238,Turkana
2.762319,35.910153,Turkana
2.762319,35.955069,Turkana
2.762319,35.999985,Turkana
2.762319,36.044901,Turkana
2.762319,36.089817,Turkana
2.762319,36.134732,Turkana
2.762319,36.179648,Turkana
2.762319,36.224564,Turkana
2.762319,36.26948,Turkana
2.762319,36.314395,Turkana
2.762319,36.359311,Turkana
2.762319,36.404227,Turkana
2.762319,36.449143,Marsabit
2.762319,36.494058,Marsabit
2.762319,36.58389,Marsabit
2.762319,36.628806,Marsabit
2.762319,36.673721,Marsabit
2.762319,36.718637,Marsabit
2.762319,36.763553,Marsabit
2.762319,36.808469,Marsabit
2.762319,36.853385,Marsabit
2.762319,36.8983,Marsabit
2.762319,36.943216,Marsabit
2.762319,36.988132,Marsabit
2.762319,37.033048,Marsabit
2.762319,37.077963,Marsabit
2.762319,37.122879,Marsabit
2.762319,37.167795,Marsabit
2.762319,37.212711,Marsabit
2.762319,37.257626,Marsabit
2.762319,37.302542,Marsabit
2.762319,37.347458,Marsabit
2.762319,37.392374,Marsabit
2.762319,37.437289,Marsabit
2.762319,37.482205,Marsabit
2.762319,37.527121,Marsabit
2.762319,37.572037,Marsabit
2.762319,37.616953,Marsabit
2.762319,37.661868,Marsabit
2.762319,37.706784,Marsabit
2.762319,37.7517,Marsabit
2.762319,37.796616,Marsabit
2.762319,37.841531,Marsabit
2.762319,37.886447,Marsabit
2.762319,37.931363,Marsabit
2.762319,37.976279,Marsabit
2.762319,38.021194,Marsabit
2.762319,38.06611,Marsabit
2.762319,38.111026,Marsabit
2.762319,38.155942,Marsabit
2.762319,38.200857,Marsabit
2.762319,38.245773,Marsabit
2.762319,38.290689,Marsabit
2.762319,38.335605,Marsabit
2.762319,38.380521,Marsabit
2.762319,38.425436,Marsabit
2.762319,38.470352,Marsabit
2.762319,38.515268,Marsabit
2.762319,38.560184,Marsabit
2.762319,38.605099,Marsabit
2.762319,38.650015,Marsabit
2.762319,38.694931,Marsabit
2.762319,38.739847,Marsabit
2.762319,38.784762,Marsabit
2.762319,38.829678,Marsabit
2.762319,38.874594,Marsabit
2.762319,38.91951,Marsabit
2.762319,38.964425,Marsabit
2.762319,39.009341,Marsabit
2.762319,39.054257,Marsabit
2.762319,39.099173,Wajir
2.762319,39.144089,Wajir
2.762319,39.189004,Wajir
2.762319,39.23392,Wajir
2.762319,39.278836,Wajir
2.762319,39.323752,Wajir
2.762319,39.368667,Wajir
2.762319,39.413583,Wajir
2.762319,39.458499,Wajir
2.762319,39.503415,Wajir
2.762319,39.54833,Wajir
2.762319,39.593246,Wajir
2.762319,39.638162,Wajir
2.762319,39.683078,Wajir
2.762319,39.727993,Wajir
2.762319,39.772909,Wajir
2.762319,39.817825,Wajir
2.762319,39.862741,Wajir
2.762319,39.907656,Wajir
2.762319,39.952572,Wajir
2.762319,39.997488,Wajir
2.762319,40.042404,Wajir
2.762319,40.08732,Wajir
2.762319,40.132235,Wajir
2.762319,40.177151,Wajir
2.762319,40.222067,Wajir
2.762319,40.266983,Wajir
2.762319,40.311898,Wajir
2.762319,40.356814,Wajir
2.762319,40.40173,Wajir
2.762319,40.446646,Wajir
2.762319,40.491561,Wajir
2.762319,40.536477,Mandera
2.762319,40.581393,Mandera
2.762319,40.626309,Mandera
2.762319,40.671224,Mandera
2.762319,40.71614,Mandera
2.762319,40.761056,Mandera
2.762319,40.805972,Mandera
2.762319,40.850888,Mandera
2.762319,40.895803,Mandera
2.762319,40.940719,Mandera
2.762319,40.985635,Mandera
2.717404,34.787259,Turkana
2.717404,34.832175,Turkana
2.717404,34.877091,Turkana
2.717404,34.922007,Turkana
2.717404,34.966922,Turkana
2.717404,35.011838,Turkana
2.717404,35.056754,Turkana
2.717404,35.10167,Turkana
2.717404,35.146585,Turkana
2.717404,35.191501,Turkana
2.717404,35.236417,Turkana
2.717404,35.281333,Turkana
2.717404,35.326249,Turkana
2.717404,35.371164,Turkana
2.717404,35.41608,Turkana
2.717404,35.460996,Turkana
2.717404,35.505912,Turkana
2.717404,35.550827,Turkana
2.717404,35.595743,Turkana
2.717404,35.640659,Turkana
2.717404,35.685575,Turkana
2.717404,35.73049,Turkana
2.717404,35.775406,Turkana
2.717404,35.820322,Turkana
2.717404,35.865238,Turkana
2.717404,35.910153,Turkana
2.717404,35.955069,Turkana
2.717404,35.999985,Turkana
2.717404,36.044901,Turkana
2.717404,36.089817,Turkana
2.717404,36.134732,Turkana
2.717404,36.179648,Turkana
2.717404,36.224564,Turkana
2.717404,36.26948,Turkana
2.717404,36.314395,Turkana
2.717404,36.359311,Turkana
2.717404,36.404227,Turkana
2.717404,36.449143,Marsabit
2.717404,36.494058,Marsabit
2.717404,36.538974,Marsabit
2.717404,36.58389,Marsabit
2.717404,36.628806,Marsabit
2.717404,36.673721,Marsabit
2.717404,36.718637,Marsabit
2.717404,36.763553,Marsabit
2.717404,36.808469,Marsabit
2.717404,36.853385,Marsabit
2.717404,36.8983,Marsabit
2.717404,36.943216,Marsabit
2.717404,36.988132,Marsabit
2.717404,37.033048,Marsabit
2.717404,37.077963,Marsabit
2.717404,37.122879,Marsabit
2.717404,37.167795,Marsabit
2.717404,37.212711,Marsabit
2.717404,37.257626,Marsabit
2.717404,37.302542,Marsabit
2.717404,37.347458,Marsabit
2.717404,37.392374,Marsabit
2.717404,37.437289,Marsabit
2.717404,37.482205,Marsabit
2.717404,37.527121,Marsabit
2.717404,37.572037,Marsabit
2.717404,37.616953,Marsabit
2.717404,37.661868,Marsabit
2.717404,37.706784,Marsabit
2.717404,37.7517,Marsabit
2.717404,37.796616,Marsabit
2.717404,37.841531,Marsabit
2.717404,37.886447,Marsabit
2.717404,37.931363,Marsabit
2.717404,37.976279,Marsabit
2.717404,38.021194,Marsabit
2.717404,38.06611,Marsabit
2.717404,38.111026,Marsabit
2.717404,38.155942,Marsabit
2.717404,38.200857,Marsabit
2.717404,38.245773,Marsabit
2.717404,38.290689,Marsabit
2.717404,38.335605,Marsabit
2.717404,38.380521,Marsabit
2.717404,38.425436,Marsabit
2.717404,38.470352,Marsabit
2.717404,38.515268,Marsabit
2.717404,38.560184,Marsabit
2.717404,38.605099,Marsabit
2.717404,38.650015,Marsabit
2.717404,38.694931,Marsabit
2.717404,38.739847,Marsabit
2.717404,38.784762,Marsabit
2.717404,38.829678,Marsabit
2.717404,38.874594,Marsabit
2.717404,38.91951,Marsabit
2.717404,38.964425,Marsabit
2.717404,39.009341,Marsabit
2.717404,39.054257,Wajir
2.717404,39.099173,Wajir
2.717404,39.144089,Wajir
2.717404,39.189004,Wajir
2.717404,39.23392,Wajir
2.717404,39.278836,Wajir
2.717404,39.323752,Wajir
2.717404,39.368667,Wajir
2.717404,39.413583,Wajir
2.717404,39.458499,Wajir
2.717404,39.503415,Wajir
2.717404,39.54833,Wajir
2.717404,39.593246,Wajir
2.717404,39.638162,Wajir
2.717404,39.683078,Wajir
2.717404,39.727993,Wajir
2.717404,39.772909,Wajir
2.717404,39.817825,Wajir
2.717404,39.862741,Wajir
2.717404,39.907656,Wajir
2.717404,39.952572,Wajir
2.717404,39.997488,Wajir
2.717404,40.042404,Wajir
2.717404,40.08732,Wajir
2.717404,40.132235,Wajir
2.717404,40.177151,Wajir
2.717404,40.222067,Wajir
2.717404,40.266983,Wajir
2.717404,40.311898,Wajir
2.717404,40.356814,Wajir
2.717404,40.40173,Wajir
2.717404,40.446646,Wajir
2.717404,40.491561,Wajir
2.717404,40.536477,Mandera
2.717404,40.581393,Mandera
2.717404,40.626309,Mandera
2.717404,40.671224,Mandera
2.717404,40.71614,Mandera
2.717404,40.761056,Mandera
2.717404,40.805972,Mandera
2.717404,40.850888,Mandera
2.717404,40.895803,Mandera
2.717404,40.940719,Mandera
2.717404,40.985635,Mandera
2.672488,34.787259,Unknown
2.672488,34.832175,Turkana
2.672488,34.877091,Turkana
2.672488,34.922007,Turkana
2.672488,34.966922,Turkana
2.672488,35.011838,Turkana
2.672488,35.056754,Turkana
2.672488,35.10167,Turkana
2.672488,35.146585,Turkana
2.672488,35.191501,Turkana
2.672488,35.236417,Turkana
2.672488,35.281333,Turkana
2.672488,35.326249,Turkana
2.672488,35.371164,Turkana
2.672488,35.41608,Turkana
2.672488,35.460996,Turkana
2.672488,35.505912,Turkana
2.672488,35.550827,Turkana
2.672488,35.595743,Turkana
2.672488,35.640659,Turkana
2.672488,35.685575,Turkana
2.672488,35.73049,Turkana
2.672488,35.775406,Turkana
2.672488,35.820322,Turkana
2.672488,35.865238,Turkana
2.672488,35.910153,Turkana
2.672488,35.955069,Turkana
2.672488,35.999985,Turkana
2.672488,36.044901,Turkana
2.672488,36.089817,Turkana
2.672488,36.134732,Turkana
2.672488,36.179648,Turkana
2.672488,36.224564,Turkana
2.672488,36.26948,Turkana
2.672488,36.314395,Turkana
2.672488,36.359311,Turkana
2.672488,36.404227,Turkana
2.672488,36.449143,Marsabit
2.672488,36.494058,Marsabit
2.672488,36.538974,Marsabit
2.672488,36.58389,Marsabit
2.672488,36.628806,Marsabit
2.672488,36.673721,Marsabit
2.672488,36.718637,Marsabit
2.672488,36.763553,Marsabit
2.672488,36.808469,Marsabit
2.672488,36.853385,Marsabit
2.672488,36.8983,Marsabit
2.672488,36.943216,Marsabit
2.672488,36.988132,Marsabit
2.672488,37.033048,Marsabit
2.672488,37.077963,Marsabit
2.672488,37.122879,Marsabit
2.672488,37.167795,Marsabit
2.672488,37.212711,Marsabit
2.672488,37.257626,Marsabit
2.672488,37.302542,Marsabit
2.672488,37.347458,Marsabit
2.672488,37.392374,Marsabit
2.672488,37.437289,Marsabit
2.672488,37.482205,Marsabit
2.672488,37.527121,Marsabit
2.672488,37.572037,Marsabit
2.672488,37.616953,Marsabit
2.672488,37.661868,Marsabit
2.672488,37.706784,Marsabit
2.672488,37.7517,Marsabit
2.672488,37.796616,Marsabit
2.672488,37.841531,Marsabit
2.672488,37.886447,Marsabit
2.672488,37.931363,Marsabit
2.672488,37.976279,Marsabit
2.672488,38.021194,Marsabit
2.672488,38.06611,Marsabit
2.672488,38.111026,Marsabit
2.672488,38.155942,Marsabit
2.672488,38.200857,Marsabit
2.672488,38.245773,Marsabit
2.672488,38.290689,Marsabit
2.672488,38.335605,Marsabit
2.672488,38.380521,Marsabit
2.672488,38.425436,Marsabit
2.672488,38.470352,Marsabit
2.672488,38.515268,Marsabit
2.672488,38.560184,Marsabit
2.672488,38.605099,Marsabit
2.672488,38.650015,Marsabit
2.672488,38.694931,Marsabit
2.672488,38.739847,Marsabit
2.672488,38.784762,Marsabit
2.672488,38.829678,Marsabit
2.672488,38.874594,Marsabit
2.672488,38.91951,Marsabit
2.672488,38.964425,Marsabit
2.672488,39.009341,Marsabit
2.672488,39.054257,Wajir
2.672488,39.099173,Wajir
2.672488,39.144089,Wajir
2.672488,39.189004,Wajir
2.672488,39.23392,Wajir
2.672488,39.278836,Wajir
2.672488,39.323752,Wajir
2.672488,39.368667,Wajir
2.672488,39.413583,Wajir
2.672488,39.458499,Wajir
2.672488,39.503415,Wajir
2.672488,39.54833,Wajir
2.672488,39.593246,Wajir
2.672488,39.638162,Wajir
2.672488,39.683078,Wajir
2.672488,39.727993,Wajir
2.672488,39.772909,Wajir
2.672488,39.817825,Wajir
2.672488,39.862741,Wajir
2.672488,39.907656,Wajir
2.672488,39.952572,Wajir
2.672488,39.997488,Wajir
2.672488,40.042404,Wajir
2.672488,40.08732,Wajir
2.672488,40.132235,Wajir
2.672488,40.177151,Wajir
2.672488,40.222067,Wajir
2.672488,40.266983,Wajir
2.672488,40.311898,Wajir
2.672488,40.356814,Wajir
2.672488,40.40173,Wajir
2.672488,40.446646,Wajir
2.672488,40.491561,Wajir
2.672488,40.536477,Mandera
2.672488,40.581393,Mandera
2.672488,40.626309,Mandera
2.672488,40.671224,Mandera
2.672488,40.71614,Mandera
2.672488,40.761056,Mandera
2.672488,40.805972,Mandera
2.672488,40.850888,Mandera
2.672488,40.895803,Mandera
2.672488,40.940719,Mandera
2.672488,40.985635,Mandera
2.627572,34.787259,Unknown
2.627572,34.832175,Turkana
2.627572,34.877091,Turkana
2.627572,34.922007,Turkana
2.627572,34.966922,Turkana
2.627572,35.011838,Turkana
2.627572,35.056754,Turkana
2.627572,35.10167,Turkana
2.627572,35.146585,West Pokot
2.627572,35.191501,Turkana
2.627572,35.236417,Turkana
2.627572,35.281333,Turkana
2.627572,35.326249,Turkana
2.627572,35.371164,Turkana
2.627572,35.41608,Turkana
2.627572,35.460996,Turkana
2.627572,35.505912,Turkana
2.627572,35.550827,Turkana
2.627572,35.595743,Turkana
2.627572,35.640659,Turkana
2.627572,35.685575,Turkana
2.627572,35.73049,Turkana
2.627572,35.775406,Turkana
2.627572,35.820322,Turkana
2.627572,35.865238,Turkana
2.627572,35.910153,Turkana
2.627572,35.955069,Turkana
2.627572,35.999985,Turkana
2.627572,36.044901,Turkana
2.627572,36.089817,Turkana
2.627572,36.134732,Turkana
2.627572,36.179648,Turkana
2.627572,36.224564,Turkana
2.627572,36.26948,Turkana
2.627572,36.314395,Turkana
2.627572,36.359311,Turkana
2.627572,36.404227,Turkana
2.627572,36.449143,Marsabit
2.627572,36.494058,Marsabit
2.627572,36.538974,Marsabit
2.627572,36.58389,Marsabit
2.627572,36.628806,Marsabit
2.627572,36.673721,Marsabit
2.627572,36.718637,Marsabit
2.627572,36.763553,Marsabit
2.627572,36.808469,Marsabit
2.627572,36.853385,Marsabit
2.627572,36.8983,Marsabit
2.627572,36.943216,Marsabit
2.627572,36.988132,Marsabit
2.627572,37.033048,Marsabit
2.627572,37.077963,Marsabit
2.627572,37.122879,Marsabit
2.627572,37.167795,Marsabit
2.627572,37.212711,Marsabit
2.627572,37.257626,Marsabit
2.627572,37.302542,Marsabit
2.627572,37.347458,Marsabit
2.627572,37.392374,Marsabit
2.627572,37.437289,Marsabit
2.627572,37.482205,Marsabit
2.627572,37.527121,Marsabit
2.627572,37.572037,Marsabit
2.627572,37.616953,Marsabit
2.627572,37.661868,Marsabit
2.627572,37.706784,Marsabit
2.627572,37.7517,Marsabit
2.627572,37.796616,Marsabit
2.627572,37.841531,Marsabit
2.627572,37.886447,Marsabit
2.627572,37.931363,Marsabit
2.627572,37.976279,Marsabit
2.627572,38.021194,Marsabit
2.627572,38.06611,Marsabit
2.627572,38.111026,Marsabit
2.627572,38.155942,Marsabit
2.627572,38.200857,Marsabit
2.627572,38.245773,Marsabit
2.627572,38.290689,Marsabit
2.627572,38.335605,Marsabit
2.627572,38.380521,Marsabit
2.627572,38.425436,Marsabit
2.627572,38.470352,Marsabit
2.627572,38.515268,Marsabit
2.627572,38.560184,Marsabit
2.627572,38.605099,Marsabit
2.627572,38.650015,Marsabit
2.627572,38.694931,Marsabit
2.627572,38.739847,Marsabit
2.627572,38.784762,Marsabit
2.627572,38.829678,Marsabit
2.627572,38.874594,Marsabit
2.627572,38.91951,Marsabit
2.627572,38.964425,Marsabit
2.627572,39.009341,Marsabit
2.627572,39.054257,Wajir
2.627572,39.099173,Wajir
2.627572,39.144089,Wajir
2.627572,39.189004,Wajir
2.627572,39.23392,Wajir
2.627572,39.278836,Wajir
2.627572,39.323752,Wajir
2.627572,39.368667,Wajir
2.627572,39.413583,Wajir
2.627572,39.458499,Wajir
2.627572,39.503415,Wajir
2.627572,39.54833,Wajir
2.627572,39.593246,Wajir
2.627572,39.638162,Wajir
2.627572,39.683078,Wajir
2.627572,39.727993,Wajir
2.627572,39.772909,Wajir
2.627572,39.817825,Wajir
2.627572,39.862741,Wajir
2.627572,39.907656,Wajir
2.627572,39.952572,Wajir
2.627572,39.997488,Wajir
2.627572,40.042404,Wajir
2.627572,40.08732,Wajir
2.627572,40.132235,Wajir
2.627572,40.177151,Wajir
2.627572,40.222067,Wajir
2.627572,40.266983,Wajir
2.627572,40.311898,Wajir
2.627572,40.356814,Wajir
2.627572,40.40173,Wajir
2.627572,40.446646,Wajir
2.627572,40.491561,Wajir
2.627572,40.536477,Wajir
2.627572,40.581393,Mandera
2.627572,40.626309,Mandera
2.627572,40.671224,Mandera
2.627572,40.71614,Mandera
2.627572,40.761056,Mandera
2.627572,40.805972,Mandera
2.627572,40.850888,Mandera
2.627572,40.895803,Mandera
2.627572,40.940719,Mandera
2.627572,40.985635,Mandera
2.582656,34.832175,Unknown
2.582656,34.877091,Turkana
2.582656,34.922007,Turkana
2.582656,34.966922,Turkana
2.582656,35.011838,Turkana
2.582656,35.056754,Turkana
2.582656,35.10167,Turkana
2.582656,35.146585,West Pokot
2.582656,35.191501,West Pokot
2.582656,35.236417,Turkana
2.582656,35.281333,Turkana
2.582656,35.326249,Turkana
2.582656,35.371164,Turkana
2.582656,35.41608,Turkana
2.582656,35.460996,Turkana
2.582656,35.505912,Turkana
2.582656,35.550827,Turkana
2.582656,35.595743,Turkana
2.582656,35.640659,Turkana
2.582656,35.685575,Turkana
2.582656,35.73049,Turkana
2.582656,35.775406,Turkana
2.582656,35.820322,Turkana
2.582656,35.865238,Turkana
2.582656,35.910153,Turkana
2.582656,35.955069,Turkana
2.582656,35.999985,Turkana
2.582656,36.044901,Turkana
2.582656,36.089817,Turkana
2.582656,36.134732,Turkana
2.582656,36.179648,Turkana
2.582656,36.224564,Turkana
2.582656,36.26948,Turkana
2.582656,36.314395,Turkana
2.582656,36.359311,Turkana
2.582656,36.404227,Turkana
2.582656,36.449143,Turkana
2.582656,36.494058,Marsabit
2.582656,36.538974,Marsabit
2.582656,36.58389,Marsabit
2.582656,36.628806,Marsabit
2.582656,36.673721,Marsabit
2.582656,36.718637,Marsabit
2.582656,36.763553,Marsabit
2.582656,36.808469,Marsabit
2.582656,36.853385,Marsabit
2.582656,36.8983,Marsabit
2.582656,36.943216,Marsabit
2.582656,36.988132,Marsabit
2.582656,37.033048,Marsabit
2.582656,37.077963,Marsabit
2.582656,37.122879,Marsabit
2.582656,37.167795,Marsabit
2.582656,37.212711,Marsabit
2.582656,37.257626,Marsabit
2.582656,37.302542,Marsabit
2.582656,37.347458,Marsabit
2.582656,37.392374,Marsabit
2.582656,37.437289,Marsabit
2.582656,37.482205,Marsabit
2.582656,37.527121,Marsabit
2.582656,37.572037,Marsabit
2.582656,37.616953,Marsabit
2.582656,37.661868,Marsabit
2.582656,37.706784,Marsabit
2.582656,37.7517,Marsabit
2.582656,37.796616,Marsabit
2.582656,37.841531,Marsabit
2.582656,37.886447,Marsabit
2.582656,37.931363,Marsabit
2.582656,37.976279,Marsabit
2.582656,38.021194,Marsabit
2.582656,38.06611,Marsabit
2.582656,38.111026,Marsabit
2.582656,38.155942,Marsabit
2.582656,38.200857,Marsabit
2.582656,38.245773,Marsabit
2.582656,38.290689,Marsabit
2.582656,38.335605,Marsabit
2.582656,38.380521,Marsabit
2.582656,38.425436,Marsabit
2.582656,38.470352,Marsabit
2.582656,38.515268,Marsabit
2.582656,38.560184,Marsabit
2.582656,38.605099,Marsabit
2.582656,38.650015,Marsabit
2.582656,38.694931,Marsabit
2.582656,38.739847,Marsabit
2.582656,38.784762,Marsabit
2.582656,38.829678,Marsabit
2.582656,38.874594,Marsabit
2.582656,38.91951,Marsabit
2.582656,38.964425,Marsabit
2.582656,39.009341,Wajir
2.582656,39.054257,Wajir
2.582656,39.099173,Wajir
2.582656,39.144089,Wajir
2.582656,39.189004,Wajir
2.582656,39.23392,Wajir
2.582656,39.278836,Wajir
2.582656,39.323752,Wajir
2.582656,39.368667,Wajir
2.582656,39.413583,Wajir
2.582656,39.458499,Wajir
2.582656,39.503415,Wajir
2.582656,39.54833,Wajir
2.582656,39.593246,Wajir
2.582656,39.638162,Wajir
2.582656,39.683078,Wajir
2.582656,39.727993,Wajir
2.582656,39.772909,Wajir
2.582656,39.817825,Wajir
2.582656,39.862741,Wajir
2.582656,39.907656,Wajir
2.582656,39.952572,Wajir
2.582656,39.997488,Wajir
2.582656,40.042404,Wajir
2.582656,40.08732,Wajir
2.582656,40.132235,Wajir
2.582656,40.177151,Wajir
2.582656,40.222067,Wajir
2.582656,40.266983,Wajir
2.582656,40.311898,Wajir
2.582656,40.356814,Wajir
2.582656,40.40173,Wajir
2.582656,40.446646,Wajir
2.582656,40.491561,Wajir
2.582656,40.536477,Wajir
2.582656,40.581393,Mandera
2.582656,40.626309,Mandera
2.582656,40.671224,Mandera
2.582656,40.71614,Mandera
2.582656,40.761056,Mandera
2.582656,40.805972,Mandera
2.582656,40.850888,Mandera
2.582656,40.895803,Mandera
2.582656,40.940719,Mandera
2.582656,40.985635,Mandera
2.537741,34.922007,Turkana
2.537741,34.966922,Turkana
2.537741,35.011838,West Pokot
2.537741,35.056754,Turkana
2.537741,35.10167,Turkana
2.537741,35.146585,West Pokot
2.537741,35.191501,West Pokot
2.537741,35.236417,Turkana
2.537741,35.281333,Turkana
2.537741,35.326249,Turkana
2.537741,35.371164,Turkana
2.537741,35.41608,Turkana
2.537741,35.460996,Turkana
2.537741,35.505912,Turkana
2.537741,35.550827,Turkana
2.537741,35.595743,Turkana
2.537741,35.640659,Turkana
2.537741,35.685575,Turkana
2.537741,35.73049,Turkana
2.537741,35.775406,Turkana
2.537741,35.820322,Turkana
2.537741,35.865238,Turkana
2.537741,35.910153,Turkana
2.537741,35.955069,Turkana
2.537741,35.999985,Turkana
2.537741,36.044901,Turkana
2.537741,36.089817,Turkana
2.537741,36.134732,Turkana
2.537741,36.179648,Turkana
2.537741,36.224564,Turkana
2.537741,36.26948,Turkana
2.537741,36.314395,Turkana
2.537741,36.359311,Turkana
2.537741,36.404227,Turkana
2.537741,36.449143,Turkana
2.537741,36.494058,Turkana
2.537741,36.538974,Marsabit
2.537741,36.58389,Marsabit
2.537741,36.628806,Marsabit
2.537741,36.673721,Marsabit
2.537741,36.718637,Marsabit
2.537741,36.763553,Marsabit
2.537741,36.808469,Marsabit
2.537741,36.853385,Marsabit
2.537741,36.8983,Marsabit
2.537741,36.943216,Marsabit
2.537741,36.988132,Marsabit
2.537741,37.033048,Marsabit
2.537741,37.077963,Marsabit
2.537741,37.122879,Marsabit
2.537741,37.167795,Marsabit
2.537741,37.212711,Marsabit
2.537741,37.257626,Marsabit
2.537741,37.302542,Marsabit
2.537741,37.347458,Marsabit
2.537741,37.392374,Marsabit
2.537741,37.437289,Marsabit
2.537741,37.482205,Marsabit
2.537741,37.527121,Marsabit
2.537741,37.572037,Marsabit
2.537741,37.616953,Marsabit
2.537741,37.661868,Marsabit
2.537741,37.706784,Marsabit
2.537741,37.7517,Marsabit
2.537741,37.796616,Marsabit
2.537741,37.841531,Marsabit
2.537741,37.886447,Marsabit
2.537741,37.931363,Marsabit
2.537741,37.976279,Marsabit
2.537741,38.021194,Marsabit
2.537741,38.06611,Marsabit
2.537741,38.111026,Marsabit
2.537741,38.155942,Marsabit
2.537741,38.200857,Marsabit
2.537741,38.245773,Marsabit
2.537741,38.290689,Marsabit
2.537741,38.335605,Marsabit
2.537741,38.380521,Marsabit
2.537741,38.425436,Marsabit
2.537741,38.470352,Marsabit
2.537741,38.515268,Marsabit
2.537741,38.560184,Marsabit
2.537741,38.605099,Marsabit
2.537741,38.650015,Marsabit
2.537741,38.694931,Marsabit
2.537741,38.739847,Marsabit
2.537741,38.784762,Marsabit
2.537741,38.829678,Marsabit
2.537741,38.874594,Marsabit
2.537741,38.91951,Wajir
2.537741,38.964425,Wajir
2.537741,39.009341,Wajir
2.537741,39.054257,Wajir
2.537741,39.099173,Wajir
2.537741,39.144089,Wajir
2.537741,39.189004,Wajir
2.537741,39.23392,Wajir
2.537741,39.278836,Wajir
2.537741,39.323752,Wajir
2.537741,39.368667,Wajir
2.537741,39.413583,Wajir
2.537741,39.458499,Wajir
2.537741,39.503415,Wajir
2.537741,39.54833,Wajir
2.537741,39.593246,Wajir
2.537741,39.638162,Wajir
2.537741,39.683078,Wajir
2.537741,39.727993,Wajir
2.537741,39.772909,Wajir
2.537741,39.817825,Wajir
2.537741,39.862741,Wajir
2.537741,39.907656,Wajir
2.537741,39.952572,Wajir
2.537741,39.997488,Wajir
2.537741,40.042404,Wajir
2.537741,40.08732,Wajir
2.537741,40.132235,Wajir
2.537741,40.177151,Wajir
2.537741,40.222067,Wajir
2.537741,40.266983,Wajir
2.537741,40.311898,Wajir
2.537741,40.356814,Wajir
2.537741,40.40173,Wajir
2.537741,40.446646,Wajir
2.537741,40.491561,Wajir
2.537741,40.536477,Wajir
2.537741,40.581393,Mandera
2.537741,40.626309,Mandera
2.537741,40.671224,Mandera
2.537741,40.71614,Mandera
2.537741,40.761056,Mandera
2.537741,40.805972,Mandera
2.537741,40.850888,Mandera
2.537741,40.895803,Mandera
2.537741,40.940719,Mandera
2.537741,40.985635,Mandera
2.492825,34.922007,Unknown
2.492825,34.966922,Turkana
2.492825,35.011838,West Pokot
2.492825,35.056754,Turkana
2.492825,35.10167,Turkana
2.492825,35.146585,West Pokot
2.492825,35.191501,West Pokot
2.492825,35.236417,Turkana
2.492825,35.281333,Turkana
2.492825,35.326249,Turkana
2.492825,35.371164,Turkana
2.492825,35.41608,Turkana
2.492825,35.460996,Turkana
2.492825,35.505912,Turkana
2.492825,35.550827,Turkana
2.492825,35.595743,Turkana
2.492825,35.640659,Turkana
2.492825,35.685575,Turkana
2.492825,35.73049,Turkana
2.492825,35.775406,Turkana
2.492825,35.820322,Turkana
2.492825,35.865238,Turkana
2.492825,35.910153,Turkana
2.492825,35.955069,Turkana
2.492825,35.999985,Turkana
2.492825,36.044901,Turkana
2.492825,36.089817,Turkana
2.492825,36.134732,Turkana
2.492825,36.179648,Turkana
2.492825,36.224564,Turkana
2.492825,36.26948,Turkana
2.492825,36.314395,Turkana
2.492825,36.359311,Turkana
2.492825,36.404227,Turkana
2.492825,36.449143,Turkana
2.492825,36.494058,Turkana
2.492825,36.538974,Marsabit
2.492825,36.58389,Marsabit
2.492825,36.628806,Marsabit
2.492825,36.673721,Marsabit
2.492825,36.718637,Samburu
2.492825,36.763553,Samburu
2.492825,36.808469,Marsabit
2.492825,36.853385,Marsabit
2.492825,36.8983,Marsabit
2.492825,36.943216,Marsabit
2.492825,36.988132,Marsabit
2.492825,37.033048,Marsabit
2.492825,37.077963,Marsabit
2.492825,37.122879,Marsabit
2.492825,37.167795,Marsabit
2.492825,37.212711,Marsabit
2.492825,37.257626,Marsabit
2.492825,37.302542,Marsabit
2.492825,37.347458,Marsabit
2.492825,37.392374,Marsabit
2.492825,37.437289,Marsabit
2.492825,37.482205,Marsabit
2.492825,37.527121,Marsabit
2.492825,37.572037,Marsabit
2.492825,37.616953,Marsabit
2.492825,37.661868,Marsabit
2.492825,37.706784,Marsabit
2.492825,37.7517,Marsabit
2.492825,37.796616,Marsabit
2.492825,37.841531,Marsabit
2.492825,37.886447,Marsabit
2.492825,37.931363,Marsabit
2.492825,37.976279,Marsabit
2.492825,38.021194,Marsabit
2.492825,38.06611,Marsabit
2.492825,38.111026,Marsabit
2.492825,38.155942,Marsabit
2.492825,38.200857,Marsabit
2.492825,38.245773,Marsabit
2.492825,38.290689,Marsabit
2.492825,38.335605,Marsabit
2.492825,38.380521,Marsabit
2.492825,38.425436,Marsabit
2.492825,38.470352,Marsabit
2.492825,38.515268,Marsabit
2.492825,38.560184,Marsabit
2.492825,38.605099,Marsabit
2.492825,38.650015,Marsabit
2.492825,38.694931,Marsabit
2.492825,38.739847,Marsabit
2.492825,38.784762,Marsabit
2.492825,38.829678,Marsabit
2.492825,38.874594,Marsabit
2.492825,38.91951,Wajir
2.492825,38.964425,Wajir
2.492825,39.009341,Wajir
2.492825,39.054257,Wajir
2.492825,39.099173,Wajir
2.492825,39.144089,Wajir
2.492825,39.189004,Wajir
2.492825,39.23392,Wajir
2.492825,39.278836,Wajir
2.492825,39.323752,Wajir
2.492825,39.368667,Wajir
2.492825,39.413583,Wajir
2.492825,39.458499,Wajir
2.492825,39.503415,Wajir
2.492825,39.54833,Wajir
2.492825,39.593246,Wajir
2.492825,39.638162,Wajir
2.492825,39.683078,Wajir
2.492825,39.727993,Wajir
2.492825,39.772909,Wajir
2.492825,39.817825,Wajir
2.492825,39.862741,Wajir
2.492825,39.907656,Wajir
2.492825,39.952572,Wajir
2.492825,39.997488,Wajir
2.492825,40.042404,Wajir
2.492825,40.08732,Wajir
2.492825,40.132235,Wajir
2.492825,40.177151,Wajir
2.492825,40.222067,Wajir
2.492825,40.266983,Wajir
2.492825,40.311898,Wajir
2.492825,40.356814,Wajir
2.492825,40.40173,Wajir
2.492825,40.446646,Wajir
2.492825,40.491561,Wajir
2.492825,40.536477,Wajir
2.492825,40.581393,Wajir
2.492825,40.626309,Mandera
2.492825,40.671224,Mandera
2.492825,40.71614,Mandera
2.492825,40.761056,Mandera
2.492825,40.805972,Mandera
2.492825,40.850888,Mandera
2.492825,40.895803,Mandera
2.492825,40.940719,Mandera
2.492825,40.985635,Mandera
2.447909,34.922007,Unknown
2.447909,34.966922,Turkana
2.447909,35.011838,Turkana
2.447909,35.056754,West Pokot
2.447909,35.10167,West Pokot
2.447909,35.146585,West Pokot
2.447909,35.191501,West Pokot
2.447909,35.236417,Turkana
2.447909,35.281333,Turkana
2.447909,35.326249,Turkana
2.447909,35.371164,Turkana
2.447909,35.41608,Turkana
2.447909,35.460996,Turkana
2.447909,35.505912,Turkana
2.447909,35.550827,Turkana
2.447909,35.595743,Turkana
2.447909,35.640659,Turkana
2.447909,35.685575,Turkana
2.447909,35.73049,Turkana
2.447909,35.775406,Turkana
2.447909,35.820322,Turkana
2.447909,35.865238,Turkana
2.447909,35.910153,Turkana
2.447909,35.955069,Turkana
2.447909,35.999985,Turkana
2.447909,36.044901,Turkana
2.447909,36.089817,Turkana
2.447909,36.134732,Turkana
2.447909,36.179648,Turkana
2.447909,36.224564,Turkana
2.447909,36.26948,Turkana
2.447909,36.314395,Turkana
2.447909,36.359311,Turkana
2.447909,36.404227,Turkana
2.447909,36.449143,Turkana
2.447909,36.494058,Turkana
2.447909,36.538974,Marsabit
2.447909,36.58389,Marsabit
2.447909,36.628806,Marsabit
2.447909,36.673721,Samburu
2.447909,36.718637,Samburu
2.447909,36.763553,Samburu
2.447909,36.808469,Marsabit
2.447909,36.853385,Marsabit
2.447909,36.8983,Marsabit
2.447909,36.943216,Marsabit
2.447909,36.988132,Marsabit
2.447909,37.033048,Marsabit
2.447909,37.077963,Marsabit
2.447909,37.122879,Marsabit
2.447909,37.167795,Marsabit
2.447909,37.212711,Marsabit
2.447909,37.257626,Marsabit
2.447909,37.302542,Marsabit
2.447909,37.347458,Marsabit
2.447909,37.392374,Marsabit
2.447909,37.437289,Marsabit
2.447909,37.482205,Marsabit
2.447909,37.527121,Marsabit
2.447909,37.572037,Marsabit
2.447909,37.616953,Marsabit
2.447909,37.661868,Marsabit
2.447909,37.706784,Marsabit
2.447909,37.7517,Marsabit
2.447909,37.796616,Marsabit
2.447909,37.841531,Marsabit
2.447909,37.886447,Marsabit
2.447909,37.931363,Marsabit
2.447909,37.976279,Marsabit
2.447909,38.021194,Marsabit
2.447909,38.06611,Marsabit
2.447909,38.111026,Marsabit
2.447909,38.155942,Marsabit
2.447909,38.200857,Marsabit
2.447909,38.245773,Marsabit
2.447909,38.290689,Marsabit
2.447909,38.335605,Marsabit
2.447909,38.380521,Marsabit
2.447909,38.425436,Marsabit
2.447909,38.470352,Marsabit
2.447909,38.515268,Marsabit
2.447909,38.560184,Marsabit
2.447909,38.605099,Marsabit
2.447909,38.650015,Marsabit
2.447909,38.694931,Marsabit
2.447909,38.739847,Marsabit
2.447909,38.784762,Marsabit
2.447909,38.829678,Marsabit
2.447909,38.874594,Marsabit
2.447909,38.91951,Wajir
2.447909,38.964425,Wajir
2.447909,39.009341,Wajir
2.447909,39.054257,Wajir
2.447909,39.099173,Wajir
2.447909,39.144089,Wajir
2.447909,39.189004,Wajir
2.447909,39.23392,Wajir
2.447909,39.278836,Wajir
2.447909,39.323752,Wajir
2.447909,39.368667,Wajir
2.447909,39.413583,Wajir
2.447909,39.458499,Wajir
2.447909,39.503415,Wajir
2.447909,39.54833,Wajir
2.447909,39.593246,Wajir
2.447909,39.638162,Wajir
2.447909,39.683078,Wajir
2.447909,39.727993,Wajir
2.447909,39.772909,Wajir
2.447909,39.817825,Wajir
2.447909,39.862741,Wajir
2.447909,39.907656,Wajir
2.447909,39.952572,Wajir
2.447909,39.997488,Wajir
2.447909,40.042404,Wajir
2.447909,40.08732,Wajir
2.447909,40.132235,Wajir
2.447909,40.177151,Wajir
2.447909,40.222067,Wajir
2.447909,40.266983,Wajir
2.447909,40.311898,Wajir
2.447909,40.356814,Wajir
2.447909,40.40173,Wajir
2.447909,40.446646,Wajir
2.447909,40.491561,Wajir
2.447909,40.536477,Wajir
2.447909,40.581393,Wajir
2.447909,40.626309,Wajir
2.447909,40.671224,Mandera
2.447909,40.71614,Mandera
2.447909,40.761056,Mandera
2.447909,40.805972,Mandera
2.447909,40.850888,Mandera
2.447909,40.895803,Mandera
2.447909,40.940719,Mandera
2.447909,40.985635,Mandera
2.402993,34.922007,West Pokot
2.402993,34.966922,West Pokot
2.402993,35.011838,West Pokot
2.402993,35.056754,West Pokot
2.402993,35.10167,West Pokot
2.402993,35.146585,West Pokot
2.402993,35.191501,West Pokot
2.402993,35.236417,Turkana
2.402993,35.281333,Turkana
2.402993,35.326249,Turkana
2.402993,35.371164,Turkana
2.402993,35.41608,Turkana
2.402993,35.460996,Turkana
2.402993,35.505912,Turkana
2.402993,35.550827,Turkana
2.402993,35.595743,Turkana
2.402993,35.640659,Turkana
2.402993,35.685575,Turkana
2.402993,35.73049,Turkana
2.402993,35.775406,Turkana
2.402993,35.820322,Turkana
2.402993,35.865238,Turkana
2.402993,35.910153,Turkana
2.402993,35.955069,Turkana
2.402993,35.999985,Turkana
2.402993,36.044901,Turkana
2.402993,36.089817,Turkana
2.402993,36.134732,Turkana
2.402993,36.179648,Turkana
2.402993,36.224564,Turkana
2.402993,36.26948,Turkana
2.402993,36.314395,Turkana
2.402993,36.359311,Turkana
2.402993,36.404227,Turkana
2.402993,36.449143,Turkana
2.402993,36.494058,Turkana
2.402993,36.538974,Turkana
2.402993,36.58389,Turkana
2.402993,36.628806,Samburu
2.402993,36.673721,Samburu
2.402993,36.718637,Samburu
2.402993,36.763553,Samburu
2.402993,36.808469,Marsabit
2.402993,36.853385,Marsabit
2.402993,36.8983,Marsabit
2.402993,36.943216,Marsabit
2.402993,36.988132,Marsabit
2.402993,37.033048,Marsabit
2.402993,37.077963,Marsabit
2.402993,37.122879,Marsabit
2.402993,37.167795,Marsabit
2.402993,37.212711,Marsabit
2.402993,37.257626,Marsabit
2.402993,37.302542,Marsabit
2.402993,37.347458,Marsabit
2.402993,37.392374,Marsabit
2.402993,37.437289,Marsabit
2.402993,37.482205,Marsabit
2.402993,37.527121,Marsabit
2.402993,37.572037,Marsabit
2.402993,37.616953,Marsabit
2.402993,37.661868,Marsabit
2.402993,37.706784,Marsabit
2.402993,37.7517,Marsabit
2.402993,37.796616,Marsabit
2.402993,37.841531,Marsabit
2.402993,37.886447,Marsabit
2.402993,37.931363,Marsabit
2.402993,37.976279,Marsabit
2.402993,38.021194,Marsabit
2.402993,38.06611,Marsabit
2.402993,38.111026,Marsabit
2.402993,38.155942,Marsabit
2.402993,38.200857,Marsabit
2.402993,38.245773,Marsabit
2.402993,38.290689,Marsabit
2.402993,38.335605,Marsabit
2.402993,38.380521,Marsabit
2.402993,38.425436,Marsabit
2.402993,38.470352,Marsabit
2.402993,38.515268,Marsabit
2.402993,38.560184,Marsabit
2.402993,38.605099,Marsabit
2.402993,38.650015,Marsabit
2.402993,38.694931,Marsabit
2.402993,38.739847,Marsabit
2.402993,38.784762,Marsabit
2.402993,38.829678,Marsabit
2.402993,38.874594,Marsabit
2.402993,38.91951,Marsabit
2.402993,38.964425,Wajir
2.402993,39.009341,Wajir
2.402993,39.054257,Wajir
2.402993,39.099173,Wajir
2.402993,39.144089,Wajir
2.402993,39.189004,Wajir
2.402993,39.23392,Wajir
2.402993,39.278836,Wajir
2.402993,39.323752,Wajir
2.402993,39.368667,Wajir
2.402993,39.413583,Wajir
2.402993,39.458499,Wajir
2.402993,39.503415,Wajir
2.402993,39.54833,Wajir
2.402993,39.593246,Wajir
2.402993,39.638162,Wajir
2.402993,39.683078,Wajir
2.402993,39.727993,Wajir
2.402993,39.772909,Wajir
2.402993,39.817825,Wajir
2.402993,39.862741,Wajir
2.402993,39.907656,Wajir
2.402993,39.952572,Wajir
2.402993,39.997488,Wajir
2.402993,40.042404,Wajir
2.402993,40.08732,Wajir
2.402993,40.132235,Wajir
2.402993,40.177151,Wajir
2.402993,40.222067,Wajir
2.402993,40.266983,Wajir
2.402993,40.311898,Wajir
2.402993,40.356814,Wajir
2.402993,40.40173,Wajir
2.402993,40.446646,Wajir
2.402993,40.491561,Wajir
2.402993,40.536477,Wajir
2.402993,40.581393,Wajir
2.402993,40.626309,Wajir
2.402993,40.671224,Mandera
2.402993,40.71614,Mandera
2.402993,40.761056,Mandera
2.402993,40.805972,Mandera
2.402993,40.850888,Mandera
2.402993,40.895803,Mandera
2.402993,40.940719,Mandera
2.402993,40.985635,Mandera
2.358078,34.922007,Unknown
2.358078,34.966922,West Pokot
2.358078,35.011838,West Pokot
2.358078,35.056754,West Pokot
2.358078,35.10167,West Pokot
2.358078,35.146585,West Pokot
2.358078,35.191501,West Pokot
2.358078,35.236417,Turkana
2.358078,35.281333,Turkana
2.358078,35.326249,Turkana
2.358078,35.371164,Turkana
2.358078,35.41608,Turkana
2.358078,35.460996,Turkana
2.358078,35.505912,Turkana
2.358078,35.550827,Turkana
2.358078,35.595743,Turkana
2.358078,35.640659,Turkana
2.358078,35.685575,Turkana
2.358078,35.73049,Turkana
2.358078,35.775406,Turkana
2.358078,35.820322,Turkana
2.358078,35.865238,Turkana
2.358078,35.910153,Turkana
2.358078,35.955069,Turkana
2.358078,35.999985,Turkana
2.358078,36.044901,Turkana
2.358078,36.089817,Turkana
2.358078,36.134732,Turkana
2.358078,36.179648,Turkana
2.358078,36.224564,Turkana
2.358078,36.26948,Turkana
2.358078,36.314395,Turkana
2.358078,36.359311,Turkana
2.358078,36.404227,Turkana
2.358078,36.449143,Turkana
2.358078,36.494058,Turkana
2.358078,36.538974,Turkana
2.358078,36.58389,Turkana
2.358078,36.628806,Samburu
2.358078,36.673721,Samburu
2.358078,36.718637,Samburu
2.358078,36.763553,Samburu
2.358078,36.808469,Samburu
2.358078,36.853385,Marsabit
2.358078,36.8983,Marsabit
2.358078,36.943216,Marsabit
2.358078,36.988132,Marsabit
2.358078,37.033048,Marsabit
2.358078,37.077963,Marsabit
2.358078,37.122879,Marsabit
2.358078,37.167795,Marsabit
2.358078,37.212711,Marsabit
2.358078,37.257626,Marsabit
2.358078,37.302542,Marsabit
2.358078,37.347458,Marsabit
2.358078,37.392374,Marsabit
2.358078,37.437289,Marsabit
2.358078,37.482205,Marsabit
2.358078,37.527121,Marsabit
2.358078,37.572037,Marsabit
2.358078,37.616953,Marsabit
2.358078,37.661868,Marsabit
2.358078,37.706784,Marsabit
2.358078,37.7517,Marsabit
2.358078,37.796616,Marsabit
2.358078,37.841531,Marsabit
2.358078,37.886447,Marsabit
2.358078,37.931363,Marsabit
2.358078,37.976279,Marsabit
2.358078,38.021194,Marsabit
2.358078,38.06611,Marsabit
2.358078,38.111026,Marsabit
2.358078,38.155942,Marsabit
2.358078,38.200857,Marsabit
2.358078,38.245773,Marsabit
2.358078,38.290689,Marsabit
2.358078,38.335605,Marsabit
2.358078,38.380521,Marsabit
2.358078,38.425436,Marsabit
2.358078,38.470352,Marsabit
2.358078,38.515268,Marsabit
2.358078,38.560184,Marsabit
2.358078,38.605099,Marsabit
2.358078,38.650015,Marsabit
2.358078,38.694931,Marsabit
2.358078,38.739847,Marsabit
2.358078,38.784762,Marsabit
2.358078,38.829678,Marsabit
2.358078,38.874594,Marsabit
2.358078,38.91951,Marsabit
2.358078,38.964425,Wajir
2.358078,39.009341,Wajir
2.358078,39.054257,Wajir
2.358078,39.099173,Wajir
2.358078,39.144089,Wajir
2.358078,39.189004,Wajir
2.358078,39.23392,Wajir
2.358078,39.278836,Wajir
2.358078,39.323752,Wajir
2.358078,39.368667,Wajir
2.358078,39.413583,Wajir
2.358078,39.458499,Wajir
2.358078,39.503415,Wajir
2.358078,39.54833,Wajir
2.358078,39.593246,Wajir
2.358078,39.638162,Wajir
2.358078,39.683078,Wajir
2.358078,39.727993,Wajir
2.358078,39.772909,Wajir
2.358078,39.817825,Wajir
2.358078,39.862741,Wajir
2.358078,39.907656,Wajir
2.358078,39.952572,Wajir
2.358078,39.997488,Wajir
2.358078,40.042404,Wajir
2.358078,40.08732,Wajir
2.358078,40.132235,Wajir
2.358078,40.177151,Wajir
2.358078,40.222067,Wajir
2.358078,40.266983,Wajir
2.358078,40.311898,Wajir
2.358078,40.356814,Wajir
2.358078,40.40173,Wajir
2.358078,40.446646,Wajir
2.358078,40.491561,Wajir
2.358078,40.536477,Wajir
2.358078,40.581393,Wajir
2.358078,40.626309,Wajir
2.358078,40.671224,Wajir
2.358078,40.71614,Mandera
2.358078,40.761056,Mandera
2.358078,40.805972,Mandera
2.358078,40.850888,Mandera
2.358078,40.895803,Mandera
2.358078,40.940719,Mandera
2.358078,40.985635,Mandera
2.313162,34.922007,Unknown
2.313162,34.966922,West Pokot
2.313162,35.011838,West Pokot
2.313162,35.056754,West Pokot
2.313162,35.10167,West Pokot
2.313162,35.146585,West Pokot
2.313162,35.191501,West Pokot
2.313162,35.236417,West Pokot
2.313162,35.281333,Turkana
2.313162,35.326249,Turkana
2.313162,35.371164,Turkana
2.313162,35.41608,Turkana
2.313162,35.460996,Turkana
2.313162,35.505912,Turkana
2.313162,35.550827,Turkana
2.313162,35.595743,Turkana
2.313162,35.640659,Turkana
2.313162,35.685575,Turkana
2.313162,35.73049,Turkana
2.313162,35.775406,Turkana
2.313162,35.820322,Turkana
2.313162,35.865238,Turkana
2.313162,35.910153,Turkana
2.313162,35.955069,Turkana
2.313162,35.999985,Turkana
2.313162,36.044901,Turkana
2.313162,36.089817,Turkana
2.313162,36.134732,Turkana
2.313162,36.179648,Turkana
2.313162,36.224564,Turkana
2.313162,36.26948,Turkana
2.313162,36.314395,Turkana
2.313162,36.359311,Turkana
2.313162,36.404227,Turkana
2.313162,36.449143,Turkana
2.313162,36.494058,Turkana
2.313162,36.538974,Turkana
2.313162,36.58389,Turkana
2.313162,36.628806,Turkana
2.313162,36.673721,Turkana
2.313162,36.718637,Samburu
2.313162,36.763553,Samburu
2.313162,36.808469,Samburu
2.313162,36.853385,Marsabit
2.313162,36.8983,Marsabit
2.313162,36.943216,Marsabit
2.313162,36.988132,Marsabit
2.313162,37.033048,Marsabit
2.313162,37.077963,Marsabit
2.313162,37.122879,Marsabit
2.313162,37.167795,Marsabit
2.313162,37.212711,Marsabit
2.313162,37.257626,Marsabit
2.313162,37.302542,Marsabit
2.313162,37.347458,Marsabit
2.313162,37.392374,Marsabit
2.313162,37.437289,Marsabit
2.313162,37.482205,Marsabit
2.313162,37.527121,Marsabit
2.313162,37.572037,Marsabit
2.313162,37.616953,Marsabit
2.313162,37.661868,Marsabit
2.313162,37.706784,Marsabit
2.313162,37.7517,Marsabit
2.313162,37.796616,Marsabit
2.313162,37.841531,Marsabit
2.313162,37.886447,Marsabit
2.313162,37.931363,Marsabit
2.313162,37.976279,Marsabit
2.313162,38.021194,Marsabit
2.313162,38.06611,Marsabit
2.313162,38.111026,Marsabit
2.313162,38.155942,Marsabit
2.313162,38.200857,Marsabit
2.313162,38.245773,Marsabit
2.313162,38.290689,Marsabit
2.313162,38.335605,Marsabit
2.313162,38.380521,Marsabit
2.313162,38.425436,Marsabit
2.313162,38.470352,Marsabit
2.313162,38.515268,Marsabit
2.313162,38.560184,Marsabit
2.313162,38.605099,Marsabit
2.313162,38.650015,Marsabit
2.313162,38.694931,Marsabit
2.313162,38.739847,Marsabit
2.313162,38.784762,Marsabit
2.313162,38.829678,Marsabit
2.313162,38.874594,Marsabit
2.313162,38.91951,Marsabit
2.313162,38.964425,Wajir
2.313162,39.009341,Wajir
2.313162,39.054257,Wajir
2.313162,39.099173,Wajir
2.313162,39.144089,Wajir
2.313162,39.189004,Wajir
2.313162,39.23392,Wajir
2.313162,39.278836,Wajir
2.313162,39.323752,Wajir
2.313162,39.368667,Wajir
2.313162,39.413583,Wajir
2.313162,39.458499,Wajir
2.313162,39.503415,Wajir
2.313162,39.54833,Wajir
2.313162,39.593246,Wajir
2.313162,39.638162,Wajir
2.313162,39.683078,Wajir
2.313162,39.727993,Wajir
2.313162,39.772909,Wajir
2.313162,39.817825,Wajir
2.313162,39.862741,Wajir
2.313162,39.907656,Wajir
2.313162,39.952572,Wajir
2.313162,39.997488,Wajir
2.313162,40.042404,Wajir
2.313162,40.08732,Wajir
2.313162,40.132235,Wajir
2.313162,40.177151,Wajir
2.313162,40.222067,Wajir
2.313162,40.266983,Wajir
2.313162,40.311898,Wajir
2.313162,40.356814,Wajir
2.313162,40.40173,Wajir
2.313162,40.446646,Wajir
2.313162,40.491561,Wajir
2.313162,40.536477,Wajir
2.313162,40.581393,Wajir
2.313162,40.626309,Wajir
2.313162,40.671224,Wajir
2.313162,40.71614,Wajir
2.313162,40.761056,Mandera
2.313162,40.805972,Mandera
2.313162,40.850888,Mandera
2.313162,40.895803,Mandera
2.313162,40.940719,Mandera
2.313162,40.985635,Mandera
2.268246,34.922007,Unknown
2.268246,34.966922,West Pokot
2.268246,35.011838,West Pokot
2.268246,35.056754,West Pokot
2.268246,35.10167,West Pokot
2.268246,35.146585,West Pokot
2.268246,35.191501,West Pokot
2.268246,35.236417,West Pokot
2.268246,35.281333,West Pokot
2.268246,35.326249,Turkana
2.268246,35.371164,Turkana
2.268246,35.41608,Turkana
2.268246,35.460996,Turkana
2.268246,35.505912,Turkana
2.268246,35.550827,Turkana
2.268246,35.595743,Turkana
2.268246,35.640659,Turkana
2.268246,35.685575,Turkana
2.268246,35.73049,Turkana
2.268246,35.775406,Turkana
2.268246,35.820322,Turkana
2.268246,35.865238,Turkana
2.268246,35.910153,Turkana
2.268246,35.955069,Turkana
2.268246,35.999985,Turkana
2.268246,36.044901,Turkana
2.268246,36.089817,Turkana
2.268246,36.134732,Turkana
2.268246,36.179648,Turkana
2.268246,36.224564,Turkana
2.268246,36.26948,Turkana
2.268246,36.314395,Turkana
2.268246,36.359311,Turkana
2.268246,36.404227,Turkana
2.268246,36.449143,Turkana
2.268246,36.494058,Turkana
2.268246,36.538974,Turkana
2.268246,36.58389,Turkana
2.268246,36.628806,Turkana
2.268246,36.673721,Turkana
2.268246,36.718637,Samburu
2.268246,36.763553,Samburu
2.268246,36.808469,Samburu
2.268246,36.853385,Marsabit
2.268246,36.8983,Marsabit
2.268246,36.943216,Marsabit
2.268246,36.988132,Marsabit
2.268246,37.033048,Marsabit
2.268246,37.077963,Marsabit
2.268246,37.122879,Marsabit
2.268246,37.167795,Marsabit
2.268246,37.212711,Marsabit
2.268246,37.257626,Marsabit
2.268246,37.302542,Marsabit
2.268246,37.347458,Marsabit
2.268246,37.392374,Marsabit
2.268246,37.437289,Marsabit
2.268246,37.482205,Marsabit
2.268246,37.527121,Marsabit
2.268246,37.572037,Marsabit
2.268246,37.616953,Marsabit
2.268246,37.661868,Marsabit
2.268246,37.706784,Marsabit
2.268246,37.7517,Marsabit
2.268246,37.796616,Marsabit
2.268246,37.841531,Marsabit
2.268246,37.886447,Marsabit
2.268246,37.931363,Marsabit
2.268246,37.976279,Marsabit
2.268246,38.021194,Marsabit
2.268246,38.06611,Marsabit
2.268246,38.111026,Marsabit
2.268246,38.155942,Marsabit
2.268246,38.200857,Marsabit
2.268246,38.245773,Marsabit
2.268246,38.290689,Marsabit
2.268246,38.335605,Marsabit
2.268246,38.380521,Marsabit
2.268246,38.425436,Marsabit
2.268246,38.470352,Marsabit
2.268246,38.515268,Marsabit
2.268246,38.560184,Marsabit
2.268246,38.605099,Marsabit
2.268246,38.650015,Marsabit
2.268246,38.694931,Marsabit
2.268246,38.739847,Marsabit
2.268246,38.784762,Marsabit
2.268246,38.829678,Marsabit
2.268246,38.874594,Marsabit
2.268246,38.91951,Marsabit
2.268246,38.964425,Wajir
2.268246,39.009341,Wajir
2.268246,39.054257,Wajir
2.268246,39.099173,Wajir
2.268246,39.144089,Wajir
2.268246,39.189004,Wajir
2.268246,39.23392,Wajir
2.268246,39.278836,Wajir
2.268246,39.323752,Wajir
2.268246,39.368667,Wajir
2.268246,39.413583,Wajir
2.268246,39.458499,Wajir
2.268246,39.503415,Wajir
2.268246,39.54833,Wajir
2.268246,39.593246,Wajir
2.268246,39.638162,Wajir
2.268246,39.683078,Wajir
2.268246,39.727993,Wajir
2.268246,39.772909,Wajir
2.268246,39.817825,Wajir
2.268246,39.862741,Wajir
2.268246,39.907656,Wajir
2.268246,39.952572,Wajir
2.268246,39.997488,Wajir
2.268246,40.042404,Wajir
2.268246,40.08732,Wajir
2.268246,40.132235,Wajir
2.268246,40.177151,Wajir
2.268246,40.222067,Wajir
2.268246,40.266983,Wajir
2.268246,40.311898,Wajir
2.268246,40.356814,Wajir
2.268246,40.40173,Wajir
2.268246,40.446646,Wajir
2.268246,40.491561,Wajir
2.268246,40.536477,Wajir
2.268246,40.581393,Wajir
2.268246,40.626309,Wajir
2.268246,40.671224,Wajir
2.268246,40.71614,Wajir
2.268246,40.761056,Wajir
2.268246,40.805972,Wajir
2.268246,40.850888,Mandera
2.268246,40.895803,Mandera
2.268246,40.940719,Mandera
2.268246,40.985635,Mandera
2.22333,34.922007,Unknown
2.22333,34.966922,West Pokot
2.22333,35.011838,West Pokot
2.22333,35.056754,West Pokot
2.22333,35.10167,West Pokot
2.22333,35.146585,West Pokot
2.22333,35.191501,West Pokot
2.22333,35.236417,West Pokot
2.22333,35.281333,West Pokot
2.22333,35.326249,Turkana
2.22333,35.371164,Turkana
2.22333,35.41608,Turkana
2.22333,35.460996,Turkana
2.22333,35.505912,Turkana
2.22333,35.550827,Turkana
2.22333,35.595743,Turkana
2.22333,35.640659,Turkana
2.22333,35.685575,Turkana
2.22333,35.73049,Turkana
2.22333,35.775406,Turkana
2.22333,35.820322,Turkana
2.22333,35.865238,Turkana
2.22333,35.910153,Turkana
2.22333,35.955069,Turkana
2.22333,35.999985,Turkana
2.22333,36.044901,Turkana
2.22333,36.089817,Turkana
2.22333,36.134732,Turkana
2.22333,36.179648,Turkana
2.22333,36.224564,Turkana
2.22333,36.26948,Turkana
2.22333,36.314395,Turkana
2.22333,36.359311,Turkana
2.22333,36.404227,Turkana
2.22333,36.449143,Turkana
2.22333,36.494058,Turkana
2.22333,36.538974,Turkana
2.22333,36.58389,Turkana
2.22333,36.628806,Turkana
2.22333,36.673721,Turkana
2.22333,36.718637,Samburu
2.22333,36.763553,Samburu
2.22333,36.808469,Samburu
2.22333,36.853385,Samburu
2.22333,36.8983,Marsabit
2.22333,36.943216,Marsabit
2.22333,36.988132,Marsabit
2.22333,37.033048,Marsabit
2.22333,37.077963,Marsabit
2.22333,37.122879,Marsabit
2.22333,37.167795,Marsabit
2.22333,37.212711,Marsabit
2.22333,37.257626,Marsabit
2.22333,37.302542,Marsabit
2.22333,37.347458,Marsabit
2.22333,37.392374,Marsabit
2.22333,37.437289,Marsabit
2.22333,37.482205,Marsabit
2.22333,37.527121,Marsabit
2.22333,37.572037,Marsabit
2.22333,37.616953,Marsabit
2.22333,37.661868,Marsabit
2.22333,37.706784,Marsabit
2.22333,37.7517,Marsabit
2.22333,37.796616,Marsabit
2.22333,37.841531,Marsabit
2.22333,37.886447,Marsabit
2.22333,37.931363,Marsabit
2.22333,37.976279,Marsabit
2.22333,38.021194,Marsabit
2.22333,38.06611,Marsabit
2.22333,38.111026,Marsabit
2.22333,38.155942,Marsabit
2.22333,38.200857,Marsabit
2.22333,38.245773,Marsabit
2.22333,38.290689,Marsabit
2.22333,38.335605,Marsabit
2.22333,38.380521,Marsabit
2.22333,38.425436,Marsabit
2.22333,38.470352,Marsabit
2.22333,38.515268,Marsabit
2.22333,38.560184,Marsabit
2.22333,38.605099,Marsabit
2.22333,38.650015,Marsabit
2.22333,38.694931,Marsabit
2.22333,38.739847,Marsabit
2.22333,38.784762,Marsabit
2.22333,38.829678,Marsabit
2.22333,38.874594,Marsabit
2.22333,38.91951,Marsabit
2.22333,38.964425,Wajir
2.22333,39.009341,Wajir
2.22333,39.054257,Wajir
2.22333,39.099173,Wajir
2.22333,39.144089,Wajir
2.22333,39.189004,Wajir
2.22333,39.23392,Wajir
2.22333,39.278836,Wajir
2.22333,39.323752,Wajir
2.22333,39.368667,Wajir
2.22333,39.413583,Wajir
2.22333,39.458499,Wajir
2.22333,39.503415,Wajir
2.22333,39.54833,Wajir
2.22333,39.593246,Wajir
2.22333,39.638162,Wajir
2.22333,39.683078,Wajir
2.22333,39.727993,Wajir
2.22333,39.772909,Wajir
2.22333,39.817825,Wajir
2.22333,39.862741,Wajir
2.22333,39.907656,Wajir
2.22333,39.952572,Wajir
2.22333,39.997488,Wajir
2.22333,40.042404,Wajir
2.22333,40.08732,Wajir
2.22333,40.132235,Wajir
2.22333,40.177151,Wajir
2.22333,40.222067,Wajir
2.22333,40.266983,Wajir
2.22333,40.311898,Wajir
2.22333,40.356814,Wajir
2.22333,40.40173,Wajir
2.22333,40.446646,Wajir
2.22333,40.491561,Wajir
2.22333,40.536477,Wajir
2.22333,40.581393,Wajir
2.22333,40.626309,Wajir
2.22333,40.671224,Wajir
2.22333,40.71614,Wajir
2.22333,40.761056,Wajir
2.22333,40.805972,Wajir
2.22333,40.850888,Wajir
2.22333,40.895803,Mandera
2.22333,40.940719,Mandera
2.22333,40.985635,Mandera
2.178415,34.966922,West Pokot
2.178415,35.011838,West Pokot
2.178415,35.056754,West Pokot
2.178415,35.10167,West Pokot
2.178415,35.146585,West Pokot
2.178415,35.191501,West Pokot
2.178415,35.236417,West Pokot
2.178415,35.281333,West Pokot
2.178415,35.326249,Turkana
2.178415,35.371164,Turkana
2.178415,35.41608,Turkana
2.178415,35.460996,Turkana
2.178415,35.505912,Turkana
2.178415,35.550827,Turkana
2.178415,35.595743,Turkana
2.178415,35.640659,Turkana
2.178415,35.685575,Turkana
2.178415,35.73049,Turkana
2.178415,35.775406,Turkana
2.178415,35.820322,Turkana
2.178415,35.865238,Turkana
2.178415,35.910153,Turkana
2.178415,35.955069,Turkana
2.178415,35.999985,Turkana
2.178415,36.044901,Turkana
2.178415,36.089817,Turkana
2.178415,36.134732,Turkana
2.178415,36.179648,Turkana
2.178415,36.224564,Turkana
2.178415,36.26948,Turkana
2.178415,36.314395,Turkana
2.178415,36.359311,Turkana
2.178415,36.404227,Turkana
2.178415,36.449143,Turkana
2.178415,36.494058,Turkana
2.178415,36.538974,Turkana
2.178415,36.58389,Turkana
2.178415,36.628806,Turkana
2.178415,36.673721,Samburu
2.178415,36.718637,Samburu
2.178415,36.763553,Samburu
2.178415,36.808469,Samburu
2.178415,36.853385,Samburu
2.178415,36.8983,Samburu
2.178415,36.943216,Marsabit
2.178415,36.988132,Marsabit
2.178415,37.033048,Marsabit
2.178415,37.077963,Marsabit
2.178415,37.122879,Marsabit
2.178415,37.167795,Marsabit
2.178415,37.212711,Marsabit
2.178415,37.257626,Marsabit
2.178415,37.302542,Marsabit
2.178415,37.347458,Marsabit
2.178415,37.392374,Marsabit
2.178415,37.437289,Marsabit
2.178415,37.482205,Marsabit
2.178415,37.527121,Marsabit
2.178415,37.572037,Marsabit
2.178415,37.616953,Marsabit
2.178415,37.661868,Marsabit
2.178415,37.706784,Marsabit
2.178415,37.7517,Marsabit
2.178415,37.796616,Marsabit
2.178415,37.841531,Marsabit
2.178415,37.886447,Marsabit
2.178415,37.931363,Marsabit
2.178415,37.976279,Marsabit
2.178415,38.021194,Marsabit
2.178415,38.06611,Marsabit
2.178415,38.111026,Marsabit
2.178415,38.155942,Marsabit
2.178415,38.200857,Marsabit
2.178415,38.245773,Marsabit
2.178415,38.290689,Marsabit
2.178415,38.335605,Marsabit
2.178415,38.380521,Marsabit
2.178415,38.425436,Marsabit
2.178415,38.470352,Marsabit
2.178415,38.515268,Marsabit
2.178415,38.560184,Marsabit
2.178415,38.605099,Marsabit
2.178415,38.650015,Marsabit
2.178415,38.694931,Marsabit
2.178415,38.739847,Marsabit
2.178415,38.784762,Marsabit
2.178415,38.829678,Marsabit
2.178415,38.874594,Marsabit
2.178415,38.91951,Marsabit
2.178415,38.964425,Wajir
2.178415,39.009341,Wajir
2.178415,39.054257,Wajir
2.178415,39.099173,Wajir
2.178415,39.144089,Wajir
2.178415,39.189004,Wajir
2.178415,39.23392,Wajir
2.178415,39.278836,Wajir
2.178415,39.323752,Wajir
2.178415,39.368667,Wajir
2.178415,39.413583,Wajir
2.178415,39.458499,Wajir
2.178415,39.503415,Wajir
2.178415,39.54833,Wajir
2.178415,39.593246,Wajir
2.178415,39.638162,Wajir
2.178415,39.683078,Wajir
2.178415,39.727993,Wajir
2.178415,39.772909,Wajir
2.178415,39.817825,Wajir
2.178415,39.862741,Wajir
2.178415,39.907656,Wajir
2.178415,39.952572,Wajir
2.178415,39.997488,Wajir
2.178415,40.042404,Wajir
2.178415,40.08732,Wajir
2.178415,40.132235,Wajir
2.178415,40.177151,Wajir
2.178415,40.222067,Wajir
2.178415,40.266983,Wajir
2.178415,40.311898,Wajir
2.178415,40.356814,Wajir
2.178415,40.40173,Wajir
2.178415,40.446646,Wajir
2.178415,40.491561,Wajir
2.178415,40.536477,Wajir
2.178415,40.581393,Wajir
2.178415,40.626309,Wajir
2.178415,40.671224,Wajir
2.178415,40.71614,Wajir
2.178415,40.761056,Wajir
2.178415,40.805972,Wajir
2.178415,40.850888,Wajir
2.178415,40.895803,Wajir
2.178415,40.940719,Wajir
2.178415,40.985635,Wajir
2.133499,34.966922,West Pokot
2.133499,35.011838,West Pokot
2.133499,35.056754,West Pokot
2.133499,35.10167,West Pokot
2.133499,35.146585,West Pokot
2.133499,35.191501,West Pokot
2.133499,35.236417,West Pokot
2.133499,35.281333,West Pokot
2.133499,35.326249,West Pokot
2.133499,35.371164,Turkana
2.133499,35.41608,Turkana
2.133499,35.460996,Turkana
2.133499,35.505912,Turkana
2.133499,35.550827,Turkana
2.133499,35.595743,Turkana
2.133499,35.640659,Turkana
2.133499,35.685575,Turkana
2.133499,35.73049,Turkana
2.133499,35.775406,Turkana
2.133499,35.820322,Turkana
2.133499,35.865238,Turkana
2.133499,35.910153,Turkana
2.133499,35.955069,Turkana
2.133499,35.999985,Turkana
2.133499,36.044901,Turkana
2.133499,36.089817,Turkana
2.133499,36.134732,Turkana
2.133499,36.179648,Turkana
2.133499,36.224564,Turkana
2.133499,36.26948,Turkana
2.133499,36.314395,Turkana
2.133499,36.359311,Turkana
2.133499,36.404227,Turkana
2.133499,36.449143,Turkana
2.133499,36.494058,Turkana
2.133499,36.538974,Turkana
2.133499,36.58389,Samburu
2.133499,36.628806,Samburu
2.133499,36.673721,Samburu
2.133499,36.718637,Samburu
2.133499,36.763553,Samburu
2.133499,36.808469,Samburu
2.133499,36.853385,Samburu
2.133499,36.8983,Samburu
2.133499,36.943216,Marsabit
2.133499,36.988132,Marsabit
2.133499,37.033048,Marsabit
2.133499,37.077963,Marsabit
2.133499,37.122879,Marsabit
2.133499,37.167795,Marsabit
2.133499,37.212711,Marsabit
2.133499,37.257626,Marsabit
2.133499,37.302542,Marsabit
2.133499,37.347458,Marsabit
2.133499,37.392374,Marsabit
2.133499,37.437289,Marsabit
2.133499,37.482205,Marsabit
2.133499,37.527121,Marsabit
2.133499,37.572037,Marsabit
2.133499,37.616953,Marsabit
2.133499,37.661868,Marsabit
2.133499,37.706784,Marsabit
2.133499,37.7517,Marsabit
2.133499,37.796616,Marsabit
2.133499,37.841531,Marsabit
2.133499,37.886447,Marsabit
2.133499,37.931363,Marsabit
2.133499,37.976279,Marsabit
2.133499,38.021194,Marsabit
2.133499,38.06611,Marsabit
2.133499,38.111026,Marsabit
2.133499,38.155942,Marsabit
2.133499,38.200857,Marsabit
2.133499,38.245773,Marsabit
2.133499,38.290689,Marsabit
2.133499,38.335605,Marsabit
2.133499,38.380521,Marsabit
2.133499,38.425436,Marsabit
2.133499,38.470352,Marsabit
2.133499,38.515268,Marsabit
2.133499,38.560184,Marsabit
2.133499,38.605099,Marsabit
2.133499,38.650015,Marsabit
2.133499,38.694931,Marsabit
2.133499,38.739847,Marsabit
2.133499,38.784762,Marsabit
2.133499,38.829678,Marsabit
2.133499,38.874594,Marsabit
2.133499,38.91951,Marsabit
2.133499,38.964425,Wajir
2.133499,39.009341,Wajir
2.133499,39.054257,Wajir
2.133499,39.099173,Wajir
2.133499,39.144089,Wajir
2.133499,39.189004,Wajir
2.133499,39.23392,Wajir
2.133499,39.278836,Wajir
2.133499,39.323752,Wajir
2.133499,39.368667,Wajir
2.133499,39.413583,Wajir
2.133499,39.458499,Wajir
2.133499,39.503415,Wajir
2.133499,39.54833,Wajir
2.133499,39.593246,Wajir
2.133499,39.638162,Wajir
2.133499,39.683078,Wajir
2.133499,39.727993,Wajir
2.133499,39.772909,Wajir
2.133499,39.817825,Wajir
2.133499,39.862741,Wajir
2.133499,39.907656,Wajir
2.133499,39.952572,Wajir
2.133499,39.997488,Wajir
2.133499,40.042404,Wajir
2.133499,40.08732,Wajir
2.133499,40.132235,Wajir
2.133499,40.177151,Wajir
2.133499,40.222067,Wajir
2.133499,40.266983,Wajir
2.133499,40.311898,Wajir
2.133499,40.356814,Wajir
2.133499,40.40173,Wajir
2.133499,40.446646,Wajir
2.133499,40.491561,Wajir
2.133499,40.536477,Wajir
2.133499,40.581393,Wajir
2.133499,40.626309,Wajir
2.133499,40.671224,Wajir
2.133499,40.71614,Wajir
2.133499,40.761056,Wajir
2.133499,40.805972,Wajir
2.133499,40.850888,Wajir
2.133499,40.895803,Wajir
2.133499,40.940719,Wajir
2.133499,40.985635,Wajir
2.088583,34.966922,Unknown
2.088583,35.011838,West Pokot
2.088583,35.056754,West Pokot
2.088583,35.10167,West Pokot
2.088583,35.146585,West Pokot
2.088583,35.191501,West Pokot
2.088583,35.236417,West Pokot
2.088583,35.281333,West Pokot
2.088583,35.326249,West Pokot
2.088583,35.371164,Turkana
2.088583,35.41608,Turkana
2.088583,35.460996,Turkana
2.088583,35.505912,Turkana
2.088583,35.550827,Turkana
2.088583,35.595743,Turkana
2.088583,35.640659,Turkana
2.088583,35.685575,Turkana
2.088583,35.73049,Turkana
2.088583,35.775406,Turkana
2.088583,35.820322,Turkana
2.088583,35.865238,Turkana
2.088583,35.910153,Turkana
2.088583,35.955069,Turkana
2.088583,35.999985,Turkana
2.088583,36.044901,Turkana
2.088583,36.089817,Turkana
2.088583,36.134732,Turkana
2.088583,36.179648,Turkana
2.088583,36.224564,Turkana
2.088583,36.26948,Turkana
2.088583,36.314395,Turkana
2.088583,36.359311,Turkana
2.088583,36.404227,Turkana
2.088583,36.449143,Turkana
2.088583,36.494058,Turkana
2.088583,36.538974,Turkana
2.088583,36.58389,Samburu
2.088583,36.628806,Samburu
2.088583,36.673721,Samburu
2.088583,36.718637,Samburu
2.088583,36.763553,Samburu
2.088583,36.808469,Samburu
2.088583,36.853385,Samburu
2.088583,36.8983,Samburu
2.088583,36.943216,Marsabit
2.088583,36.988132,Marsabit
2.088583,37.033048,Marsabit
2.088583,37.077963,Marsabit
2.088583,37.122879,Marsabit
2.088583,37.167795,Marsabit
2.088583,37.212711,Marsabit
2.088583,37.257626,Marsabit
2.088583,37.302542,Marsabit
2.088583,37.347458,Marsabit
2.088583,37.392374,Marsabit
2.088583,37.437289,Marsabit
2.088583,37.482205,Marsabit
2.088583,37.527121,Marsabit
2.088583,37.572037,Marsabit
2.088583,37.616953,Marsabit
2.088583,37.661868,Marsabit
2.088583,37.706784,Marsabit
2.088583,37.7517,Marsabit
2.088583,37.796616,Marsabit
2.088583,37.841531,Marsabit
2.088583,37.886447,Marsabit
2.088583,37.931363,Marsabit
2.088583,37.976279,Marsabit
2.088583,38.021194,Marsabit
2.088583,38.06611,Marsabit
2.088583,38.111026,Marsabit
2.088583,38.155942,Marsabit
2.088583,38.200857,Marsabit
2.088583,38.245773,Marsabit
2.088583,38.290689,Marsabit
2.088583,38.335605,Marsabit
2.088583,38.380521,Marsabit
2.088583,38.425436,Marsabit
2.088583,38.470352,Marsabit
2.088583,38.515268,Marsabit
2.088583,38.560184,Marsabit
2.088583,38.605099,Marsabit
2.088583,38.650015,Marsabit
2.088583,38.694931,Marsabit
2.088583,38.739847,Marsabit
2.088583,38.784762,Marsabit
2.088583,38.829678,Marsabit
2.088583,38.874594,Marsabit
2.088583,38.91951,Marsabit
2.088583,38.964425,Isiolo
2.088583,39.009341,Wajir
2.088583,39.054257,Wajir
2.088583,39.099173,Wajir
2.088583,39.144089,Wajir
2.088583,39.189004,Wajir
2.088583,39.23392,Wajir
2.088583,39.278836,Wajir
2.088583,39.323752,Wajir
2.088583,39.368667,Wajir
2.088583,39.413583,Wajir
2.088583,39.458499,Wajir
2.088583,39.503415,Wajir
2.088583,39.54833,Wajir
2.088583,39.593246,Wajir
2.088583,39.638162,Wajir
2.088583,39.683078,Wajir
2.088583,39.727993,Wajir
2.088583,39.772909,Wajir
2.088583,39.817825,Wajir
2.088583,39.862741,Wajir
2.088583,39.907656,Wajir
2.088583,39.952572,Wajir
2.088583,39.997488,Wajir
2.088583,40.042404,Wajir
2.088583,40.08732,Wajir
2.088583,40.132235,Wajir
2.088583,40.177151,Wajir
2.088583,40.222067,Wajir
2.088583,40.266983,Wajir
2.088583,40.311898,Wajir
2.088583,40.356814,Wajir
2.088583,40.40173,Wajir
2.088583,40.446646,Wajir
2.088583,40.491561,Wajir
2.088583,40.536477,Wajir
2.088583,40.581393,Wajir
2.088583,40.626309,Wajir
2.088583,40.671224,Wajir
2.088583,40.71614,Wajir
2.088583,40.761056,Wajir
2.088583,40.805972,Wajir
2.088583,40.850888,Wajir
2.088583,40.895803,Wajir
2.088583,40.940719,Wajir
2.088583,40.985635,Wajir
2.043667,34.966922,Unknown
2.043667,35.011838,West Pokot
2.043667,35.056754,West Pokot
2.043667,35.10167,West Pokot
2.043667,35.146585,West Pokot
2.043667,35.191501,West Pokot
2.043667,35.236417,West Pokot
2.043667,35.281333,West Pokot
2.043667,35.326249,West Pokot
2.043667,35.371164,Turkana
2.043667,35.41608,Turkana
2.043667,35.460996,Turkana
2.043667,35.505912,Turkana
2.043667,35.550827,Turkana
2.043667,35.595743,Turkana
2.043667,35.640659,Turkana
2.043667,35.685575,Turkana
2.043667,35.73049,Turkana
2.043667,35.775406,Turkana
2.043667,35.820322,Turkana
2.043667,35.865238,Turkana
2.043667,35.910153,Turkana
2.043667,35.955069,Turkana
2.043667,35.999985,Turkana
2.043667,36.044901,Turkana
2.043667,36.089817,Turkana
2.043667,36.134732,Turkana
2.043667,36.179648,Turkana
2.043667,36.224564,Turkana
2.043667,36.26948,Turkana
2.043667,36.314395,Turkana
2.043667,36.359311,Turkana
2.043667,36.404227,Turkana
2.043667,36.449143,Turkana
2.043667,36.494058,Turkana
2.043667,36.538974,Turkana
2.043667,36.58389,Samburu
2.043667,36.628806,Samburu
2.043667,36.673721,Samburu
2.043667,36.718637,Samburu
2.043667,36.763553,Samburu
2.043667,36.808469,Samburu
2.043667,36.853385,Samburu
2.043667,36.8983,Samburu
2.043667,36.943216,Marsabit
2.043667,36.988132,Marsabit
2.043667,37.033048,Marsabit
2.043667,37.077963,Marsabit
2.043667,37.122879,Marsabit
2.043667,37.167795,Marsabit
2.043667,37.212711,Marsabit
2.043667,37.257626,Marsabit
2.043667,37.302542,Marsabit
2.043667,37.347458,Marsabit
2.043667,37.392374,Marsabit
2.043667,37.437289,Marsabit
2.043667,37.482205,Marsabit
2.043667,37.527121,Marsabit
2.043667,37.572037,Marsabit
2.043667,37.616953,Marsabit
2.043667,37.661868,Marsabit
2.043667,37.706784,Marsabit
2.043667,37.7517,Marsabit
2.043667,37.796616,Marsabit
2.043667,37.841531,Marsabit
2.043667,37.886447,Marsabit
2.043667,37.931363,Marsabit
2.043667,37.976279,Marsabit
2.043667,38.021194,Marsabit
2.043667,38.06611,Marsabit
2.043667,38.111026,Marsabit
2.043667,38.155942,Marsabit
2.043667,38.200857,Marsabit
2.043667,38.245773,Marsabit
2.043667,38.290689,Marsabit
2.043667,38.335605,Marsabit
2.043667,38.380521,Marsabit
2.043667,38.425436,Marsabit
2.043667,38.470352,Marsabit
2.043667,38.515268,Marsabit
2.043667,38.560184,Marsabit
2.043667,38.605099,Marsabit
2.043667,38.650015,Marsabit
2.043667,38.694931,Marsabit
2.043667,38.739847,Marsabit
2.043667,38.784762,Marsabit
2.043667,38.829678,Marsabit
2.043667,38.874594,Isiolo
2.043667,38.91951,Isiolo
2.043667,38.964425,Isiolo
2.043667,39.009341,Wajir
2.043667,39.054257,Wajir
2.043667,39.099173,Wajir
2.043667,39.144089,Wajir
2.043667,39.189004,Wajir
2.043667,39.23392,Wajir
2.043667,39.278836,Wajir
2.043667,39.323752,Wajir
2.043667,39.368667,Wajir
2.043667,39.413583,Wajir
2.043667,39.458499,Wajir
2.043667,39.503415,Wajir
2.043667,39.54833,Wajir
2.043667,39.593246,Wajir
2.043667,39.638162,Wajir
2.043667,39.683078,Wajir
2.043667,39.727993,Wajir
2.043667,39.772909,Wajir
2.043667,39.817825,Wajir
2.043667,39.862741,Wajir
2.043667,39.907656,Wajir
2.043667,39.952572,Wajir
2.043667,39.997488,Wajir
2.043667,40.042404,Wajir
2.043667,40.08732,Wajir
2.043667,40.132235,Wajir
2.043667,40.177151,Wajir
2.043667,40.222067,Wajir
2.043667,40.266983,Wajir
2.043667,40.311898,Wajir
2.043667,40.356814,Wajir
2.043667,40.40173,Wajir
2.043667,40.446646,Wajir
2.043667,40.491561,Wajir
2.043667,40.536477,Wajir
2.043667,40.581393,Wajir
2.043667,40.626309,Wajir
2.043667,40.671224,Wajir
2.043667,40.71614,Wajir
2.043667,40.761056,Wajir
2.043667,40.805972,Wajir
2.043667,40.850888,Wajir
2.043667,40.895803,Wajir
2.043667,40.940719,Wajir
2.043667,40.985635,Wajir
1.998752,34.966922,Unknown
1.998752,35.011838,West Pokot
1.998752,35.056754,West Pokot
1.998752,35.10167,West Pokot
1.998752,35.146585,West Pokot
1.998752,35.191501,West Pokot
1.998752,35.236417,West Pokot
1.998752,35.281333,West Pokot
1.998752,35.326249,West Pokot
1.998752,35.371164,West Pokot
1.998752,35.41608,Turkana
1.998752,35.460996,Turkana
1.998752,35.505912,Turkana
1.998752,35.550827,Turkana
1.998752,35.595743,Turkana
1.998752,35.640659,Turkana
1.998752,35.685575,Turkana
1.998752,35.73049,Turkana
1.998752,35.775406,Turkana
1.998752,35.820322,Turkana
1.998752,35.865238,Turkana
1.998752,35.910153,Turkana
1.998752,35.955069,Turkana
1.998752,35.999985,Turkana
1.998752,36.044901,Turkana
1.998752,36.089817,Turkana
1.998752,36.134732,Turkana
1.998752,36.179648,Turkana
1.998752,36.224564,Turkana
1.998752,36.26948,Turkana
1.998752,36.314395,Turkana
1.998752,36.359311,Turkana
1.998752,36.404227,Turkana
1.998752,36.449143,Turkana
1.998752,36.494058,Turkana
1.998752,36.538974,Turkana
1.998752,36.58389,Samburu
1.998752,36.628806,Samburu
1.998752,36.673721,Samburu
1.998752,36.718637,Samburu
1.998752,36.763553,Samburu
1.998752,36.808469,Samburu
1.998752,36.853385,Samburu
1.998752,36.8983,Samburu
1.998752,36.943216,Samburu
1.998752,36.988132,Marsabit
1.998752,37.033048,Marsabit
1.998752,37.077963,Marsabit
1.998752,37.122879,Marsabit
1.998752,37.167795,Marsabit
1.998752,37.212711,Marsabit
1.998752,37.257626,Marsabit
1.998752,37.302542,Marsabit
1.998752,37.347458,Marsabit
1.998752,37.392374,Marsabit
1.998752,37.437289,Marsabit
1.998752,37.482205,Marsabit
1.998752,37.527121,Marsabit
1.998752,37.572037,Marsabit
1.998752,37.616953,Marsabit
1.998752,37.661868,Marsabit
1.998752,37.706784,Marsabit
1.998752,37.7517,Marsabit
1.998752,37.796616,Marsabit
1.998752,37.841531,Marsabit
1.998752,37.886447,Marsabit
1.998752,37.931363,Marsabit
1.998752,37.976279,Marsabit
1.998752,38.021194,Marsabit
1.998752,38.06611,Marsabit
1.998752,38.111026,Marsabit
1.998752,38.155942,Marsabit
1.998752,38.200857,Marsabit
1.998752,38.245773,Marsabit
1.998752,38.290689,Marsabit
1.998752,38.335605,Marsabit
1.998752,38.380521,Marsabit
1.998752,38.425436,Marsabit
1.998752,38.470352,Marsabit
1.998752,38.515268,Marsabit
1.998752,38.560184,Marsabit
1.998752,38.605099,Marsabit
1.998752,38.650015,Marsabit
1.998752,38.694931,Marsabit
1.998752,38.739847,Marsabit
1.998752,38.784762,Marsabit
1.998752,38.829678,Isiolo
1.998752,38.874594,Isiolo
1.998752,38.91951,Isiolo
1.998752,38.964425,Isiolo
1.998752,39.009341,Wajir
1.998752,39.054257,Wajir
1.998752,39.099173,Wajir
1.998752,39.144089,Wajir
1.998752,39.189004,Wajir
1.998752,39.23392,Wajir
1.998752,39.278836,Wajir
1.998752,39.323752,Wajir
1.998752,39.368667,Wajir
1.998752,39.413583,Wajir
1.998752,39.458499,Wajir
1.998752,39.503415,Wajir
1.998752,39.54833,Wajir
1.998752,39.593246,Wajir
1.998752,39.638162,Wajir
1.998752,39.683078,Wajir
1.998752,39.727993,Wajir
1.998752,39.772909,Wajir
1.998752,39.817825,Wajir
1.998752,39.862741,Wajir
1.998752,39.907656,Wajir
1.998752,39.952572,Wajir
1.998752,39.997488,Wajir
1.998752,40.042404,Wajir
1.998752,40.08732,Wajir
1.998752,40.132235,Wajir
1.998752,40.177151,Wajir
1.998752,40.222067,Wajir
1.998752,40.266983,Wajir
1.998752,40.311898,Wajir
1.998752,40.356814,Wajir
1.998752,40.40173,Wajir
1.998752,40.446646,Wajir
1.998752,40.491561,Wajir
1.998752,40.536477,Wajir
1.998752,40.581393,Wajir
1.998752,40.626309,Wajir
1.998752,40.671224,Wajir
1.998752,40.71614,Wajir
1.998752,40.761056,Wajir
1.998752,40.805972,Wajir
1.998752,40.850888,Wajir
1.998752,40.895803,Wajir
1.998752,40.940719,Wajir
1.998752,40.985635,Wajir
1.953836,35.011838,West Pokot
1.953836,35.056754,West Pokot
1.953836,35.10167,West Pokot
1.953836,35.146585,West Pokot
1.953836,35.191501,West Pokot
1.953836,35.236417,West Pokot
1.953836,35.281333,West Pokot
1.953836,35.326249,West Pokot
1.953836,35.371164,West Pokot
1.953836,35.41608,Turkana
1.953836,35.460996,Turkana
1.953836,35.505912,Turkana
1.953836,35.550827,Turkana
1.953836,35.595743,Turkana
1.953836,35.640659,Turkana
1.953836,35.685575,Turkana
1.953836,35.73049,Turkana
1.953836,35.775406,Turkana
1.953836,35.820322,Turkana
1.953836,35.865238,Turkana
1.953836,35.910153,Turkana
1.953836,35.955069,Turkana
1.953836,35.999985,Turkana
1.953836,36.044901,Turkana
1.953836,36.089817,Turkana
1.953836,36.134732,Turkana
1.953836,36.179648,Turkana
1.953836,36.224564,Turkana
1.953836,36.26948,Turkana
1.953836,36.314395,Turkana
1.953836,36.359311,Turkana
1.953836,36.404227,Turkana
1.953836,36.449143,Turkana
1.953836,36.494058,Turkana
1.953836,36.538974,Samburu
1.953836,36.58389,Samburu
1.953836,36.628806,Samburu
1.953836,36.673721,Samburu
1.953836,36.718637,Samburu
1.953836,36.763553,Samburu
1.953836,36.808469,Samburu
1.953836,36.853385,Samburu
1.953836,36.8983,Samburu
1.953836,36.943216,Samburu
1.953836,36.988132,Samburu
1.953836,37.033048,Samburu
1.953836,37.077963,Samburu
1.953836,37.122879,Samburu
1.953836,37.167795,Samburu
1.953836,37.212711,Marsabit
1.953836,37.257626,Marsabit
1.953836,37.302542,Marsabit
1.953836,37.347458,Marsabit
1.953836,37.392374,Marsabit
1.953836,37.437289,Marsabit
1.953836,37.482205,Marsabit
1.953836,37.527121,Marsabit
1.953836,37.572037,Marsabit
1.953836,37.616953,Marsabit
1.953836,37.661868,Marsabit
1.953836,37.706784,Marsabit
1.953836,37.7517,Marsabit
1.953836,37.796616,Marsabit
1.953836,37.841531,Marsabit
1.953836,37.886447,Marsabit
1.953836,37.931363,Marsabit
1.953836,37.976279,Marsabit
1.953836,38.021194,Marsabit
1.953836,38.06611,Marsabit
1.953836,38.111026,Marsabit
1.953836,38.155942,Marsabit
1.953836,38.200857,Marsabit
1.953836,38.245773,Marsabit
1.953836,38.290689,Marsabit
1.953836,38.335605,Marsabit
1.953836,38.380521,Marsabit
1.953836,38.425436,Marsabit
1.953836,38.470352,Marsabit
1.953836,38.515268,Marsabit
1.953836,38.560184,Marsabit
1.953836,38.605099,Marsabit
1.953836,38.650015,Marsabit
1.953836,38.694931,Marsabit
1.953836,38.739847,Isiolo
1.953836,38.784762,Isiolo
1.953836,38.829678,Isiolo
1.953836,38.874594,Isiolo
1.953836,38.91951,Isiolo
1.953836,38.964425,Isiolo
1.953836,39.009341,Isiolo
1.953836,39.054257,Wajir
1.953836,39.099173,Wajir
1.953836,39.144089,Wajir
1.953836,39.189004,Wajir
1.953836,39.23392,Wajir
1.953836,39.278836,Wajir
1.953836,39.323752,Wajir
1.953836,39.368667,Wajir
1.953836,39.413583,Wajir
1.953836,39.458499,Wajir
1.953836,39.503415,Wajir
1.953836,39.54833,Wajir
1.953836,39.593246,Wajir
1.953836,39.638162,Wajir
1.953836,39.683078,Wajir
1.953836,39.727993,Wajir
1.953836,39.772909,Wajir
1.953836,39.817825,Wajir
1.953836,39.862741,Wajir
1.953836,39.907656,Wajir
1.953836,39.952572,Wajir
1.953836,39.997488,Wajir
1.953836,40.042404,Wajir
1.953836,40.08732,Wajir
1.953836,40.132235,Wajir
1.953836,40.177151,Wajir
1.953836,40.222067,Wajir
1.953836,40.266983,Wajir
1.953836,40.311898,Wajir
1.953836,40.356814,Wajir
1.953836,40.40173,Wajir
1.953836,40.446646,Wajir
1.953836,40.491561,Wajir
1.953836,40.536477,Wajir
1.953836,40.581393,Wajir
1.953836,40.626309,Wajir
1.953836,40.671224,Wajir
1.953836,40.71614,Wajir
1.953836,40.761056,Wajir
1.953836,40.805972,Wajir
1.953836,40.850888,Wajir
1.953836,40.895803,Wajir
1.953836,40.940719,Wajir
1.953836,40.985635,Wajir
1.90892,35.011838,West Pokot
1.90892,35.056754,West Pokot
1.90892,35.10167,West Pokot
1.90892,35.146585,West Pokot
1.90892,35.191501,West Pokot
1.90892,35.236417,West Pokot
1.90892,35.281333,West Pokot
1.90892,35.326249,West Pokot
1.90892,35.371164,West Pokot
1.90892,35.41608,Turkana
1.90892,35.460996,Turkana
1.90892,35.505912,Turkana
1.90892,35.550827,Turkana
1.90892,35.595743,Turkana
1.90892,35.640659,Turkana
1.90892,35.685575,Turkana
1.90892,35.73049,Turkana
1.90892,35.775406,Turkana
1.90892,35.820322,Turkana
1.90892,35.865238,Turkana
1.90892,35.910153,Turkana
1.90892,35.955069,Turkana
1.90892,35.999985,Turkana
1.90892,36.044901,Turkana
1.90892,36.089817,Turkana
1.90892,36.134732,Turkana
1.90892,36.179648,Turkana
1.90892,36.224564,Turkana
1.90892,36.26948,Turkana
1.90892,36.314395,Turkana
1.90892,36.359311,Turkana
1.90892,36.404227,Turkana
1.90892,36.449143,Turkana
1.90892,36.494058,Turkana
1.90892,36.538974,Samburu
1.90892,36.58389,Samburu
1.90892,36.628806,Samburu
1.90892,36.673721,Samburu
1.90892,36.718637,Samburu
1.90892,36.763553,Samburu
1.90892,36.808469,Samburu
1.90892,36.853385,Samburu
1.90892,36.8983,Samburu
1.90892,36.943216,Samburu
1.90892,36.988132,Samburu
1.90892,37.033048,Samburu
1.90892,37.077963,Samburu
1.90892,37.122879,Samburu
1.90892,37.167795,Samburu
1.90892,37.212711,Samburu
1.90892,37.257626,Marsabit
1.90892,37.302542,Marsabit
1.90892,37.347458,Marsabit
1.90892,37.392374,Marsabit
1.90892,37.437289,Marsabit
1.90892,37.482205,Marsabit
1.90892,37.527121,Marsabit
1.90892,37.572037,Marsabit
1.90892,37.616953,Marsabit
1.90892,37.661868,Marsabit
1.90892,37.706784,Marsabit
1.90892,37.7517,Marsabit
1.90892,37.796616,Marsabit
1.90892,37.841531,Marsabit
1.90892,37.886447,Marsabit
1.90892,37.931363,Marsabit
1.90892,37.976279,Marsabit
1.90892,38.021194,Marsabit
1.90892,38.06611,Marsabit
1.90892,38.111026,Marsabit
1.90892,38.155942,Marsabit
1.90892,38.200857,Marsabit
1.90892,38.245773,Marsabit
1.90892,38.290689,Marsabit
1.90892,38.335605,Marsabit
1.90892,38.380521,Marsabit
1.90892,38.425436,Marsabit
1.90892,38.470352,Marsabit
1.90892,38.515268,Marsabit
1.90892,38.560184,Marsabit
1.90892,38.605099,Marsabit
1.90892,38.650015,Isiolo
1.90892,38.694931,Isiolo
1.90892,38.739847,Isiolo
1.90892,38.784762,Isiolo
1.90892,38.829678,Isiolo
1.90892,38.874594,Isiolo
1.90892,38.91951,Isiolo
1.90892,38.964425,Isiolo
1.90892,39.009341,Isiolo
1.90892,39.054257,Isiolo
1.90892,39.099173,Wajir
1.90892,39.144089,Wajir
1.90892,39.189004,Wajir
1.90892,39.23392,Wajir
1.90892,39.278836,Wajir
1.90892,39.323752,Wajir
1.90892,39.368667,Wajir
1.90892,39.413583,Wajir
1.90892,39.458499,Wajir
1.90892,39.503415,Wajir
1.90892,39.54833,Wajir
1.90892,39.593246,Wajir
1.90892,39.638162,Wajir
1.90892,39.683078,Wajir
1.90892,39.727993,Wajir
1.90892,39.772909,Wajir
1.90892,39.817825,Wajir
1.90892,39.862741,Wajir
1.90892,39.907656,Wajir
1.90892,39.952572,Wajir
1.90892,39.997488,Wajir
1.90892,40.042404,Wajir
1.90892,40.08732,Wajir
1.90892,40.132235,Wajir
1.90892,40.177151,Wajir
1.90892,40.222067,Wajir
1.90892,40.266983,Wajir
1.90892,40.311898,Wajir
1.90892,40.356814,Wajir
1.90892,40.40173,Wajir
1.90892,40.446646,Wajir
1.90892,40.491561,Wajir
1.90892,40.536477,Wajir
1.90892,40.581393,Wajir
1.90892,40.626309,Wajir
1.90892,40.671224,Wajir
1.90892,40.71614,Wajir
1.90892,40.761056,Wajir
1.90892,40.805972,Wajir
1.90892,40.850888,Wajir
1.90892,40.895803,Wajir
1.90892,40.940719,Wajir
1.90892,40.985635,Wajir
1.864004,35.011838,West Pokot
1.864004,35.056754,West Pokot
1.864004,35.10167,West Pokot
1.864004,35.146585,West Pokot
1.864004,35.191501,West Pokot
1.864004,35.236417,West Pokot
1.864004,35.281333,West Pokot
1.864004,35.326249,West Pokot
1.864004,35.371164,West Pokot
1.864004,35.41608,West Pokot
1.864004,35.460996,Turkana
1.864004,35.505912,Turkana
1.864004,35.550827,Turkana
1.864004,35.595743,Turkana
1.864004,35.640659,Turkana
1.864004,35.685575,Turkana
1.864004,35.73049,Turkana
1.864004,35.775406,Turkana
1.864004,35.820322,Turkana
1.864004,35.865238,Turkana
1.864004,35.910153,Turkana
1.864004,35.955069,Turkana
1.864004,35.999985,Turkana
1.864004,36.044901,Turkana
1.864004,36.089817,Turkana
1.864004,36.134732,Turkana
1.864004,36.179648,Turkana
1.864004,36.224564,Turkana
1.864004,36.26948,Turkana
1.864004,36.314395,Turkana
1.864004,36.359311,Turkana
1.864004,36.404227,Turkana
1.864004,36.449143,Turkana
1.864004,36.494058,Turkana
1.864004,36.538974,Samburu
1.864004,36.58389,Samburu
1.864004,36.628806,Samburu
1.864004,36.673721,Samburu
1.864004,36.718637,Samburu
1.864004,36.763553,Samburu
1.864004,36.808469,Samburu
1.864004,36.853385,Samburu
1.864004,36.8983,Samburu
1.864004,36.943216,Samburu
1.864004,36.988132,Samburu
1.864004,37.033048,Samburu
1.864004,37.077963,Samburu
1.864004,37.122879,Samburu
1.864004,37.167795,Samburu
1.864004,37.212711,Samburu
1.864004,37.257626,Samburu
1.864004,37.302542,Marsabit
1.864004,37.347458,Marsabit
1.864004,37.392374,Marsabit
1.864004,37.437289,Marsabit
1.864004,37.482205,Marsabit
1.864004,37.527121,Marsabit
1.864004,37.572037,Marsabit
1.864004,37.616953,Marsabit
1.864004,37.661868,Marsabit
1.864004,37.706784,Marsabit
1.864004,37.7517,Marsabit
1.864004,37.796616,Marsabit
1.864004,37.841531,Marsabit
1.864004,37.886447,Marsabit
1.864004,37.931363,Marsabit
1.864004,37.976279,Marsabit
1.864004,38.021194,Marsabit
1.864004,38.06611,Marsabit
1.864004,38.111026,Marsabit
1.864004,38.155942,Marsabit
1.864004,38.200857,Marsabit
1.864004,38.245773,Marsabit
1.864004,38.290689,Marsabit
1.864004,38.335605,Marsabit
1.864004,38.380521,Marsabit
1.864004,38.425436,Marsabit
1.864004,38.470352,Marsabit
1.864004,38.515268,Marsabit
1.864004,38.560184,Marsabit
1.864004,38.605099,Isiolo
1.864004,38.650015,Isiolo
1.864004,38.694931,Isiolo
1.864004,38.739847,Isiolo
1.864004,38.784762,Isiolo
1.864004,38.829678,Isiolo
1.864004,38.874594,Isiolo
1.864004,38.91951,Isiolo
1.864004,38.964425,Isiolo
1.864004,39.009341,Isiolo
1.864004,39.054257,Isiolo
1.864004,39.099173,Isiolo
1.864004,39.144089,Wajir
1.864004,39.189004,Wajir
1.864004,39.23392,Wajir
1.864004,39.278836,Wajir
1.864004,39.323752,Wajir
1.864004,39.368667,Wajir
1.864004,39.413583,Wajir
1.864004,39.458499,Wajir
1.864004,39.503415,Wajir
1.864004,39.54833,Wajir
1.864004,39.593246,Wajir
1.864004,39.638162,Wajir
1.864004,39.683078,Wajir
1.864004,39.727993,Wajir
1.864004,39.772909,Wajir
1.864004,39.817825,Wajir
1.864004,39.862741,Wajir
1.864004,39.907656,Wajir
1.864004,39.952572,Wajir
1.864004,39.997488,Wajir
1.864004,40.042404,Wajir
1.864004,40.08732,Wajir
1.864004,40.132235,Wajir
1.864004,40.177151,Wajir
1.864004,40.222067,Wajir
1.864004,40.266983,Wajir
1.864004,40.311898,Wajir
1.864004,40.356814,Wajir
1.864004,40.40173,Wajir
1.864004,40.446646,Wajir
1.864004,40.491561,Wajir
1.864004,40.536477,Wajir
1.864004,40.581393,Wajir
1.864004,40.626309,Wajir
1.864004,40.671224,Wajir
1.864004,40.71614,Wajir
1.864004,40.761056,Wajir
1.864004,40.805972,Wajir
1.864004,40.850888,Wajir
1.864004,40.895803,Wajir
1.864004,40.940719,Wajir
1.864004,40.985635,Wajir
1.819088,35.011838,West Pokot
1.819088,35.056754,West Pokot
1.819088,35.10167,West Pokot
1.819088,35.146585,West Pokot
1.819088,35.191501,West Pokot
1.819088,35.236417,West Pokot
1.819088,35.281333,West Pokot
1.819088,35.326249,West Pokot
1.819088,35.371164,West Pokot
1.819088,35.41608,West Pokot
1.819088,35.460996,West Pokot
1.819088,35.505912,Turkana
1.819088,35.550827,Turkana
1.819088,35.595743,Turkana
1.819088,35.640659,Turkana
1.819088,35.685575,Turkana
1.819088,35.73049,Turkana
1.819088,35.775406,Turkana
1.819088,35.820322,Turkana
1.819088,35.865238,Turkana
1.819088,35.910153,Turkana
1.819088,35.955069,Turkana
1.819088,35.999985,Turkana
1.819088,36.044901,Turkana
1.819088,36.089817,Turkana
1.819088,36.134732,Turkana
1.819088,36.179648,Turkana
1.819088,36.224564,Turkana
1.819088,36.26948,Turkana
1.819088,36.314395,Turkana
1.819088,36.359311,Turkana
1.819088,36.404227,Turkana
1.819088,36.449143,Turkana
1.819088,36.494058,Turkana
1.819088,36.538974,Samburu
1.819088,36.58389,Samburu
1.819088,36.628806,Samburu
1.819088,36.673721,Samburu
1.819088,36.718637,Samburu
1.819088,36.763553,Samburu
1.819088,36.808469,Samburu
1.819088,36.853385,Samburu
1.819088,36.8983,Samburu
1.819088,36.943216,Samburu
1.819088,36.988132,Samburu
1.819088,37.033048,Samburu
1.819088,37.077963,Samburu
1.819088,37.122879,Samburu
1.819088,37.167795,Samburu
1.819088,37.212711,Samburu
1.819088,37.257626,Samburu
1.819088,37.302542,Marsabit
1.819088,37.347458,Marsabit
1.819088,37.392374,Marsabit
1.819088,37.437289,Marsabit
1.819088,37.482205,Marsabit
1.819088,37.527121,Marsabit
1.819088,37.572037,Marsabit
1.819088,37.616953,Marsabit
1.819088,37.661868,Marsabit
1.819088,37.706784,Marsabit
1.819088,37.7517,Marsabit
1.819088,37.796616,Marsabit
1.819088,37.841531,Marsabit
1.819088,37.886447,Marsabit
1.819088,37.931363,Marsabit
1.819088,37.976279,Marsabit
1.819088,38.021194,Marsabit
1.819088,38.06611,Marsabit
1.819088,38.111026,Marsabit
1.819088,38.155942,Marsabit
1.819088,38.200857,Marsabit
1.819088,38.245773,Marsabit
1.819088,38.290689,Marsabit
1.819088,38.335605,Marsabit
1.819088,38.380521,Marsabit
1.819088,38.425436,Marsabit
1.819088,38.470352,Marsabit
1.819088,38.515268,Isiolo
1.819088,38.560184,Isiolo
1.819088,38.605099,Isiolo
1.819088,38.650015,Isiolo
1.819088,38.694931,Isiolo
1.819088,38.739847,Isiolo
1.819088,38.784762,Isiolo
1.819088,38.829678,Isiolo
1.819088,38.874594,Isiolo
1.819088,38.91951,Isiolo
1.819088,38.964425,Isiolo
1.819088,39.009341,Isiolo
1.819088,39.054257,Isiolo
1.819088,39.099173,Isiolo
1.819088,39.144089,Isiolo
1.819088,39.189004,Wajir
1.819088,39.23392,Wajir
1.819088,39.278836,Wajir
1.819088,39.323752,Wajir
1.819088,39.368667,Wajir
1.819088,39.413583,Wajir
1.819088,39.458499,Wajir
1.819088,39.503415,Wajir
1.819088,39.54833,Wajir
1.819088,39.593246,Wajir
1.819088,39.638162,Wajir
1.819088,39.683078,Wajir
1.819088,39.727993,Wajir
1.819088,39.772909,Wajir
1.819088,39.817825,Wajir
1.819088,39.862741,Wajir
1.819088,39.907656,Wajir
1.819088,39.952572,Wajir
1.819088,39.997488,Wajir
1.819088,40.042404,Wajir
1.819088,40.08732,Wajir
1.819088,40.132235,Wajir
1.819088,40.177151,Wajir
1.819088,40.222067,Wajir
1.819088,40.266983,Wajir
1.819088,40.311898,Wajir
1.819088,40.356814,Wajir
1.819088,40.40173,Wajir
1.819088,40.446646,Wajir
1.819088,40.491561,Wajir
1.819088,40.536477,Wajir
1.819088,40.581393,Wajir
1.819088,40.626309,Wajir
1.819088,40.671224,Wajir
1.819088,40.71614,Wajir
1.819088,40.761056,Wajir
1.819088,40.805972,Wajir
1.819088,40.850888,Wajir
1.819088,40.895803,Wajir
1.819088,40.940719,Wajir
1.819088,40.985635,Wajir
1.774173,35.011838,West Pokot
1.774173,35.056754,West Pokot
1.774173,35.10167,West Pokot
1.774173,35.146585,West Pokot
1.774173,35.191501,West Pokot
1.774173,35.236417,West Pokot
1.774173,35.281333,West Pokot
1.774173,35.326249,West Pokot
1.774173,35.371164,West Pokot
1.774173,35.41608,West Pokot
1.774173,35.460996,West Pokot
1.774173,35.505912,Turkana
1.774173,35.550827,Turkana
1.774173,35.595743,Turkana
1.774173,35.640659,Turkana
1.774173,35.685575,Turkana
1.774173,35.73049,Turkana
1.774173,35.775406,Turkana
1.774173,35.820322,Turkana
1.774173,35.865238,Turkana
1.774173,35.910153,Turkana
1.774173,35.955069,Turkana
1.774173,35.999985,Turkana
1.774173,36.044901,Turkana
1.774173,36.089817,Turkana
1.774173,36.134732,Turkana
1.774173,36.179648,Turkana
1.774173,36.224564,Turkana
1.774173,36.26948,Turkana
1.774173,36.314395,Turkana
1.774173,36.359311,Turkana
1.774173,36.404227,Turkana
1.774173,36.449143,Turkana
1.774173,36.494058,Turkana
1.774173,36.538974,Samburu
1.774173,36.58389,Samburu
1.774173,36.628806,Samburu
1.774173,36.673721,Samburu
1.774173,36.718637,Samburu
1.774173,36.763553,Samburu
1.774173,36.808469,Samburu
1.774173,36.853385,Samburu
1.774173,36.8983,Samburu
1.774173,36.943216,Samburu
1.774173,36.988132,Samburu
1.774173,37.033048,Samburu
1.774173,37.077963,Samburu
1.774173,37.122879,Samburu
1.774173,37.167795,Samburu
1.774173,37.212711,Samburu
1.774173,37.257626,Samburu
1.774173,37.302542,Samburu
1.774173,37.347458,Marsabit
1.774173,37.392374,Marsabit
1.774173,37.437289,Marsabit
1.774173,37.482205,Marsabit
1.774173,37.527121,Marsabit
1.774173,37.572037,Marsabit
1.774173,37.616953,Marsabit
1.774173,37.661868,Marsabit
1.774173,37.706784,Marsabit
1.774173,37.7517,Marsabit
1.774173,37.796616,Marsabit
1.774173,37.841531,Marsabit
1.774173,37.886447,Marsabit
1.774173,37.931363,Marsabit
1.774173,37.976279,Marsabit
1.774173,38.021194,Marsabit
1.774173,38.06611,Marsabit
1.774173,38.111026,Marsabit
1.774173,38.155942,Marsabit
1.774173,38.200857,Marsabit
1.774173,38.245773,Marsabit
1.774173,38.290689,Marsabit
1.774173,38.335605,Marsabit
1.774173,38.380521,Marsabit
1.774173,38.425436,Isiolo
1.774173,38.470352,Isiolo
1.774173,38.515268,Isiolo
1.774173,38.560184,Isiolo
1.774173,38.605099,Isiolo
1.774173,38.650015,Isiolo
1.774173,38.694931,Isiolo
1.774173,38.739847,Isiolo
1.774173,38.784762,Isiolo
1.774173,38.829678,Isiolo
1.774173,38.874594,Isiolo
1.774173,38.91951,Isiolo
1.774173,38.964425,Isiolo
1.774173,39.009341,Isiolo
1.774173,39.054257,Isiolo
1.774173,39.099173,Isiolo
1.774173,39.144089,Isiolo
1.774173,39.189004,Wajir
1.774173,39.23392,Wajir
1.774173,39.278836,Wajir
1.774173,39.323752,Wajir
1.774173,39.368667,Wajir
1.774173,39.413583,Wajir
1.774173,39.458499,Wajir
1.774173,39.503415,Wajir
1.774173,39.54833,Wajir
1.774173,39.593246,Wajir
1.774173,39.638162,Wajir
1.774173,39.683078,Wajir
1.774173,39.727993,Wajir
1.774173,39.772909,Wajir
1.774173,39.817825,Wajir
1.774173,39.862741,Wajir
1.774173,39.907656,Wajir
1.774173,39.952572,Wajir
1.774173,39.997488,Wajir
1.774173,40.042404,Wajir
1.774173,40.08732,Wajir
1.774173,40.132235,Wajir
1.774173,40.177151,Wajir
1.774173,40.222067,Wajir
1.774173,40.266983,Wajir
1.774173,40.311898,Wajir
1.774173,40.356814,Wajir
1.774173,40.40173,Wajir
1.774173,40.446646,Wajir
1.774173,40.491561,Wajir
1.774173,40.536477,Wajir
1.774173,40.581393,Wajir
1.774173,40.626309,Wajir
1.774173,40.671224,Wajir
1.774173,40.71614,Wajir
1.774173,40.761056,Wajir
1.774173,40.805972,Wajir
1.774173,40.850888,Wajir
1.774173,40.895803,Wajir
1.774173,40.940719,Wajir
1.774173,40.985635,Wajir
1.729257,35.011838,West Pokot
1.729257,35.056754,West Pokot
1.729257,35.10167,West Pokot
1.729257,35.146585,West Pokot
1.729257,35.191501,West Pokot
1.729257,35.236417,West Pokot
1.729257,35.281333,West Pokot
1.729257,35.326249,West Pokot
1.729257,35.371164,West Pokot
1.729257,35.41608,West Pokot
1.729257,35.460996,West Pokot
1.729257,35.505912,West Pokot
1.729257,35.550827,West Pokot
1.729257,35.595743,West Pokot
1.729257,35.640659,West Pokot
1.729257,35.685575,Turkana
1.729257,35.73049,Turkana
1.729257,35.775406,Turkana
1.729257,35.820322,Turkana
1.729257,35.865238,Turkana
1.729257,35.910153,Turkana
1.729257,35.955069,Turkana
1.729257,35.999985,Turkana
1.729257,36.044901,Turkana
1.729257,36.089817,Turkana
1.729257,36.134732,Turkana
1.729257,36.179648,Turkana
1.729257,36.224564,Turkana
1.729257,36.26948,Turkana
1.729257,36.314395,Turkana
1.729257,36.359311,Turkana
1.729257,36.404227,Turkana
1.729257,36.449143,Turkana
1.729257,36.494058,Turkana
1.729257,36.538974,Samburu
1.729257,36.58389,Samburu
1.729257,36.628806,Samburu
1.729257,36.673721,Samburu
1.729257,36.718637,Samburu
1.729257,36.763553,Samburu
1.729257,36.808469,Samburu
1.729257,36.853385,Samburu
1.729257,36.8983,Samburu
1.729257,36.943216,Samburu
1.729257,36.988132,Samburu
1.729257,37.033048,Samburu
1.729257,37.077963,Samburu
1.729257,37.122879,Samburu
1.729257,37.167795,Samburu
1.729257,37.212711,Samburu
1.729257,37.257626,Samburu
1.729257,37.302542,Samburu
1.729257,37.347458,Samburu
1.729257,37.392374,Marsabit
1.729257,37.437289,Marsabit
1.729257,37.482205,Marsabit
1.729257,37.527121,Marsabit
1.729257,37.572037,Marsabit
1.729257,37.616953,Marsabit
1.729257,37.661868,Marsabit
1.729257,37.706784,Marsabit
1.729257,37.7517,Marsabit
1.729257,37.796616,Marsabit
1.729257,37.841531,Marsabit
1.729257,37.886447,Marsabit
1.729257,37.931363,Marsabit
1.729257,37.976279,Marsabit
1.729257,38.021194,Marsabit
1.729257,38.06611,Marsabit
1.729257,38.111026,Marsabit
1.729257,38.155942,Marsabit
1.729257,38.200857,Marsabit
1.729257,38.245773,Marsabit
1.729257,38.290689,Marsabit
1.729257,38.335605,Marsabit
1.729257,38.380521,Isiolo
1.729257,38.425436,Isiolo
1.729257,38.470352,Isiolo
1.729257,38.515268,Isiolo
1.729257,38.560184,Isiolo
1.729257,38.605099,Isiolo
1.729257,38.650015,Isiolo
1.729257,38.694931,Isiolo
1.729257,38.739847,Isiolo
1.729257,38.784762,Isiolo
1.729257,38.829678,Isiolo
1.729257,38.874594,Isiolo
1.729257,38.91951,Isiolo
1.729257,38.964425,Isiolo
1.729257,39.009341,Isiolo
1.729257,39.054257,Isiolo
1.729257,39.099173,Isiolo
1.729257,39.144089,Isiolo
1.729257,39.189004,Isiolo
1.729257,39.23392,Wajir
1.729257,39.278836,Wajir
1.729257,39.323752,Wajir
1.729257,39.368667,Wajir
1.729257,39.413583,Wajir
1.729257,39.458499,Wajir
1.729257,39.503415,Wajir
1.729257,39.54833,Wajir
1.729257,39.593246,Wajir
1.729257,39.638162,Wajir
1.729257,39.683078,Wajir
1.729257,39.727993,Wajir
1.729257,39.772909,Wajir
1.729257,39.817825,Wajir
1.729257,39.862741,Wajir
1.729257,39.907656,Wajir
1.729257,39.952572,Wajir
1.729257,39.997488,Wajir
1.729257,40.042404,Wajir
1.729257,40.08732,Wajir
1.729257,40.132235,Wajir
1.729257,40.177151,Wajir
1.729257,40.222067,Wajir
1.729257,40.266983,Wajir
1.729257,40.311898,Wajir
1.729257,40.356814,Wajir
1.729257,40.40173,Wajir
1.729257,40.446646,Wajir
1.729257,40.491561,Wajir
1.729257,40.536477,Wajir
1.729257,40.581393,Wajir
1.729257,40.626309,Wajir
1.729257,40.671224,Wajir
1.729257,40.71614,Wajir
1.729257,40.761056,Wajir
1.729257,40.805972,Wajir
1.729257,40.850888,Wajir
1.729257,40.895803,Wajir
1.729257,40.940719,Wajir
1.729257,40.985635,Wajir
1.684341,35.011838,West Pokot
1.684341,35.056754,West Pokot
1.684341,35.10167,West Pokot
1.684341,35.146585,West Pokot
1.684341,35.191501,West Pokot
1.684341,35.236417,West Pokot
1.684341,35.281333,West Pokot
1.684341,35.326249,West Pokot
1.684341,35.371164,West Pokot
1.684341,35.41608,West Pokot
1.684341,35.460996,West Pokot
1.684341,35.505912,West Pokot
1.684341,35.550827,West Pokot
1.684341,35.595743,West Pokot
1.684341,35.640659,West Pokot
1.684341,35.685575,West Pokot
1.684341,35.73049,West Pokot
1.684341,35.775406,Turkana
1.684341,35.820322,Turkana
1.684341,35.865238,Turkana
1.684341,35.910153,Turkana
1.684341,35.955069,Turkana
1.684341,35.999985,Turkana
1.684341,36.044901,Turkana
1.684341,36.089817,Turkana
1.684341,36.134732,Turkana
1.684341,36.179648,Turkana
1.684341,36.224564,Turkana
1.684341,36.26948,Turkana
1.684341,36.314395,Turkana
1.684341,36.359311,Turkana
1.684341,36.404227,Turkana
1.684341,36.449143,Turkana
1.684341,36.494058,Samburu
1.684341,36.538974,Samburu
1.684341,36.58389,Samburu
1.684341,36.628806,Samburu
1.684341,36.673721,Samburu
1.684341,36.718637,Samburu
1.684341,36.763553,Samburu
1.684341,36.808469,Samburu
1.684341,36.853385,Samburu
1.684341,36.8983,Samburu
1.684341,36.943216,Samburu
1.684341,36.988132,Samburu
1.684341,37.033048,Samburu
1.684341,37.077963,Samburu
1.684341,37.122879,Samburu
1.684341,37.167795,Samburu
1.684341,37.212711,Samburu
1.684341,37.257626,Samburu
1.684341,37.302542,Samburu
1.684341,37.347458,Samburu
1.684341,37.392374,Marsabit
1.684341,37.437289,Marsabit
1.684341,37.482205,Marsabit
1.684341,37.527121,Marsabit
1.684341,37.572037,Marsabit
1.684341,37.616953,Marsabit
1.684341,37.661868,Marsabit
1.684341,37.706784,Marsabit
1.684341,37.7517,Marsabit
1.684341,37.796616,Marsabit
1.684341,37.841531,Marsabit
1.684341,37.886447,Marsabit
1.684341,37.931363,Marsabit
1.684341,37.976279,Marsabit
1.684341,38.021194,Marsabit
1.684341,38.06611,Marsabit
1.684341,38.111026,Marsabit
1.684341,38.155942,Marsabit
1.684341,38.200857,Marsabit
1.684341,38.245773,Marsabit
1.684341,38.290689,Marsabit
1.684341,38.335605,Marsabit
1.684341,38.380521,Isiolo
1.684341,38.425436,Isiolo
1.684341,38.470352,Isiolo
1.684341,38.515268,Isiolo
1.684341,38.560184,Isiolo
1.684341,38.605099,Isiolo
1.684341,38.650015,Isiolo
1.684341,38.694931,Isiolo
1.684341,38.739847,Isiolo
1.684341,38.784762,Isiolo
1.684341,38.829678,Isiolo
1.684341,38.874594,Isiolo
1.684341,38.91951,Isiolo
1.684341,38.964425,Isiolo
1.684341,39.009341,Isiolo
1.684341,39.054257,Isiolo
1.684341,39.099173,Isiolo
1.684341,39.144089,Isiolo
1.684341,39.189004,Isiolo
1.684341,39.23392,Isiolo
1.684341,39.278836,Wajir
1.684341,39.323752,Wajir
1.684341,39.368667,Wajir
1.684341,39.413583,Wajir
1.684341,39.458499,Wajir
1.684341,39.503415,Wajir
1.684341,39.54833,Wajir
1.684341,39.593246,Wajir
1.684341,39.638162,Wajir
1.684341,39.683078,Wajir
1.684341,39.727993,Wajir
1.684341,39.772909,Wajir
1.684341,39.817825,Wajir
1.684341,39.862741,Wajir
1.684341,39.907656,Wajir
1.684341,39.952572,Wajir
1.684341,39.997488,Wajir
1.684341,40.042404,Wajir
1.684341,40.08732,Wajir
1.684341,40.132235,Wajir
1.684341,40.177151,Wajir
1.684341,40.222067,Wajir
1.684341,40.266983,Wajir
1.684341,40.311898,Wajir
1.684341,40.356814,Wajir
1.684341,40.40173,Wajir
1.684341,40.446646,Wajir
1.684341,40.491561,Wajir
1.684341,40.536477,Wajir
1.684341,40.581393,Wajir
1.684341,40.626309,Wajir
1.684341,40.671224,Wajir
1.684341,40.71614,Wajir
1.684341,40.761056,Wajir
1.684341,40.805972,Wajir
1.684341,40.850888,Wajir
1.684341,40.895803,Wajir
1.684341,40.940719,Wajir
1.684341,40.985635,Wajir
1.639425,34.966922,Unknown
1.639425,35.011838,West Pokot
1.639425,35.056754,West Pokot
1.639425,35.10167,West Pokot
1.639425,35.146585,West Pokot
1.639425,35.191501,West Pokot
1.639425,35.236417,West Pokot
1.639425,35.281333,West Pokot
1.639425,35.326249,West Pokot
1.639425,35.371164,West Pokot
1.639425,35.41608,West Pokot
1.639425,35.460996,West Pokot
1.639425,35.505912,West Pokot
1.639425,35.550827,West Pokot
1.639425,35.595743,West Pokot
1.639425,35.640659,West Pokot
1.639425,35.685575,West Pokot
1.639425,35.73049,West Pokot
1.639425,35.775406,West Pokot
1.639425,35.820322,Turkana
1.639425,35.865238,Turkana
1.639425,35.910153,Turkana
1.639425,35.955069,Turkana
1.639425,35.999985,Turkana
1.639425,36.044901,Turkana
1.639425,36.089817,Turkana
1.639425,36.134732,Turkana
1.639425,36.179648,Turkana
1.639425,36.224564,Turkana
1.639425,36.26948,Turkana
1.639425,36.314395,Turkana
1.639425,36.359311,Turkana
1.639425,36.404227,Turkana
1.639425,36.449143,Turkana
1.639425,36.494058,Samburu
1.639425,36.538974,Samburu
1.639425,36.58389,Samburu
1.639425,36.628806,Samburu
1.639425,36.673721,Samburu
1.639425,36.718637,Samburu
1.639425,36.763553,Samburu
1.639425,36.808469,Samburu
1.639425,36.853385,Samburu
1.639425,36.8983,Samburu
1.639425,36.943216,Samburu
1.639425,36.988132,Samburu
1.639425,37.033048,Samburu
1.639425,37.077963,Samburu
1.639425,37.122879,Samburu
1.639425,37.167795,Samburu
1.639425,37.212711,Samburu
1.639425,37.257626,Samburu
1.639425,37.302542,Samburu
1.639425,37.347458,Samburu
1.639425,37.392374,Samburu
1.639425,37.437289,Marsabit
1.639425,37.482205,Marsabit
1.639425,37.527121,Marsabit
1.639425,37.572037,Marsabit
1.639425,37.616953,Marsabit
1.639425,37.661868,Marsabit
1.639425,37.706784,Marsabit
1.639425,37.7517,Marsabit
1.639425,37.796616,Marsabit
1.639425,37.841531,Marsabit
1.639425,37.886447,Marsabit
1.639425,37.931363,Marsabit
1.639425,37.976279,Marsabit
1.639425,38.021194,Marsabit
1.639425,38.06611,Marsabit
1.639425,38.111026,Marsabit
1.639425,38.155942,Marsabit
1.639425,38.200857,Marsabit
1.639425,38.245773,Marsabit
1.639425,38.290689,Marsabit
1.639425,38.335605,Marsabit
1.639425,38.380521,Isiolo
1.639425,38.425436,Isiolo
1.639425,38.470352,Isiolo
1.639425,38.515268,Isiolo
1.639425,38.560184,Isiolo
1.639425,38.605099,Isiolo
1.639425,38.650015,Isiolo
1.639425,38.694931,Isiolo
1.639425,38.739847,Isiolo
1.639425,38.784762,Isiolo
1.639425,38.829678,Isiolo
1.639425,38.874594,Isiolo
1.639425,38.91951,Isiolo
1.639425,38.964425,Isiolo
1.639425,39.009341,Isiolo
1.639425,39.054257,Isiolo
1.639425,39.099173,Isiolo
1.639425,39.144089,Isiolo
1.639425,39.189004,Isiolo
1.639425,39.23392,Isiolo
1.639425,39.278836,Isiolo
1.639425,39.323752,Wajir
1.639425,39.368667,Wajir
1.639425,39.413583,Wajir
1.639425,39.458499,Wajir
1.639425,39.503415,Wajir
1.639425,39.54833,Wajir
1.639425,39.593246,Wajir
1.639425,39.638162,Wajir
1.639425,39.683078,Wajir
1.639425,39.727993,Wajir
1.639425,39.772909,Wajir
1.639425,39.817825,Wajir
1.639425,39.862741,Wajir
1.639425,39.907656,Wajir
1.639425,39.952572,Wajir
1.639425,39.997488,Wajir
1.639425,40.042404,Wajir
1.639425,40.08732,Wajir
1.639425,40.132235,Wajir
1.639425,40.177151,Wajir
1.639425,40.222067,Wajir
1.639425,40.266983,Wajir
1.639425,40.311898,Wajir
1.639425,40.356814,Wajir
1.639425,40.40173,Wajir
1.639425,40.446646,Wajir
1.639425,40.491561,Wajir
1.639425,40.536477,Wajir
1.639425,40.581393,Wajir
1.639425,40.626309,Wajir
1.639425,40.671224,Wajir
1.639425,40.71614,Wajir
1.639425,40.761056,Wajir
1.639425,40.805972,Wajir
1.639425,40.850888,Wajir
1.639425,40.895803,Wajir
1.639425,40.940719,Wajir
1.639425,40.985635,Wajir
1.59451,34.966922,West Pokot
1.59451,35.011838,West Pokot
1.59451,35.056754,West Pokot
1.59451,35.10167,West Pokot
1.59451,35.146585,West Pokot
1.59451,35.191501,West Pokot
1.59451,35.236417,West Pokot
1.59451,35.281333,West Pokot
1.59451,35.326249,West Pokot
1.59451,35.371164,West Pokot
1.59451,35.41608,West Pokot
1.59451,35.460996,West Pokot
1.59451,35.505912,West Pokot
1.59451,35.550827,West Pokot
1.59451,35.595743,West Pokot
1.59451,35.640659,West Pokot
1.59451,35.685575,West Pokot
1.59451,35.73049,West Pokot
1.59451,35.775406,West Pokot
1.59451,35.820322,Baringo
1.59451,35.865238,Turkana
1.59451,35.910153,Turkana
1.59451,35.955069,Turkana
1.59451,35.999985,Turkana
1.59451,36.044901,Turkana
1.59451,36.089817,Turkana
1.59451,36.134732,Turkana
1.59451,36.179648,Turkana
1.59451,36.224564,Turkana
1.59451,36.26948,Turkana
1.59451,36.314395,Turkana
1.59451,36.359311,Turkana
1.59451,36.404227,Turkana
1.59451,36.449143,Samburu
1.59451,36.494058,Samburu
1.59451,36.538974,Samburu
1.59451,36.58389,Samburu
1.59451,36.628806,Samburu
1.59451,36.673721,Samburu
1.59451,36.718637,Samburu
1.59451,36.763553,Samburu
1.59451,36.808469,Samburu
1.59451,36.853385,Samburu
1.59451,36.8983,Samburu
1.59451,36.943216,Samburu
1.59451,36.988132,Samburu
1.59451,37.033048,Samburu
1.59451,37.077963,Samburu
1.59451,37.122879,Samburu
1.59451,37.167795,Samburu
1.59451,37.212711,Samburu
1.59451,37.257626,Samburu
1.59451,37.302542,Samburu
1.59451,37.347458,Samburu
1.59451,37.392374,Samburu
1.59451,37.437289,Samburu
1.59451,37.482205,Marsabit
1.59451,37.527121,Marsabit
1.59451,37.572037,Marsabit
1.59451,37.616953,Marsabit
1.59451,37.661868,Marsabit
1.59451,37.706784,Marsabit
1.59451,37.7517,Marsabit
1.59451,37.796616,Marsabit
1.59451,37.841531,Marsabit
1.59451,37.886447,Marsabit
1.59451,37.931363,Marsabit
1.59451,37.976279,Marsabit
1.59451,38.021194,Marsabit
1.59451,38.06611,Marsabit
1.59451,38.111026,Marsabit
1.59451,38.155942,Marsabit
1.59451,38.200857,Marsabit
1.59451,38.245773,Marsabit
1.59451,38.290689,Marsabit
1.59451,38.335605,Marsabit
1.59451,38.380521,Isiolo
1.59451,38.425436,Isiolo
1.59451,38.470352,Isiolo
1.59451,38.515268,Isiolo
1.59451,38.560184,Isiolo
1.59451,38.605099,Isiolo
1.59451,38.650015,Isiolo
1.59451,38.694931,Isiolo
1.59451,38.739847,Isiolo
1.59451,38.784762,Isiolo
1.59451,38.829678,Isiolo
1.59451,38.874594,Isiolo
1.59451,38.91951,Isiolo
1.59451,38.964425,Isiolo
1.59451,39.009341,Isiolo
1.59451,39.054257,Isiolo
1.59451,39.099173,Isiolo
1.59451,39.144089,Isiolo
1.59451,39.189004,Isiolo
1.59451,39.23392,Isiolo
1.59451,39.278836,Isiolo
1.59451,39.323752,Isiolo
1.59451,39.368667,Wajir
1.59451,39.413583,Wajir
1.59451,39.458499,Wajir
1.59451,39.503415,Wajir
1.59451,39.54833,Wajir
1.59451,39.593246,Wajir
1.59451,39.638162,Wajir
1.59451,39.683078,Wajir
1.59451,39.727993,Wajir
1.59451,39.772909,Wajir
1.59451,39.817825,Wajir
1.59451,39.862741,Wajir
1.59451,39.907656,Wajir
1.59451,39.952572,Wajir
1.59451,39.997488,Wajir
1.59451,40.042404,Wajir
1.59451,40.08732,Wajir
1.59451,40.132235,Wajir
1.59451,40.177151,Wajir
1.59451,40.222067,Wajir
1.59451,40.266983,Wajir
1.59451,40.311898,Wajir
1.59451,40.356814,Wajir
1.59451,40.40173,Wajir
1.59451,40.446646,Wajir
1.59451,40.491561,Wajir
1.59451,40.536477,Wajir
1.59451,40.581393,Wajir
1.59451,40.626309,Wajir
1.59451,40.671224,Wajir
1.59451,40.71614,Wajir
1.59451,40.761056,Wajir
1.59451,40.805972,Wajir
1.59451,40.850888,Wajir
1.59451,40.895803,Wajir
1.59451,40.940719,Wajir
1.59451,40.985635,Wajir
1.549594,34.877091,Unknown
1.549594,34.922007,West Pokot
1.549594,34.966922,West Pokot
1.549594,35.011838,West Pokot
1.549594,35.056754,West Pokot
1.549594,35.10167,West Pokot
1.549594,35.146585,West Pokot
1.549594,35.191501,West Pokot
1.549594,35.236417,West Pokot
1.549594,35.281333,West Pokot
1.549594,35.326249,West Pokot
1.549594,35.371164,West Pokot
1.549594,35.41608,West Pokot
1.549594,35.460996,West Pokot
1.549594,35.505912,West Pokot
1.549594,35.550827,West Pokot
1.549594,35.595743,West Pokot
1.549594,35.640659,West Pokot
1.549594,35.685575,West Pokot
1.549594,35.73049,West Pokot
1.549594,35.775406,Baringo
1.549594,35.820322,Baringo
1.549594,35.865238,Turkana
1.549594,35.910153,Turkana
1.549594,35.955069,Turkana
1.549594,35.999985,Turkana
1.549594,36.044901,Turkana
1.549594,36.089817,Turkana
1.549594,36.134732,Turkana
1.549594,36.179648,Turkana
1.549594,36.224564,Turkana
1.549594,36.26948,Turkana
1.549594,36.314395,Samburu
1.549594,36.359311,Samburu
1.549594,36.404227,Turkana
1.549594,36.449143,Samburu
1.549594,36.494058,Samburu
1.549594,36.538974,Samburu
1.549594,36.58389,Samburu
1.549594,36.628806,Samburu
1.549594,36.673721,Samburu
1.549594,36.718637,Samburu
1.549594,36.763553,Samburu
1.549594,36.808469,Samburu
1.549594,36.853385,Samburu
1.549594,36.8983,Samburu
1.549594,36.943216,Samburu
1.549594,36.988132,Samburu
1.549594,37.033048,Samburu
1.549594,37.077963,Samburu
1.549594,37.122879,Samburu
1.549594,37.167795,Samburu
1.549594,37.212711,Samburu
1.549594,37.257626,Samburu
1.549594,37.302542,Samburu
1.549594,37.347458,Samburu
1.549594,37.392374,Samburu
1.549594,37.437289,Samburu
1.549594,37.482205,Marsabit
1.549594,37.527121,Marsabit
1.549594,37.572037,Marsabit
1.549594,37.616953,Marsabit
1.549594,37.661868,Marsabit
1.549594,37.706784,Marsabit
1.549594,37.7517,Marsabit
1.549594,37.796616,Marsabit
1.549594,37.841531,Marsabit
1.549594,37.886447,Marsabit
1.549594,37.931363,Marsabit
1.549594,37.976279,Marsabit
1.549594,38.021194,Marsabit
1.549594,38.06611,Marsabit
1.549594,38.111026,Marsabit
1.549594,38.155942,Marsabit
1.549594,38.200857,Marsabit
1.549594,38.245773,Marsabit
1.549594,38.290689,Marsabit
1.549594,38.335605,Isiolo
1.549594,38.380521,Isiolo
1.549594,38.425436,Isiolo
1.549594,38.470352,Isiolo
1.549594,38.515268,Isiolo
1.549594,38.560184,Isiolo
1.549594,38.605099,Isiolo
1.549594,38.650015,Isiolo
1.549594,38.694931,Isiolo
1.549594,38.739847,Isiolo
1.549594,38.784762,Isiolo
1.549594,38.829678,Isiolo
1.549594,38.874594,Isiolo
1.549594,38.91951,Isiolo
1.549594,38.964425,Isiolo
1.549594,39.009341,Isiolo
1.549594,39.054257,Isiolo
1.549594,39.099173,Isiolo
1.549594,39.144089,Isiolo
1.549594,39.189004,Isiolo
1.549594,39.23392,Isiolo
1.549594,39.278836,Isiolo
1.549594,39.323752,Isiolo
1.549594,39.368667,Isiolo
1.549594,39.413583,Isiolo
1.549594,39.458499,Wajir
1.549594,39.503415,Wajir
1.549594,39.54833,Wajir
1.549594,39.593246,Wajir
1.549594,39.638162,Wajir
1.549594,39.683078,Wajir
1.549594,39.727993,Wajir
1.549594,39.772909,Wajir
1.549594,39.817825,Wajir
1.549594,39.862741,Wajir
1.549594,39.907656,Wajir
1.549594,39.952572,Wajir
1.549594,39.997488,Wajir
1.549594,40.042404,Wajir
1.549594,40.08732,Wajir
1.549594,40.132235,Wajir
1.549594,40.177151,Wajir
1.549594,40.222067,Wajir
1.549594,40.266983,Wajir
1.549594,40.311898,Wajir
1.549594,40.356814,Wajir
1.549594,40.40173,Wajir
1.549594,40.446646,Wajir
1.549594,40.491561,Wajir
1.549594,40.536477,Wajir
1.549594,40.581393,Wajir
1.549594,40.626309,Wajir
1.549594,40.671224,Wajir
1.549594,40.71614,Wajir
1.549594,40.761056,Wajir
1.549594,40.805972,Wajir
1.549594,40.850888,Wajir
1.549594,40.895803,Wajir
1.549594,40.940719,Wajir
1.549594,40.985635,Wajir
1.504678,34.877091,West Pokot
1.504678,34.922007,West Pokot
1.504678,34.966922,West Pokot
1.504678,35.011838,West Pokot
1.504678,35.056754,West Pokot
1.504678,35.10167,West Pokot
1.504678,35.146585,West Pokot
1.504678,35.191501,West Pokot
1.504678,35.236417,West Pokot
1.504678,35.281333,West Pokot
1.504678,35.326249,West Pokot
1.504678,35.371164,West Pokot
1.504678,35.41608,West Pokot
1.504678,35.460996,West Pokot
1.504678,35.505912,West Pokot
1.504678,35.550827,West Pokot
1.504678,35.595743,West Pokot
1.504678,35.640659,West Pokot
1.504678,35.685575,West Pokot
1.504678,35.73049,West Pokot
1.504678,35.775406,Baringo
1.504678,35.820322,Baringo
1.504678,35.865238,Baringo
1.504678,35.910153,Turkana
1.504678,35.955069,Turkana
1.504678,35.999985,Turkana
1.504678,36.044901,Turkana
1.504678,36.089817,Turkana
1.504678,36.134732,Turkana
1.504678,36.179648,Turkana
1.504678,36.224564,Turkana
1.504678,36.26948,Turkana
1.504678,36.314395,Samburu
1.504678,36.359311,Samburu
1.504678,36.404227,Samburu
1.504678,36.449143,Samburu
1.504678,36.494058,Samburu
1.504678,36.538974,Samburu
1.504678,36.58389,Samburu
1.504678,36.628806,Samburu
1.504678,36.673721,Samburu
1.504678,36.718637,Samburu
1.504678,36.763553,Samburu
1.504678,36.808469,Samburu
1.504678,36.853385,Samburu
1.504678,36.8983,Samburu
1.504678,36.943216,Samburu
1.504678,36.988132,Samburu
1.504678,37.033048,Samburu
1.504678,37.077963,Samburu
1.504678,37.122879,Samburu
1.504678,37.167795,Samburu
1.504678,37.212711,Samburu
1.504678,37.257626,Samburu
1.504678,37.302542,Samburu
1.504678,37.347458,Samburu
1.504678,37.392374,Samburu
1.504678,37.437289,Samburu
1.504678,37.482205,Samburu
1.504678,37.527121,Marsabit
1.504678,37.572037,Marsabit
1.504678,37.616953,Marsabit
1.504678,37.661868,Marsabit
1.504678,37.706784,Marsabit
1.504678,37.7517,Marsabit
1.504678,37.796616,Marsabit
1.504678,37.841531,Marsabit
1.504678,37.886447,Marsabit
1.504678,37.931363,Marsabit
1.504678,37.976279,Marsabit
1.504678,38.021194,Marsabit
1.504678,38.06611,Marsabit
1.504678,38.111026,Marsabit
1.504678,38.155942,Marsabit
1.504678,38.200857,Marsabit
1.504678,38.245773,Marsabit
1.504678,38.290689,Isiolo
1.504678,38.335605,Isiolo
1.504678,38.380521,Isiolo
1.504678,38.425436,Isiolo
1.504678,38.470352,Isiolo
1.504678,38.515268,Isiolo
1.504678,38.560184,Isiolo
1.504678,38.605099,Isiolo
1.504678,38.650015,Isiolo
1.504678,38.694931,Isiolo
1.504678,38.739847,Isiolo
1.504678,38.784762,Isiolo
1.504678,38.829678,Isiolo
1.504678,38.874594,Isiolo
1.504678,38.91951,Isiolo
1.504678,38.964425,Isiolo
1.504678,39.009341,Isiolo
1.504678,39.054257,Isiolo
1.504678,39.099173,Isiolo
1.504678,39.144089,Isiolo
1.504678,39.189004,Isiolo
1.504678,39.23392,Isiolo
1.504678,39.278836,Isiolo
1.504678,39.323752,Isiolo
1.504678,39.368667,Isiolo
1.504678,39.413583,Wajir
1.504678,39.458499,Wajir
1.504678,39.503415,Wajir
1.504678,39.54833,Wajir
1.504678,39.593246,Wajir
1.504678,39.638162,Wajir
1.504678,39.683078,Wajir
1.504678,39.727993,Wajir
1.504678,39.772909,Wajir
1.504678,39.817825,Wajir
1.504678,39.862741,Wajir
1.504678,39.907656,Wajir
1.504678,39.952572,Wajir
1.504678,39.997488,Wajir
1.504678,40.042404,Wajir
1.504678,40.08732,Wajir
1.504678,40.132235,Wajir
1.504678,40.177151,Wajir
1.504678,40.222067,Wajir
1.504678,40.266983,Wajir
1.504678,40.311898,Wajir
1.504678,40.356814,Wajir
1.504678,40.40173,Wajir
1.504678,40.446646,Wajir
1.504678,40.491561,Wajir
1.504678,40.536477,Wajir
1.504678,40.581393,Wajir
1.504678,40.626309,Wajir
1.504678,40.671224,Wajir
1.504678,40.71614,Wajir
1.504678,40.761056,Wajir
1.504678,40.805972,Wajir
1.504678,40.850888,Wajir
1.504678,40.895803,Wajir
1.504678,40.940719,Wajir
1.504678,40.985635,Wajir
1.459762,34.832175,Unknown
1.459762,34.877091,West Pokot
1.459762,34.922007,West Pokot
1.459762,34.966922,West Pokot
1.459762,35.011838,West Pokot
1.459762,35.056754,West Pokot
1.459762,35.10167,West Pokot
1.459762,35.146585,West Pokot
1.459762,35.191501,West Pokot
1.459762,35.236417,West Pokot
1.459762,35.281333,West Pokot
1.459762,35.326249,West Pokot
1.459762,35.371164,West Pokot
1.459762,35.41608,West Pokot
1.459762,35.460996,West Pokot
1.459762,35.505912,West Pokot
1.459762,35.550827,West Pokot
1.459762,35.595743,West Pokot
1.459762,35.640659,West Pokot
1.459762,35.685575,West Pokot
1.459762,35.73049,Baringo
1.459762,35.775406,Baringo
1.459762,35.820322,Baringo
1.459762,35.865238,Baringo
1.459762,35.910153,Baringo
1.459762,35.955069,Turkana
1.459762,35.999985,Turkana
1.459762,36.044901,Turkana
1.459762,36.089817,Turkana
1.459762,36.134732,Turkana
1.459762,36.179648,Turkana
1.459762,36.224564,Turkana
1.459762,36.26948,Turkana
1.459762,36.314395,Turkana
1.459762,36.359311,Samburu
1.459762,36.404227,Samburu
1.459762,36.449143,Samburu
1.459762,36.494058,Samburu
1.459762,36.538974,Samburu
1.459762,36.58389,Samburu
1.459762,36.628806,Samburu
1.459762,36.673721,Samburu
1.459762,36.718637,Samburu
1.459762,36.763553,Samburu
1.459762,36.808469,Samburu
1.459762,36.853385,Samburu
1.459762,36.8983,Samburu
1.459762,36.943216,Samburu
1.459762,36.988132,Samburu
1.459762,37.033048,Samburu
1.459762,37.077963,Samburu
1.459762,37.122879,Samburu
1.459762,37.167795,Samburu
1.459762,37.212711,Samburu
1.459762,37.257626,Samburu
1.459762,37.302542,Samburu
1.459762,37.347458,Samburu
1.459762,37.392374,Samburu
1.459762,37.437289,Samburu
1.459762,37.482205,Samburu
1.459762,37.527121,Marsabit
1.459762,37.572037,Marsabit
1.459762,37.616953,Marsabit
1.459762,37.661868,Marsabit
1.459762,37.706784,Marsabit
1.459762,37.7517,Marsabit
1.459762,37.796616,Marsabit
1.459762,37.841531,Marsabit
1.459762,37.886447,Marsabit
1.459762,37.931363,Marsabit
1.459762,37.976279,Marsabit
1.459762,38.021194,Marsabit
1.459762,38.06611,Marsabit
1.459762,38.111026,Marsabit
1.459762,38.155942,Marsabit
1.459762,38.200857,Isiolo
1.459762,38.245773,Isiolo
1.459762,38.290689,Isiolo
1.459762,38.335605,Isiolo
1.459762,38.380521,Isiolo
1.459762,38.425436,Isiolo
1.459762,38.470352,Isiolo
1.459762,38.515268,Isiolo
1.459762,38.560184,Isiolo
1.459762,38.605099,Isiolo
1.459762,38.650015,Isiolo
1.459762,38.694931,Isiolo
1.459762,38.739847,Isiolo
1.459762,38.784762,Isiolo
1.459762,38.829678,Isiolo
1.459762,38.874594,Isiolo
1.459762,38.91951,Isiolo
1.459762,38.964425,Isiolo
1.459762,39.009341,Isiolo
1.459762,39.054257,Isiolo
1.459762,39.099173,Isiolo
1.459762,39.144089,Isiolo
1.459762,39.189004,Isiolo
1.459762,39.23392,Isiolo
1.459762,39.278836,Wajir
1.459762,39.323752,Wajir
1.459762,39.368667,Wajir
1.459762,39.413583,Wajir
1.459762,39.458499,Wajir
1.459762,39.503415,Wajir
1.459762,39.54833,Wajir
1.459762,39.593246,Wajir
1.459762,39.638162,Wajir
1.459762,39.683078,Wajir
1.459762,39.727993,Wajir
1.459762,39.772909,Wajir
1.459762,39.817825,Wajir
1.459762,39.862741,Wajir
1.459762,39.907656,Wajir
1.459762,39.952572,Wajir
1.459762,39.997488,Wajir
1.459762,40.042404,Wajir
1.459762,40.08732,Wajir
1.459762,40.132235,Wajir
1.459762,40.177151,Wajir
1.459762,40.222067,Wajir
1.459762,40.266983,Wajir
1.459762,40.311898,Wajir
1.459762,40.356814,Wajir
1.459762,40.40173,Wajir
1.459762,40.446646,Wajir
1.459762,40.491561,Wajir
1.459762,40.536477,Wajir
1.459762,40.581393,Wajir
1.459762,40.626309,Wajir
1.459762,40.671224,Wajir
1.459762,40.71614,Wajir
1.459762,40.761056,Wajir
1.459762,40.805972,Wajir
1.459762,40.850888,Wajir
1.459762,40.895803,Wajir
1.459762,40.940719,Wajir
1.459762,40.985635,Wajir
1.414847,34.787259,Unknown
1.414847,34.832175,West Pokot
1.414847,34.877091,West Pokot
1.414847,34.922007,West Pokot
1.414847,34.966922,West Pokot
1.414847,35.011838,West Pokot
1.414847,35.056754,West Pokot
1.414847,35.10167,West Pokot
1.414847,35.146585,West Pokot
1.414847,35.191501,West Pokot
1.414847,35.236417,West Pokot
1.414847,35.281333,West Pokot
1.414847,35.326249,West Pokot
1.414847,35.371164,West Pokot
1.414847,35.41608,West Pokot
1.414847,35.460996,West Pokot
1.414847,35.505912,West Pokot
1.414847,35.550827,West Pokot
1.414847,35.595743,West Pokot
1.414847,35.640659,West Pokot
1.414847,35.685575,West Pokot
1.414847,35.73049,Baringo
1.414847,35.775406,Baringo
1.414847,35.820322,Baringo
1.414847,35.865238,Baringo
1.414847,35.910153,Baringo
1.414847,35.955069,Turkana
1.414847,35.999985,Turkana
1.414847,36.044901,Turkana
1.414847,36.089817,Turkana
1.414847,36.134732,Turkana
1.414847,36.179648,Turkana
1.414847,36.224564,Turkana
1.414847,36.26948,Turkana
1.414847,36.314395,Turkana
1.414847,36.359311,Turkana
1.414847,36.404227,Turkana
1.414847,36.449143,Samburu
1.414847,36.494058,Samburu
1.414847,36.538974,Samburu
1.414847,36.58389,Samburu
1.414847,36.628806,Samburu
1.414847,36.673721,Samburu
1.414847,36.718637,Samburu
1.414847,36.763553,Samburu
1.414847,36.808469,Samburu
1.414847,36.853385,Samburu
1.414847,36.8983,Samburu
1.414847,36.943216,Samburu
1.414847,36.988132,Samburu
1.414847,37.033048,Samburu
1.414847,37.077963,Samburu
1.414847,37.122879,Samburu
1.414847,37.167795,Samburu
1.414847,37.212711,Samburu
1.414847,37.257626,Samburu
1.414847,37.302542,Samburu
1.414847,37.347458,Samburu
1.414847,37.392374,Samburu
1.414847,37.437289,Samburu
1.414847,37.482205,Samburu
1.414847,37.527121,Samburu
1.414847,37.572037,Marsabit
1.414847,37.616953,Marsabit
1.414847,37.661868,Marsabit
1.414847,37.706784,Marsabit
1.414847,37.7517,Marsabit
1.414847,37.796616,Samburu
1.414847,37.841531,Samburu
1.414847,37.886447,Samburu
1.414847,37.931363,Marsabit
1.414847,37.976279,Marsabit
1.414847,38.021194,Marsabit
1.414847,38.06611,Marsabit
1.414847,38.111026,Marsabit
1.414847,38.155942,Isiolo
1.414847,38.200857,Isiolo
1.414847,38.245773,Isiolo
1.414847,38.290689,Isiolo
1.414847,38.335605,Isiolo
1.414847,38.380521,Isiolo
1.414847,38.425436,Isiolo
1.414847,38.470352,Isiolo
1.414847,38.515268,Isiolo
1.414847,38.560184,Isiolo
1.414847,38.605099,Isiolo
1.414847,38.650015,Isiolo
1.414847,38.694931,Isiolo
1.414847,38.739847,Isiolo
1.414847,38.784762,Isiolo
1.414847,38.829678,Isiolo
1.414847,38.874594,Isiolo
1.414847,38.91951,Isiolo
1.414847,38.964425,Isiolo
1.414847,39.009341,Isiolo
1.414847,39.054257,Isiolo
1.414847,39.099173,Isiolo
1.414847,39.144089,Isiolo
1.414847,39.189004,Isiolo
1.414847,39.23392,Isiolo
1.414847,39.278836,Isiolo
1.414847,39.323752,Wajir
1.414847,39.368667,Wajir
1.414847,39.413583,Wajir
1.414847,39.458499,Wajir
1.414847,39.503415,Wajir
1.414847,39.54833,Wajir
1.414847,39.593246,Wajir
1.414847,39.638162,Wajir
1.414847,39.683078,Wajir
1.414847,39.727993,Wajir
1.414847,39.772909,Wajir
1.414847,39.817825,Wajir
1.414847,39.862741,Wajir
1.414847,39.907656,Wajir
1.414847,39.952572,Wajir
1.414847,39.997488,Wajir
1.414847,40.042404,Wajir
1.414847,40.08732,Wajir
1.414847,40.132235,Wajir
1.414847,40.177151,Wajir
1.414847,40.222067,Wajir
1.414847,40.266983,Wajir
1.414847,40.311898,Wajir
1.414847,40.356814,Wajir
1.414847,40.40173,Wajir
1.414847,40.446646,Wajir
1.414847,40.491561,Wajir
1.414847,40.536477,Wajir
1.414847,40.581393,Wajir
1.414847,40.626309,Wajir
1.414847,40.671224,Wajir
1.414847,40.71614,Wajir
1.414847,40.761056,Wajir
1.414847,40.805972,Wajir
1.414847,40.850888,Wajir
1.414847,40.895803,Wajir
1.414847,40.940719,Wajir
1.414847,40.985635,Wajir
1.369931,34.787259,Unknown
1.369931,34.832175,West Pokot
1.369931,34.877091,West Pokot
1.369931,34.922007,West Pokot
1.369931,34.966922,West Pokot
1.369931,35.011838,West Pokot
1.369931,35.056754,West Pokot
1.369931,35.10167,West Pokot
1.369931,35.146585,West Pokot
1.369931,35.191501,West Pokot
1.369931,35.236417,West Pokot
1.369931,35.281333,West Pokot
1.369931,35.326249,West Pokot
1.369931,35.371164,West Pokot
1.369931,35.41608,West Pokot
1.369931,35.460996,West Pokot
1.369931,35.505912,West Pokot
1.369931,35.550827,West Pokot
1.369931,35.595743,West Pokot
1.369931,35.640659,West Pokot
1.369931,35.685575,West Pokot
1.369931,35.73049,Baringo
1.369931,35.775406,Baringo
1.369931,35.820322,Baringo
1.369931,35.865238,Baringo
1.369931,35.910153,Baringo
1.369931,35.955069,Baringo
1.369931,35.999985,Turkana
1.369931,36.044901,Turkana
1.369931,36.089817,Turkana
1.369931,36.134732,Turkana
1.369931,36.179648,Turkana
1.369931,36.224564,Turkana
1.369931,36.26948,Turkana
1.369931,36.314395,Turkana
1.369931,36.359311,Turkana
1.369931,36.404227,Turkana
1.369931,36.449143,Turkana
1.369931,36.494058,Samburu
1.369931,36.538974,Samburu
1.369931,36.58389,Samburu
1.369931,36.628806,Samburu
1.369931,36.673721,Samburu
1.369931,36.718637,Samburu
1.369931,36.763553,Samburu
1.369931,36.808469,Samburu
1.369931,36.853385,Samburu
1.369931,36.8983,Samburu
1.369931,36.943216,Samburu
1.369931,36.988132,Samburu
1.369931,37.033048,Samburu
1.369931,37.077963,Samburu
1.369931,37.122879,Samburu
1.369931,37.167795,Samburu
1.369931,37.212711,Samburu
1.369931,37.257626,Samburu
1.369931,37.302542,Samburu
1.369931,37.347458,Samburu
1.369931,37.392374,Samburu
1.369931,37.437289,Samburu
1.369931,37.482205,Samburu
1.369931,37.527121,Samburu
1.369931,37.572037,Samburu
1.369931,37.616953,Samburu
1.369931,37.661868,Samburu
1.369931,37.706784,Samburu
1.369931,37.7517,Samburu
1.369931,37.796616,Samburu
1.369931,37.841531,Samburu
1.369931,37.886447,Samburu
1.369931,37.931363,Samburu
1.369931,37.976279,Marsabit
1.369931,38.021194,Marsabit
1.369931,38.06611,Marsabit
1.369931,38.111026,Isiolo
1.369931,38.155942,Isiolo
1.369931,38.200857,Isiolo
1.369931,38.245773,Isiolo
1.369931,38.290689,Isiolo
1.369931,38.335605,Isiolo
1.369931,38.380521,Isiolo
1.369931,38.425436,Isiolo
1.369931,38.470352,Isiolo
1.369931,38.515268,Isiolo
1.369931,38.560184,Isiolo
1.369931,38.605099,Isiolo
1.369931,38.650015,Isiolo
1.369931,38.694931,Isiolo
1.369931,38.739847,Isiolo
1.369931,38.784762,Isiolo
1.369931,38.829678,Isiolo
1.369931,38.874594,Isiolo
1.369931,38.91951,Isiolo
1.369931,38.964425,Isiolo
1.369931,39.009341,Isiolo
1.369931,39.054257,Isiolo
1.369931,39.099173,Isiolo
1.369931,39.144089,Isiolo
1.369931,39.189004,Isiolo
1.369931,39.23392,Isiolo
1.369931,39.278836,Isiolo
1.369931,39.323752,Wajir
1.369931,39.368667,Wajir
1.369931,39.413583,Wajir
1.369931,39.458499,Wajir
1.369931,39.503415,Wajir
1.369931,39.54833,Wajir
1.369931,39.593246,Wajir
1.369931,39.638162,Wajir
1.369931,39.683078,Wajir
1.369931,39.727993,Wajir
1.369931,39.772909,Wajir
1.369931,39.817825,Wajir
1.369931,39.862741,Wajir
1.369931,39.907656,Wajir
1.369931,39.952572,Wajir
1.369931,39.997488,Wajir
1.369931,40.042404,Wajir
1.369931,40.08732,Wajir
1.369931,40.132235,Wajir
1.369931,40.177151,Wajir
1.369931,40.222067,Wajir
1.369931,40.266983,Wajir
1.369931,40.311898,Wajir
1.369931,40.356814,Wajir
1.369931,40.40173,Wajir
1.369931,40.446646,Wajir
1.369931,40.491561,Wajir
1.369931,40.536477,Wajir
1.369931,40.581393,Wajir
1.369931,40.626309,Wajir
1.369931,40.671224,Wajir
1.369931,40.71614,Wajir
1.369931,40.761056,Wajir
1.369931,40.805972,Wajir
1.369931,40.850888,Wajir
1.369931,40.895803,Wajir
1.369931,40.940719,Wajir
1.369931,40.985635,Wajir
1.325015,34.787259,Unknown
1.325015,34.832175,West Pokot
1.325015,34.877091,West Pokot
1.325015,34.922007,West Pokot
1.325015,34.966922,West Pokot
1.325015,35.011838,West Pokot
1.325015,35.056754,West Pokot
1.325015,35.10167,West Pokot
1.325015,35.146585,West Pokot
1.325015,35.191501,West Pokot
1.325015,35.236417,West Pokot
1.325015,35.281333,West Pokot
1.325015,35.326249,West Pokot
1.325015,35.371164,West Pokot
1.325015,35.41608,West Pokot
1.325015,35.460996,West Pokot
1.325015,35.505912,West Pokot
1.325015,35.550827,West Pokot
1.325015,35.595743,West Pokot
1.325015,35.640659,West Pokot
1.325015,35.685575,West Pokot
1.325015,35.73049,Baringo
1.325015,35.775406,Baringo
1.325015,35.820322,Baringo
1.325015,35.865238,Baringo
1.325015,35.910153,Baringo
1.325015,35.955069,Baringo
1.325015,35.999985,Baringo
1.325015,36.044901,Turkana
1.325015,36.089817,Turkana
1.325015,36.134732,Turkana
1.325015,36.179648,Turkana
1.325015,36.224564,Turkana
1.325015,36.26948,Turkana
1.325015,36.314395,Turkana
1.325015,36.359311,Turkana
1.325015,36.404227,Turkana
1.325015,36.449143,Samburu
1.325015,36.494058,Samburu
1.325015,36.538974,Samburu
1.325015,36.58389,Samburu
1.325015,36.628806,Samburu
1.325015,36.673721,Samburu
1.325015,36.718637,Samburu
1.325015,36.763553,Samburu
1.325015,36.808469,Samburu
1.325015,36.853385,Samburu
1.325015,36.8983,Samburu
1.325015,36.943216,Samburu
1.325015,36.988132,Samburu
1.325015,37.033048,Samburu
1.325015,37.077963,Samburu
1.325015,37.122879,Samburu
1.325015,37.167795,Samburu
1.325015,37.212711,Samburu
1.325015,37.257626,Samburu
1.325015,37.302542,Samburu
1.325015,37.347458,Samburu
1.325015,37.392374,Samburu
1.325015,37.437289,Samburu
1.325015,37.482205,Samburu
1.325015,37.527121,Samburu
1.325015,37.572037,Samburu
1.325015,37.616953,Samburu
1.325015,37.661868,Samburu
1.325015,37.706784,Samburu
1.325015,37.7517,Samburu
1.325015,37.796616,Samburu
1.325015,37.841531,Samburu
1.325015,37.886447,Samburu
1.325015,37.931363,Samburu
1.325015,37.976279,Marsabit
1.325015,38.021194,Marsabit
1.325015,38.06611,Isiolo
1.325015,38.111026,Isiolo
1.325015,38.155942,Isiolo
1.325015,38.200857,Isiolo
1.325015,38.245773,Isiolo
1.325015,38.290689,Isiolo
1.325015,38.335605,Isiolo
1.325015,38.380521,Isiolo
1.325015,38.425436,Isiolo
1.325015,38.470352,Isiolo
1.325015,38.515268,Isiolo
1.325015,38.560184,Isiolo
1.325015,38.605099,Isiolo
1.325015,38.650015,Isiolo
1.325015,38.694931,Isiolo
1.325015,38.739847,Isiolo
1.325015,38.784762,Isiolo
1.325015,38.829678,Isiolo
1.325015,38.874594,Isiolo
1.325015,38.91951,Isiolo
1.325015,38.964425,Isiolo
1.325015,39.009341,Isiolo
1.325015,39.054257,Isiolo
1.325015,39.099173,Isiolo
1.325015,39.144089,Isiolo
1.325015,39.189004,Isiolo
1.325015,39.23392,Isiolo
1.325015,39.278836,Isiolo
1.325015,39.323752,Isiolo
1.325015,39.368667,Wajir
1.325015,39.413583,Wajir
1.325015,39.458499,Wajir
1.325015,39.503415,Wajir
1.325015,39.54833,Wajir
1.325015,39.593246,Wajir
1.325015,39.638162,Wajir
1.325015,39.683078,Wajir
1.325015,39.727993,Wajir
1.325015,39.772909,Wajir
1.325015,39.817825,Wajir
1.325015,39.862741,Wajir
1.325015,39.907656,Wajir
1.325015,39.952572,Wajir
1.325015,39.997488,Wajir
1.325015,40.042404,Wajir
1.325015,40.08732,Wajir
1.325015,40.132235,Wajir
1.325015,40.177151,Wajir
1.325015,40.222067,Wajir
1.325015,40.266983,Wajir
1.325015,40.311898,Wajir
1.325015,40.356814,Wajir
1.325015,40.40173,Wajir
1.325015,40.446646,Wajir
1.325015,40.491561,Wajir
1.325015,40.536477,Wajir
1.325015,40.581393,Wajir
1.325015,40.626309,Wajir
1.325015,40.671224,Wajir
1.325015,40.71614,Wajir
1.325015,40.761056,Wajir
1.325015,40.805972,Wajir
1.325015,40.850888,Wajir
1.325015,40.895803,Wajir
1.325015,40.940719,Wajir
1.325015,40.985635,Wajir
1.280099,34.832175,West Pokot
1.280099,34.877091,West Pokot
1.280099,34.922007,West Pokot
1.280099,34.966922,West Pokot
1.280099,35.011838,West Pokot
1.280099,35.056754,West Pokot
1.280099,35.10167,West Pokot
1.280099,35.146585,West Pokot
1.280099,35.191501,West Pokot
1.280099,35.236417,West Pokot
1.280099,35.281333,West Pokot
1.280099,35.326249,West Pokot
1.280099,35.371164,West Pokot
1.280099,35.41608,West Pokot
1.280099,35.460996,West Pokot
1.280099,35.505912,West Pokot
1.280099,35.550827,Elgeyo-Marakwet
1.280099,35.595743,Elgeyo-Marakwet
1.280099,35.640659,Elgeyo-Marakwet
1.280099,35.685575,Elgeyo-Marakwet
1.280099,35.73049,Baringo
1.280099,35.775406,Baringo
1.280099,35.820322,Baringo
1.280099,35.865238,Baringo
1.280099,35.910153,Baringo
1.280099,35.955069,Baringo
1.280099,35.999985,Baringo
1.280099,36.044901,Turkana
1.280099,36.089817,Turkana
1.280099,36.134732,Turkana
1.280099,36.179648,Turkana
1.280099,36.224564,Turkana
1.280099,36.26948,Turkana
1.280099,36.314395,Turkana
1.280099,36.359311,Turkana
1.280099,36.404227,Turkana
1.280099,36.449143,Samburu
1.280099,36.494058,Samburu
1.280099,36.538974,Samburu
1.280099,36.58389,Samburu
1.280099,36.628806,Samburu
1.280099,36.673721,Samburu
1.280099,36.718637,Samburu
1.280099,36.763553,Samburu
1.280099,36.808469,Samburu
1.280099,36.853385,Samburu
1.280099,36.8983,Samburu
1.280099,36.943216,Samburu
1.280099,36.988132,Samburu
1.280099,37.033048,Samburu
1.280099,37.077963,Samburu
1.280099,37.122879,Samburu
1.280099,37.167795,Samburu
1.280099,37.212711,Samburu
1.280099,37.257626,Samburu
1.280099,37.302542,Samburu
1.280099,37.347458,Samburu
1.280099,37.392374,Samburu
1.280099,37.437289,Samburu
1.280099,37.482205,Samburu
1.280099,37.527121,Samburu
1.280099,37.572037,Samburu
1.280099,37.616953,Samburu
1.280099,37.661868,Samburu
1.280099,37.706784,Samburu
1.280099,37.7517,Samburu
1.280099,37.796616,Samburu
1.280099,37.841531,Samburu
1.280099,37.886447,Samburu
1.280099,37.931363,Samburu
1.280099,37.976279,Isiolo
1.280099,38.021194,Isiolo
1.280099,38.06611,Isiolo
1.280099,38.111026,Isiolo
1.280099,38.155942,Isiolo
1.280099,38.200857,Isiolo
1.280099,38.245773,Isiolo
1.280099,38.290689,Isiolo
1.280099,38.335605,Isiolo
1.280099,38.380521,Isiolo
1.280099,38.425436,Isiolo
1.280099,38.470352,Isiolo
1.280099,38.515268,Isiolo
1.280099,38.560184,Isiolo
1.280099,38.605099,Isiolo
1.280099,38.650015,Isiolo
1.280099,38.694931,Isiolo
1.280099,38.739847,Isiolo
1.280099,38.784762,Isiolo
1.280099,38.829678,Isiolo
1.280099,38.874594,Isiolo
1.280099,38.91951,Isiolo
1.280099,38.964425,Isiolo
1.280099,39.009341,Isiolo
1.280099,39.054257,Isiolo
1.280099,39.099173,Isiolo
1.280099,39.144089,Isiolo
1.280099,39.189004,Isiolo
1.280099,39.23392,Isiolo
1.280099,39.278836,Isiolo
1.280099,39.323752,Isiolo
1.280099,39.368667,Wajir
1.280099,39.413583,Wajir
1.280099,39.458499,Wajir
1.280099,39.503415,Wajir
1.280099,39.54833,Wajir
1.280099,39.593246,Wajir
1.280099,39.638162,Wajir
1.280099,39.683078,Wajir
1.280099,39.727993,Wajir
1.280099,39.772909,Wajir
1.280099,39.817825,Wajir
1.280099,39.862741,Wajir
1.280099,39.907656,Wajir
1.280099,39.952572,Wajir
1.280099,39.997488,Wajir
1.280099,40.042404,Wajir
1.280099,40.08732,Wajir
1.280099,40.132235,Wajir
1.280099,40.177151,Wajir
1.280099,40.222067,Wajir
1.280099,40.266983,Wajir
1.280099,40.311898,Wajir
1.280099,40.356814,Wajir
1.280099,40.40173,Wajir
1.280099,40.446646,Wajir
1.280099,40.491561,Wajir
1.280099,40.536477,Wajir
1.280099,40.581393,Wajir
1.280099,40.626309,Wajir
1.280099,40.671224,Wajir
1.280099,40.71614,Wajir
1.280099,40.761056,Wajir
1.280099,40.805972,Wajir
1.280099,40.850888,Wajir
1.280099,40.895803,Wajir
1.280099,40.940719,Wajir
1.280099,40.985635,Wajir
1.235184,34.742344,Unknown
1.235184,34.787259,Unknown
1.235184,34.832175,Trans Nzoia
1.235184,34.877091,Trans Nzoia
1.235184,34.922007,Trans Nzoia
1.235184,34.966922,Trans Nzoia
1.235184,35.011838,Trans Nzoia
1.235184,35.056754,West Pokot
1.235184,35.10167,West Pokot
1.235184,35.146585,West Pokot
1.235184,35.191501,West Pokot
1.235184,35.236417,West Pokot
1.235184,35.281333,West Pokot
1.235184,35.326249,West Pokot
1.235184,35.371164,West Pokot
1.235184,35.41608,West Pokot
1.235184,35.460996,West Pokot
1.235184,35.505912,Elgeyo-Marakwet
1.235184,35.550827,Elgeyo-Marakwet
1.235184,35.595743,Elgeyo-Marakwet
1.235184,35.640659,Elgeyo-Marakwet
1.235184,35.685575,Elgeyo-Marakwet
1.235184,35.73049,Baringo
1.235184,35.775406,Baringo
1.235184,35.820322,Baringo
1.235184,35.865238,Baringo
1.235184,35.910153,Baringo
1.235184,35.955069,Baringo
1.235184,35.999985,Baringo
1.235184,36.044901,Baringo
1.235184,36.089817,Turkana
1.235184,36.134732,Turkana
1.235184,36.179648,Turkana
1.235184,36.224564,Turkana
1.235184,36.26948,Turkana
1.235184,36.314395,Turkana
1.235184,36.359311,Turkana
1.235184,36.404227,Turkana
1.235184,36.449143,Samburu
1.235184,36.494058,Samburu
1.235184,36.538974,Samburu
1.235184,36.58389,Samburu
1.235184,36.628806,Samburu
1.235184,36.673721,Samburu
1.235184,36.718637,Samburu
1.235184,36.763553,Samburu
1.235184,36.808469,Samburu
1.235184,36.853385,Samburu
1.235184,36.8983,Samburu
1.235184,36.943216,Samburu
1.235184,36.988132,Samburu
1.235184,37.033048,Samburu
1.235184,37.077963,Samburu
1.235184,37.122879,Samburu
1.235184,37.167795,Samburu
1.235184,37.212711,Samburu
1.235184,37.257626,Samburu
1.235184,37.302542,Samburu
1.235184,37.347458,Samburu
1.235184,37.392374,Samburu
1.235184,37.437289,Samburu
1.235184,37.482205,Samburu
1.235184,37.527121,Samburu
1.235184,37.572037,Samburu
1.235184,37.616953,Samburu
1.235184,37.661868,Samburu
1.235184,37.706784,Samburu
1.235184,37.7517,Samburu
1.235184,37.796616,Samburu
1.235184,37.841531,Samburu
1.235184,37.886447,Samburu
1.235184,37.931363,Samburu
1.235184,37.976279,Isiolo
1.235184,38.021194,Isiolo
1.235184,38.06611,Isiolo
1.235184,38.111026,Isiolo
1.235184,38.155942,Isiolo
1.235184,38.200857,Isiolo
1.235184,38.245773,Isiolo
1.235184,38.290689,Isiolo
1.235184,38.335605,Isiolo
1.235184,38.380521,Isiolo
1.235184,38.425436,Isiolo
1.235184,38.470352,Isiolo
1.235184,38.515268,Isiolo
1.235184,38.560184,Isiolo
1.235184,38.605099,Isiolo
1.235184,38.650015,Isiolo
1.235184,38.694931,Isiolo
1.235184,38.739847,Isiolo
1.235184,38.784762,Isiolo
1.235184,38.829678,Isiolo
1.235184,38.874594,Isiolo
1.235184,38.91951,Isiolo
1.235184,38.964425,Isiolo
1.235184,39.009341,Isiolo
1.235184,39.054257,Isiolo
1.235184,39.099173,Isiolo
1.235184,39.144089,Isiolo
1.235184,39.189004,Isiolo
1.235184,39.23392,Isiolo
1.235184,39.278836,Isiolo
1.235184,39.323752,Isiolo
1.235184,39.368667,Wajir
1.235184,39.413583,Wajir
1.235184,39.458499,Wajir
1.235184,39.503415,Wajir
1.235184,39.54833,Wajir
1.235184,39.593246,Wajir
1.235184,39.638162,Wajir
1.235184,39.683078,Wajir
1.235184,39.727993,Wajir
1.235184,39.772909,Wajir
1.235184,39.817825,Wajir
1.235184,39.862741,Wajir
1.235184,39.907656,Wajir
1.235184,39.952572,Wajir
1.235184,39.997488,Wajir
1.235184,40.042404,Wajir
1.235184,40.08732,Wajir
1.235184,40.132235,Wajir
1.235184,40.177151,Wajir
1.235184,40.222067,Wajir
1.235184,40.266983,Wajir
1.235184,40.311898,Wajir
1.235184,40.356814,Wajir
1.235184,40.40173,Wajir
1.235184,40.446646,Wajir
1.235184,40.491561,Wajir
1.235184,40.536477,Wajir
1.235184,40.581393,Wajir
1.235184,40.626309,Wajir
1.235184,40.671224,Wajir
1.235184,40.71614,Wajir
1.235184,40.761056,Wajir
1.235184,40.805972,Wajir
1.235184,40.850888,Wajir
1.235184,40.895803,Wajir
1.235184,40.940719,Wajir
1.235184,40.985635,Wajir
1.190268,34.652512,Unknown
1.190268,34.697428,Trans Nzoia
1.190268,34.742344,Trans Nzoia
1.190268,34.787259,Trans Nzoia
1.190268,34.832175,Trans Nzoia
1.190268,34.877091,Trans Nzoia
1.190268,34.922007,Trans Nzoia
1.190268,34.966922,Trans Nzoia
1.190268,35.011838,Trans Nzoia
1.190268,35.056754,West Pokot
1.190268,35.10167,West Pokot
1.190268,35.146585,Trans Nzoia
1.190268,35.191501,West Pokot
1.190268,35.236417,West Pokot
1.190268,35.281333,West Pokot
1.190268,35.326249,West Pokot
1.190268,35.371164,West Pokot
1.190268,35.41608,West Pokot
1.190268,35.460996,Elgeyo-Marakwet
1.190268,35.505912,Elgeyo-Marakwet
1.190268,35.550827,Elgeyo-Marakwet
1.190268,35.595743,Elgeyo-Marakwet
1.190268,35.640659,Elgeyo-Marakwet
1.190268,35.685575,Elgeyo-Marakwet
1.190268,35.73049,Baringo
1.190268,35.775406,Baringo
1.190268,35.820322,Baringo
1.190268,35.865238,Baringo
1.190268,35.910153,Baringo
1.190268,35.955069,Baringo
1.190268,35.999985,Baringo
1.190268,36.044901,Baringo
1.190268,36.089817,Turkana
1.190268,36.134732,Turkana
1.190268,36.179648,Turkana
1.190268,36.224564,Turkana
1.190268,36.26948,Turkana
1.190268,36.314395,Turkana
1.190268,36.359311,Turkana
1.190268,36.404227,Samburu
1.190268,36.449143,Samburu
1.190268,36.494058,Samburu
1.190268,36.538974,Samburu
1.190268,36.58389,Samburu
1.190268,36.628806,Samburu
1.190268,36.673721,Samburu
1.190268,36.718637,Samburu
1.190268,36.763553,Samburu
1.190268,36.808469,Samburu
1.190268,36.853385,Samburu
1.190268,36.8983,Samburu
1.190268,36.943216,Samburu
1.190268,36.988132,Samburu
1.190268,37.033048,Samburu
1.190268,37.077963,Samburu
1.190268,37.122879,Samburu
1.190268,37.167795,Samburu
1.190268,37.212711,Samburu
1.190268,37.257626,Samburu
1.190268,37.302542,Samburu
1.190268,37.347458,Samburu
1.190268,37.392374,Samburu
1.190268,37.437289,Samburu
1.190268,37.482205,Samburu
1.190268,37.527121,Samburu
1.190268,37.572037,Samburu
1.190268,37.616953,Samburu
1.190268,37.661868,Samburu
1.190268,37.706784,Samburu
1.190268,37.7517,Samburu
1.190268,37.796616,Samburu
1.190268,37.841531,Samburu
1.190268,37.886447,Samburu
1.190268,37.931363,Samburu
1.190268,37.976279,Isiolo
1.190268,38.021194,Isiolo
1.190268,38.06611,Isiolo
1.190268,38.111026,Isiolo
1.190268,38.155942,Isiolo
1.190268,38.200857,Isiolo
1.190268,38.245773,Isiolo
1.190268,38.290689,Isiolo
1.190268,38.335605,Isiolo
1.190268,38.380521,Isiolo
1.190268,38.425436,Isiolo
1.190268,38.470352,Isiolo
1.190268,38.515268,Isiolo
1.190268,38.560184,Isiolo
1.190268,38.605099,Isiolo
1.190268,38.650015,Isiolo
1.190268,38.694931,Isiolo
1.190268,38.739847,Isiolo
1.190268,38.784762,Isiolo
1.190268,38.829678,Isiolo
1.190268,38.874594,Isiolo
1.190268,38.91951,Isiolo
1.190268,38.964425,Isiolo
1.190268,39.009341,Isiolo
1.190268,39.054257,Isiolo
1.190268,39.099173,Isiolo
1.190268,39.144089,Isiolo
1.190268,39.189004,Isiolo
1.190268,39.23392,Isiolo
1.190268,39.278836,Isiolo
1.190268,39.323752,Isiolo
1.190268,39.368667,Isiolo
1.190268,39.413583,Wajir
1.190268,39.458499,Wajir
1.190268,39.503415,Wajir
1.190268,39.54833,Wajir
1.190268,39.593246,Wajir
1.190268,39.638162,Wajir
1.190268,39.683078,Wajir
1.190268,39.727993,Wajir
1.190268,39.772909,Wajir
1.190268,39.817825,Wajir
1.190268,39.862741,Wajir
1.190268,39.907656,Wajir
1.190268,39.952572,Wajir
1.190268,39.997488,Wajir
1.190268,40.042404,Wajir
1.190268,40.08732,Wajir
1.190268,40.132235,Wajir
1.190268,40.177151,Wajir
1.190268,40.222067,Wajir
1.190268,40.266983,Wajir
1.190268,40.311898,Wajir
1.190268,40.356814,Wajir
1.190268,40.40173,Wajir
1.190268,40.446646,Wajir
1.190268,40.491561,Wajir
1.190268,40.536477,Wajir
1.190268,40.581393,Wajir
1.190268,40.626309,Wajir
1.190268,40.671224,Wajir
1.190268,40.71614,Wajir
1.190268,40.761056,Wajir
1.190268,40.805972,Wajir
1.190268,40.850888,Wajir
1.190268,40.895803,Wajir
1.190268,40.940719,Wajir
1.190268,40.985635,Wajir
1.145352,34.562681,Unknown
1.145352,34.607596,Trans Nzoia
1.145352,34.652512,Trans Nzoia
1.145352,34.697428,Trans Nzoia
1.145352,34.742344,Trans Nzoia
1.145352,34.787259,Trans Nzoia
1.145352,34.832175,Trans Nzoia
1.145352,34.877091,Trans Nzoia
1.145352,34.922007,Trans Nzoia
1.145352,34.966922,Trans Nzoia
1.145352,35.011838,Trans Nzoia
1.145352,35.056754,Trans Nzoia
1.145352,35.10167,Trans Nzoia
1.145352,35.146585,Trans Nzoia
1.145352,35.191501,Elgeyo-Marakwet
1.145352,35.236417,Elgeyo-Marakwet
1.145352,35.281333,West Pokot
1.145352,35.326249,West Pokot
1.145352,35.371164,West Pokot
1.145352,35.41608,Elgeyo-Marakwet
1.145352,35.460996,Elgeyo-Marakwet
1.145352,35.505912,Elgeyo-Marakwet
1.145352,35.550827,Elgeyo-Marakwet
1.145352,35.595743,Elgeyo-Marakwet
1.145352,35.640659,Elgeyo-Marakwet
1.145352,35.685575,Elgeyo-Marakwet
1.145352,35.73049,Baringo
1.145352,35.775406,Baringo
1.145352,35.820322,Baringo
1.145352,35.865238,Baringo
1.145352,35.910153,Baringo
1.145352,35.955069,Baringo
1.145352,35.999985,Baringo
1.145352,36.044901,Baringo
1.145352,36.089817,Baringo
1.145352,36.134732,Baringo
1.145352,36.179648,Baringo
1.145352,36.224564,Turkana
1.145352,36.26948,Turkana
1.145352,36.314395,Turkana
1.145352,36.359311,Turkana
1.145352,36.404227,Turkana
1.145352,36.449143,Samburu
1.145352,36.494058,Samburu
1.145352,36.538974,Samburu
1.145352,36.58389,Samburu
1.145352,36.628806,Samburu
1.145352,36.673721,Samburu
1.145352,36.718637,Samburu
1.145352,36.763553,Samburu
1.145352,36.808469,Samburu
1.145352,36.853385,Samburu
1.145352,36.8983,Samburu
1.145352,36.943216,Samburu
1.145352,36.988132,Samburu
1.145352,37.033048,Samburu
1.145352,37.077963,Samburu
1.145352,37.122879,Samburu
1.145352,37.167795,Samburu
1.145352,37.212711,Samburu
1.145352,37.257626,Samburu
1.145352,37.302542,Samburu
1.145352,37.347458,Samburu
1.145352,37.392374,Samburu
1.145352,37.437289,Samburu
1.145352,37.482205,Samburu
1.145352,37.527121,Samburu
1.145352,37.572037,Samburu
1.145352,37.616953,Samburu
1.145352,37.661868,Samburu
1.145352,37.706784,Samburu
1.145352,37.7517,Samburu
1.145352,37.796616,Samburu
1.145352,37.841531,Samburu
1.145352,37.886447,Samburu
1.145352,37.931363,Samburu
1.145352,37.976279,Samburu
1.145352,38.021194,Isiolo
1.145352,38.06611,Isiolo
1.145352,38.111026,Isiolo
1.145352,38.155942,Isiolo
1.145352,38.200857,Isiolo
1.145352,38.245773,Isiolo
1.145352,38.290689,Isiolo
1.145352,38.335605,Isiolo
1.145352,38.380521,Isiolo
1.145352,38.425436,Isiolo
1.145352,38.470352,Isiolo
1.145352,38.515268,Isiolo
1.145352,38.560184,Isiolo
1.145352,38.605099,Isiolo
1.145352,38.650015,Isiolo
1.145352,38.694931,Isiolo
1.145352,38.739847,Isiolo
1.145352,38.784762,Isiolo
1.145352,38.829678,Isiolo
1.145352,38.874594,Isiolo
1.145352,38.91951,Isiolo
1.145352,38.964425,Isiolo
1.145352,39.009341,Isiolo
1.145352,39.054257,Isiolo
1.145352,39.099173,Isiolo
1.145352,39.144089,Isiolo
1.145352,39.189004,Isiolo
1.145352,39.23392,Isiolo
1.145352,39.278836,Isiolo
1.145352,39.323752,Isiolo
1.145352,39.368667,Isiolo
1.145352,39.413583,Wajir
1.145352,39.458499,Wajir
1.145352,39.503415,Wajir
1.145352,39.54833,Wajir
1.145352,39.593246,Wajir
1.145352,39.638162,Wajir
1.145352,39.683078,Wajir
1.145352,39.727993,Wajir
1.145352,39.772909,Wajir
1.145352,39.817825,Wajir
1.145352,39.862741,Wajir
1.145352,39.907656,Wajir
1.145352,39.952572,Wajir
1.145352,39.997488,Wajir
1.145352,40.042404,Wajir
1.145352,40.08732,Wajir
1.145352,40.132235,Wajir
1.145352,40.177151,Wajir
1.145352,40.222067,Wajir
1.145352,40.266983,Wajir
1.145352,40.311898,Wajir
1.145352,40.356814,Wajir
1.145352,40.40173,Wajir
1.145352,40.446646,Wajir
1.145352,40.491561,Wajir
1.145352,40.536477,Wajir
1.145352,40.581393,Wajir
1.145352,40.626309,Wajir
1.145352,40.671224,Wajir
1.145352,40.71614,Wajir
1.145352,40.761056,Wajir
1.145352,40.805972,Wajir
1.145352,40.850888,Wajir
1.145352,40.895803,Wajir
1.145352,40.940719,Wajir
1.145352,40.985635,Wajir
1.100436,34.517765,Unknown
1.100436,34.562681,Bungoma
1.100436,34.607596,Bungoma
1.100436,34.652512,Trans Nzoia
1.100436,34.697428,Trans Nzoia
1.100436,34.742344,Trans Nzoia
1.100436,34.787259,Trans Nzoia
1.100436,34.832175,Trans Nzoia
1.100436,34.877091,Trans Nzoia
1.100436,34.922007,Trans Nzoia
1.100436,34.966922,Trans Nzoia
1.100436,35.011838,Trans Nzoia
1.100436,35.056754,Trans Nzoia
1.100436,35.10167,Trans Nzoia
1.100436,35.146585,Trans Nzoia
1.100436,35.191501,Trans Nzoia
1.100436,35.236417,Elgeyo-Marakwet
1.100436,35.281333,Elgeyo-Marakwet
1.100436,35.326249,Elgeyo-Marakwet
1.100436,35.371164,Elgeyo-Marakwet
1.100436,35.41608,Elgeyo-Marakwet
1.100436,35.460996,Elgeyo-Marakwet
1.100436,35.505912,Elgeyo-Marakwet
1.100436,35.550827,Elgeyo-Marakwet
1.100436,35.595743,Elgeyo-Marakwet
1.100436,35.640659,Elgeyo-Marakwet
1.100436,35.685575,Elgeyo-Marakwet
1.100436,35.73049,Baringo
1.100436,35.775406,Baringo
1.100436,35.820322,Baringo
1.100436,35.865238,Baringo
1.100436,35.910153,Baringo
1.100436,35.955069,Baringo
1.100436,35.999985,Baringo
1.100436,36.044901,Baringo
1.100436,36.089817,Baringo
1.100436,36.134732,Baringo
1.100436,36.179648,Baringo
1.100436,36.224564,Baringo
1.100436,36.26948,Turkana
1.100436,36.314395,Turkana
1.100436,36.359311,Turkana
1.100436,36.404227,Turkana
1.100436,36.449143,Samburu
1.100436,36.494058,Samburu
1.100436,36.538974,Samburu
1.100436,36.58389,Samburu
1.100436,36.628806,Samburu
1.100436,36.673721,Samburu
1.100436,36.718637,Samburu
1.100436,36.763553,Samburu
1.100436,36.808469,Samburu
1.100436,36.853385,Samburu
1.100436,36.8983,Samburu
1.100436,36.943216,Samburu
1.100436,36.988132,Samburu
1.100436,37.033048,Samburu
1.100436,37.077963,Samburu
1.100436,37.122879,Samburu
1.100436,37.167795,Samburu
1.100436,37.212711,Samburu
1.100436,37.257626,Samburu
1.100436,37.302542,Samburu
1.100436,37.347458,Samburu
1.100436,37.392374,Samburu
1.100436,37.437289,Samburu
1.100436,37.482205,Samburu
1.100436,37.527121,Samburu
1.100436,37.572037,Samburu
1.100436,37.616953,Samburu
1.100436,37.661868,Samburu
1.100436,37.706784,Samburu
1.100436,37.7517,Samburu
1.100436,37.796616,Samburu
1.100436,37.841531,Samburu
1.100436,37.886447,Samburu
1.100436,37.931363,Samburu
1.100436,37.976279,Samburu
1.100436,38.021194,Isiolo
1.100436,38.06611,Isiolo
1.100436,38.111026,Isiolo
1.100436,38.155942,Isiolo
1.100436,38.200857,Isiolo
1.100436,38.245773,Isiolo
1.100436,38.290689,Isiolo
1.100436,38.335605,Isiolo
1.100436,38.380521,Isiolo
1.100436,38.425436,Isiolo
1.100436,38.470352,Isiolo
1.100436,38.515268,Isiolo
1.100436,38.560184,Isiolo
1.100436,38.605099,Isiolo
1.100436,38.650015,Isiolo
1.100436,38.694931,Isiolo
1.100436,38.739847,Isiolo
1.100436,38.784762,Isiolo
1.100436,38.829678,Isiolo
1.100436,38.874594,Isiolo
1.100436,38.91951,Isiolo
1.100436,38.964425,Isiolo
1.100436,39.009341,Isiolo
1.100436,39.054257,Isiolo
1.100436,39.099173,Isiolo
1.100436,39.144089,Isiolo
1.100436,39.189004,Isiolo
1.100436,39.23392,Isiolo
1.100436,39.278836,Isiolo
1.100436,39.323752,Isiolo
1.100436,39.368667,Isiolo
1.100436,39.413583,Isiolo
1.100436,39.458499,Wajir
1.100436,39.503415,Wajir
1.100436,39.54833,Wajir
1.100436,39.593246,Wajir
1.100436,39.638162,Wajir
1.100436,39.683078,Wajir
1.100436,39.727993,Wajir
1.100436,39.772909,Wajir
1.100436,39.817825,Wajir
1.100436,39.862741,Wajir
1.100436,39.907656,Wajir
1.100436,39.952572,Wajir
1.100436,39.997488,Wajir
1.100436,40.042404,Wajir
1.100436,40.08732,Wajir
1.100436,40.132235,Wajir
1.100436,40.177151,Wajir
1.100436,40.222067,Wajir
1.100436,40.266983,Wajir
1.100436,40.311898,Wajir
1.100436,40.356814,Wajir
1.100436,40.40173,Wajir
1.100436,40.446646,Wajir
1.100436,40.491561,Wajir
1.100436,40.536477,Wajir
1.100436,40.581393,Wajir
1.100436,40.626309,Wajir
1.100436,40.671224,Wajir
1.100436,40.71614,Wajir
1.100436,40.761056,Wajir
1.100436,40.805972,Wajir
1.100436,40.850888,Wajir
1.100436,40.895803,Wajir
1.100436,40.940719,Wajir
1.100436,40.985635,Wajir
1.05552,34.517765,Bungoma
1.05552,34.562681,Bungoma
1.05552,34.607596,Bungoma
1.05552,34.652512,Bungoma
1.05552,34.697428,Trans Nzoia
1.05552,34.742344,Trans Nzoia
1.05552,34.787259,Trans Nzoia
1.05552,34.832175,Trans Nzoia
1.05552,34.877091,Trans Nzoia
1.05552,34.922007,Trans Nzoia
1.05552,34.966922,Trans Nzoia
1.05552,35.011838,Trans Nzoia
1.05552,35.056754,Trans Nzoia
1.05552,35.10167,Trans Nzoia
1.05552,35.146585,Trans Nzoia
1.05552,35.191501,Trans Nzoia
1.05552,35.236417,Trans Nzoia
1.05552,35.281333,Trans Nzoia
1.05552,35.326249,Elgeyo-Marakwet
1.05552,35.371164,Elgeyo-Marakwet
1.05552,35.41608,Elgeyo-Marakwet
1.05552,35.460996,Elgeyo-Marakwet
1.05552,35.505912,Elgeyo-Marakwet
1.05552,35.550827,Elgeyo-Marakwet
1.05552,35.595743,Elgeyo-Marakwet
1.05552,35.640659,Elgeyo-Marakwet
1.05552,35.685575,Baringo
1.05552,35.73049,Baringo
1.05552,35.775406,Baringo
1.05552,35.820322,Baringo
1.05552,35.865238,Baringo
1.05552,35.910153,Baringo
1.05552,35.955069,Baringo
1.05552,35.999985,Baringo
1.05552,36.044901,Baringo
1.05552,36.089817,Baringo
1.05552,36.134732,Baringo
1.05552,36.179648,Baringo
1.05552,36.224564,Baringo
1.05552,36.26948,Turkana
1.05552,36.314395,Turkana
1.05552,36.359311,Turkana
1.05552,36.404227,Turkana
1.05552,36.449143,Samburu
1.05552,36.494058,Samburu
1.05552,36.538974,Samburu
1.05552,36.58389,Samburu
1.05552,36.628806,Samburu
1.05552,36.673721,Samburu
1.05552,36.718637,Samburu
1.05552,36.763553,Samburu
1.05552,36.808469,Samburu
1.05552,36.853385,Samburu
1.05552,36.8983,Samburu
1.05552,36.943216,Samburu
1.05552,36.988132,Samburu
1.05552,37.033048,Samburu
1.05552,37.077963,Samburu
1.05552,37.122879,Samburu
1.05552,37.167795,Samburu
1.05552,37.212711,Samburu
1.05552,37.257626,Samburu
1.05552,37.302542,Samburu
1.05552,37.347458,Samburu
1.05552,37.392374,Samburu
1.05552,37.437289,Samburu
1.05552,37.482205,Samburu
1.05552,37.527121,Samburu
1.05552,37.572037,Samburu
1.05552,37.616953,Samburu
1.05552,37.661868,Samburu
1.05552,37.706784,Samburu
1.05552,37.7517,Samburu
1.05552,37.796616,Samburu
1.05552,37.841531,Samburu
1.05552,37.886447,Samburu
1.05552,37.931363,Samburu
1.05552,37.976279,Samburu
1.05552,38.021194,Samburu
1.05552,38.06611,Isiolo
1.05552,38.111026,Isiolo
1.05552,38.155942,Isiolo
1.05552,38.200857,Isiolo
1.05552,38.245773,Isiolo
1.05552,38.290689,Isiolo
1.05552,38.335605,Isiolo
1.05552,38.380521,Isiolo
1.05552,38.425436,Isiolo
1.05552,38.470352,Isiolo
1.05552,38.515268,Isiolo
1.05552,38.560184,Isiolo
1.05552,38.605099,Isiolo
1.05552,38.650015,Isiolo
1.05552,38.694931,Isiolo
1.05552,38.739847,Isiolo
1.05552,38.784762,Isiolo
1.05552,38.829678,Isiolo
1.05552,38.874594,Isiolo
1.05552,38.91951,Isiolo
1.05552,38.964425,Isiolo
1.05552,39.009341,Isiolo
1.05552,39.054257,Isiolo
1.05552,39.099173,Isiolo
1.05552,39.144089,Isiolo
1.05552,39.189004,Isiolo
1.05552,39.23392,Isiolo
1.05552,39.278836,Isiolo
1.05552,39.323752,Isiolo
1.05552,39.368667,Isiolo
1.05552,39.413583,Isiolo
1.05552,39.458499,Wajir
1.05552,39.503415,Wajir
1.05552,39.54833,Wajir
1.05552,39.593246,Wajir
1.05552,39.638162,Wajir
1.05552,39.683078,Wajir
1.05552,39.727993,Wajir
1.05552,39.772909,Wajir
1.05552,39.817825,Wajir
1.05552,39.862741,Wajir
1.05552,39.907656,Wajir
1.05552,39.952572,Wajir
1.05552,39.997488,Wajir
1.05552,40.042404,Wajir
1.05552,40.08732,Wajir
1.05552,40.132235,Wajir
1.05552,40.177151,Wajir
1.05552,40.222067,Wajir
1.05552,40.266983,Wajir
1.05552,40.311898,Wajir
1.05552,40.356814,Wajir
1.05552,40.40173,Wajir
1.05552,40.446646,Wajir
1.05552,40.491561,Wajir
1.05552,40.536477,Wajir
1.05552,40.581393,Wajir
1.05552,40.626309,Wajir
1.05552,40.671224,Wajir
1.05552,40.71614,Wajir
1.05552,40.761056,Wajir
1.05552,40.805972,Wajir
1.05552,40.850888,Wajir
1.05552,40.895803,Wajir
1.05552,40.940719,Wajir
1.05552,40.985635,Wajir
1.010605,34.472849,Unknown
1.010605,34.517765,Bungoma
1.010605,34.562681,Bungoma
1.010605,34.607596,Bungoma
1.010605,34.652512,Bungoma
1.010605,34.697428,Trans Nzoia
1.010605,34.742344,Trans Nzoia
1.010605,34.787259,Trans Nzoia
1.010605,34.832175,Trans Nzoia
1.010605,34.877091,Trans Nzoia
1.010605,34.922007,Trans Nzoia
1.010605,34.966922,Trans Nzoia
1.010605,35.011838,Trans Nzoia
1.010605,35.056754,Trans Nzoia
1.010605,35.10167,Trans Nzoia
1.010605,35.146585,Trans Nzoia
1.010605,35.191501,Trans Nzoia
1.010605,35.236417,Trans Nzoia
1.010605,35.281333,Trans Nzoia
1.010605,35.326249,Trans Nzoia
1.010605,35.371164,Elgeyo-Marakwet
1.010605,35.41608,Elgeyo-Marakwet
1.010605,35.460996,Elgeyo-Marakwet
1.010605,35.505912,Elgeyo-Marakwet
1.010605,35.550827,Elgeyo-Marakwet
1.010605,35.595743,Elgeyo-Marakwet
1.010605,35.640659,Elgeyo-Marakwet
1.010605,35.685575,Baringo
1.010605,35.73049,Baringo
1.010605,35.775406,Baringo
1.010605,35.820322,Baringo
1.010605,35.865238,Baringo
1.010605,35.910153,Baringo
1.010605,35.955069,Baringo
1.010605,35.999985,Baringo
1.010605,36.044901,Baringo
1.010605,36.089817,Baringo
1.010605,36.134732,Baringo
1.010605,36.179648,Baringo
1.010605,36.224564,Baringo
1.010605,36.26948,Baringo
1.010605,36.314395,Turkana
1.010605,36.359311,Turkana
1.010605,36.404227,Turkana
1.010605,36.449143,Turkana
1.010605,36.494058,Samburu
1.010605,36.538974,Samburu
1.010605,36.58389,Samburu
1.010605,36.628806,Samburu
1.010605,36.673721,Samburu
1.010605,36.718637,Samburu
1.010605,36.763553,Samburu
1.010605,36.808469,Samburu
1.010605,36.853385,Samburu
1.010605,36.8983,Samburu
1.010605,36.943216,Samburu
1.010605,36.988132,Samburu
1.010605,37.033048,Samburu
1.010605,37.077963,Samburu
1.010605,37.122879,Samburu
1.010605,37.167795,Samburu
1.010605,37.212711,Samburu
1.010605,37.257626,Samburu
1.010605,37.302542,Samburu
1.010605,37.347458,Samburu
1.010605,37.392374,Samburu
1.010605,37.437289,Samburu
1.010605,37.482205,Samburu
1.010605,37.527121,Samburu
1.010605,37.572037,Samburu
1.010605,37.616953,Samburu
1.010605,37.661868,Samburu
1.010605,37.706784,Samburu
1.010605,37.7517,Samburu
1.010605,37.796616,Samburu
1.010605,37.841531,Samburu
1.010605,37.886447,Samburu
1.010605,37.931363,Samburu
1.010605,37.976279,Samburu
1.010605,38.021194,Samburu
1.010605,38.06611,Isiolo
1.010605,38.111026,Isiolo
1.010605,38.155942,Isiolo
1.010605,38.200857,Isiolo
1.010605,38.245773,Isiolo
1.010605,38.290689,Isiolo
1.010605,38.335605,Isiolo
1.010605,38.380521,Isiolo
1.010605,38.425436,Isiolo
1.010605,38.470352,Isiolo
1.010605,38.515268,Isiolo
1.010605,38.560184,Isiolo
1.010605,38.605099,Isiolo
1.010605,38.650015,Isiolo
1.010605,38.694931,Isiolo
1.010605,38.739847,Isiolo
1.010605,38.784762,Isiolo
1.010605,38.829678,Isiolo
1.010605,38.874594,Isiolo
1.010605,38.91951,Isiolo
1.010605,38.964425,Isiolo
1.010605,39.009341,Isiolo
1.010605,39.054257,Isiolo
1.010605,39.099173,Isiolo
1.010605,39.144089,Isiolo
1.010605,39.189004,Isiolo
1.010605,39.23392,Isiolo
1.010605,39.278836,Isiolo
1.010605,39.323752,Isiolo
1.010605,39.368667,Isiolo
1.010605,39.413583,Isiolo
1.010605,39.458499,Wajir
1.010605,39.503415,Wajir
1.010605,39.54833,Wajir
1.010605,39.593246,Wajir
1.010605,39.638162,Wajir
1.010605,39.683078,Wajir
1.010605,39.727993,Wajir
1.010605,39.772909,Wajir
1.010605,39.817825,Wajir
1.010605,39.862741,Wajir
1.010605,39.907656,Wajir
1.010605,39.952572,Wajir
1.010605,39.997488,Wajir
1.010605,40.042404,Wajir
1.010605,40.08732,Wajir
1.010605,40.132235,Wajir
1.010605,40.177151,Wajir
1.010605,40.222067,Wajir
1.010605,40.266983,Wajir
1.010605,40.311898,Wajir
1.010605,40.356814,Wajir
1.010605,40.40173,Wajir
1.010605,40.446646,Wajir
1.010605,40.491561,Wajir
1.010605,40.536477,Wajir
1.010605,40.581393,Wajir
1.010605,40.626309,Wajir
1.010605,40.671224,Wajir
1.010605,40.71614,Wajir
1.010605,40.761056,Wajir
1.010605,40.805972,Wajir
1.010605,40.850888,Wajir
1.010605,40.895803,Wajir
1.010605,40.940719,Wajir
1.010605,40.985635,Wajir
0.965689,34.472849,Unknown
0.965689,34.517765,Bungoma
0.965689,34.562681,Bungoma
0.965689,34.607596,Bungoma
0.965689,34.652512,Bungoma
0.965689,34.697428,Bungoma
0.965689,34.742344,Trans Nzoia
0.965689,34.787259,Trans Nzoia
0.965689,34.832175,Trans Nzoia
0.965689,34.877091,Trans Nzoia
0.965689,34.922007,Trans Nzoia
0.965689,34.966922,Trans Nzoia
0.965689,35.011838,Trans Nzoia
0.965689,35.056754,Trans Nzoia
0.965689,35.10167,Trans Nzoia
0.965689,35.146585,Trans Nzoia
0.965689,35.191501,Trans Nzoia
0.965689,35.236417,Trans Nzoia
0.965689,35.281333,Trans Nzoia
0.965689,35.326249,Trans Nzoia
0.965689,35.371164,Elgeyo-Marakwet
0.965689,35.41608,Elgeyo-Marakwet
0.965689,35.460996,Elgeyo-Marakwet
0.965689,35.505912,Elgeyo-Marakwet
0.965689,35.550827,Elgeyo-Marakwet
0.965689,35.595743,Elgeyo-Marakwet
0.965689,35.640659,Baringo
0.965689,35.685575,Baringo
0.965689,35.73049,Baringo
0.965689,35.775406,Baringo
0.965689,35.820322,Baringo
0.965689,35.865238,Baringo
0.965689,35.910153,Baringo
0.965689,35.955069,Baringo
0.965689,35.999985,Baringo
0.965689,36.044901,Baringo
0.965689,36.089817,Baringo
0.965689,36.134732,Baringo
0.965689,36.179648,Baringo
0.965689,36.224564,Baringo
0.965689,36.26948,Baringo
0.965689,36.314395,Baringo
0.965689,36.359311,Turkana
0.965689,36.404227,Turkana
0.965689,36.449143,Samburu
0.965689,36.494058,Samburu
0.965689,36.538974,Samburu
0.965689,36.58389,Samburu
0.965689,36.628806,Samburu
0.965689,36.673721,Samburu
0.965689,36.718637,Samburu
0.965689,36.763553,Samburu
0.965689,36.808469,Samburu
0.965689,36.853385,Samburu
0.965689,36.8983,Samburu
0.965689,36.943216,Samburu
0.965689,36.988132,Samburu
0.965689,37.033048,Samburu
0.965689,37.077963,Samburu
0.965689,37.122879,Samburu
0.965689,37.167795,Samburu
0.965689,37.212711,Samburu
0.965689,37.257626,Samburu
0.965689,37.302542,Samburu
0.965689,37.347458,Samburu
0.965689,37.392374,Samburu
0.965689,37.437289,Samburu
0.965689,37.482205,Samburu
0.965689,37.527121,Samburu
0.965689,37.572037,Samburu
0.965689,37.616953,Samburu
0.965689,37.661868,Samburu
0.965689,37.706784,Samburu
0.965689,37.7517,Samburu
0.965689,37.796616,Samburu
0.965689,37.841531,Samburu
0.965689,37.886447,Samburu
0.965689,37.931363,Samburu
0.965689,37.976279,Samburu
0.965689,38.021194,Samburu
0.965689,38.06611,Isiolo
0.965689,38.111026,Isiolo
0.965689,38.155942,Isiolo
0.965689,38.200857,Isiolo
0.965689,38.245773,Isiolo
0.965689,38.290689,Isiolo
0.965689,38.335605,Isiolo
0.965689,38.380521,Isiolo
0.965689,38.425436,Isiolo
0.965689,38.470352,Isiolo
0.965689,38.515268,Isiolo
0.965689,38.560184,Isiolo
0.965689,38.605099,Isiolo
0.965689,38.650015,Isiolo
0.965689,38.694931,Isiolo
0.965689,38.739847,Isiolo
0.965689,38.784762,Isiolo
0.965689,38.829678,Isiolo
0.965689,38.874594,Isiolo
0.965689,38.91951,Isiolo
0.965689,38.964425,Isiolo
0.965689,39.009341,Isiolo
0.965689,39.054257,Isiolo
0.965689,39.099173,Isiolo
0.965689,39.144089,Isiolo
0.965689,39.189004,Isiolo
0.965689,39.23392,Isiolo
0.965689,39.278836,Isiolo
0.965689,39.323752,Isiolo
0.965689,39.368667,Isiolo
0.965689,39.413583,Garissa
0.965689,39.458499,Garissa
0.965689,39.503415,Wajir
0.965689,39.54833,Wajir
0.965689,39.593246,Wajir
0.965689,39.638162,Wajir
0.965689,39.683078,Wajir
0.965689,39.727993,Wajir
0.965689,39.772909,Wajir
0.965689,39.817825,Wajir
0.965689,39.862741,Wajir
0.965689,39.907656,Wajir
0.965689,39.952572,Wajir
0.965689,39.997488,Wajir
0.965689,40.042404,Wajir
0.965689,40.08732,Wajir
0.965689,40.132235,Wajir
0.965689,40.177151,Wajir
0.965689,40.222067,Wajir
0.965689,40.266983,Wajir
0.965689,40.311898,Wajir
0.965689,40.356814,Wajir
0.965689,40.40173,Wajir
0.965689,40.446646,Wajir
0.965689,40.491561,Wajir
0.965689,40.536477,Wajir
0.965689,40.581393,Wajir
0.965689,40.626309,Wajir
0.965689,40.671224,Wajir
0.965689,40.71614,Wajir
0.965689,40.761056,Wajir
0.965689,40.805972,Wajir
0.965689,40.850888,Wajir
0.965689,40.895803,Wajir
0.965689,40.940719,Wajir
0.965689,40.985635,Wajir
0.920773,34.472849,Bungoma
0.920773,34.517765,Bungoma
0.920773,34.562681,Bungoma
0.920773,34.607596,Bungoma
0.920773,34.652512,Bungoma
0.920773,34.697428,Bungoma
0.920773,34.742344,Bungoma
0.920773,34.787259,Bungoma
0.920773,34.832175,Trans Nzoia
0.920773,34.877091,Trans Nzoia
0.920773,34.922007,Trans Nzoia
0.920773,34.966922,Trans Nzoia
0.920773,35.011838,Trans Nzoia
0.920773,35.056754,Trans Nzoia
0.920773,35.10167,Trans Nzoia
0.920773,35.146585,Trans Nzoia
0.920773,35.191501,Uasin Gishu
0.920773,35.236417,Uasin Gishu
0.920773,35.281333,Trans Nzoia
0.920773,35.326249,Uasin Gishu
0.920773,35.371164,Uasin Gishu
0.920773,35.41608,Elgeyo-Marakwet
0.920773,35.460996,Elgeyo-Marakwet
0.920773,35.505912,Elgeyo-Marakwet
0.920773,35.550827,Elgeyo-Marakwet
0.920773,35.595743,Elgeyo-Marakwet
0.920773,35.640659,Baringo
0.920773,35.685575,Baringo
0.920773,35.73049,Baringo
0.920773,35.775406,Baringo
0.920773,35.820322,Baringo
0.920773,35.865238,Baringo
0.920773,35.910153,Baringo
0.920773,35.955069,Baringo
0.920773,35.999985,Baringo
0.920773,36.044901,Baringo
0.920773,36.089817,Baringo
0.920773,36.134732,Baringo
0.920773,36.179648,Baringo
0.920773,36.224564,Baringo
0.920773,36.26948,Baringo
0.920773,36.314395,Baringo
0.920773,36.359311,Baringo
0.920773,36.404227,Samburu
0.920773,36.449143,Samburu
0.920773,36.494058,Samburu
0.920773,36.538974,Samburu
0.920773,36.58389,Samburu
0.920773,36.628806,Samburu
0.920773,36.673721,Samburu
0.920773,36.718637,Samburu
0.920773,36.763553,Samburu
0.920773,36.808469,Samburu
0.920773,36.853385,Samburu
0.920773,36.8983,Samburu
0.920773,36.943216,Samburu
0.920773,36.988132,Samburu
0.920773,37.033048,Samburu
0.920773,37.077963,Samburu
0.920773,37.122879,Samburu
0.920773,37.167795,Samburu
0.920773,37.212711,Samburu
0.920773,37.257626,Samburu
0.920773,37.302542,Samburu
0.920773,37.347458,Samburu
0.920773,37.392374,Samburu
0.920773,37.437289,Samburu
0.920773,37.482205,Samburu
0.920773,37.527121,Samburu
0.920773,37.572037,Samburu
0.920773,37.616953,Samburu
0.920773,37.661868,Samburu
0.920773,37.706784,Samburu
0.920773,37.7517,Samburu
0.920773,37.796616,Samburu
0.920773,37.841531,Samburu
0.920773,37.886447,Samburu
0.920773,37.931363,Samburu
0.920773,37.976279,Samburu
0.920773,38.021194,Samburu
0.920773,38.06611,Isiolo
0.920773,38.111026,Isiolo
0.920773,38.155942,Isiolo
0.920773,38.200857,Isiolo
0.920773,38.245773,Isiolo
0.920773,38.290689,Isiolo
0.920773,38.335605,Isiolo
0.920773,38.380521,Isiolo
0.920773,38.425436,Isiolo
0.920773,38.470352,Isiolo
0.920773,38.515268,Isiolo
0.920773,38.560184,Isiolo
0.920773,38.605099,Isiolo
0.920773,38.650015,Isiolo
0.920773,38.694931,Isiolo
0.920773,38.739847,Isiolo
0.920773,38.784762,Isiolo
0.920773,38.829678,Isiolo
0.920773,38.874594,Isiolo
0.920773,38.91951,Isiolo
0.920773,38.964425,Isiolo
0.920773,39.009341,Isiolo
0.920773,39.054257,Isiolo
0.920773,39.099173,Isiolo
0.920773,39.144089,Isiolo
0.920773,39.189004,Isiolo
0.920773,39.23392,Isiolo
0.920773,39.278836,Isiolo
0.920773,39.323752,Garissa
0.920773,39.368667,Garissa
0.920773,39.413583,Garissa
0.920773,39.458499,Garissa
0.920773,39.503415,Garissa
0.920773,39.54833,Wajir
0.920773,39.593246,Wajir
0.920773,39.638162,Wajir
0.920773,39.683078,Wajir
0.920773,39.727993,Wajir
0.920773,39.772909,Wajir
0.920773,39.817825,Wajir
0.920773,39.862741,Wajir
0.920773,39.907656,Wajir
0.920773,39.952572,Wajir
0.920773,39.997488,Wajir
0.920773,40.042404,Wajir
0.920773,40.08732,Wajir
0.920773,40.132235,Wajir
0.920773,40.177151,Wajir
0.920773,40.222067,Wajir
0.920773,40.266983,Wajir
0.920773,40.311898,Wajir
0.920773,40.356814,Wajir
0.920773,40.40173,Wajir
0.920773,40.446646,Wajir
0.920773,40.491561,Wajir
0.920773,40.536477,Wajir
0.920773,40.581393,Wajir
0.920773,40.626309,Wajir
0.920773,40.671224,Wajir
0.920773,40.71614,Wajir
0.920773,40.761056,Wajir
0.920773,40.805972,Wajir
0.920773,40.850888,Wajir
0.920773,40.895803,Wajir
0.920773,40.940719,Wajir
0.920773,40.985635,Wajir
0.875857,34.427933,Unknown
0.875857,34.472849,Bungoma
0.875857,34.517765,Bungoma
0.875857,34.562681,Bungoma
0.875857,34.607596,Bungoma
0.875857,34.652512,Bungoma
0.875857,34.697428,Bungoma
0.875857,34.742344,Bungoma
0.875857,34.787259,Bungoma
0.875857,34.832175,Trans Nzoia
0.875857,34.877091,Trans Nzoia
0.875857,34.922007,Trans Nzoia
0.875857,34.966922,Bungoma
0.875857,35.011838,Bungoma
0.875857,35.056754,Kakamega
0.875857,35.10167,Trans Nzoia
0.875857,35.146585,Uasin Gishu
0.875857,35.191501,Uasin Gishu
0.875857,35.236417,Uasin Gishu
0.875857,35.281333,Uasin Gishu
0.875857,35.326249,Uasin Gishu
0.875857,35.371164,Uasin Gishu
0.875857,35.41608,Uasin Gishu
0.875857,35.460996,Elgeyo-Marakwet
0.875857,35.505912,Elgeyo-Marakwet
0.875857,35.550827,Elgeyo-Marakwet
0.875857,35.595743,Elgeyo-Marakwet
0.875857,35.640659,Baringo
0.875857,35.685575,Baringo
0.875857,35.73049,Baringo
0.875857,35.775406,Baringo
0.875857,35.820322,Baringo
0.875857,35.865238,Baringo
0.875857,35.910153,Baringo
0.875857,35.955069,Baringo
0.875857,35.999985,Baringo
0.875857,36.044901,Baringo
0.875857,36.089817,Baringo
0.875857,36.134732,Baringo
0.875857,36.179648,Baringo
0.875857,36.224564,Baringo
0.875857,36.26948,Baringo
0.875857,36.314395,Baringo
0.875857,36.359311,Baringo
0.875857,36.404227,Baringo
0.875857,36.449143,Samburu
0.875857,36.494058,Samburu
0.875857,36.538974,Samburu
0.875857,36.58389,Samburu
0.875857,36.628806,Samburu
0.875857,36.673721,Samburu
0.875857,36.718637,Samburu
0.875857,36.763553,Samburu
0.875857,36.808469,Samburu
0.875857,36.853385,Samburu
0.875857,36.8983,Samburu
0.875857,36.943216,Samburu
0.875857,36.988132,Samburu
0.875857,37.033048,Samburu
0.875857,37.077963,Samburu
0.875857,37.122879,Samburu
0.875857,37.167795,Samburu
0.875857,37.212711,Samburu
0.875857,37.257626,Samburu
0.875857,37.302542,Samburu
0.875857,37.347458,Samburu
0.875857,37.392374,Samburu
0.875857,37.437289,Samburu
0.875857,37.482205,Samburu
0.875857,37.527121,Samburu
0.875857,37.572037,Samburu
0.875857,37.616953,Samburu
0.875857,37.661868,Samburu
0.875857,37.706784,Samburu
0.875857,37.7517,Samburu
0.875857,37.796616,Samburu
0.875857,37.841531,Samburu
0.875857,37.886447,Samburu
0.875857,37.931363,Samburu
0.875857,37.976279,Samburu
0.875857,38.021194,Samburu
0.875857,38.06611,Isiolo
0.875857,38.111026,Isiolo
0.875857,38.155942,Isiolo
0.875857,38.200857,Isiolo
0.875857,38.245773,Isiolo
0.875857,38.290689,Isiolo
0.875857,38.335605,Isiolo
0.875857,38.380521,Isiolo
0.875857,38.425436,Isiolo
0.875857,38.470352,Isiolo
0.875857,38.515268,Isiolo
0.875857,38.560184,Isiolo
0.875857,38.605099,Isiolo
0.875857,38.650015,Isiolo
0.875857,38.694931,Isiolo
0.875857,38.739847,Isiolo
0.875857,38.784762,Isiolo
0.875857,38.829678,Isiolo
0.875857,38.874594,Isiolo
0.875857,38.91951,Isiolo
0.875857,38.964425,Isiolo
0.875857,39.009341,Isiolo
0.875857,39.054257,Isiolo
0.875857,39.099173,Isiolo
0.875857,39.144089,Isiolo
0.875857,39.189004,Isiolo
0.875857,39.23392,Isiolo
0.875857,39.278836,Garissa
0.875857,39.323752,Garissa
0.875857,39.368667,Garissa
0.875857,39.413583,Garissa
0.875857,39.458499,Garissa
0.875857,39.503415,Garissa
0.875857,39.54833,Wajir
0.875857,39.593246,Wajir
0.875857,39.638162,Wajir
0.875857,39.683078,Wajir
0.875857,39.727993,Wajir
0.875857,39.772909,Wajir
0.875857,39.817825,Wajir
0.875857,39.862741,Wajir
0.875857,39.907656,Wajir
0.875857,39.952572,Wajir
0.875857,39.997488,Wajir
0.875857,40.042404,Wajir
0.875857,40.08732,Wajir
0.875857,40.132235,Wajir
0.875857,40.177151,Wajir
0.875857,40.222067,Wajir
0.875857,40.266983,Wajir
0.875857,40.311898,Wajir
0.875857,40.356814,Wajir
0.875857,40.40173,Wajir
0.875857,40.446646,Wajir
0.875857,40.491561,Wajir
0.875857,40.536477,Wajir
0.875857,40.581393,Wajir
0.875857,40.626309,Wajir
0.875857,40.671224,Wajir
0.875857,40.71614,Wajir
0.875857,40.761056,Wajir
0.875857,40.805972,Wajir
0.875857,40.850888,Wajir
0.875857,40.895803,Wajir
0.875857,40.940719,Wajir
0.875857,40.985635,Wajir
0.830942,34.427933,Bungoma
0.830942,34.472849,Bungoma
0.830942,34.517765,Bungoma
0.830942,34.562681,Bungoma
0.830942,34.607596,Bungoma
0.830942,34.652512,Bungoma
0.830942,34.697428,Bungoma
0.830942,34.742344,Bungoma
0.830942,34.787259,Bungoma
0.830942,34.832175,Trans Nzoia
0.830942,34.877091,Trans Nzoia
0.830942,34.922007,Bungoma
0.830942,34.966922,Bungoma
0.830942,35.011838,Bungoma
0.830942,35.056754,Kakamega
0.830942,35.10167,Kakamega
0.830942,35.146585,Uasin Gishu
0.830942,35.191501,Uasin Gishu
0.830942,35.236417,Uasin Gishu
0.830942,35.281333,Uasin Gishu
0.830942,35.326249,Uasin Gishu
0.830942,35.371164,Uasin Gishu
0.830942,35.41608,Uasin Gishu
0.830942,35.460996,Uasin Gishu
0.830942,35.505912,Elgeyo-Marakwet
0.830942,35.550827,Elgeyo-Marakwet
0.830942,35.595743,Elgeyo-Marakwet
0.830942,35.640659,Baringo
0.830942,35.685575,Baringo
0.830942,35.73049,Baringo
0.830942,35.775406,Baringo
0.830942,35.820322,Baringo
0.830942,35.865238,Baringo
0.830942,35.910153,Baringo
0.830942,35.955069,Baringo
0.830942,35.999985,Baringo
0.830942,36.044901,Baringo
0.830942,36.089817,Baringo
0.830942,36.134732,Baringo
0.830942,36.179648,Baringo
0.830942,36.224564,Baringo
0.830942,36.26948,Baringo
0.830942,36.314395,Baringo
0.830942,36.359311,Baringo
0.830942,36.404227,Baringo
0.830942,36.449143,Baringo
0.830942,36.494058,Samburu
0.830942,36.538974,Samburu
0.830942,36.58389,Samburu
0.830942,36.628806,Samburu
0.830942,36.673721,Samburu
0.830942,36.718637,Samburu
0.830942,36.763553,Laikipia
0.830942,36.808469,Laikipia
0.830942,36.853385,Samburu
0.830942,36.8983,Samburu
0.830942,36.943216,Samburu
0.830942,36.988132,Samburu
0.830942,37.033048,Samburu
0.830942,37.077963,Samburu
0.830942,37.122879,Samburu
0.830942,37.167795,Samburu
0.830942,37.212711,Samburu
0.830942,37.257626,Samburu
0.830942,37.302542,Samburu
0.830942,37.347458,Samburu
0.830942,37.392374,Samburu
0.830942,37.437289,Samburu
0.830942,37.482205,Samburu
0.830942,37.527121,Samburu
0.830942,37.572037,Samburu
0.830942,37.616953,Samburu
0.830942,37.661868,Samburu
0.830942,37.706784,Samburu
0.830942,37.7517,Samburu
0.830942,37.796616,Samburu
0.830942,37.841531,Samburu
0.830942,37.886447,Samburu
0.830942,37.931363,Samburu
0.830942,37.976279,Samburu
0.830942,38.021194,Samburu
0.830942,38.06611,Isiolo
0.830942,38.111026,Isiolo
0.830942,38.155942,Isiolo
0.830942,38.200857,Isiolo
0.830942,38.245773,Isiolo
0.830942,38.290689,Isiolo
0.830942,38.335605,Isiolo
0.830942,38.380521,Isiolo
0.830942,38.425436,Isiolo
0.830942,38.470352,Isiolo
0.830942,38.515268,Isiolo
0.830942,38.560184,Isiolo
0.830942,38.605099,Isiolo
0.830942,38.650015,Isiolo
0.830942,38.694931,Isiolo
0.830942,38.739847,Isiolo
0.830942,38.784762,Isiolo
0.830942,38.829678,Isiolo
0.830942,38.874594,Isiolo
0.830942,38.91951,Isiolo
0.830942,38.964425,Isiolo
0.830942,39.009341,Isiolo
0.830942,39.054257,Isiolo
0.830942,39.099173,Isiolo
0.830942,39.144089,Isiolo
0.830942,39.189004,Isiolo
0.830942,39.23392,Garissa
0.830942,39.278836,Garissa
0.830942,39.323752,Garissa
0.830942,39.368667,Garissa
0.830942,39.413583,Garissa
0.830942,39.458499,Garissa
0.830942,39.503415,Garissa
0.830942,39.54833,Wajir
0.830942,39.593246,Wajir
0.830942,39.638162,Wajir
0.830942,39.683078,Wajir
0.830942,39.727993,Wajir
0.830942,39.772909,Wajir
0.830942,39.817825,Wajir
0.830942,39.862741,Wajir
0.830942,39.907656,Wajir
0.830942,39.952572,Wajir
0.830942,39.997488,Wajir
0.830942,40.042404,Wajir
0.830942,40.08732,Wajir
0.830942,40.132235,Wajir
0.830942,40.177151,Wajir
0.830942,40.222067,Wajir
0.830942,40.266983,Wajir
0.830942,40.311898,Wajir
0.830942,40.356814,Wajir
0.830942,40.40173,Wajir
0.830942,40.446646,Wajir
0.830942,40.491561,Wajir
0.830942,40.536477,Wajir
0.830942,40.581393,Wajir
0.830942,40.626309,Wajir
0.830942,40.671224,Wajir
0.830942,40.71614,Wajir
0.830942,40.761056,Wajir
0.830942,40.805972,Wajir
0.830942,40.850888,Wajir
0.830942,40.895803,Wajir
0.830942,40.940719,Wajir
0.830942,40.985635,Wajir
0.786026,34.338102,Unknown
0.786026,34.383017,Bungoma
0.786026,34.427933,Bungoma
0.786026,34.472849,Bungoma
0.786026,34.517765,Bungoma
0.786026,34.562681,Bungoma
0.786026,34.607596,Bungoma
0.786026,34.652512,Bungoma
0.786026,34.697428,Bungoma
0.786026,34.742344,Bungoma
0.786026,34.787259,Bungoma
0.786026,34.832175,Bungoma
0.786026,34.877091,Bungoma
0.786026,34.922007,Bungoma
0.786026,34.966922,Bungoma
0.786026,35.011838,Bungoma
0.786026,35.056754,Bungoma
0.786026,35.10167,Kakamega
0.786026,35.146585,Kakamega
0.786026,35.191501,Uasin Gishu
0.786026,35.236417,Uasin Gishu
0.786026,35.281333,Uasin Gishu
0.786026,35.326249,Uasin Gishu
0.786026,35.371164,Uasin Gishu
0.786026,35.41608,Uasin Gishu
0.786026,35.460996,Uasin Gishu
0.786026,35.505912,Elgeyo-Marakwet
0.786026,35.550827,Elgeyo-Marakwet
0.786026,35.595743,Elgeyo-Marakwet
0.786026,35.640659,Baringo
0.786026,35.685575,Baringo
0.786026,35.73049,Baringo
0.786026,35.775406,Baringo
0.786026,35.820322,Baringo
0.786026,35.865238,Baringo
0.786026,35.910153,Baringo
0.786026,35.955069,Baringo
0.786026,35.999985,Baringo
0.786026,36.044901,Baringo
0.786026,36.089817,Baringo
0.786026,36.134732,Baringo
0.786026,36.179648,Baringo
0.786026,36.224564,Baringo
0.786026,36.26948,Baringo
0.786026,36.314395,Baringo
0.786026,36.359311,Baringo
0.786026,36.404227,Baringo
0.786026,36.449143,Laikipia
0.786026,36.494058,Laikipia
0.786026,36.538974,Laikipia
0.786026,36.58389,Laikipia
0.786026,36.628806,Laikipia
0.786026,36.673721,Laikipia
0.786026,36.718637,Laikipia
0.786026,36.763553,Laikipia
0.786026,36.808469,Laikipia
0.786026,36.853385,Samburu
0.786026,36.8983,Samburu
0.786026,36.943216,Samburu
0.786026,36.988132,Samburu
0.786026,37.033048,Samburu
0.786026,37.077963,Samburu
0.786026,37.122879,Samburu
0.786026,37.167795,Samburu
0.786026,37.212711,Samburu
0.786026,37.257626,Samburu
0.786026,37.302542,Samburu
0.786026,37.347458,Samburu
0.786026,37.392374,Samburu
0.786026,37.437289,Samburu
0.786026,37.482205,Samburu
0.786026,37.527121,Samburu
0.786026,37.572037,Samburu
0.786026,37.616953,Samburu
0.786026,37.661868,Samburu
0.786026,37.706784,Samburu
0.786026,37.7517,Samburu
0.786026,37.796616,Samburu
0.786026,37.841531,Samburu
0.786026,37.886447,Samburu
0.786026,37.931363,Samburu
0.786026,37.976279,Samburu
0.786026,38.021194,Isiolo
0.786026,38.06611,Samburu
0.786026,38.111026,Isiolo
0.786026,38.155942,Isiolo
0.786026,38.200857,Isiolo
0.786026,38.245773,Isiolo
0.786026,38.290689,Isiolo
0.786026,38.335605,Isiolo
0.786026,38.380521,Isiolo
0.786026,38.425436,Isiolo
0.786026,38.470352,Isiolo
0.786026,38.515268,Isiolo
0.786026,38.560184,Isiolo
0.786026,38.605099,Isiolo
0.786026,38.650015,Isiolo
0.786026,38.694931,Isiolo
0.786026,38.739847,Isiolo
0.786026,38.784762,Isiolo
0.786026,38.829678,Isiolo
0.786026,38.874594,Isiolo
0.786026,38.91951,Isiolo
0.786026,38.964425,Isiolo
0.786026,39.009341,Isiolo
0.786026,39.054257,Isiolo
0.786026,39.099173,Isiolo
0.786026,39.144089,Isiolo
0.786026,39.189004,Isiolo
0.786026,39.23392,Garissa
0.786026,39.278836,Garissa
0.786026,39.323752,Garissa
0.786026,39.368667,Garissa
0.786026,39.413583,Garissa
0.786026,39.458499,Garissa
0.786026,39.503415,Garissa
0.786026,39.54833,Garissa
0.786026,39.593246,Wajir
0.786026,39.638162,Wajir
0.786026,39.683078,Wajir
0.786026,39.727993,Wajir
0.786026,39.772909,Wajir
0.786026,39.817825,Wajir
0.786026,39.862741,Wajir
0.786026,39.907656,Wajir
0.786026,39.952572,Wajir
0.786026,39.997488,Wajir
0.786026,40.042404,Wajir
0.786026,40.08732,Wajir
0.786026,40.132235,Wajir
0.786026,40.177151,Wajir
0.786026,40.222067,Wajir
0.786026,40.266983,Wajir
0.786026,40.311898,Wajir
0.786026,40.356814,Wajir
0.786026,40.40173,Wajir
0.786026,40.446646,Wajir
0.786026,40.491561,Wajir
0.786026,40.536477,Wajir
0.786026,40.581393,Wajir
0.786026,40.626309,Wajir
0.786026,40.671224,Wajir
0.786026,40.71614,Wajir
0.786026,40.761056,Wajir
0.786026,40.805972,Wajir
0.786026,40.850888,Wajir
0.786026,40.895803,Wajir
0.786026,40.940719,Wajir
0.786026,40.985635,Wajir
0.74111,34.293186,Unknown
0.74111,34.338102,Busia
0.74111,34.383017,Busia
0.74111,34.427933,Busia
0.74111,34.472849,Bungoma
0.74111,34.517765,Bungoma
0.74111,34.562681,Bungoma
0.74111,34.607596,Bungoma
0.74111,34.652512,Bungoma
0.74111,34.697428,Bungoma
0.74111,34.742344,Bungoma
0.74111,34.787259,Bungoma
0.74111,34.832175,Bungoma
0.74111,34.877091,Bungoma
0.74111,34.922007,Bungoma
0.74111,34.966922,Kakamega
0.74111,35.011838,Kakamega
0.74111,35.056754,Kakamega
0.74111,35.10167,Kakamega
0.74111,35.146585,Kakamega
0.74111,35.191501,Uasin Gishu
0.74111,35.236417,Uasin Gishu
0.74111,35.281333,Uasin Gishu
0.74111,35.326249,Uasin Gishu
0.74111,35.371164,Uasin Gishu
0.74111,35.41608,Uasin Gishu
0.74111,35.460996,Uasin Gishu
0.74111,35.505912,Elgeyo-Marakwet
0.74111,35.550827,Elgeyo-Marakwet
0.74111,35.595743,Elgeyo-Marakwet
0.74111,35.640659,Baringo
0.74111,35.685575,Baringo
0.74111,35.73049,Baringo
0.74111,35.775406,Baringo
0.74111,35.820322,Baringo
0.74111,35.865238,Baringo
0.74111,35.910153,Baringo
0.74111,35.955069,Baringo
0.74111,35.999985,Baringo
0.74111,36.044901,Baringo
0.74111,36.089817,Baringo
0.74111,36.134732,Baringo
0.74111,36.179648,Baringo
0.74111,36.224564,Baringo
0.74111,36.26948,Baringo
0.74111,36.314395,Baringo
0.74111,36.359311,Baringo
0.74111,36.404227,Baringo
0.74111,36.449143,Laikipia
0.74111,36.494058,Laikipia
0.74111,36.538974,Laikipia
0.74111,36.58389,Laikipia
0.74111,36.628806,Laikipia
0.74111,36.673721,Laikipia
0.74111,36.718637,Laikipia
0.74111,36.763553,Laikipia
0.74111,36.808469,Laikipia
0.74111,36.853385,Laikipia
0.74111,36.8983,Samburu
0.74111,36.943216,Isiolo
0.74111,36.988132,Isiolo
0.74111,37.033048,Isiolo
0.74111,37.077963,Isiolo
0.74111,37.122879,Isiolo
0.74111,37.167795,Isiolo
0.74111,37.212711,Samburu
0.74111,37.257626,Isiolo
0.74111,37.302542,Samburu
0.74111,37.347458,Samburu
0.74111,37.392374,Samburu
0.74111,37.437289,Samburu
0.74111,37.482205,Samburu
0.74111,37.527121,Samburu
0.74111,37.572037,Samburu
0.74111,37.616953,Samburu
0.74111,37.661868,Samburu
0.74111,37.706784,Samburu
0.74111,37.7517,Samburu
0.74111,37.796616,Samburu
0.74111,37.841531,Samburu
0.74111,37.886447,Samburu
0.74111,37.931363,Samburu
0.74111,37.976279,Isiolo
0.74111,38.021194,Isiolo
0.74111,38.06611,Isiolo
0.74111,38.111026,Isiolo
0.74111,38.155942,Isiolo
0.74111,38.200857,Isiolo
0.74111,38.245773,Isiolo
0.74111,38.290689,Isiolo
0.74111,38.335605,Isiolo
0.74111,38.380521,Isiolo
0.74111,38.425436,Isiolo
0.74111,38.470352,Isiolo
0.74111,38.515268,Isiolo
0.74111,38.560184,Isiolo
0.74111,38.605099,Isiolo
0.74111,38.650015,Isiolo
0.74111,38.694931,Isiolo
0.74111,38.739847,Isiolo
0.74111,38.784762,Isiolo
0.74111,38.829678,Isiolo
0.74111,38.874594,Isiolo
0.74111,38.91951,Isiolo
0.74111,38.964425,Isiolo
0.74111,39.009341,Isiolo
0.74111,39.054257,Isiolo
0.74111,39.099173,Isiolo
0.74111,39.144089,Isiolo
0.74111,39.189004,Garissa
0.74111,39.23392,Garissa
0.74111,39.278836,Garissa
0.74111,39.323752,Garissa
0.74111,39.368667,Garissa
0.74111,39.413583,Garissa
0.74111,39.458499,Garissa
0.74111,39.503415,Garissa
0.74111,39.54833,Garissa
0.74111,39.593246,Wajir
0.74111,39.638162,Wajir
0.74111,39.683078,Wajir
0.74111,39.727993,Wajir
0.74111,39.772909,Wajir
0.74111,39.817825,Wajir
0.74111,39.862741,Wajir
0.74111,39.907656,Wajir
0.74111,39.952572,Wajir
0.74111,39.997488,Wajir
0.74111,40.042404,Wajir
0.74111,40.08732,Wajir
0.74111,40.132235,Wajir
0.74111,40.177151,Wajir
0.74111,40.222067,Wajir
0.74111,40.266983,Wajir
0.74111,40.311898,Wajir
0.74111,40.356814,Wajir
0.74111,40.40173,Wajir
0.74111,40.446646,Wajir
0.74111,40.491561,Wajir
0.74111,40.536477,Wajir
0.74111,40.581393,Wajir
0.74111,40.626309,Wajir
0.74111,40.671224,Wajir
0.74111,40.71614,Wajir
0.74111,40.761056,Wajir
0.74111,40.805972,Wajir
0.74111,40.850888,Wajir
0.74111,40.895803,Wajir
0.74111,40.940719,Wajir
0.74111,40.985635,Wajir
0.696194,34.293186,Unknown
0.696194,34.338102,Busia
0.696194,34.383017,Busia
0.696194,34.427933,Bungoma
0.696194,34.472849,Bungoma
0.696194,34.517765,Bungoma
0.696194,34.562681,Bungoma
0.696194,34.607596,Bungoma
0.696194,34.652512,Bungoma
0.696194,34.697428,Bungoma
0.696194,34.742344,Bungoma
0.696194,34.787259,Bungoma
0.696194,34.832175,Bungoma
0.696194,34.877091,Bungoma
0.696194,34.922007,Kakamega
0.696194,34.966922,Kakamega
0.696194,35.011838,Kakamega
0.696194,35.056754,Kakamega
0.696194,35.10167,Kakamega
0.696194,35.146585,Kakamega
0.696194,35.191501,Uasin Gishu
0.696194,35.236417,Uasin Gishu
0.696194,35.281333,Uasin Gishu
0.696194,35.326249,Uasin Gishu
0.696194,35.371164,Uasin Gishu
0.696194,35.41608,Elgeyo-Marakwet
0.696194,35.460996,Elgeyo-Marakwet
0.696194,35.505912,Elgeyo-Marakwet
0.696194,35.550827,Elgeyo-Marakwet
0.696194,35.595743,Elgeyo-Marakwet
0.696194,35.640659,Baringo
0.696194,35.685575,Baringo
0.696194,35.73049,Baringo
0.696194,35.775406,Baringo
0.696194,35.820322,Baringo
0.696194,35.865238,Baringo
0.696194,35.910153,Baringo
0.696194,35.955069,Baringo
0.696194,35.999985,Baringo
0.696194,36.044901,Baringo
0.696194,36.089817,Baringo
0.696194,36.134732,Baringo
0.696194,36.179648,Baringo
0.696194,36.224564,Baringo
0.696194,36.26948,Baringo
0.696194,36.314395,Baringo
0.696194,36.359311,Baringo
0.696194,36.404227,Laikipia
0.696194,36.449143,Laikipia
0.696194,36.494058,Laikipia
0.696194,36.538974,Laikipia
0.696194,36.58389,Laikipia
0.696194,36.628806,Laikipia
0.696194,36.673721,Laikipia
0.696194,36.718637,Laikipia
0.696194,36.763553,Laikipia
0.696194,36.808469,Laikipia
0.696194,36.853385,Laikipia
0.696194,36.8983,Laikipia
0.696194,36.943216,Isiolo
0.696194,36.988132,Isiolo
0.696194,37.033048,Isiolo
0.696194,37.077963,Isiolo
0.696194,37.122879,Isiolo
0.696194,37.167795,Isiolo
0.696194,37.212711,Isiolo
0.696194,37.257626,Isiolo
0.696194,37.302542,Isiolo
0.696194,37.347458,Samburu
0.696194,37.392374,Samburu
0.696194,37.437289,Samburu
0.696194,37.482205,Samburu
0.696194,37.527121,Samburu
0.696194,37.572037,Samburu
0.696194,37.616953,Samburu
0.696194,37.661868,Samburu
0.696194,37.706784,Samburu
0.696194,37.7517,Samburu
0.696194,37.796616,Samburu
0.696194,37.841531,Samburu
0.696194,37.886447,Isiolo
0.696194,37.931363,Isiolo
0.696194,37.976279,Isiolo
0.696194,38.021194,Isiolo
0.696194,38.06611,Isiolo
0.696194,38.111026,Isiolo
0.696194,38.155942,Isiolo
0.696194,38.200857,Isiolo
0.696194,38.245773,Isiolo
0.696194,38.290689,Isiolo
0.696194,38.335605,Isiolo
0.696194,38.380521,Isiolo
0.696194,38.425436,Isiolo
0.696194,38.470352,Isiolo
0.696194,38.515268,Isiolo
0.696194,38.560184,Isiolo
0.696194,38.605099,Isiolo
0.696194,38.650015,Isiolo
0.696194,38.694931,Isiolo
0.696194,38.739847,Isiolo
0.696194,38.784762,Isiolo
0.696194,38.829678,Isiolo
0.696194,38.874594,Isiolo
0.696194,38.91951,Isiolo
0.696194,38.964425,Isiolo
0.696194,39.009341,Isiolo
0.696194,39.054257,Isiolo
0.696194,39.099173,Isiolo
0.696194,39.144089,Garissa
0.696194,39.189004,Garissa
0.696194,39.23392,Garissa
0.696194,39.278836,Garissa
0.696194,39.323752,Garissa
0.696194,39.368667,Garissa
0.696194,39.413583,Garissa
0.696194,39.458499,Garissa
0.696194,39.503415,Garissa
0.696194,39.54833,Garissa
0.696194,39.593246,Garissa
0.696194,39.638162,Wajir
0.696194,39.683078,Wajir
0.696194,39.727993,Wajir
0.696194,39.772909,Wajir
0.696194,39.817825,Wajir
0.696194,39.862741,Wajir
0.696194,39.907656,Wajir
0.696194,39.952572,Wajir
0.696194,39.997488,Wajir
0.696194,40.042404,Wajir
0.696194,40.08732,Wajir
0.696194,40.132235,Wajir
0.696194,40.177151,Wajir
0.696194,40.222067,Wajir
0.696194,40.266983,Wajir
0.696194,40.311898,Wajir
0.696194,40.356814,Wajir
0.696194,40.40173,Wajir
0.696194,40.446646,Wajir
0.696194,40.491561,Wajir
0.696194,40.536477,Wajir
0.696194,40.581393,Wajir
0.696194,40.626309,Wajir
0.696194,40.671224,Wajir
0.696194,40.71614,Wajir
0.696194,40.761056,Wajir
0.696194,40.805972,Wajir
0.696194,40.850888,Wajir
0.696194,40.895803,Wajir
0.696194,40.940719,Wajir
0.696194,40.985635,Wajir
0.651279,34.24827,Unknown
0.651279,34.293186,Busia
0.651279,34.338102,Busia
0.651279,34.383017,Busia
0.651279,34.427933,Bungoma
0.651279,34.472849,Bungoma
0.651279,34.517765,Bungoma
0.651279,34.562681,Bungoma
0.651279,34.607596,Bungoma
0.651279,34.652512,Bungoma
0.651279,34.697428,Bungoma
0.651279,34.742344,Bungoma
0.651279,34.787259,Bungoma
0.651279,34.832175,Bungoma
0.651279,34.877091,Kakamega
0.651279,34.922007,Kakamega
0.651279,34.966922,Kakamega
0.651279,35.011838,Kakamega
0.651279,35.056754,Kakamega
0.651279,35.10167,Kakamega
0.651279,35.146585,Uasin Gishu
0.651279,35.191501,Uasin Gishu
0.651279,35.236417,Uasin Gishu
0.651279,35.281333,Uasin Gishu
0.651279,35.326249,Uasin Gishu
0.651279,35.371164,Uasin Gishu
0.651279,35.41608,Uasin Gishu
0.651279,35.460996,Elgeyo-Marakwet
0.651279,35.505912,Elgeyo-Marakwet
0.651279,35.550827,Elgeyo-Marakwet
0.651279,35.595743,Elgeyo-Marakwet
0.651279,35.640659,Baringo
0.651279,35.685575,Baringo
0.651279,35.73049,Baringo
0.651279,35.775406,Baringo
0.651279,35.820322,Baringo
0.651279,35.865238,Baringo
0.651279,35.910153,Baringo
0.651279,35.955069,Baringo
0.651279,35.999985,Baringo
0.651279,36.044901,Baringo
0.651279,36.089817,Baringo
0.651279,36.134732,Baringo
0.651279,36.179648,Baringo
0.651279,36.224564,Baringo
0.651279,36.26948,Baringo
0.651279,36.314395,Laikipia
0.651279,36.359311,Laikipia
0.651279,36.404227,Laikipia
0.651279,36.449143,Laikipia
0.651279,36.494058,Laikipia
0.651279,36.538974,Laikipia
0.651279,36.58389,Laikipia
0.651279,36.628806,Laikipia
0.651279,36.673721,Laikipia
0.651279,36.718637,Laikipia
0.651279,36.763553,Laikipia
0.651279,36.808469,Laikipia
0.651279,36.853385,Laikipia
0.651279,36.8983,Laikipia
0.651279,36.943216,Isiolo
0.651279,36.988132,Isiolo
0.651279,37.033048,Isiolo
0.651279,37.077963,Isiolo
0.651279,37.122879,Isiolo
0.651279,37.167795,Isiolo
0.651279,37.212711,Isiolo
0.651279,37.257626,Isiolo
0.651279,37.302542,Isiolo
0.651279,37.347458,Samburu
0.651279,37.392374,Samburu
0.651279,37.437289,Samburu
0.651279,37.482205,Samburu
0.651279,37.527121,Samburu
0.651279,37.572037,Samburu
0.651279,37.616953,Samburu
0.651279,37.661868,Samburu
0.651279,37.706784,Isiolo
0.651279,37.7517,Isiolo
0.651279,37.796616,Isiolo
0.651279,37.841531,Isiolo
0.651279,37.886447,Isiolo
0.651279,37.931363,Isiolo
0.651279,37.976279,Isiolo
0.651279,38.021194,Isiolo
0.651279,38.06611,Meru
0.651279,38.111026,Isiolo
0.651279,38.155942,Isiolo
0.651279,38.200857,Isiolo
0.651279,38.245773,Isiolo
0.651279,38.290689,Isiolo
0.651279,38.335605,Isiolo
0.651279,38.380521,Isiolo
0.651279,38.425436,Isiolo
0.651279,38.470352,Isiolo
0.651279,38.515268,Isiolo
0.651279,38.560184,Isiolo
0.651279,38.605099,Isiolo
0.651279,38.650015,Isiolo
0.651279,38.694931,Isiolo
0.651279,38.739847,Isiolo
0.651279,38.784762,Isiolo
0.651279,38.829678,Isiolo
0.651279,38.874594,Isiolo
0.651279,38.91951,Isiolo
0.651279,38.964425,Isiolo
0.651279,39.009341,Isiolo
0.651279,39.054257,Garissa
0.651279,39.099173,Garissa
0.651279,39.144089,Garissa
0.651279,39.189004,Garissa
0.651279,39.23392,Garissa
0.651279,39.278836,Garissa
0.651279,39.323752,Garissa
0.651279,39.368667,Garissa
0.651279,39.413583,Garissa
0.651279,39.458499,Garissa
0.651279,39.503415,Garissa
0.651279,39.54833,Garissa
0.651279,39.593246,Garissa
0.651279,39.638162,Garissa
0.651279,39.683078,Wajir
0.651279,39.727993,Wajir
0.651279,39.772909,Wajir
0.651279,39.817825,Wajir
0.651279,39.862741,Wajir
0.651279,39.907656,Wajir
0.651279,39.952572,Wajir
0.651279,39.997488,Wajir
0.651279,40.042404,Wajir
0.651279,40.08732,Wajir
0.651279,40.132235,Wajir
0.651279,40.177151,Wajir
0.651279,40.222067,Wajir
0.651279,40.266983,Wajir
0.651279,40.311898,Wajir
0.651279,40.356814,Wajir
0.651279,40.40173,Wajir
0.651279,40.446646,Wajir
0.651279,40.491561,Wajir
0.651279,40.536477,Wajir
0.651279,40.581393,Wajir
0.651279,40.626309,Wajir
0.651279,40.671224,Wajir
0.651279,40.71614,Wajir
0.651279,40.761056,Wajir
0.651279,40.805972,Wajir
0.651279,40.850888,Wajir
0.651279,40.895803,Wajir
0.651279,40.940719,Wajir
0.651279,40.985635,Wajir
0.606363,34.158439,Unknown
0.606363,34.203354,Busia
0.606363,34.24827,Busia
0.606363,34.293186,Busia
0.606363,34.338102,Busia
0.606363,34.383017,Bungoma
0.606363,34.427933,Bungoma
0.606363,34.472849,Bungoma
0.606363,34.517765,Bungoma
0.606363,34.562681,Bungoma
0.606363,34.607596,Bungoma
0.606363,34.652512,Bungoma
0.606363,34.697428,Bungoma
0.606363,34.742344,Bungoma
0.606363,34.787259,Bungoma
0.606363,34.832175,Kakamega
0.606363,34.877091,Kakamega
0.606363,34.922007,Kakamega
0.606363,34.966922,Uasin Gishu
0.606363,35.011838,Uasin Gishu
0.606363,35.056754,Uasin Gishu
0.606363,35.10167,Uasin Gishu
0.606363,35.146585,Uasin Gishu
0.606363,35.191501,Uasin Gishu
0.606363,35.236417,Uasin Gishu
0.606363,35.281333,Uasin Gishu
0.606363,35.326249,Uasin Gishu
0.606363,35.371164,Uasin Gishu
0.606363,35.41608,Uasin Gishu
0.606363,35.460996,Uasin Gishu
0.606363,35.505912,Elgeyo-Marakwet
0.606363,35.550827,Elgeyo-Marakwet
0.606363,35.595743,Elgeyo-Marakwet
0.606363,35.640659,Baringo
0.606363,35.685575,Baringo
0.606363,35.73049,Baringo
0.606363,35.775406,Baringo
0.606363,35.820322,Baringo
0.606363,35.865238,Baringo
0.606363,35.910153,Baringo
0.606363,35.955069,Baringo
0.606363,35.999985,Baringo
0.606363,36.044901,Baringo
0.606363,36.089817,Baringo
0.606363,36.134732,Baringo
0.606363,36.179648,Baringo
0.606363,36.224564,Baringo
0.606363,36.26948,Baringo
0.606363,36.314395,Laikipia
0.606363,36.359311,Laikipia
0.606363,36.404227,Laikipia
0.606363,36.449143,Laikipia
0.606363,36.494058,Laikipia
0.606363,36.538974,Laikipia
0.606363,36.58389,Laikipia
0.606363,36.628806,Laikipia
0.606363,36.673721,Laikipia
0.606363,36.718637,Laikipia
0.606363,36.763553,Laikipia
0.606363,36.808469,Laikipia
0.606363,36.853385,Laikipia
0.606363,36.8983,Isiolo
0.606363,36.943216,Isiolo
0.606363,36.988132,Isiolo
0.606363,37.033048,Isiolo
0.606363,37.077963,Isiolo
0.606363,37.122879,Isiolo
0.606363,37.167795,Isiolo
0.606363,37.212711,Isiolo
0.606363,37.257626,Isiolo
0.606363,37.302542,Isiolo
0.606363,37.347458,Isiolo
0.606363,37.392374,Samburu
0.606363,37.437289,Samburu
0.606363,37.482205,Samburu
0.606363,37.527121,Samburu
0.606363,37.572037,Samburu
0.606363,37.616953,Samburu
0.606363,37.661868,Isiolo
0.606363,37.706784,Isiolo
0.606363,37.7517,Isiolo
0.606363,37.796616,Isiolo
0.606363,37.841531,Isiolo
0.606363,37.886447,Isiolo
0.606363,37.931363,Meru
0.606363,37.976279,Meru
0.606363,38.021194,Meru
0.606363,38.06611,Meru
0.606363,38.111026,Isiolo
0.606363,38.155942,Isiolo
0.606363,38.200857,Isiolo
0.606363,38.245773,Isiolo
0.606363,38.290689,Isiolo
0.606363,38.335605,Isiolo
0.606363,38.380521,Isiolo
0.606363,38.425436,Isiolo
0.606363,38.470352,Isiolo
0.606363,38.515268,Isiolo
0.606363,38.560184,Isiolo
0.606363,38.605099,Isiolo
0.606363,38.650015,Isiolo
0.606363,38.694931,Isiolo
0.606363,38.739847,Isiolo
0.606363,38.784762,Isiolo
0.606363,38.829678,Isiolo
0.606363,38.874594,Isiolo
0.606363,38.91951,Isiolo
0.606363,38.964425,Garissa
0.606363,39.009341,Garissa
0.606363,39.054257,Garissa
0.606363,39.099173,Garissa
0.606363,39.144089,Garissa
0.606363,39.189004,Garissa
0.606363,39.23392,Garissa
0.606363,39.278836,Garissa
0.606363,39.323752,Garissa
0.606363,39.368667,Garissa
0.606363,39.413583,Garissa
0.606363,39.458499,Garissa
0.606363,39.503415,Garissa
0.606363,39.54833,Garissa
0.606363,39.593246,Garissa
0.606363,39.638162,Garissa
0.606363,39.683078,Wajir
0.606363,39.727993,Wajir
0.606363,39.772909,Wajir
0.606363,39.817825,Wajir
0.606363,39.862741,Wajir
0.606363,39.907656,Wajir
0.606363,39.952572,Wajir
0.606363,39.997488,Wajir
0.606363,40.042404,Wajir
0.606363,40.08732,Wajir
0.606363,40.132235,Wajir
0.606363,40.177151,Wajir
0.606363,40.222067,Wajir
0.606363,40.266983,Wajir
0.606363,40.311898,Wajir
0.606363,40.356814,Wajir
0.606363,40.40173,Wajir
0.606363,40.446646,Wajir
0.606363,40.491561,Wajir
0.606363,40.536477,Wajir
0.606363,40.581393,Wajir
0.606363,40.626309,Wajir
0.606363,40.671224,Wajir
0.606363,40.71614,Wajir
0.606363,40.761056,Wajir
0.606363,40.805972,Wajir
0.606363,40.850888,Wajir
0.606363,40.895803,Wajir
0.606363,40.940719,Wajir
0.606363,40.985635,Wajir
0.561447,34.113523,Unknown
0.561447,34.158439,Busia
0.561447,34.203354,Busia
0.561447,34.24827,Busia
0.561447,34.293186,Busia
0.561447,34.338102,Busia
0.561447,34.383017,Bungoma
0.561447,34.427933,Bungoma
0.561447,34.472849,Bungoma
0.561447,34.517765,Bungoma
0.561447,34.562681,Bungoma
0.561447,34.607596,Bungoma
0.561447,34.652512,Bungoma
0.561447,34.697428,Bungoma
0.561447,34.742344,Bungoma
0.561447,34.787259,Kakamega
0.561447,34.832175,Kakamega
0.561447,34.877091,Uasin Gishu
0.561447,34.922007,Uasin Gishu
0.561447,34.966922,Uasin Gishu
0.561447,35.011838,Uasin Gishu
0.561447,35.056754,Uasin Gishu
0.561447,35.10167,Uasin Gishu
0.561447,35.146585,Uasin Gishu
0.561447,35.191501,Uasin Gishu
0.561447,35.236417,Uasin Gishu
0.561447,35.281333,Uasin Gishu
0.561447,35.326249,Uasin Gishu
0.561447,35.371164,Uasin Gishu
0.561447,35.41608,Uasin Gishu
0.561447,35.460996,Uasin Gishu
0.561447,35.505912,Elgeyo-Marakwet
0.561447,35.550827,Elgeyo-Marakwet
0.561447,35.595743,Elgeyo-Marakwet
0.561447,35.640659,Baringo
0.561447,35.685575,Baringo
0.561447,35.73049,Baringo
0.561447,35.775406,Baringo
0.561447,35.820322,Baringo
0.561447,35.865238,Baringo
0.561447,35.910153,Baringo
0.561447,35.955069,Baringo
0.561447,35.999985,Baringo
0.561447,36.044901,Baringo
0.561447,36.089817,Baringo
0.561447,36.134732,Baringo
0.561447,36.179648,Baringo
0.561447,36.224564,Baringo
0.561447,36.26948,Baringo
0.561447,36.314395,Laikipia
0.561447,36.359311,Laikipia
0.561447,36.404227,Laikipia
0.561447,36.449143,Laikipia
0.561447,36.494058,Laikipia
0.561447,36.538974,Laikipia
0.561447,36.58389,Laikipia
0.561447,36.628806,Laikipia
0.561447,36.673721,Laikipia
0.561447,36.718637,Laikipia
0.561447,36.763553,Laikipia
0.561447,36.808469,Laikipia
0.561447,36.853385,Laikipia
0.561447,36.8983,Laikipia
0.561447,36.943216,Isiolo
0.561447,36.988132,Isiolo
0.561447,37.033048,Isiolo
0.561447,37.077963,Isiolo
0.561447,37.122879,Isiolo
0.561447,37.167795,Isiolo
0.561447,37.212711,Isiolo
0.561447,37.257626,Isiolo
0.561447,37.302542,Isiolo
0.561447,37.347458,Isiolo
0.561447,37.392374,Isiolo
0.561447,37.437289,Isiolo
0.561447,37.482205,Isiolo
0.561447,37.527121,Isiolo
0.561447,37.572037,Isiolo
0.561447,37.616953,Isiolo
0.561447,37.661868,Isiolo
0.561447,37.706784,Isiolo
0.561447,37.7517,Isiolo
0.561447,37.796616,Isiolo
0.561447,37.841531,Meru
0.561447,37.886447,Meru
0.561447,37.931363,Meru
0.561447,37.976279,Meru
0.561447,38.021194,Meru
0.561447,38.06611,Meru
0.561447,38.111026,Isiolo
0.561447,38.155942,Isiolo
0.561447,38.200857,Isiolo
0.561447,38.245773,Isiolo
0.561447,38.290689,Isiolo
0.561447,38.335605,Isiolo
0.561447,38.380521,Isiolo
0.561447,38.425436,Isiolo
0.561447,38.470352,Isiolo
0.561447,38.515268,Isiolo
0.561447,38.560184,Isiolo
0.561447,38.605099,Isiolo
0.561447,38.650015,Isiolo
0.561447,38.694931,Isiolo
0.561447,38.739847,Isiolo
0.561447,38.784762,Isiolo
0.561447,38.829678,Garissa
0.561447,38.874594,Garissa
0.561447,38.91951,Garissa
0.561447,38.964425,Garissa
0.561447,39.009341,Garissa
0.561447,39.054257,Garissa
0.561447,39.099173,Garissa
0.561447,39.144089,Garissa
0.561447,39.189004,Garissa
0.561447,39.23392,Garissa
0.561447,39.278836,Garissa
0.561447,39.323752,Garissa
0.561447,39.368667,Garissa
0.561447,39.413583,Garissa
0.561447,39.458499,Garissa
0.561447,39.503415,Garissa
0.561447,39.54833,Garissa
0.561447,39.593246,Garissa
0.561447,39.638162,Garissa
0.561447,39.683078,Garissa
0.561447,39.727993,Wajir
0.561447,39.772909,Wajir
0.561447,39.817825,Wajir
0.561447,39.862741,Wajir
0.561447,39.907656,Wajir
0.561447,39.952572,Wajir
0.561447,39.997488,Wajir
0.561447,40.042404,Wajir
0.561447,40.08732,Wajir
0.561447,40.132235,Wajir
0.561447,40.177151,Wajir
0.561447,40.222067,Wajir
0.561447,40.266983,Wajir
0.561447,40.311898,Wajir
0.561447,40.356814,Wajir
0.561447,40.40173,Wajir
0.561447,40.446646,Wajir
0.561447,40.491561,Wajir
0.561447,40.536477,Wajir
0.561447,40.581393,Wajir
0.561447,40.626309,Wajir
0.561447,40.671224,Wajir
0.561447,40.71614,Wajir
0.561447,40.761056,Wajir
0.561447,40.805972,Wajir
0.561447,40.850888,Wajir
0.561447,40.895803,Wajir
0.561447,40.940719,Wajir
0.561447,40.985635,Wajir
0.516531,34.113523,Unknown
0.516531,34.158439,Busia
0.516531,34.203354,Busia
0.516531,34.24827,Busia
0.516531,34.293186,Busia
0.516531,34.338102,Busia
0.516531,34.383017,Busia
0.516531,34.427933,Bungoma
0.516531,34.472849,Bungoma
0.516531,34.517765,Bungoma
0.516531,34.562681,Bungoma
0.516531,34.607596,Bungoma
0.516531,34.652512,Bungoma
0.516531,34.697428,Bungoma
0.516531,34.742344,Kakamega
0.516531,34.787259,Kakamega
0.516531,34.832175,Kakamega
0.516531,34.877091,Kakamega
0.516531,34.922007,Nandi
0.516531,34.966922,Nandi
0.516531,35.011838,Nandi
0.516531,35.056754,Nandi
0.516531,35.10167,Nandi
0.516531,35.146585,Nandi
0.516531,35.191501,Uasin Gishu
0.516531,35.236417,Uasin Gishu
0.516531,35.281333,Uasin Gishu
0.516531,35.326249,Uasin Gishu
0.516531,35.371164,Uasin Gishu
0.516531,35.41608,Uasin Gishu
0.516531,35.460996,Uasin Gishu
0.516531,35.505912,Elgeyo-Marakwet
0.516531,35.550827,Elgeyo-Marakwet
0.516531,35.595743,Elgeyo-Marakwet
0.516531,35.640659,Baringo
0.516531,35.685575,Baringo
0.516531,35.73049,Baringo
0.516531,35.775406,Baringo
0.516531,35.820322,Baringo
0.516531,35.865238,Baringo
0.516531,35.910153,Baringo
0.516531,35.955069,Baringo
0.516531,35.999985,Baringo
0.516531,36.044901,Baringo
0.516531,36.089817,Baringo
0.516531,36.134732,Baringo
0.516531,36.179648,Baringo
0.516531,36.224564,Baringo
0.516531,36.26948,Baringo
0.516531,36.314395,Laikipia
0.516531,36.359311,Laikipia
0.516531,36.404227,Laikipia
0.516531,36.449143,Laikipia
0.516531,36.494058,Laikipia
0.516531,36.538974,Laikipia
0.516531,36.58389,Laikipia
0.516531,36.628806,Laikipia
0.516531,36.673721,Laikipia
0.516531,36.718637,Laikipia
0.516531,36.763553,Laikipia
0.516531,36.808469,Laikipia
0.516531,36.853385,Laikipia
0.516531,36.8983,Laikipia
0.516531,36.943216,Laikipia
0.516531,36.988132,Laikipia
0.516531,37.033048,Laikipia
0.516531,37.077963,Laikipia
0.516531,37.122879,Laikipia
0.516531,37.167795,Laikipia
0.516531,37.212711,Laikipia
0.516531,37.257626,Laikipia
0.516531,37.302542,Laikipia
0.516531,37.347458,Isiolo
0.516531,37.392374,Isiolo
0.516531,37.437289,Isiolo
0.516531,37.482205,Isiolo
0.516531,37.527121,Isiolo
0.516531,37.572037,Isiolo
0.516531,37.616953,Isiolo
0.516531,37.661868,Isiolo
0.516531,37.706784,Meru
0.516531,37.7517,Meru
0.516531,37.796616,Meru
0.516531,37.841531,Meru
0.516531,37.886447,Meru
0.516531,37.931363,Meru
0.516531,37.976279,Meru
0.516531,38.021194,Meru
0.516531,38.06611,Meru
0.516531,38.111026,Isiolo
0.516531,38.155942,Isiolo
0.516531,38.200857,Isiolo
0.516531,38.245773,Isiolo
0.516531,38.290689,Isiolo
0.516531,38.335605,Isiolo
0.516531,38.380521,Isiolo
0.516531,38.425436,Isiolo
0.516531,38.470352,Isiolo
0.516531,38.515268,Isiolo
0.516531,38.560184,Isiolo
0.516531,38.605099,Isiolo
0.516531,38.650015,Isiolo
0.516531,38.694931,Isiolo
0.516531,38.739847,Garissa
0.516531,38.784762,Garissa
0.516531,38.829678,Garissa
0.516531,38.874594,Garissa
0.516531,38.91951,Garissa
0.516531,38.964425,Garissa
0.516531,39.009341,Garissa
0.516531,39.054257,Garissa
0.516531,39.099173,Garissa
0.516531,39.144089,Garissa
0.516531,39.189004,Garissa
0.516531,39.23392,Garissa
0.516531,39.278836,Garissa
0.516531,39.323752,Garissa
0.516531,39.368667,Garissa
0.516531,39.413583,Garissa
0.516531,39.458499,Garissa
0.516531,39.503415,Garissa
0.516531,39.54833,Garissa
0.516531,39.593246,Garissa
0.516531,39.638162,Garissa
0.516531,39.683078,Garissa
0.516531,39.727993,Garissa
0.516531,39.772909,Wajir
0.516531,39.817825,Wajir
0.516531,39.862741,Wajir
0.516531,39.907656,Wajir
0.516531,39.952572,Wajir
0.516531,39.997488,Wajir
0.516531,40.042404,Wajir
0.516531,40.08732,Wajir
0.516531,40.132235,Wajir
0.516531,40.177151,Wajir
0.516531,40.222067,Wajir
0.516531,40.266983,Wajir
0.516531,40.311898,Wajir
0.516531,40.356814,Wajir
0.516531,40.40173,Wajir
0.516531,40.446646,Wajir
0.516531,40.491561,Wajir
0.516531,40.536477,Wajir
0.516531,40.581393,Wajir
0.516531,40.626309,Wajir
0.516531,40.671224,Wajir
0.516531,40.71614,Wajir
0.516531,40.761056,Wajir
0.516531,40.805972,Wajir
0.516531,40.850888,Wajir
0.516531,40.895803,Wajir
0.516531,40.940719,Wajir
0.516531,40.985635,Wajir
0.471616,34.068607,Unknown
0.471616,34.113523,Busia
0.471616,34.158439,Busia
0.471616,34.203354,Busia
0.471616,34.24827,Busia
0.471616,34.293186,Busia
0.471616,34.338102,Busia
0.471616,34.383017,Busia
0.471616,34.427933,Bungoma
0.471616,34.472849,Kakamega
0.471616,34.517765,Bungoma
0.471616,34.562681,Bungoma
0.471616,34.607596,Bungoma
0.471616,34.652512,Bungoma
0.471616,34.697428,Kakamega
0.471616,34.742344,Kakamega
0.471616,34.787259,Kakamega
0.471616,34.832175,Kakamega
0.471616,34.877091,Kakamega
0.471616,34.922007,Kakamega
0.471616,34.966922,Nandi
0.471616,35.011838,Nandi
0.471616,35.056754,Nandi
0.471616,35.10167,Nandi
0.471616,35.146585,Uasin Gishu
0.471616,35.191501,Uasin Gishu
0.471616,35.236417,Uasin Gishu
0.471616,35.281333,Uasin Gishu
0.471616,35.326249,Uasin Gishu
0.471616,35.371164,Uasin Gishu
0.471616,35.41608,Uasin Gishu
0.471616,35.460996,Uasin Gishu
0.471616,35.505912,Elgeyo-Marakwet
0.471616,35.550827,Elgeyo-Marakwet
0.471616,35.595743,Elgeyo-Marakwet
0.471616,35.640659,Baringo
0.471616,35.685575,Baringo
0.471616,35.73049,Baringo
0.471616,35.775406,Baringo
0.471616,35.820322,Baringo
0.471616,35.865238,Baringo
0.471616,35.910153,Baringo
0.471616,35.955069,Baringo
0.471616,35.999985,Baringo
0.471616,36.044901,Baringo
0.471616,36.089817,Baringo
0.471616,36.134732,Baringo
0.471616,36.179648,Baringo
0.471616,36.224564,Baringo
0.471616,36.26948,Laikipia
0.471616,36.314395,Laikipia
0.471616,36.359311,Laikipia
0.471616,36.404227,Laikipia
0.471616,36.449143,Laikipia
0.471616,36.494058,Laikipia
0.471616,36.538974,Laikipia
0.471616,36.58389,Laikipia
0.471616,36.628806,Laikipia
0.471616,36.673721,Laikipia
0.471616,36.718637,Laikipia
0.471616,36.763553,Laikipia
0.471616,36.808469,Laikipia
0.471616,36.853385,Laikipia
0.471616,36.8983,Laikipia
0.471616,36.943216,Laikipia
0.471616,36.988132,Laikipia
0.471616,37.033048,Laikipia
0.471616,37.077963,Laikipia
0.471616,37.122879,Laikipia
0.471616,37.167795,Laikipia
0.471616,37.212711,Laikipia
0.471616,37.257626,Laikipia
0.471616,37.302542,Laikipia
0.471616,37.347458,Laikipia
0.471616,37.392374,Isiolo
0.471616,37.437289,Isiolo
0.471616,37.482205,Isiolo
0.471616,37.527121,Isiolo
0.471616,37.572037,Isiolo
0.471616,37.616953,Meru
0.471616,37.661868,Meru
0.471616,37.706784,Meru
0.471616,37.7517,Meru
0.471616,37.796616,Meru
0.471616,37.841531,Meru
0.471616,37.886447,Meru
0.471616,37.931363,Meru
0.471616,37.976279,Meru
0.471616,38.021194,Meru
0.471616,38.06611,Meru
0.471616,38.111026,Meru
0.471616,38.155942,Isiolo
0.471616,38.200857,Isiolo
0.471616,38.245773,Isiolo
0.471616,38.290689,Isiolo
0.471616,38.335605,Isiolo
0.471616,38.380521,Isiolo
0.471616,38.425436,Isiolo
0.471616,38.470352,Isiolo
0.471616,38.515268,Isiolo
0.471616,38.560184,Isiolo
0.471616,38.605099,Isiolo
0.471616,38.650015,Isiolo
0.471616,38.694931,Garissa
0.471616,38.739847,Garissa
0.471616,38.784762,Garissa
0.471616,38.829678,Garissa
0.471616,38.874594,Garissa
0.471616,38.91951,Garissa
0.471616,38.964425,Garissa
0.471616,39.009341,Garissa
0.471616,39.054257,Garissa
0.471616,39.099173,Garissa
0.471616,39.144089,Garissa
0.471616,39.189004,Garissa
0.471616,39.23392,Garissa
0.471616,39.278836,Garissa
0.471616,39.323752,Garissa
0.471616,39.368667,Garissa
0.471616,39.413583,Garissa
0.471616,39.458499,Garissa
0.471616,39.503415,Garissa
0.471616,39.54833,Garissa
0.471616,39.593246,Garissa
0.471616,39.638162,Garissa
0.471616,39.683078,Garissa
0.471616,39.727993,Garissa
0.471616,39.772909,Garissa
0.471616,39.817825,Garissa
0.471616,39.862741,Wajir
0.471616,39.907656,Wajir
0.471616,39.952572,Wajir
0.471616,39.997488,Wajir
0.471616,40.042404,Wajir
0.471616,40.08732,Wajir
0.471616,40.132235,Wajir
0.471616,40.177151,Wajir
0.471616,40.222067,Wajir
0.471616,40.266983,Wajir
0.471616,40.311898,Wajir
0.471616,40.356814,Wajir
0.471616,40.40173,Wajir
0.471616,40.446646,Wajir
0.471616,40.491561,Wajir
0.471616,40.536477,Wajir
0.471616,40.581393,Wajir
0.471616,40.626309,Wajir
0.471616,40.671224,Wajir
0.471616,40.71614,Wajir
0.471616,40.761056,Wajir
0.471616,40.805972,Wajir
0.471616,40.850888,Wajir
0.471616,40.895803,Wajir
0.471616,40.940719,Wajir
0.471616,40.985635,Wajir
0.4267,34.068607,Unknown
0.4267,34.113523,Busia
0.4267,34.158439,Busia
0.4267,34.203354,Busia
0.4267,34.24827,Busia
0.4267,34.293186,Busia
0.4267,34.338102,Busia
0.4267,34.383017,Kakamega
0.4267,34.427933,Kakamega
0.4267,34.472849,Kakamega
0.4267,34.517765,Kakamega
0.4267,34.562681,Kakamega
0.4267,34.607596,Kakamega
0.4267,34.652512,Kakamega
0.4267,34.697428,Kakamega
0.4267,34.742344,Kakamega
0.4267,34.787259,Kakamega
0.4267,34.832175,Kakamega
0.4267,34.877091,Kakamega
0.4267,34.922007,Kakamega
0.4267,34.966922,Nandi
0.4267,35.011838,Nandi
0.4267,35.056754,Nandi
0.4267,35.10167,Nandi
0.4267,35.146585,Nandi
0.4267,35.191501,Uasin Gishu
0.4267,35.236417,Uasin Gishu
0.4267,35.281333,Uasin Gishu
0.4267,35.326249,Uasin Gishu
0.4267,35.371164,Uasin Gishu
0.4267,35.41608,Uasin Gishu
0.4267,35.460996,Uasin Gishu
0.4267,35.505912,Elgeyo-Marakwet
0.4267,35.550827,Elgeyo-Marakwet
0.4267,35.595743,Elgeyo-Marakwet
0.4267,35.640659,Elgeyo-Marakwet
0.4267,35.685575,Baringo
0.4267,35.73049,Baringo
0.4267,35.775406,Baringo
0.4267,35.820322,Baringo
0.4267,35.865238,Baringo
0.4267,35.910153,Baringo
0.4267,35.955069,Baringo
0.4267,35.999985,Baringo
0.4267,36.044901,Baringo
0.4267,36.089817,Baringo
0.4267,36.134732,Baringo
0.4267,36.179648,Baringo
0.4267,36.224564,Baringo
0.4267,36.26948,Laikipia
0.4267,36.314395,Laikipia
0.4267,36.359311,Laikipia
0.4267,36.404227,Laikipia
0.4267,36.449143,Laikipia
0.4267,36.494058,Laikipia
0.4267,36.538974,Laikipia
0.4267,36.58389,Laikipia
0.4267,36.628806,Laikipia
0.4267,36.673721,Laikipia
0.4267,36.718637,Laikipia
0.4267,36.763553,Laikipia
0.4267,36.808469,Laikipia
0.4267,36.853385,Laikipia
0.4267,36.8983,Laikipia
0.4267,36.943216,Laikipia
0.4267,36.988132,Laikipia
0.4267,37.033048,Laikipia
0.4267,37.077963,Laikipia
0.4267,37.122879,Laikipia
0.4267,37.167795,Laikipia
0.4267,37.212711,Laikipia
0.4267,37.257626,Laikipia
0.4267,37.302542,Laikipia
0.4267,37.347458,Laikipia
0.4267,37.392374,Isiolo
0.4267,37.437289,Isiolo
0.4267,37.482205,Isiolo
0.4267,37.527121,Isiolo
0.4267,37.572037,Isiolo
0.4267,37.616953,Meru
0.4267,37.661868,Meru
0.4267,37.706784,Meru
0.4267,37.7517,Meru
0.4267,37.796616,Meru
0.4267,37.841531,Meru
0.4267,37.886447,Meru
0.4267,37.931363,Meru
0.4267,37.976279,Meru
0.4267,38.021194,Meru
0.4267,38.06611,Meru
0.4267,38.111026,Meru
0.4267,38.155942,Isiolo
0.4267,38.200857,Isiolo
0.4267,38.245773,Isiolo
0.4267,38.290689,Isiolo
0.4267,38.335605,Isiolo
0.4267,38.380521,Isiolo
0.4267,38.425436,Isiolo
0.4267,38.470352,Isiolo
0.4267,38.515268,Isiolo
0.4267,38.560184,Isiolo
0.4267,38.605099,Isiolo
0.4267,38.650015,Isiolo
0.4267,38.694931,Garissa
0.4267,38.739847,Garissa
0.4267,38.784762,Garissa
0.4267,38.829678,Garissa
0.4267,38.874594,Garissa
0.4267,38.91951,Garissa
0.4267,38.964425,Garissa
0.4267,39.009341,Garissa
0.4267,39.054257,Garissa
0.4267,39.099173,Garissa
0.4267,39.144089,Garissa
0.4267,39.189004,Garissa
0.4267,39.23392,Garissa
0.4267,39.278836,Garissa
0.4267,39.323752,Garissa
0.4267,39.368667,Garissa
0.4267,39.413583,Garissa
0.4267,39.458499,Garissa
0.4267,39.503415,Garissa
0.4267,39.54833,Garissa
0.4267,39.593246,Garissa
0.4267,39.638162,Garissa
0.4267,39.683078,Garissa
0.4267,39.727993,Garissa
0.4267,39.772909,Garissa
0.4267,39.817825,Garissa
0.4267,39.862741,Garissa
0.4267,39.907656,Garissa
0.4267,39.952572,Wajir
0.4267,39.997488,Wajir
0.4267,40.042404,Wajir
0.4267,40.08732,Wajir
0.4267,40.132235,Wajir
0.4267,40.177151,Wajir
0.4267,40.222067,Wajir
0.4267,40.266983,Wajir
0.4267,40.311898,Wajir
0.4267,40.356814,Wajir
0.4267,40.40173,Wajir
0.4267,40.446646,Wajir
0.4267,40.491561,Wajir
0.4267,40.536477,Wajir
0.4267,40.581393,Wajir
0.4267,40.626309,Wajir
0.4267,40.671224,Wajir
0.4267,40.71614,Wajir
0.4267,40.761056,Wajir
0.4267,40.805972,Wajir
0.4267,40.850888,Wajir
0.4267,40.895803,Wajir
0.4267,40.940719,Garissa
0.4267,40.985635,Garissa
0.381784,34.113523,Busia
0.381784,34.158439,Busia
0.381784,34.203354,Busia
0.381784,34.24827,Busia
0.381784,34.293186,Busia
0.381784,34.338102,Busia
0.381784,34.383017,Busia
0.381784,34.427933,Kakamega
0.381784,34.472849,Kakamega
0.381784,34.517765,Kakamega
0.381784,34.562681,Kakamega
0.381784,34.607596,Kakamega
0.381784,34.652512,Kakamega
0.381784,34.697428,Kakamega
0.381784,34.742344,Kakamega
0.381784,34.787259,Kakamega
0.381784,34.832175,Kakamega
0.381784,34.877091,Kakamega
0.381784,34.922007,Kakamega
0.381784,34.966922,Nandi
0.381784,35.011838,Nandi
0.381784,35.056754,Nandi
0.381784,35.10167,Nandi
0.381784,35.146585,Nandi
0.381784,35.191501,Uasin Gishu
0.381784,35.236417,Uasin Gishu
0.381784,35.281333,Uasin Gishu
0.381784,35.326249,Uasin Gishu
0.381784,35.371164,Uasin Gishu
0.381784,35.41608,Uasin Gishu
0.381784,35.460996,Uasin Gishu
0.381784,35.505912,Elgeyo-Marakwet
0.381784,35.550827,Elgeyo-Marakwet
0.381784,35.595743,Elgeyo-Marakwet
0.381784,35.640659,Elgeyo-Marakwet
0.381784,35.685575,Baringo
0.381784,35.73049,Baringo
0.381784,35.775406,Baringo
0.381784,35.820322,Baringo
0.381784,35.865238,Baringo
0.381784,35.910153,Baringo
0.381784,35.955069,Baringo
0.381784,35.999985,Baringo
0.381784,36.044901,Baringo
0.381784,36.089817,Baringo
0.381784,36.134732,Baringo
0.381784,36.179648,Baringo
0.381784,36.224564,Laikipia
0.381784,36.26948,Laikipia
0.381784,36.314395,Laikipia
0.381784,36.359311,Laikipia
0.381784,36.404227,Laikipia
0.381784,36.449143,Laikipia
0.381784,36.494058,Laikipia
0.381784,36.538974,Laikipia
0.381784,36.58389,Laikipia
0.381784,36.628806,Laikipia
0.381784,36.673721,Laikipia
0.381784,36.718637,Laikipia
0.381784,36.763553,Laikipia
0.381784,36.808469,Laikipia
0.381784,36.853385,Laikipia
0.381784,36.8983,Laikipia
0.381784,36.943216,Laikipia
0.381784,36.988132,Laikipia
0.381784,37.033048,Laikipia
0.381784,37.077963,Laikipia
0.381784,37.122879,Laikipia
0.381784,37.167795,Laikipia
0.381784,37.212711,Laikipia
0.381784,37.257626,Laikipia
0.381784,37.302542,Laikipia
0.381784,37.347458,Laikipia
0.381784,37.392374,Isiolo
0.381784,37.437289,Isiolo
0.381784,37.482205,Isiolo
0.381784,37.527121,Isiolo
0.381784,37.572037,Isiolo
0.381784,37.616953,Meru
0.381784,37.661868,Meru
0.381784,37.706784,Meru
0.381784,37.7517,Meru
0.381784,37.796616,Meru
0.381784,37.841531,Meru
0.381784,37.886447,Meru
0.381784,37.931363,Meru
0.381784,37.976279,Meru
0.381784,38.021194,Meru
0.381784,38.06611,Meru
0.381784,38.111026,Meru
0.381784,38.155942,Meru
0.381784,38.200857,Isiolo
0.381784,38.245773,Isiolo
0.381784,38.290689,Isiolo
0.381784,38.335605,Isiolo
0.381784,38.380521,Isiolo
0.381784,38.425436,Isiolo
0.381784,38.470352,Isiolo
0.381784,38.515268,Isiolo
0.381784,38.560184,Isiolo
0.381784,38.605099,Isiolo
0.381784,38.650015,Isiolo
0.381784,38.694931,Isiolo
0.381784,38.739847,Garissa
0.381784,38.784762,Garissa
0.381784,38.829678,Garissa
0.381784,38.874594,Garissa
0.381784,38.91951,Garissa
0.381784,38.964425,Garissa
0.381784,39.009341,Garissa
0.381784,39.054257,Garissa
0.381784,39.099173,Garissa
0.381784,39.144089,Garissa
0.381784,39.189004,Garissa
0.381784,39.23392,Garissa
0.381784,39.278836,Garissa
0.381784,39.323752,Garissa
0.381784,39.368667,Garissa
0.381784,39.413583,Garissa
0.381784,39.458499,Garissa
0.381784,39.503415,Garissa
0.381784,39.54833,Garissa
0.381784,39.593246,Garissa
0.381784,39.638162,Garissa
0.381784,39.683078,Garissa
0.381784,39.727993,Garissa
0.381784,39.772909,Garissa
0.381784,39.817825,Garissa
0.381784,39.862741,Garissa
0.381784,39.907656,Garissa
0.381784,39.952572,Garissa
0.381784,39.997488,Garissa
0.381784,40.042404,Garissa
0.381784,40.08732,Wajir
0.381784,40.132235,Wajir
0.381784,40.177151,Wajir
0.381784,40.222067,Wajir
0.381784,40.266983,Wajir
0.381784,40.311898,Wajir
0.381784,40.356814,Wajir
0.381784,40.40173,Wajir
0.381784,40.446646,Wajir
0.381784,40.491561,Wajir
0.381784,40.536477,Wajir
0.381784,40.581393,Wajir
0.381784,40.626309,Wajir
0.381784,40.671224,Wajir
0.381784,40.71614,Wajir
0.381784,40.761056,Wajir
0.381784,40.805972,Wajir
0.381784,40.850888,Wajir
0.381784,40.895803,Garissa
0.381784,40.940719,Garissa
0.381784,40.985635,Garissa
0.336868,34.068607,Unknown
0.336868,34.113523,Busia
0.336868,34.158439,Busia
0.336868,34.203354,Busia
0.336868,34.24827,Busia
0.336868,34.293186,Busia
0.336868,34.338102,Busia
0.336868,34.383017,Busia
0.336868,34.427933,Kakamega
0.336868,34.472849,Kakamega
0.336868,34.517765,Kakamega
0.336868,34.562681,Kakamega
0.336868,34.607596,Kakamega
0.336868,34.652512,Kakamega
0.336868,34.697428,Kakamega
0.336868,34.742344,Kakamega
0.336868,34.787259,Kakamega
0.336868,34.832175,Kakamega
0.336868,34.877091,Kakamega
0.336868,34.922007,Kakamega
0.336868,34.966922,Nandi
0.336868,35.011838,Nandi
0.336868,35.056754,Nandi
0.336868,35.10167,Nandi
0.336868,35.146585,Nandi
0.336868,35.191501,Nandi
0.336868,35.236417,Uasin Gishu
0.336868,35.281333,Uasin Gishu
0.336868,35.326249,Uasin Gishu
0.336868,35.371164,Uasin Gishu
0.336868,35.41608,Uasin Gishu
0.336868,35.460996,Uasin Gishu
0.336868,35.505912,Elgeyo-Marakwet
0.336868,35.550827,Elgeyo-Marakwet
0.336868,35.595743,Elgeyo-Marakwet
0.336868,35.640659,Elgeyo-Marakwet
0.336868,35.685575,Elgeyo-Marakwet
0.336868,35.73049,Baringo
0.336868,35.775406,Baringo
0.336868,35.820322,Baringo
0.336868,35.865238,Baringo
0.336868,35.910153,Baringo
0.336868,35.955069,Baringo
0.336868,35.999985,Baringo
0.336868,36.044901,Baringo
0.336868,36.089817,Baringo
0.336868,36.134732,Baringo
0.336868,36.179648,Baringo
0.336868,36.224564,Laikipia
0.336868,36.26948,Laikipia
0.336868,36.314395,Laikipia
0.336868,36.359311,Laikipia
0.336868,36.404227,Laikipia
0.336868,36.449143,Laikipia
0.336868,36.494058,Laikipia
0.336868,36.538974,Laikipia
0.336868,36.58389,Laikipia
0.336868,36.628806,Laikipia
0.336868,36.673721,Laikipia
0.336868,36.718637,Laikipia
0.336868,36.763553,Laikipia
0.336868,36.808469,Laikipia
0.336868,36.853385,Laikipia
0.336868,36.8983,Laikipia
0.336868,36.943216,Laikipia
0.336868,36.988132,Laikipia
0.336868,37.033048,Laikipia
0.336868,37.077963,Laikipia
0.336868,37.122879,Laikipia
0.336868,37.167795,Laikipia
0.336868,37.212711,Laikipia
0.336868,37.257626,Laikipia
0.336868,37.302542,Laikipia
0.336868,37.347458,Laikipia
0.336868,37.392374,Isiolo
0.336868,37.437289,Isiolo
0.336868,37.482205,Isiolo
0.336868,37.527121,Isiolo
0.336868,37.572037,Isiolo
0.336868,37.616953,Meru
0.336868,37.661868,Meru
0.336868,37.706784,Meru
0.336868,37.7517,Meru
0.336868,37.796616,Meru
0.336868,37.841531,Meru
0.336868,37.886447,Meru
0.336868,37.931363,Meru
0.336868,37.976279,Meru
0.336868,38.021194,Meru
0.336868,38.06611,Meru
0.336868,38.111026,Meru
0.336868,38.155942,Meru
0.336868,38.200857,Isiolo
0.336868,38.245773,Isiolo
0.336868,38.290689,Isiolo
0.336868,38.335605,Isiolo
0.336868,38.380521,Isiolo
0.336868,38.425436,Isiolo
0.336868,38.470352,Isiolo
0.336868,38.515268,Isiolo
0.336868,38.560184,Isiolo
0.336868,38.605099,Isiolo
0.336868,38.650015,Isiolo
0.336868,38.694931,Isiolo
0.336868,38.739847,Garissa
0.336868,38.784762,Garissa
0.336868,38.829678,Garissa
0.336868,38.874594,Garissa
0.336868,38.91951,Garissa
0.336868,38.964425,Garissa
0.336868,39.009341,Garissa
0.336868,39.054257,Garissa
0.336868,39.099173,Garissa
0.336868,39.144089,Garissa
0.336868,39.189004,Garissa
0.336868,39.23392,Garissa
0.336868,39.278836,Garissa
0.336868,39.323752,Garissa
0.336868,39.368667,Garissa
0.336868,39.413583,Garissa
0.336868,39.458499,Garissa
0.336868,39.503415,Garissa
0.336868,39.54833,Garissa
0.336868,39.593246,Garissa
0.336868,39.638162,Garissa
0.336868,39.683078,Garissa
0.336868,39.727993,Garissa
0.336868,39.772909,Garissa
0.336868,39.817825,Garissa
0.336868,39.862741,Garissa
0.336868,39.907656,Garissa
0.336868,39.952572,Garissa
0.336868,39.997488,Garissa
0.336868,40.042404,Garissa
0.336868,40.08732,Garissa
0.336868,40.132235,Garissa
0.336868,40.177151,Wajir
0.336868,40.222067,Wajir
0.336868,40.266983,Wajir
0.336868,40.311898,Wajir
0.336868,40.356814,Wajir
0.336868,40.40173,Wajir
0.336868,40.446646,Wajir
0.336868,40.491561,Wajir
0.336868,40.536477,Wajir
0.336868,40.581393,Wajir
0.336868,40.626309,Wajir
0.336868,40.671224,Wajir
0.336868,40.71614,Wajir
0.336868,40.761056,Garissa
0.336868,40.805972,Garissa
0.336868,40.850888,Garissa
0.336868,40.895803,Garissa
0.336868,40.940719,Garissa
0.336868,40.985635,Garissa
0.291952,34.023691,Unknown
0.291952,34.068607,Busia
0.291952,34.113523,Busia
0.291952,34.158439,Siaya
0.291952,34.203354,Busia
0.291952,34.24827,Siaya
0.291952,34.293186,Siaya
0.291952,34.338102,Siaya
0.291952,34.383017,Siaya
0.291952,34.427933,Kakamega
0.291952,34.472849,Kakamega
0.291952,34.517765,Kakamega
0.291952,34.562681,Kakamega
0.291952,34.607596,Kakamega
0.291952,34.652512,Kakamega
0.291952,34.697428,Kakamega
0.291952,34.742344,Kakamega
0.291952,34.787259,Kakamega
0.291952,34.832175,Kakamega
0.291952,34.877091,Kakamega
0.291952,34.922007,Kakamega
0.291952,34.966922,Nandi
0.291952,35.011838,Nandi
0.291952,35.056754,Nandi
0.291952,35.10167,Nandi
0.291952,35.146585,Nandi
0.291952,35.191501,Nandi
0.291952,35.236417,Nandi
0.291952,35.281333,Uasin Gishu
0.291952,35.326249,Uasin Gishu
0.291952,35.371164,Uasin Gishu
0.291952,35.41608,Uasin Gishu
0.291952,35.460996,Uasin Gishu
0.291952,35.505912,Elgeyo-Marakwet
0.291952,35.550827,Elgeyo-Marakwet
0.291952,35.595743,Elgeyo-Marakwet
0.291952,35.640659,Elgeyo-Marakwet
0.291952,35.685575,Elgeyo-Marakwet
0.291952,35.73049,Baringo
0.291952,35.775406,Baringo
0.291952,35.820322,Baringo
0.291952,35.865238,Baringo
0.291952,35.910153,Baringo
0.291952,35.955069,Baringo
0.291952,35.999985,Baringo
0.291952,36.044901,Baringo
0.291952,36.089817,Baringo
0.291952,36.134732,Baringo
0.291952,36.179648,Baringo
0.291952,36.224564,Laikipia
0.291952,36.26948,Laikipia
0.291952,36.314395,Laikipia
0.291952,36.359311,Laikipia
0.291952,36.404227,Laikipia
0.291952,36.449143,Laikipia
0.291952,36.494058,Laikipia
0.291952,36.538974,Laikipia
0.291952,36.58389,Laikipia
0.291952,36.628806,Laikipia
0.291952,36.673721,Laikipia
0.291952,36.718637,Laikipia
0.291952,36.763553,Laikipia
0.291952,36.808469,Laikipia
0.291952,36.853385,Laikipia
0.291952,36.8983,Laikipia
0.291952,36.943216,Laikipia
0.291952,36.988132,Laikipia
0.291952,37.033048,Laikipia
0.291952,37.077963,Laikipia
0.291952,37.122879,Laikipia
0.291952,37.167795,Laikipia
0.291952,37.212711,Laikipia
0.291952,37.257626,Laikipia
0.291952,37.302542,Laikipia
0.291952,37.347458,Laikipia
0.291952,37.392374,Laikipia
0.291952,37.437289,Meru
0.291952,37.482205,Isiolo
0.291952,37.527121,Isiolo
0.291952,37.572037,Meru
0.291952,37.616953,Meru
0.291952,37.661868,Meru
0.291952,37.706784,Meru
0.291952,37.7517,Meru
0.291952,37.796616,Meru
0.291952,37.841531,Meru
0.291952,37.886447,Meru
0.291952,37.931363,Meru
0.291952,37.976279,Meru
0.291952,38.021194,Meru
0.291952,38.06611,Meru
0.291952,38.111026,Meru
0.291952,38.155942,Meru
0.291952,38.200857,Isiolo
0.291952,38.245773,Isiolo
0.291952,38.290689,Isiolo
0.291952,38.335605,Isiolo
0.291952,38.380521,Isiolo
0.291952,38.425436,Isiolo
0.291952,38.470352,Isiolo
0.291952,38.515268,Isiolo
0.291952,38.560184,Isiolo
0.291952,38.605099,Isiolo
0.291952,38.650015,Isiolo
0.291952,38.694931,Isiolo
0.291952,38.739847,Garissa
0.291952,38.784762,Garissa
0.291952,38.829678,Garissa
0.291952,38.874594,Garissa
0.291952,38.91951,Garissa
0.291952,38.964425,Garissa
0.291952,39.009341,Garissa
0.291952,39.054257,Garissa
0.291952,39.099173,Garissa
0.291952,39.144089,Garissa
0.291952,39.189004,Garissa
0.291952,39.23392,Garissa
0.291952,39.278836,Garissa
0.291952,39.323752,Garissa
0.291952,39.368667,Garissa
0.291952,39.413583,Garissa
0.291952,39.458499,Garissa
0.291952,39.503415,Garissa
0.291952,39.54833,Garissa
0.291952,39.593246,Garissa
0.291952,39.638162,Garissa
0.291952,39.683078,Garissa
0.291952,39.727993,Garissa
0.291952,39.772909,Garissa
0.291952,39.817825,Garissa
0.291952,39.862741,Garissa
0.291952,39.907656,Garissa
0.291952,39.952572,Garissa
0.291952,39.997488,Garissa
0.291952,40.042404,Garissa
0.291952,40.08732,Garissa
0.291952,40.132235,Garissa
0.291952,40.177151,Garissa
0.291952,40.222067,Wajir
0.291952,40.266983,Wajir
0.291952,40.311898,Wajir
0.291952,40.356814,Wajir
0.291952,40.40173,Wajir
0.291952,40.446646,Wajir
0.291952,40.491561,Wajir
0.291952,40.536477,Wajir
0.291952,40.581393,Wajir
0.291952,40.626309,Wajir
0.291952,40.671224,Wajir
0.291952,40.71614,Garissa
0.291952,40.761056,Garissa
0.291952,40.805972,Garissa
0.291952,40.850888,Garissa
0.291952,40.895803,Garissa
0.291952,40.940719,Garissa
0.291952,40.985635,Garissa
0.247037,34.023691,Busia
0.247037,34.068607,Busia
0.247037,34.113523,Busia
0.247037,34.158439,Siaya
0.247037,34.203354,Siaya
0.247037,34.24827,Siaya
0.247037,34.293186,Siaya
0.247037,34.338102,Siaya
0.247037,34.383017,Siaya
0.247037,34.427933,Kakamega
0.247037,34.472849,Kakamega
0.247037,34.517765,Kakamega
0.247037,34.562681,Kakamega
0.247037,34.607596,Kakamega
0.247037,34.652512,Kakamega
0.247037,34.697428,Kakamega
0.247037,34.742344,Kakamega
0.247037,34.787259,Kakamega
0.247037,34.832175,Kakamega
0.247037,34.877091,Kakamega
0.247037,34.922007,Kakamega
0.247037,34.966922,Kakamega
0.247037,35.011838,Nandi
0.247037,35.056754,Nandi
0.247037,35.10167,Nandi
0.247037,35.146585,Nandi
0.247037,35.191501,Nandi
0.247037,35.236417,Nandi
0.247037,35.281333,Uasin Gishu
0.247037,35.326249,Uasin Gishu
0.247037,35.371164,Uasin Gishu
0.247037,35.41608,Uasin Gishu
0.247037,35.460996,Uasin Gishu
0.247037,35.505912,Elgeyo-Marakwet
0.247037,35.550827,Elgeyo-Marakwet
0.247037,35.595743,Elgeyo-Marakwet
0.247037,35.640659,Elgeyo-Marakwet
0.247037,35.685575,Elgeyo-Marakwet
0.247037,35.73049,Baringo
0.247037,35.775406,Baringo
0.247037,35.820322,Baringo
0.247037,35.865238,Baringo
0.247037,35.910153,Baringo
0.247037,35.955069,Baringo
0.247037,35.999985,Baringo
0.247037,36.044901,Baringo
0.247037,36.089817,Baringo
0.247037,36.134732,Baringo
0.247037,36.179648,Baringo
0.247037,36.224564,Laikipia
0.247037,36.26948,Laikipia
0.247037,36.314395,Laikipia
0.247037,36.359311,Laikipia
0.247037,36.404227,Laikipia
0.247037,36.449143,Laikipia
0.247037,36.494058,Laikipia
0.247037,36.538974,Laikipia
0.247037,36.58389,Laikipia
0.247037,36.628806,Laikipia
0.247037,36.673721,Laikipia
0.247037,36.718637,Laikipia
0.247037,36.763553,Laikipia
0.247037,36.808469,Laikipia
0.247037,36.853385,Laikipia
0.247037,36.8983,Laikipia
0.247037,36.943216,Laikipia
0.247037,36.988132,Laikipia
0.247037,37.033048,Laikipia
0.247037,37.077963,Laikipia
0.247037,37.122879,Laikipia
0.247037,37.167795,Laikipia
0.247037,37.212711,Laikipia
0.247037,37.257626,Laikipia
0.247037,37.302542,Laikipia
0.247037,37.347458,Laikipia
0.247037,37.392374,Meru
0.247037,37.437289,Meru
0.247037,37.482205,Meru
0.247037,37.527121,Meru
0.247037,37.572037,Meru
0.247037,37.616953,Meru
0.247037,37.661868,Meru
0.247037,37.706784,Meru
0.247037,37.7517,Meru
0.247037,37.796616,Meru
0.247037,37.841531,Meru
0.247037,37.886447,Meru
0.247037,37.931363,Meru
0.247037,37.976279,Meru
0.247037,38.021194,Meru
0.247037,38.06611,Meru
0.247037,38.111026,Meru
0.247037,38.155942,Meru
0.247037,38.200857,Isiolo
0.247037,38.245773,Isiolo
0.247037,38.290689,Isiolo
0.247037,38.335605,Isiolo
0.247037,38.380521,Isiolo
0.247037,38.425436,Isiolo
0.247037,38.470352,Isiolo
0.247037,38.515268,Isiolo
0.247037,38.560184,Isiolo
0.247037,38.605099,Isiolo
0.247037,38.650015,Isiolo
0.247037,38.694931,Isiolo
0.247037,38.739847,Isiolo
0.247037,38.784762,Garissa
0.247037,38.829678,Garissa
0.247037,38.874594,Garissa
0.247037,38.91951,Garissa
0.247037,38.964425,Garissa
0.247037,39.009341,Garissa
0.247037,39.054257,Garissa
0.247037,39.099173,Garissa
0.247037,39.144089,Garissa
0.247037,39.189004,Garissa
0.247037,39.23392,Garissa
0.247037,39.278836,Garissa
0.247037,39.323752,Garissa
0.247037,39.368667,Garissa
0.247037,39.413583,Garissa
0.247037,39.458499,Garissa
0.247037,39.503415,Garissa
0.247037,39.54833,Garissa
0.247037,39.593246,Garissa
0.247037,39.638162,Garissa
0.247037,39.683078,Garissa
0.247037,39.727993,Garissa
0.247037,39.772909,Garissa
0.247037,39.817825,Garissa
0.247037,39.862741,Garissa
0.247037,39.907656,Garissa
0.247037,39.952572,Garissa
0.247037,39.997488,Garissa
0.247037,40.042404,Garissa
0.247037,40.08732,Garissa
0.247037,40.132235,Garissa
0.247037,40.177151,Garissa
0.247037,40.222067,Garissa
0.247037,40.266983,Wajir
0.247037,40.311898,Wajir
0.247037,40.356814,Wajir
0.247037,40.40173,Wajir
0.247037,40.446646,Wajir
0.247037,40.491561,Wajir
0.247037,40.536477,Wajir
0.247037,40.581393,Wajir
0.247037,40.626309,Wajir
0.247037,40.671224,Garissa
0.247037,40.71614,Garissa
0.247037,40.761056,Garissa
0.247037,40.805972,Garissa
0.247037,40.850888,Garissa
0.247037,40.895803,Garissa
0.247037,40.940719,Garissa
0.247037,40.985635,Garissa
0.202121,33.978776,Unknown
0.202121,34.023691,Busia
0.202121,34.068607,Busia
0.202121,34.113523,Siaya
0.202121,34.158439,Siaya
0.202121,34.203354,Siaya
0.202121,34.24827,Siaya
0.202121,34.293186,Siaya
0.202121,34.338102,Siaya
0.202121,34.383017,Siaya
0.202121,34.427933,Siaya
0.202121,34.472849,Kakamega
0.202121,34.517765,Kakamega
0.202121,34.562681,Kakamega
0.202121,34.607596,Kakamega
0.202121,34.652512,Kakamega
0.202121,34.697428,Kakamega
0.202121,34.742344,Kakamega
0.202121,34.787259,Kakamega
0.202121,34.832175,Kakamega
0.202121,34.877091,Kakamega
0.202121,34.922007,Kakamega
0.202121,34.966922,Nandi
0.202121,35.011838,Nandi
0.202121,35.056754,Nandi
0.202121,35.10167,Nandi
0.202121,35.146585,Nandi
0.202121,35.191501,Nandi
0.202121,35.236417,Nandi
0.202121,35.281333,Nandi
0.202121,35.326249,Uasin Gishu
0.202121,35.371164,Uasin Gishu
0.202121,35.41608,Uasin Gishu
0.202121,35.460996,Uasin Gishu
0.202121,35.505912,Uasin Gishu
0.202121,35.550827,Elgeyo-Marakwet
0.202121,35.595743,Elgeyo-Marakwet
0.202121,35.640659,Elgeyo-Marakwet
0.202121,35.685575,Elgeyo-Marakwet
0.202121,35.73049,Baringo
0.202121,35.775406,Baringo
0.202121,35.820322,Baringo
0.202121,35.865238,Baringo
0.202121,35.910153,Baringo
0.202121,35.955069,Baringo
0.202121,35.999985,Baringo
0.202121,36.044901,Baringo
0.202121,36.089817,Baringo
0.202121,36.134732,Baringo
0.202121,36.179648,Baringo
0.202121,36.224564,Nakuru
0.202121,36.26948,Laikipia
0.202121,36.314395,Laikipia
0.202121,36.359311,Laikipia
0.202121,36.404227,Laikipia
0.202121,36.449143,Laikipia
0.202121,36.494058,Laikipia
0.202121,36.538974,Laikipia
0.202121,36.58389,Laikipia
0.202121,36.628806,Laikipia
0.202121,36.673721,Laikipia
0.202121,36.718637,Laikipia
0.202121,36.763553,Laikipia
0.202121,36.808469,Laikipia
0.202121,36.853385,Laikipia
0.202121,36.8983,Laikipia
0.202121,36.943216,Laikipia
0.202121,36.988132,Laikipia
0.202121,37.033048,Laikipia
0.202121,37.077963,Laikipia
0.202121,37.122879,Laikipia
0.202121,37.167795,Laikipia
0.202121,37.212711,Laikipia
0.202121,37.257626,Laikipia
0.202121,37.302542,Laikipia
0.202121,37.347458,Laikipia
0.202121,37.392374,Meru
0.202121,37.437289,Meru
0.202121,37.482205,Meru
0.202121,37.527121,Meru
0.202121,37.572037,Meru
0.202121,37.616953,Meru
0.202121,37.661868,Meru
0.202121,37.706784,Meru
0.202121,37.7517,Meru
0.202121,37.796616,Meru
0.202121,37.841531,Meru
0.202121,37.886447,Meru
0.202121,37.931363,Meru
0.202121,37.976279,Meru
0.202121,38.021194,Meru
0.202121,38.06611,Meru
0.202121,38.111026,Meru
0.202121,38.155942,Meru
0.202121,38.200857,Meru
0.202121,38.245773,Meru
0.202121,38.290689,Isiolo
0.202121,38.335605,Isiolo
0.202121,38.380521,Isiolo
0.202121,38.425436,Isiolo
0.202121,38.470352,Isiolo
0.202121,38.515268,Isiolo
0.202121,38.560184,Isiolo
0.202121,38.605099,Isiolo
0.202121,38.650015,Isiolo
0.202121,38.694931,Isiolo
0.202121,38.739847,Isiolo
0.202121,38.784762,Garissa
0.202121,38.829678,Garissa
0.202121,38.874594,Garissa
0.202121,38.91951,Garissa
0.202121,38.964425,Garissa
0.202121,39.009341,Garissa
0.202121,39.054257,Garissa
0.202121,39.099173,Garissa
0.202121,39.144089,Garissa
0.202121,39.189004,Garissa
0.202121,39.23392,Garissa
0.202121,39.278836,Garissa
0.202121,39.323752,Garissa
0.202121,39.368667,Garissa
0.202121,39.413583,Garissa
0.202121,39.458499,Garissa
0.202121,39.503415,Garissa
0.202121,39.54833,Garissa
0.202121,39.593246,Garissa
0.202121,39.638162,Garissa
0.202121,39.683078,Garissa
0.202121,39.727993,Garissa
0.202121,39.772909,Garissa
0.202121,39.817825,Garissa
0.202121,39.862741,Garissa
0.202121,39.907656,Garissa
0.202121,39.952572,Garissa
0.202121,39.997488,Garissa
0.202121,40.042404,Garissa
0.202121,40.08732,Garissa
0.202121,40.132235,Garissa
0.202121,40.177151,Garissa
0.202121,40.222067,Garissa
0.202121,40.266983,Garissa
0.202121,40.311898,Garissa
0.202121,40.356814,Wajir
0.202121,40.40173,Wajir
0.202121,40.446646,Wajir
0.202121,40.491561,Wajir
0.202121,40.536477,Garissa
0.202121,40.581393,Garissa
0.202121,40.626309,Garissa
0.202121,40.671224,Garissa
0.202121,40.71614,Garissa
0.202121,40.761056,Garissa
0.202121,40.805972,Garissa
0.202121,40.850888,Garissa
0.202121,40.895803,Garissa
0.202121,40.940719,Garissa
0.202121,40.985635,Garissa
0.157205,33.93386,Unknown
0.157205,33.978776,Busia
0.157205,34.023691,Busia
0.157205,34.068607,Busia
0.157205,34.113523,Siaya
0.157205,34.158439,Siaya
0.157205,34.203354,Siaya
0.157205,34.24827,Siaya
0.157205,34.293186,Siaya
0.157205,34.338102,Siaya
0.157205,34.383017,Siaya
0.157205,34.427933,Siaya
0.157205,34.472849,Kakamega
0.157205,34.517765,Kakamega
0.157205,34.562681,Kakamega
0.157205,34.607596,Kakamega
0.157205,34.652512,Kakamega
0.157205,34.697428,Kakamega
0.157205,34.742344,Kakamega
0.157205,34.787259,Vihiga
0.157205,34.832175,Vihiga
0.157205,34.877091,Vihiga
0.157205,34.922007,Nandi
0.157205,34.966922,Nandi
0.157205,35.011838,Nandi
0.157205,35.056754,Nandi
0.157205,35.10167,Nandi
0.157205,35.146585,Nandi
0.157205,35.191501,Nandi
0.157205,35.236417,Nandi
0.157205,35.281333,Nandi
0.157205,35.326249,Nandi
0.157205,35.371164,Uasin Gishu
0.157205,35.41608,Uasin Gishu
0.157205,35.460996,Uasin Gishu
0.157205,35.505912,Uasin Gishu
0.157205,35.550827,Uasin Gishu
0.157205,35.595743,Baringo
0.157205,35.640659,Baringo
0.157205,35.685575,Baringo
0.157205,35.73049,Baringo
0.157205,35.775406,Baringo
0.157205,35.820322,Baringo
0.157205,35.865238,Baringo
0.157205,35.910153,Baringo
0.157205,35.955069,Baringo
0.157205,35.999985,Baringo
0.157205,36.044901,Baringo
0.157205,36.089817,Baringo
0.157205,36.134732,Baringo
0.157205,36.179648,Nakuru
0.157205,36.224564,Nakuru
0.157205,36.26948,Nakuru
0.157205,36.314395,Laikipia
0.157205,36.359311,Laikipia
0.157205,36.404227,Laikipia
0.157205,36.449143,Laikipia
0.157205,36.494058,Laikipia
0.157205,36.538974,Laikipia
0.157205,36.58389,Laikipia
0.157205,36.628806,Laikipia
0.157205,36.673721,Laikipia
0.157205,36.718637,Laikipia
0.157205,36.763553,Laikipia
0.157205,36.808469,Laikipia
0.157205,36.853385,Laikipia
0.157205,36.8983,Laikipia
0.157205,36.943216,Laikipia
0.157205,36.988132,Laikipia
0.157205,37.033048,Laikipia
0.157205,37.077963,Laikipia
0.157205,37.122879,Laikipia
0.157205,37.167795,Laikipia
0.157205,37.212711,Laikipia
0.157205,37.257626,Laikipia
0.157205,37.302542,Meru
0.157205,37.347458,Meru
0.157205,37.392374,Meru
0.157205,37.437289,Meru
0.157205,37.482205,Meru
0.157205,37.527121,Meru
0.157205,37.572037,Meru
0.157205,37.616953,Meru
0.157205,37.661868,Meru
0.157205,37.706784,Meru
0.157205,37.7517,Meru
0.157205,37.796616,Meru
0.157205,37.841531,Meru
0.157205,37.886447,Meru
0.157205,37.931363,Meru
0.157205,37.976279,Meru
0.157205,38.021194,Meru
0.157205,38.06611,Meru
0.157205,38.111026,Meru
0.157205,38.155942,Meru
0.157205,38.200857,Meru
0.157205,38.245773,Meru
0.157205,38.290689,Meru
0.157205,38.335605,Isiolo
0.157205,38.380521,Isiolo
0.157205,38.425436,Isiolo
0.157205,38.470352,Isiolo
0.157205,38.515268,Isiolo
0.157205,38.560184,Isiolo
0.157205,38.605099,Isiolo
0.157205,38.650015,Isiolo
0.157205,38.694931,Isiolo
0.157205,38.739847,Isiolo
0.157205,38.784762,Garissa
0.157205,38.829678,Garissa
0.157205,38.874594,Garissa
0.157205,38.91951,Garissa
0.157205,38.964425,Garissa
0.157205,39.009341,Garissa
0.157205,39.054257,Garissa
0.157205,39.099173,Garissa
0.157205,39.144089,Garissa
0.157205,39.189004,Garissa
0.157205,39.23392,Garissa
0.157205,39.278836,Garissa
0.157205,39.323752,Garissa
0.157205,39.368667,Garissa
0.157205,39.413583,Garissa
0.157205,39.458499,Garissa
0.157205,39.503415,Garissa
0.157205,39.54833,Garissa
0.157205,39.593246,Garissa
0.157205,39.638162,Garissa
0.157205,39.683078,Garissa
0.157205,39.727993,Garissa
0.157205,39.772909,Garissa
0.157205,39.817825,Garissa
0.157205,39.862741,Garissa
0.157205,39.907656,Garissa
0.157205,39.952572,Garissa
0.157205,39.997488,Garissa
0.157205,40.042404,Garissa
0.157205,40.08732,Garissa
0.157205,40.132235,Garissa
0.157205,40.177151,Garissa
0.157205,40.222067,Garissa
0.157205,40.266983,Garissa
0.157205,40.311898,Garissa
0.157205,40.356814,Garissa
0.157205,40.40173,Garissa
0.157205,40.446646,Garissa
0.157205,40.491561,Garissa
0.157205,40.536477,Garissa
0.157205,40.581393,Garissa
0.157205,40.626309,Garissa
0.157205,40.671224,Garissa
0.157205,40.71614,Garissa
0.157205,40.761056,Garissa
0.157205,40.805972,Garissa
0.157205,40.850888,Garissa
0.157205,40.895803,Garissa
0.157205,40.940719,Garissa
0.157205,40.985635,Garissa
0.112289,33.93386,Busia
0.112289,33.978776,Busia
0.112289,34.023691,Busia
0.112289,34.068607,Busia
0.112289,34.113523,Siaya
0.112289,34.158439,Siaya
0.112289,34.203354,Siaya
0.112289,34.24827,Siaya
0.112289,34.293186,Siaya
0.112289,34.338102,Siaya
0.112289,34.383017,Siaya
0.112289,34.427933,Siaya
0.112289,34.472849,Siaya
0.112289,34.517765,Siaya
0.112289,34.562681,Kakamega
0.112289,34.607596,Vihiga
0.112289,34.652512,Vihiga
0.112289,34.697428,Vihiga
0.112289,34.742344,Vihiga
0.112289,34.787259,Vihiga
0.112289,34.832175,Vihiga
0.112289,34.877091,Nandi
0.112289,34.922007,Nandi
0.112289,34.966922,Nandi
0.112289,35.011838,Nandi
0.112289,35.056754,Nandi
0.112289,35.10167,Nandi
0.112289,35.146585,Nandi
0.112289,35.191501,Nandi
0.112289,35.236417,Nandi
0.112289,35.281333,Nandi
0.112289,35.326249,Nandi
0.112289,35.371164,Nandi
0.112289,35.41608,Uasin Gishu
0.112289,35.460996,Uasin Gishu
0.112289,35.505912,Uasin Gishu
0.112289,35.550827,Uasin Gishu
0.112289,35.595743,Baringo
0.112289,35.640659,Baringo
0.112289,35.685575,Baringo
0.112289,35.73049,Baringo
0.112289,35.775406,Baringo
0.112289,35.820322,Baringo
0.112289,35.865238,Baringo
0.112289,35.910153,Baringo
0.112289,35.955069,Baringo
0.112289,35.999985,Baringo
0.112289,36.044901,Baringo
0.112289,36.089817,Baringo
0.112289,36.134732,Nakuru
0.112289,36.179648,Nakuru
0.112289,36.224564,Nakuru
0.112289,36.26948,Nakuru
0.112289,36.314395,Laikipia
0.112289,36.359311,Laikipia
0.112289,36.404227,Laikipia
0.112289,36.449143,Laikipia
0.112289,36.494058,Laikipia
0.112289,36.538974,Laikipia
0.112289,36.58389,Laikipia
0.112289,36.628806,Laikipia
0.112289,36.673721,Laikipia
0.112289,36.718637,Laikipia
0.112289,36.763553,Laikipia
0.112289,36.808469,Laikipia
0.112289,36.853385,Laikipia
0.112289,36.8983,Laikipia
0.112289,36.943216,Laikipia
0.112289,36.988132,Laikipia
0.112289,37.033048,Laikipia
0.112289,37.077963,Laikipia
0.112289,37.122879,Laikipia
0.112289,37.167795,Laikipia
0.112289,37.212711,Laikipia
0.112289,37.257626,Laikipia
0.112289,37.302542,Meru
0.112289,37.347458,Meru
0.112289,37.392374,Meru
0.112289,37.437289,Meru
0.112289,37.482205,Meru
0.112289,37.527121,Meru
0.112289,37.572037,Meru
0.112289,37.616953,Meru
0.112289,37.661868,Meru
0.112289,37.706784,Meru
0.112289,37.7517,Meru
0.112289,37.796616,Meru
0.112289,37.841531,Meru
0.112289,37.886447,Meru
0.112289,37.931363,Meru
0.112289,37.976279,Meru
0.112289,38.021194,Meru
0.112289,38.06611,Meru
0.112289,38.111026,Meru
0.112289,38.155942,Meru
0.112289,38.200857,Meru
0.112289,38.245773,Meru
0.112289,38.290689,Meru
0.112289,38.335605,Isiolo
0.112289,38.380521,Isiolo
0.112289,38.425436,Isiolo
0.112289,38.470352,Isiolo
0.112289,38.515268,Isiolo
0.112289,38.560184,Isiolo
0.112289,38.605099,Isiolo
0.112289,38.650015,Isiolo
0.112289,38.694931,Isiolo
0.112289,38.739847,Garissa
0.112289,38.784762,Garissa
0.112289,38.829678,Garissa
0.112289,38.874594,Garissa
0.112289,38.91951,Garissa
0.112289,38.964425,Garissa
0.112289,39.009341,Garissa
0.112289,39.054257,Garissa
0.112289,39.099173,Garissa
0.112289,39.144089,Garissa
0.112289,39.189004,Garissa
0.112289,39.23392,Garissa
0.112289,39.278836,Garissa
0.112289,39.323752,Garissa
0.112289,39.368667,Garissa
0.112289,39.413583,Garissa
0.112289,39.458499,Garissa
0.112289,39.503415,Garissa
0.112289,39.54833,Garissa
0.112289,39.593246,Garissa
0.112289,39.638162,Garissa
0.112289,39.683078,Garissa
0.112289,39.727993,Garissa
0.112289,39.772909,Garissa
0.112289,39.817825,Garissa
0.112289,39.862741,Garissa
0.112289,39.907656,Garissa
0.112289,39.952572,Garissa
0.112289,39.997488,Garissa
0.112289,40.042404,Garissa
0.112289,40.08732,Garissa
0.112289,40.132235,Garissa
0.112289,40.177151,Garissa
0.112289,40.222067,Garissa
0.112289,40.266983,Garissa
0.112289,40.311898,Garissa
0.112289,40.356814,Garissa
0.112289,40.40173,Garissa
0.112289,40.446646,Garissa
0.112289,40.491561,Garissa
0.112289,40.536477,Garissa
0.112289,40.581393,Garissa
0.112289,40.626309,Garissa
0.112289,40.671224,Garissa
0.112289,40.71614,Garissa
0.112289,40.761056,Garissa
0.112289,40.805972,Garissa
0.112289,40.850888,Garissa
0.112289,40.895803,Garissa
0.112289,40.940719,Garissa
0.112289,40.985635,Garissa
0.067374,33.93386,Busia
0.067374,33.978776,Busia
0.067374,34.023691,Busia
0.067374,34.068607,Siaya
0.067374,34.113523,Siaya
0.067374,34.158439,Siaya
0.067374,34.203354,Siaya
0.067374,34.24827,Siaya
0.067374,34.293186,Siaya
0.067374,34.338102,Siaya
0.067374,34.383017,Siaya
0.067374,34.427933,Siaya
0.067374,34.472849,Siaya
0.067374,34.517765,Siaya
0.067374,34.562681,Vihiga
0.067374,34.607596,Vihiga
0.067374,34.652512,Vihiga
0.067374,34.697428,Vihiga
0.067374,34.742344,Vihiga
0.067374,34.787259,Vihiga
0.067374,34.832175,Vihiga
0.067374,34.877091,Nandi
0.067374,34.922007,Nandi
0.067374,34.966922,Nandi
0.067374,35.011838,Nandi
0.067374,35.056754,Nandi
0.067374,35.10167,Nandi
0.067374,35.146585,Nandi
0.067374,35.191501,Nandi
0.067374,35.236417,Nandi
0.067374,35.281333,Nandi
0.067374,35.326249,Nandi
0.067374,35.371164,Nandi
0.067374,35.41608,Nandi
0.067374,35.460996,Uasin Gishu
0.067374,35.505912,Uasin Gishu
0.067374,35.550827,Baringo
0.067374,35.595743,Baringo
0.067374,35.640659,Baringo
0.067374,35.685575,Baringo
0.067374,35.73049,Baringo
0.067374,35.775406,Baringo
0.067374,35.820322,Baringo
0.067374,35.865238,Baringo
0.067374,35.910153,Baringo
0.067374,35.955069,Nakuru
0.067374,35.999985,Baringo
0.067374,36.044901,Baringo
0.067374,36.089817,Baringo
0.067374,36.134732,Nakuru
0.067374,36.179648,Nakuru
0.067374,36.224564,Nakuru
0.067374,36.26948,Laikipia
0.067374,36.314395,Laikipia
0.067374,36.359311,Laikipia
0.067374,36.404227,Laikipia
0.067374,36.449143,Nyandarua
0.067374,36.494058,Nyandarua
0.067374,36.538974,Laikipia
0.067374,36.58389,Laikipia
0.067374,36.628806,Laikipia
0.067374,36.673721,Laikipia
0.067374,36.718637,Laikipia
0.067374,36.763553,Laikipia
0.067374,36.808469,Laikipia
0.067374,36.853385,Laikipia
0.067374,36.8983,Laikipia
0.067374,36.943216,Laikipia
0.067374,36.988132,Laikipia
0.067374,37.033048,Laikipia
0.067374,37.077963,Laikipia
0.067374,37.122879,Laikipia
0.067374,37.167795,Laikipia
0.067374,37.212711,Meru
0.067374,37.257626,Meru
0.067374,37.302542,Meru
0.067374,37.347458,Meru
0.067374,37.392374,Meru
0.067374,37.437289,Meru
0.067374,37.482205,Meru
0.067374,37.527121,Meru
0.067374,37.572037,Meru
0.067374,37.616953,Meru
0.067374,37.661868,Meru
0.067374,37.706784,Meru
0.067374,37.7517,Meru
0.067374,37.796616,Meru
0.067374,37.841531,Meru
0.067374,37.886447,Meru
0.067374,37.931363,Meru
0.067374,37.976279,Tharaka
0.067374,38.021194,Meru
0.067374,38.06611,Meru
0.067374,38.111026,Meru
0.067374,38.155942,Meru
0.067374,38.200857,Meru
0.067374,38.245773,Meru
0.067374,38.290689,Meru
0.067374,38.335605,Meru
0.067374,38.380521,Isiolo
0.067374,38.425436,Isiolo
0.067374,38.470352,Isiolo
0.067374,38.515268,Isiolo
0.067374,38.560184,Isiolo
0.067374,38.605099,Isiolo
0.067374,38.650015,Isiolo
0.067374,38.694931,Isiolo
0.067374,38.739847,Garissa
0.067374,38.784762,Garissa
0.067374,38.829678,Garissa
0.067374,38.874594,Garissa
0.067374,38.91951,Garissa
0.067374,38.964425,Garissa
0.067374,39.009341,Garissa
0.067374,39.054257,Garissa
0.067374,39.099173,Garissa
0.067374,39.144089,Garissa
0.067374,39.189004,Garissa
0.067374,39.23392,Garissa
0.067374,39.278836,Garissa
0.067374,39.323752,Garissa
0.067374,39.368667,Garissa
0.067374,39.413583,Garissa
0.067374,39.458499,Garissa
0.067374,39.503415,Garissa
0.067374,39.54833,Garissa
0.067374,39.593246,Garissa
0.067374,39.638162,Garissa
0.067374,39.683078,Garissa
0.067374,39.727993,Garissa
0.067374,39.772909,Garissa
0.067374,39.817825,Garissa
0.067374,39.862741,Garissa
0.067374,39.907656,Garissa
0.067374,39.952572,Garissa
0.067374,39.997488,Garissa
0.067374,40.042404,Garissa
0.067374,40.08732,Garissa
0.067374,40.132235,Garissa
0.067374,40.177151,Garissa
0.067374,40.222067,Garissa
0.067374,40.266983,Garissa
0.067374,40.311898,Garissa
0.067374,40.356814,Garissa
0.067374,40.40173,Garissa
0.067374,40.446646,Garissa
0.067374,40.491561,Garissa
0.067374,40.536477,Garissa
0.067374,40.581393,Garissa
0.067374,40.626309,Garissa
0.067374,40.671224,Garissa
0.067374,40.71614,Garissa
0.067374,40.761056,Garissa
0.067374,40.805972,Garissa
0.067374,40.850888,Garissa
0.067374,40.895803,Garissa
0.067374,40.940719,Garissa
0.067374,40.985635,Garissa
0.022458,33.93386,Unknown
0.022458,33.978776,Busia
0.022458,34.023691,Busia
0.022458,34.068607,Siaya
0.022458,34.113523,Siaya
0.022458,34.158439,Siaya
0.022458,34.203354,Siaya
0.022458,34.24827,Siaya
0.022458,34.293186,Siaya
0.022458,34.338102,Siaya
0.022458,34.383017,Siaya
0.022458,34.427933,Siaya
0.022458,34.472849,Siaya
0.022458,34.517765,Siaya
0.022458,34.562681,Vihiga
0.022458,34.607596,Vihiga
0.022458,34.652512,Vihiga
0.022458,34.697428,Vihiga
0.022458,34.742344,Vihiga
0.022458,34.787259,Vihiga
0.022458,34.832175,Nandi
0.022458,34.877091,Nandi
0.022458,34.922007,Nandi
0.022458,34.966922,Nandi
0.022458,35.011838,Nandi
0.022458,35.056754,Nandi
0.022458,35.10167,Nandi
0.022458,35.146585,Nandi
0.022458,35.191501,Nandi
0.022458,35.236417,Nandi
0.022458,35.281333,Nandi
0.022458,35.326249,Nandi
0.022458,35.371164,Nandi
0.022458,35.41608,Nandi
0.022458,35.460996,Kericho
0.022458,35.505912,Uasin Gishu
0.022458,35.550827,Baringo
0.022458,35.595743,Baringo
0.022458,35.640659,Baringo
0.022458,35.685575,Baringo
0.022458,35.73049,Baringo
0.022458,35.775406,Baringo
0.022458,35.820322,Baringo
0.022458,35.865238,Baringo
0.022458,35.910153,Baringo
0.022458,35.955069,Baringo
0.022458,35.999985,Nakuru
0.022458,36.044901,Baringo
0.022458,36.089817,Baringo
0.022458,36.134732,Nakuru
0.022458,36.179648,Nakuru
0.022458,36.224564,Nakuru
0.022458,36.26948,Laikipia
0.022458,36.314395,Laikipia
0.022458,36.359311,Nyandarua
0.022458,36.404227,Nyandarua
0.022458,36.449143,Nyandarua
0.022458,36.494058,Nyandarua
0.022458,36.538974,Nyandarua
0.022458,36.58389,Nyandarua
0.022458,36.628806,Laikipia
0.022458,36.673721,Laikipia
0.022458,36.718637,Laikipia
0.022458,36.763553,Laikipia
0.022458,36.808469,Laikipia
0.022458,36.853385,Laikipia
0.022458,36.8983,Laikipia
0.022458,36.943216,Laikipia
0.022458,36.988132,Laikipia
0.022458,37.033048,Laikipia
0.022458,37.077963,Laikipia
0.022458,37.122879,Meru
0.022458,37.167795,Meru
0.022458,37.212711,Meru
0.022458,37.257626,Meru
0.022458,37.302542,Meru
0.022458,37.347458,Meru
0.022458,37.392374,Meru
0.022458,37.437289,Meru
0.022458,37.482205,Meru
0.022458,37.527121,Meru
0.022458,37.572037,Meru
0.022458,37.616953,Meru
0.022458,37.661868,Meru
0.022458,37.706784,Meru
0.022458,37.7517,Meru
0.022458,37.796616,Meru
0.022458,37.841531,Meru
0.022458,37.886447,Meru
0.022458,37.931363,Meru
0.022458,37.976279,Tharaka
0.022458,38.021194,Tharaka
0.022458,38.06611,Tharaka
0.022458,38.111026,Tharaka
0.022458,38.155942,Tharaka
0.022458,38.200857,Meru
0.022458,38.245773,Meru
0.022458,38.290689,Meru
0.022458,38.335605,Meru
0.022458,38.380521,Isiolo
0.022458,38.425436,Isiolo
0.022458,38.470352,Isiolo
0.022458,38.515268,Isiolo
0.022458,38.560184,Isiolo
0.022458,38.605099,Isiolo
0.022458,38.650015,Isiolo
0.022458,38.694931,Isiolo
0.022458,38.739847,Garissa
0.022458,38.784762,Garissa
0.022458,38.829678,Garissa
0.022458,38.874594,Garissa
0.022458,38.91951,Garissa
0.022458,38.964425,Garissa
0.022458,39.009341,Garissa
0.022458,39.054257,Garissa
0.022458,39.099173,Garissa
0.022458,39.144089,Garissa
0.022458,39.189004,Garissa
0.022458,39.23392,Garissa
0.022458,39.278836,Garissa
0.022458,39.323752,Garissa
0.022458,39.368667,Garissa
0.022458,39.413583,Garissa
0.022458,39.458499,Garissa
0.022458,39.503415,Garissa
0.022458,39.54833,Garissa
0.022458,39.593246,Garissa
0.022458,39.638162,Garissa
0.022458,39.683078,Garissa
0.022458,39.727993,Garissa
0.022458,39.772909,Garissa
0.022458,39.817825,Garissa
0.022458,39.862741,Garissa
0.022458,39.907656,Garissa
0.022458,39.952572,Garissa
0.022458,39.997488,Garissa
0.022458,40.042404,Garissa
0.022458,40.08732,Garissa
0.022458,40.132235,Garissa
0.022458,40.177151,Garissa
0.022458,40.222067,Garissa
0.022458,40.266983,Garissa
0.022458,40.311898,Garissa
0.022458,40.356814,Garissa
0.022458,40.40173,Garissa
0.022458,40.446646,Garissa
0.022458,40.491561,Garissa
0.022458,40.536477,Garissa
0.022458,40.581393,Garissa
0.022458,40.626309,Garissa
0.022458,40.671224,Garissa
0.022458,40.71614,Garissa
0.022458,40.761056,Garissa
0.022458,40.805972,Garissa
0.022458,40.850888,Garissa
0.022458,40.895803,Garissa
0.022458,40.940719,Garissa
0.022458,40.985635,Garissa
-0.022458,33.978776,Busia
-0.022458,34.023691,Busia
-0.022458,34.068607,Siaya
-0.022458,34.113523,Siaya
-0.022458,34.158439,Siaya
-0.022458,34.203354,Siaya
-0.022458,34.24827,Siaya
-0.022458,34.293186,Siaya
-0.022458,34.338102,Siaya
-0.022458,34.383017,Siaya
-0.022458,34.427933,Siaya
-0.022458,34.472849,Siaya
-0.022458,34.517765,Siaya
-0.022458,34.562681,Vihiga
-0.022458,34.607596,Kisumu
-0.022458,34.652512,Kisumu
-0.022458,34.697428,Kisumu
-0.022458,34.742344,Vihiga
-0.022458,34.787259,Kisumu
-0.022458,34.832175,Nandi
-0.022458,34.877091,Nandi
-0.022458,34.922007,Nandi
-0.022458,34.966922,Nandi
-0.022458,35.011838,Nandi
-0.022458,35.056754,Nandi
-0.022458,35.10167,Kisumu
-0.022458,35.146585,Nandi
-0.022458,35.191501,Nandi
-0.022458,35.236417,Nandi
-0.022458,35.281333,Nandi
-0.022458,35.326249,Nandi
-0.022458,35.371164,Nandi
-0.022458,35.41608,Kericho
-0.022458,35.460996,Kericho
-0.022458,35.505912,Kericho
-0.022458,35.550827,Kericho
-0.022458,35.595743,Kericho
-0.022458,35.640659,Baringo
-0.022458,35.685575,Baringo
-0.022458,35.73049,Baringo
-0.022458,35.775406,Baringo
-0.022458,35.820322,Baringo
-0.022458,35.865238,Baringo
-0.022458,35.910153,Baringo
-0.022458,35.955069,Baringo
-0.022458,35.999985,Nakuru
-0.022458,36.044901,Nakuru
-0.022458,36.089817,Nakuru
-0.022458,36.134732,Nakuru
-0.022458,36.179648,Nakuru
-0.022458,36.224564,Nakuru
-0.022458,36.26948,Nyandarua
-0.022458,36.314395,Nyandarua
-0.022458,36.359311,Nyandarua
-0.022458,36.404227,Nyandarua
-0.022458,36.449143,Nyandarua
-0.022458,36.494058,Nyandarua
-0.022458,36.538974,Nyandarua
-0.022458,36.58389,Laikipia
-0.022458,36.628806,Laikipia
-0.022458,36.673721,Laikipia
-0.022458,36.718637,Laikipia
-0.022458,36.763553,Laikipia
-0.022458,36.808469,Laikipia
-0.022458,36.853385,Laikipia
-0.022458,36.8983,Laikipia
-0.022458,36.943216,Laikipia
-0.022458,36.988132,Laikipia
-0.022458,37.033048,Laikipia
-0.022458,37.077963,Nyeri
-0.022458,37.122879,Meru
-0.022458,37.167795,Meru
-0.022458,37.212711,Meru
-0.022458,37.257626,Meru
-0.022458,37.302542,Meru
-0.022458,37.347458,Meru
-0.022458,37.392374,Meru
-0.022458,37.437289,Meru
-0.022458,37.482205,Meru
-0.022458,37.527121,Meru
-0.022458,37.572037,Meru
-0.022458,37.616953,Meru
-0.022458,37.661868,Meru
-0.022458,37.706784,Meru
-0.022458,37.7517,Meru
-0.022458,37.796616,Meru
-0.022458,37.841531,Meru
-0.022458,37.886447,Tharaka
-0.022458,37.931363,Tharaka
-0.022458,37.976279,Tharaka
-0.022458,38.021194,Tharaka
-0.022458,38.06611,Tharaka
-0.022458,38.111026,Tharaka
-0.022458,38.155942,Tharaka
-0.022458,38.200857,Tharaka
-0.022458,38.245773,Tharaka
-0.022458,38.290689,Meru
-0.022458,38.335605,Meru
-0.022458,38.380521,Meru
-0.022458,38.425436,Isiolo
-0.022458,38.470352,Isiolo
-0.022458,38.515268,Isiolo
-0.022458,38.560184,Tana River
-0.022458,38.605099,Isiolo
-0.022458,38.650015,Isiolo
-0.022458,38.694931,Isiolo
-0.022458,38.739847,Isiolo
-0.022458,38.784762,Garissa
-0.022458,38.829678,Garissa
-0.022458,38.874594,Garissa
-0.022458,38.91951,Garissa
-0.022458,38.964425,Garissa
-0.022458,39.009341,Garissa
-0.022458,39.054257,Garissa
-0.022458,39.099173,Garissa
-0.022458,39.144089,Garissa
-0.022458,39.189004,Garissa
-0.022458,39.23392,Garissa
-0.022458,39.278836,Garissa
-0.022458,39.323752,Garissa
-0.022458,39.368667,Garissa
-0.022458,39.413583,Garissa
-0.022458,39.458499,Garissa
-0.022458,39.503415,Garissa
-0.022458,39.54833,Garissa
-0.022458,39.593246,Garissa
-0.022458,39.638162,Garissa
-0.022458,39.683078,Garissa
-0.022458,39.727993,Garissa
-0.022458,39.772909,Garissa
-0.022458,39.817825,Garissa
-0.022458,39.862741,Garissa
-0.022458,39.907656,Garissa
-0.022458,39.952572,Garissa
-0.022458,39.997488,Garissa
-0.022458,40.042404,Garissa
-0.022458,40.08732,Garissa
-0.022458,40.132235,Garissa
-0.022458,40.177151,Garissa
-0.022458,40.222067,Garissa
-0.022458,40.266983,Garissa
-0.022458,40.311898,Garissa
-0.022458,40.356814,Garissa
-0.022458,40.40173,Garissa
-0.022458,40.446646,Garissa
-0.022458,40.491561,Garissa
-0.022458,40.536477,Garissa
-0.022458,40.581393,Garissa
-0.022458,40.626309,Garissa
-0.022458,40.671224,Garissa
-0.022458,40.71614,Garissa
-0.022458,40.761056,Garissa
-0.022458,40.805972,Garissa
-0.022458,40.850888,Garissa
-0.022458,40.895803,Garissa
-0.022458,40.940719,Garissa
-0.022458,40.985635,Garissa
-0.067374,34.023691,Siaya
-0.067374,34.068607,Siaya
-0.067374,34.113523,Siaya
-0.067374,34.158439,Siaya
-0.067374,34.203354,Siaya
-0.067374,34.24827,Siaya
-0.067374,34.293186,Siaya
-0.067374,34.338102,Siaya
-0.067374,34.383017,Siaya
-0.067374,34.427933,Siaya
-0.067374,34.472849,Kisumu
-0.067374,34.517765,Kisumu
-0.067374,34.562681,Kisumu
-0.067374,34.607596,Kisumu
-0.067374,34.652512,Kisumu
-0.067374,34.697428,Kisumu
-0.067374,34.742344,Kisumu
-0.067374,34.787259,Kisumu
-0.067374,34.832175,Kisumu
-0.067374,34.877091,Kisumu
-0.067374,34.922007,Kisumu
-0.067374,34.966922,Kisumu
-0.067374,35.011838,Kisumu
-0.067374,35.056754,Kisumu
-0.067374,35.10167,Kisumu
-0.067374,35.146585,Kisumu
-0.067374,35.191501,Kisumu
-0.067374,35.236417,Nandi
-0.067374,35.281333,Nandi
-0.067374,35.326249,Nandi
-0.067374,35.371164,Nandi
-0.067374,35.41608,Nandi
-0.067374,35.460996,Kericho
-0.067374,35.505912,Kericho
-0.067374,35.550827,Kericho
-0.067374,35.595743,Kericho
-0.067374,35.640659,Nakuru
-0.067374,35.685575,Baringo
-0.067374,35.73049,Baringo
-0.067374,35.775406,Baringo
-0.067374,35.820322,Baringo
-0.067374,35.865238,Nakuru
-0.067374,35.910153,Baringo
-0.067374,35.955069,Nakuru
-0.067374,35.999985,Nakuru
-0.067374,36.044901,Nakuru
-0.067374,36.089817,Nakuru
-0.067374,36.134732,Nakuru
-0.067374,36.179648,Nakuru
-0.067374,36.224564,Nakuru
-0.067374,36.26948,Nyandarua
-0.067374,36.314395,Nyandarua
-0.067374,36.359311,Nyandarua
-0.067374,36.404227,Nyandarua
-0.067374,36.449143,Nyandarua
-0.067374,36.494058,Nyandarua
-0.067374,36.538974,Nyandarua
-0.067374,36.58389,Laikipia
-0.067374,36.628806,Laikipia
-0.067374,36.673721,Laikipia
-0.067374,36.718637,Laikipia
-0.067374,36.763553,Laikipia
-0.067374,36.808469,Laikipia
-0.067374,36.853385,Laikipia
-0.067374,36.8983,Laikipia
-0.067374,36.943216,Laikipia
-0.067374,36.988132,Nyeri
-0.067374,37.033048,Nyeri
-0.067374,37.077963,Nyeri
-0.067374,37.122879,Nyeri
-0.067374,37.167795,Nyeri
-0.067374,37.212711,Meru
-0.067374,37.257626,Meru
-0.067374,37.302542,Meru
-0.067374,37.347458,Meru
-0.067374,37.392374,Meru
-0.067374,37.437289,Meru
-0.067374,37.482205,Meru
-0.067374,37.527121,Meru
-0.067374,37.572037,Meru
-0.067374,37.616953,Meru
-0.067374,37.661868,Meru
-0.067374,37.706784,Meru
-0.067374,37.7517,Meru
-0.067374,37.796616,Meru
-0.067374,37.841531,Meru
-0.067374,37.886447,Tharaka
-0.067374,37.931363,Tharaka
-0.067374,37.976279,Tharaka
-0.067374,38.021194,Tharaka
-0.067374,38.06611,Tharaka
-0.067374,38.111026,Tharaka
-0.067374,38.155942,Tharaka
-0.067374,38.200857,Tharaka
-0.067374,38.245773,Tharaka
-0.067374,38.290689,Tharaka
-0.067374,38.335605,Kitui
-0.067374,38.380521,Meru
-0.067374,38.425436,Isiolo
-0.067374,38.470352,Isiolo
-0.067374,38.515268,Tana River
-0.067374,38.560184,Tana River
-0.067374,38.605099,Tana River
-0.067374,38.650015,Tana River
-0.067374,38.694931,Tana River
-0.067374,38.739847,Isiolo
-0.067374,38.784762,Garissa
-0.067374,38.829678,Garissa
-0.067374,38.874594,Garissa
-0.067374,38.91951,Garissa
-0.067374,38.964425,Garissa
-0.067374,39.009341,Tana River
-0.067374,39.054257,Tana River
-0.067374,39.099173,Garissa
-0.067374,39.144089,Garissa
-0.067374,39.189004,Garissa
-0.067374,39.23392,Garissa
-0.067374,39.278836,Garissa
-0.067374,39.323752,Garissa
-0.067374,39.368667,Garissa
-0.067374,39.413583,Garissa
-0.067374,39.458499,Garissa
-0.067374,39.503415,Garissa
-0.067374,39.54833,Garissa
-0.067374,39.593246,Garissa
-0.067374,39.638162,Garissa
-0.067374,39.683078,Garissa
-0.067374,39.727993,Garissa
-0.067374,39.772909,Garissa
-0.067374,39.817825,Garissa
-0.067374,39.862741,Garissa
-0.067374,39.907656,Garissa
-0.067374,39.952572,Garissa
-0.067374,39.997488,Garissa
-0.067374,40.042404,Garissa
-0.067374,40.08732,Garissa
-0.067374,40.132235,Garissa
-0.067374,40.177151,Garissa
-0.067374,40.222067,Garissa
-0.067374,40.266983,Garissa
-0.067374,40.311898,Garissa
-0.067374,40.356814,Garissa
-0.067374,40.40173,Garissa
-0.067374,40.446646,Garissa
-0.067374,40.491561,Garissa
-0.067374,40.536477,Garissa
-0.067374,40.581393,Garissa
-0.067374,40.626309,Garissa
-0.067374,40.671224,Garissa
-0.067374,40.71614,Garissa
-0.067374,40.761056,Garissa
-0.067374,40.805972,Garissa
-0.067374,40.850888,Garissa
-0.067374,40.895803,Garissa
-0.067374,40.940719,Garissa
-0.067374,40.985635,Garissa
-0.112289,33.978776,Siaya
-0.112289,34.023691,Siaya
-0.112289,34.068607,Siaya
-0.112289,34.113523,Siaya
-0.112289,34.158439,Siaya
-0.112289,34.203354,Siaya
-0.112289,34.24827,Siaya
-0.112289,34.293186,Siaya
-0.112289,34.338102,Siaya
-0.112289,34.383017,Siaya
-0.112289,34.427933,Kisumu
-0.112289,34.472849,Kisumu
-0.112289,34.517765,Kisumu
-0.112289,34.562681,Kisumu
-0.112289,34.607596,Kisumu
-0.112289,34.652512,Kisumu
-0.112289,34.697428,Kisumu
-0.112289,34.742344,Kisumu
-0.112289,34.787259,Kisumu
-0.112289,34.832175,Kisumu
-0.112289,34.877091,Kisumu
-0.112289,34.922007,Kisumu
-0.112289,34.966922,Kisumu
-0.112289,35.011838,Kisumu
-0.112289,35.056754,Kisumu
-0.112289,35.10167,Kisumu
-0.112289,35.146585,Kisumu
-0.112289,35.191501,Kisumu
-0.112289,35.236417,Kericho
-0.112289,35.281333,Kericho
-0.112289,35.326249,Kericho
-0.112289,35.371164,Kericho
-0.112289,35.41608,Kericho
-0.112289,35.460996,Kericho
-0.112289,35.505912,Kericho
-0.112289,35.550827,Kericho
-0.112289,35.595743,Kericho
-0.112289,35.640659,Nakuru
-0.112289,35.685575,Nakuru
-0.112289,35.73049,Baringo
-0.112289,35.775406,Baringo
-0.112289,35.820322,Baringo
-0.112289,35.865238,Nakuru
-0.112289,35.910153,Nakuru
-0.112289,35.955069,Nakuru
-0.112289,35.999985,Nakuru
-0.112289,36.044901,Nakuru
-0.112289,36.089817,Nakuru
-0.112289,36.134732,Nakuru
-0.112289,36.179648,Nakuru
-0.112289,36.224564,Nyandarua
-0.112289,36.26948,Nyandarua
-0.112289,36.314395,Nyandarua
-0.112289,36.359311,Nyandarua
-0.112289,36.404227,Nyandarua
-0.112289,36.449143,Nyandarua
-0.112289,36.494058,Nyandarua
-0.112289,36.538974,Nyandarua
-0.112289,36.58389,Nyandarua
-0.112289,36.628806,Nyandarua
-0.112289,36.673721,Laikipia
-0.112289,36.718637,Laikipia
-0.112289,36.763553,Nyeri
-0.112289,36.808469,Nyeri
-0.112289,36.853385,Laikipia
-0.112289,36.8983,Laikipia
-0.112289,36.943216,Laikipia
-0.112289,36.988132,Nyeri
-0.112289,37.033048,Nyeri
-0.112289,37.077963,Nyeri
-0.112289,37.122879,Nyeri
-0.112289,37.167795,Nyeri
-0.112289,37.212711,Nyeri
-0.112289,37.257626,Meru
-0.112289,37.302542,Meru
-0.112289,37.347458,Meru
-0.112289,37.392374,Meru
-0.112289,37.437289,Meru
-0.112289,37.482205,Meru
-0.112289,37.527121,Meru
-0.112289,37.572037,Meru
-0.112289,37.616953,Meru
-0.112289,37.661868,Meru
-0.112289,37.706784,Meru
-0.112289,37.7517,Meru
-0.112289,37.796616,Meru
-0.112289,37.841531,Meru
-0.112289,37.886447,Tharaka
-0.112289,37.931363,Tharaka
-0.112289,37.976279,Tharaka
-0.112289,38.021194,Tharaka
-0.112289,38.06611,Tharaka
-0.112289,38.111026,Tharaka
-0.112289,38.155942,Tharaka
-0.112289,38.200857,Tharaka
-0.112289,38.245773,Kitui
-0.112289,38.290689,Kitui
-0.112289,38.335605,Kitui
-0.112289,38.380521,Kitui
-0.112289,38.425436,Kitui
-0.112289,38.470352,Tana River
-0.112289,38.515268,Tana River
-0.112289,38.560184,Tana River
-0.112289,38.605099,Tana River
-0.112289,38.650015,Tana River
-0.112289,38.694931,Tana River
-0.112289,38.739847,Tana River
-0.112289,38.784762,Tana River
-0.112289,38.829678,Tana River
-0.112289,38.874594,Tana River
-0.112289,38.91951,Tana River
-0.112289,38.964425,Tana River
-0.112289,39.009341,Tana River
-0.112289,39.054257,Tana River
-0.112289,39.099173,Tana River
-0.112289,39.144089,Garissa
-0.112289,39.189004,Garissa
-0.112289,39.23392,Garissa
-0.112289,39.278836,Garissa
-0.112289,39.323752,Garissa
-0.112289,39.368667,Garissa
-0.112289,39.413583,Garissa
-0.112289,39.458499,Garissa
-0.112289,39.503415,Garissa
-0.112289,39.54833,Garissa
-0.112289,39.593246,Garissa
-0.112289,39.638162,Garissa
-0.112289,39.683078,Garissa
-0.112289,39.727993,Garissa
-0.112289,39.772909,Garissa
-0.112289,39.817825,Garissa
-0.112289,39.862741,Garissa
-0.112289,39.907656,Garissa
-0.112289,39.952572,Garissa
-0.112289,39.997488,Garissa
-0.112289,40.042404,Garissa
-0.112289,40.08732,Garissa
-0.112289,40.132235,Garissa
-0.112289,40.177151,Garissa
-0.112289,40.222067,Garissa
-0.112289,40.266983,Garissa
-0.112289,40.311898,Garissa
-0.112289,40.356814,Garissa
-0.112289,40.40173,Garissa
-0.112289,40.446646,Garissa
-0.112289,40.491561,Garissa
-0.112289,40.536477,Garissa
-0.112289,40.581393,Garissa
-0.112289,40.626309,Garissa
-0.112289,40.671224,Garissa
-0.112289,40.71614,Garissa
-0.112289,40.761056,Garissa
-0.112289,40.805972,Garissa
-0.112289,40.850888,Garissa
-0.112289,40.895803,Garissa
-0.112289,40.940719,Garissa
-0.112289,40.985635,Garissa
-0.157205,33.978776,Unknown
-0.157205,34.023691,Siaya
-0.157205,34.068607,Siaya
-0.157205,34.113523,Siaya
-0.157205,34.158439,Siaya
-0.157205,34.203354,Siaya
-0.157205,34.24827,Siaya
-0.157205,34.293186,Siaya
-0.157205,34.338102,Siaya
-0.157205,34.383017,Siaya
-0.157205,34.427933,Siaya
-0.157205,34.472849,Kisumu
-0.157205,34.517765,Kisumu
-0.157205,34.562681,Kisumu
-0.157205,34.607596,Kisumu
-0.157205,34.652512,Kisumu
-0.157205,34.697428,Kisumu
-0.157205,34.742344,Kisumu
-0.157205,34.787259,Kisumu
-0.157205,34.832175,Kisumu
-0.157205,34.877091,Kisumu
-0.157205,34.922007,Kisumu
-0.157205,34.966922,Kisumu
-0.157205,35.011838,Kisumu
-0.157205,35.056754,Kisumu
-0.157205,35.10167,Kisumu
-0.157205,35.146585,Kisumu
-0.157205,35.191501,Kisumu
-0.157205,35.236417,Kisumu
-0.157205,35.281333,Kisumu
-0.157205,35.326249,Kericho
-0.157205,35.371164,Kericho
-0.157205,35.41608,Kericho
-0.157205,35.460996,Kericho
-0.157205,35.505912,Kericho
-0.157205,35.550827,Kericho
-0.157205,35.595743,Kericho
-0.157205,35.640659,Kericho
-0.157205,35.685575,Nakuru
-0.157205,35.73049,Baringo
-0.157205,35.775406,Baringo
-0.157205,35.820322,Nakuru
-0.157205,35.865238,Nakuru
-0.157205,35.910153,Nakuru
-0.157205,35.955069,Nakuru
-0.157205,35.999985,Nakuru
-0.157205,36.044901,Nakuru
-0.157205,36.089817,Nakuru
-0.157205,36.134732,Nakuru
-0.157205,36.179648,Nakuru
-0.157205,36.224564,Nyandarua
-0.157205,36.26948,Nyandarua
-0.157205,36.314395,Nyandarua
-0.157205,36.359311,Nyandarua
-0.157205,36.404227,Nyandarua
-0.157205,36.449143,Nyandarua
-0.157205,36.494058,Nyandarua
-0.157205,36.538974,Nyandarua
-0.157205,36.58389,Nyandarua
-0.157205,36.628806,Nyandarua
-0.157205,36.673721,Nyeri
-0.157205,36.718637,Nyeri
-0.157205,36.763553,Nyeri
-0.157205,36.808469,Nyeri
-0.157205,36.853385,Nyeri
-0.157205,36.8983,Laikipia
-0.157205,36.943216,Laikipia
-0.157205,36.988132,Laikipia
-0.157205,37.033048,Nyeri
-0.157205,37.077963,Nyeri
-0.157205,37.122879,Nyeri
-0.157205,37.167795,Nyeri
-0.157205,37.212711,Nyeri
-0.157205,37.257626,Nyeri
-0.157205,37.302542,Nyeri
-0.157205,37.347458,Tharaka
-0.157205,37.392374,Meru
-0.157205,37.437289,Meru
-0.157205,37.482205,Meru
-0.157205,37.527121,Meru
-0.157205,37.572037,Meru
-0.157205,37.616953,Meru
-0.157205,37.661868,Meru
-0.157205,37.706784,Meru
-0.157205,37.7517,Meru
-0.157205,37.796616,Meru
-0.157205,37.841531,Tharaka
-0.157205,37.886447,Tharaka
-0.157205,37.931363,Tharaka
-0.157205,37.976279,Tharaka
-0.157205,38.021194,Tharaka
-0.157205,38.06611,Tharaka
-0.157205,38.111026,Tharaka
-0.157205,38.155942,Tharaka
-0.157205,38.200857,Kitui
-0.157205,38.245773,Kitui
-0.157205,38.290689,Kitui
-0.157205,38.335605,Kitui
-0.157205,38.380521,Kitui
-0.157205,38.425436,Kitui
-0.157205,38.470352,Kitui
-0.157205,38.515268,Tana River
-0.157205,38.560184,Tana River
-0.157205,38.605099,Tana River
-0.157205,38.650015,Tana River
-0.157205,38.694931,Tana River
-0.157205,38.739847,Tana River
-0.157205,38.784762,Tana River
-0.157205,38.829678,Tana River
-0.157205,38.874594,Tana River
-0.157205,38.91951,Tana River
-0.157205,38.964425,Tana River
-0.157205,39.009341,Tana River
-0.157205,39.054257,Tana River
-0.157205,39.099173,Tana River
-0.157205,39.144089,Tana River
-0.157205,39.189004,Tana River
-0.157205,39.23392,Tana River
-0.157205,39.278836,Tana River
-0.157205,39.323752,Tana River
-0.157205,39.368667,Garissa
-0.157205,39.413583,Garissa
-0.157205,39.458499,Garissa
-0.157205,39.503415,Garissa
-0.157205,39.54833,Garissa
-0.157205,39.593246,Garissa
-0.157205,39.638162,Garissa
-0.157205,39.683078,Garissa
-0.157205,39.727993,Garissa
-0.157205,39.772909,Garissa
-0.157205,39.817825,Garissa
-0.157205,39.862741,Garissa
-0.157205,39.907656,Garissa
-0.157205,39.952572,Garissa
-0.157205,39.997488,Garissa
-0.157205,40.042404,Garissa
-0.157205,40.08732,Garissa
-0.157205,40.132235,Garissa
-0.157205,40.177151,Garissa
-0.157205,40.222067,Garissa
-0.157205,40.266983,Garissa
-0.157205,40.311898,Garissa
-0.157205,40.356814,Garissa
-0.157205,40.40173,Garissa
-0.157205,40.446646,Garissa
-0.157205,40.491561,Garissa
-0.157205,40.536477,Garissa
-0.157205,40.581393,Garissa
-0.157205,40.626309,Garissa
-0.157205,40.671224,Garissa
-0.157205,40.71614,Garissa
-0.157205,40.761056,Garissa
-0.157205,40.805972,Garissa
-0.157205,40.850888,Garissa
-0.157205,40.895803,Garissa
-0.157205,40.940719,Garissa
-0.157205,40.985635,Garissa
-0.202121,34.023691,Siaya
-0.202121,34.068607,Siaya
-0.202121,34.113523,Siaya
-0.202121,34.158439,Siaya
-0.202121,34.203354,Siaya
-0.202121,34.24827,Siaya
-0.202121,34.293186,Siaya
-0.202121,34.338102,Siaya
-0.202121,34.383017,Siaya
-0.202121,34.427933,Siaya
-0.202121,34.472849,Kisumu
-0.202121,34.517765,Kisumu
-0.202121,34.562681,Kisumu
-0.202121,34.607596,Kisumu
-0.202121,34.652512,Kisumu
-0.202121,34.742344,Kisumu
-0.202121,34.787259,Kisumu
-0.202121,34.832175,Kisumu
-0.202121,34.877091,Kisumu
-0.202121,34.922007,Kisumu
-0.202121,34.966922,Kisumu
-0.202121,35.011838,Kisumu
-0.202121,35.056754,Kisumu
-0.202121,35.10167,Kisumu
-0.202121,35.146585,Kericho
-0.202121,35.191501,Kericho
-0.202121,35.236417,Kericho
-0.202121,35.281333,Kisumu
-0.202121,35.326249,Kisumu
-0.202121,35.371164,Kericho
-0.202121,35.41608,Kericho
-0.202121,35.460996,Kericho
-0.202121,35.505912,Kericho
-0.202121,35.550827,Kericho
-0.202121,35.595743,Kericho
-0.202121,35.640659,Kericho
-0.202121,35.685575,Nakuru
-0.202121,35.73049,Baringo
-0.202121,35.775406,Baringo
-0.202121,35.820322,Nakuru
-0.202121,35.865238,Nakuru
-0.202121,35.910153,Nakuru
-0.202121,35.955069,Nakuru
-0.202121,35.999985,Nakuru
-0.202121,36.044901,Nakuru
-0.202121,36.089817,Nakuru
-0.202121,36.134732,Nakuru
-0.202121,36.179648,Nakuru
-0.202121,36.224564,Nyandarua
-0.202121,36.26948,Nyandarua
-0.202121,36.314395,Nyandarua
-0.202121,36.359311,Nyandarua
-0.202121,36.404227,Nyandarua
-0.202121,36.449143,Nyandarua
-0.202121,36.494058,Nyandarua
-0.202121,36.538974,Nyandarua
-0.202121,36.58389,Nyandarua
-0.202121,36.628806,Nyandarua
-0.202121,36.673721,Nyeri
-0.202121,36.718637,Nyeri
-0.202121,36.763553,Nyeri
-0.202121,36.808469,Nyeri
-0.202121,36.853385,Laikipia
-0.202121,36.8983,Laikipia
-0.202121,36.943216,Laikipia
-0.202121,36.988132,Laikipia
-0.202121,37.033048,Nyeri
-0.202121,37.077963,Nyeri
-0.202121,37.122879,Nyeri
-0.202121,37.167795,Nyeri
-0.202121,37.212711,Nyeri
-0.202121,37.257626,Nyeri
-0.202121,37.302542,Kirinyaga
-0.202121,37.347458,Embu
-0.202121,37.392374,Tharaka
-0.202121,37.437289,Tharaka
-0.202121,37.482205,Tharaka
-0.202121,37.527121,Tharaka
-0.202121,37.572037,Tharaka
-0.202121,37.616953,Tharaka
-0.202121,37.661868,Meru
-0.202121,37.706784,Meru
-0.202121,37.7517,Tharaka
-0.202121,37.796616,Tharaka
-0.202121,37.841531,Tharaka
-0.202121,37.886447,Tharaka
-0.202121,37.931363,Tharaka
-0.202121,37.976279,Tharaka
-0.202121,38.021194,Tharaka
-0.202121,38.06611,Tharaka
-0.202121,38.111026,Tharaka
-0.202121,38.155942,Tharaka
-0.202121,38.200857,Kitui
-0.202121,38.245773,Kitui
-0.202121,38.290689,Kitui
-0.202121,38.335605,Kitui
-0.202121,38.380521,Kitui
-0.202121,38.425436,Kitui
-0.202121,38.470352,Kitui
-0.202121,38.515268,Tana River
-0.202121,38.560184,Tana River
-0.202121,38.605099,Tana River
-0.202121,38.650015,Tana River
-0.202121,38.694931,Tana River
-0.202121,38.739847,Tana River
-0.202121,38.784762,Tana River
-0.202121,38.829678,Tana River
-0.202121,38.874594,Tana River
-0.202121,38.91951,Tana River
-0.202121,38.964425,Tana River
-0.202121,39.009341,Tana River
-0.202121,39.054257,Tana River
-0.202121,39.099173,Tana River
-0.202121,39.144089,Tana River
-0.202121,39.189004,Tana River
-0.202121,39.23392,Tana River
-0.202121,39.278836,Tana River
-0.202121,39.323752,Tana River
-0.202121,39.368667,Tana River
-0.202121,39.413583,Tana River
-0.202121,39.458499,Garissa
-0.202121,39.503415,Garissa
-0.202121,39.54833,Garissa
-0.202121,39.593246,Garissa
-0.202121,39.638162,Garissa
-0.202121,39.683078,Garissa
-0.202121,39.727993,Garissa
-0.202121,39.772909,Garissa
-0.202121,39.817825,Garissa
-0.202121,39.862741,Garissa
-0.202121,39.907656,Garissa
-0.202121,39.952572,Garissa
-0.202121,39.997488,Garissa
-0.202121,40.042404,Garissa
-0.202121,40.08732,Garissa
-0.202121,40.132235,Garissa
-0.202121,40.177151,Garissa
-0.202121,40.222067,Garissa
-0.202121,40.266983,Garissa
-0.202121,40.311898,Garissa
-0.202121,40.356814,Garissa
-0.202121,40.40173,Garissa
-0.202121,40.446646,Garissa
-0.202121,40.491561,Garissa
-0.202121,40.536477,Garissa
-0.202121,40.581393,Garissa
-0.202121,40.626309,Garissa
-0.202121,40.671224,Garissa
-0.202121,40.71614,Garissa
-0.202121,40.761056,Garissa
-0.202121,40.805972,Garissa
-0.202121,40.850888,Garissa
-0.202121,40.895803,Garissa
-0.202121,40.940719,Garissa
-0.202121,40.985635,Garissa
-0.247037,33.978776,Siaya
-0.247037,34.023691,Siaya
-0.247037,34.068607,Siaya
-0.247037,34.113523,Siaya
-0.247037,34.158439,Siaya
-0.247037,34.203354,Siaya
-0.247037,34.24827,Siaya
-0.247037,34.293186,Siaya
-0.247037,34.338102,Siaya
-0.247037,34.383017,Siaya
-0.247037,34.427933,Siaya
-0.247037,34.472849,Kisumu
-0.247037,34.517765,Kisumu
-0.247037,34.562681,Kisumu
-0.247037,34.742344,Kisumu
-0.247037,34.787259,Kisumu
-0.247037,34.832175,Kisumu
-0.247037,34.877091,Kisumu
-0.247037,34.922007,Kisumu
-0.247037,34.966922,Kisumu
-0.247037,35.011838,Kisumu
-0.247037,35.056754,Kisumu
-0.247037,35.10167,Kericho
-0.247037,35.146585,Kericho
-0.247037,35.191501,Kericho
-0.247037,35.236417,Kericho
-0.247037,35.281333,Kericho
-0.247037,35.326249,Kericho
-0.247037,35.371164,Kericho
-0.247037,35.41608,Kericho
-0.247037,35.460996,Kericho
-0.247037,35.505912,Kericho
-0.247037,35.550827,Kericho
-0.247037,35.595743,Kericho
-0.247037,35.640659,Kericho
-0.247037,35.685575,Nakuru
-0.247037,35.73049,Nakuru
-0.247037,35.775406,Nakuru
-0.247037,35.820322,Nakuru
-0.247037,35.865238,Nakuru
-0.247037,35.910153,Nakuru
-0.247037,35.955069,Nakuru
-0.247037,35.999985,Nakuru
-0.247037,36.044901,Nakuru
-0.247037,36.089817,Nakuru
-0.247037,36.134732,Nakuru
-0.247037,36.179648,Nakuru
-0.247037,36.224564,Nakuru
-0.247037,36.26948,Nyandarua
-0.247037,36.314395,Nyandarua
-0.247037,36.359311,Nyandarua
-0.247037,36.404227,Nyandarua
-0.247037,36.449143,Nyandarua
-0.247037,36.494058,Nyandarua
-0.247037,36.538974,Nyandarua
-0.247037,36.58389,Nyandarua
-0.247037,36.628806,Nyandarua
-0.247037,36.673721,Nyeri
-0.247037,36.718637,Nyeri
-0.247037,36.763553,Nyeri
-0.247037,36.808469,Nyeri
-0.247037,36.853385,Laikipia
-0.247037,36.8983,Laikipia
-0.247037,36.943216,Laikipia
-0.247037,36.988132,Laikipia
-0.247037,37.033048,Nyeri
-0.247037,37.077963,Nyeri
-0.247037,37.122879,Nyeri
-0.247037,37.167795,Nyeri
-0.247037,37.212711,Nyeri
-0.247037,37.257626,Nyeri
-0.247037,37.302542,Kirinyaga
-0.247037,37.347458,Kirinyaga
-0.247037,37.392374,Embu
-0.247037,37.437289,Tharaka
-0.247037,37.482205,Tharaka
-0.247037,37.527121,Tharaka
-0.247037,37.572037,Tharaka
-0.247037,37.616953,Tharaka
-0.247037,37.661868,Tharaka
-0.247037,37.706784,Tharaka
-0.247037,37.7517,Tharaka
-0.247037,37.796616,Tharaka
-0.247037,37.841531,Tharaka
-0.247037,37.886447,Tharaka
-0.247037,37.931363,Tharaka
-0.247037,37.976279,Tharaka
-0.247037,38.021194,Tharaka
-0.247037,38.06611,Tharaka
-0.247037,38.111026,Tharaka
-0.247037,38.155942,Kitui
-0.247037,38.200857,Kitui
-0.247037,38.245773,Kitui
-0.247037,38.290689,Kitui
-0.247037,38.335605,Kitui
-0.247037,38.380521,Kitui
-0.247037,38.425436,Kitui
-0.247037,38.470352,Kitui
-0.247037,38.515268,Kitui
-0.247037,38.560184,Tana River
-0.247037,38.605099,Tana River
-0.247037,38.650015,Tana River
-0.247037,38.694931,Tana River
-0.247037,38.739847,Tana River
-0.247037,38.784762,Tana River
-0.247037,38.829678,Tana River
-0.247037,38.874594,Tana River
-0.247037,38.91951,Tana River
-0.247037,38.964425,Tana River
-0.247037,39.009341,Tana River
-0.247037,39.054257,Tana River
-0.247037,39.099173,Tana River
-0.247037,39.144089,Tana River
-0.247037,39.189004,Tana River
-0.247037,39.23392,Tana River
-0.247037,39.278836,Tana River
-0.247037,39.323752,Tana River
-0.247037,39.368667,Tana River
-0.247037,39.413583,Tana River
-0.247037,39.458499,Tana River
-0.247037,39.503415,Garissa
-0.247037,39.54833,Garissa
-0.247037,39.593246,Garissa
-0.247037,39.638162,Garissa
-0.247037,39.683078,Garissa
-0.247037,39.727993,Garissa
-0.247037,39.772909,Garissa
-0.247037,39.817825,Garissa
-0.247037,39.862741,Garissa
-0.247037,39.907656,Garissa
-0.247037,39.952572,Garissa
-0.247037,39.997488,Garissa
-0.247037,40.042404,Garissa
-0.247037,40.08732,Garissa
-0.247037,40.132235,Garissa
-0.247037,40.177151,Garissa
-0.247037,40.222067,Garissa
-0.247037,40.266983,Garissa
-0.247037,40.311898,Garissa
-0.247037,40.356814,Garissa
-0.247037,40.40173,Garissa
-0.247037,40.446646,Garissa
-0.247037,40.491561,Garissa
-0.247037,40.536477,Garissa
-0.247037,40.581393,Garissa
-0.247037,40.626309,Garissa
-0.247037,40.671224,Garissa
-0.247037,40.71614,Garissa
-0.247037,40.761056,Garissa
-0.247037,40.805972,Garissa
-0.247037,40.850888,Garissa
-0.247037,40.895803,Garissa
-0.247037,40.940719,Garissa
-0.247037,40.985635,Garissa
-0.291952,33.93386,Unknown
-0.291952,34.068607,Siaya
-0.291952,34.113523,Siaya
-0.291952,34.158439,Siaya
-0.291952,34.203354,Siaya
-0.291952,34.24827,Siaya
-0.291952,34.293186,Siaya
-0.291952,34.338102,Siaya
-0.291952,34.383017,Siaya
-0.291952,34.427933,Siaya
-0.291952,34.472849,Siaya
-0.291952,34.517765,Homa Bay
-0.291952,34.562681,Homa Bay
-0.291952,34.742344,Homa Bay
-0.291952,34.787259,Kisumu
-0.291952,34.832175,Kisumu
-0.291952,34.877091,Kisumu
-0.291952,34.922007,Kisumu
-0.291952,34.966922,Kisumu
-0.291952,35.011838,Kisumu
-0.291952,35.056754,Kericho
-0.291952,35.10167,Kericho
-0.291952,35.146585,Kericho
-0.291952,35.191501,Kericho
-0.291952,35.236417,Kericho
-0.291952,35.281333,Kericho
-0.291952,35.326249,Kericho
-0.291952,35.371164,Kericho
-0.291952,35.41608,Kericho
-0.291952,35.460996,Nakuru
-0.291952,35.505912,Nakuru
-0.291952,35.550827,Nakuru
-0.291952,35.595743,Nakuru
-0.291952,35.640659,Nakuru
-0.291952,35.685575,Nakuru
-0.291952,35.73049,Nakuru
-0.291952,35.775406,Nakuru
-0.291952,35.820322,Nakuru
-0.291952,35.865238,Nakuru
-0.291952,35.910153,Nakuru
-0.291952,35.955069,Nakuru
-0.291952,35.999985,Nakuru
-0.291952,36.044901,Nakuru
-0.291952,36.089817,Nakuru
-0.291952,36.134732,Nakuru
-0.291952,36.179648,Nakuru
-0.291952,36.224564,Nyandarua
-0.291952,36.26948,Nyandarua
-0.291952,36.314395,Nyandarua
-0.291952,36.359311,Nyandarua
-0.291952,36.404227,Nyandarua
-0.291952,36.449143,Nyandarua
-0.291952,36.494058,Nyandarua
-0.291952,36.538974,Nyandarua
-0.291952,36.58389,Nyandarua
-0.291952,36.628806,Nyeri
-0.291952,36.673721,Nyeri
-0.291952,36.718637,Nyeri
-0.291952,36.763553,Nyeri
-0.291952,36.808469,Nyeri
-0.291952,36.853385,Nyeri
-0.291952,36.8983,Nyeri
-0.291952,36.943216,Nyeri
-0.291952,36.988132,Nyeri
-0.291952,37.033048,Nyeri
-0.291952,37.077963,Nyeri
-0.291952,37.122879,Nyeri
-0.291952,37.167795,Nyeri
-0.291952,37.212711,Nyeri
-0.291952,37.257626,Kirinyaga
-0.291952,37.302542,Kirinyaga
-0.291952,37.347458,Kirinyaga
-0.291952,37.392374,Embu
-0.291952,37.437289,Embu
-0.291952,37.482205,Tharaka
-0.291952,37.527121,Tharaka
-0.291952,37.572037,Tharaka
-0.291952,37.616953,Tharaka
-0.291952,37.661868,Tharaka
-0.291952,37.706784,Tharaka
-0.291952,37.7517,Tharaka
-0.291952,37.796616,Tharaka
-0.291952,37.841531,Tharaka
-0.291952,37.886447,Tharaka
-0.291952,37.931363,Tharaka
-0.291952,37.976279,Tharaka
-0.291952,38.021194,Kitui
-0.291952,38.06611,Kitui
-0.291952,38.111026,Kitui
-0.291952,38.155942,Kitui
-0.291952,38.200857,Kitui
-0.291952,38.245773,Kitui
-0.291952,38.290689,Kitui
-0.291952,38.335605,Kitui
-0.291952,38.380521,Kitui
-0.291952,38.425436,Kitui
-0.291952,38.470352,Kitui
-0.291952,38.515268,Kitui
-0.291952,38.560184,Tana River
-0.291952,38.605099,Tana River
-0.291952,38.650015,Tana River
-0.291952,38.694931,Tana River
-0.291952,38.739847,Tana River
-0.291952,38.784762,Tana River
-0.291952,38.829678,Tana River
-0.291952,38.874594,Tana River
-0.291952,38.91951,Tana River
-0.291952,38.964425,Tana River
-0.291952,39.009341,Tana River
-0.291952,39.054257,Tana River
-0.291952,39.099173,Tana River
-0.291952,39.144089,Tana River
-0.291952,39.189004,Tana River
-0.291952,39.23392,Tana River
-0.291952,39.278836,Tana River
-0.291952,39.323752,Tana River
-0.291952,39.368667,Tana River
-0.291952,39.413583,Tana River
-0.291952,39.458499,Tana River
-0.291952,39.503415,Tana River
-0.291952,39.54833,Garissa
-0.291952,39.593246,Garissa
-0.291952,39.638162,Garissa
-0.291952,39.683078,Garissa
-0.291952,39.727993,Garissa
-0.291952,39.772909,Garissa
-0.291952,39.817825,Garissa
-0.291952,39.862741,Garissa
-0.291952,39.907656,Garissa
-0.291952,39.952572,Garissa
-0.291952,39.997488,Garissa
-0.291952,40.042404,Garissa
-0.291952,40.08732,Garissa
-0.291952,40.132235,Garissa
-0.291952,40.177151,Garissa
-0.291952,40.222067,Garissa
-0.291952,40.266983,Garissa
-0.291952,40.311898,Garissa
-0.291952,40.356814,Garissa
-0.291952,40.40173,Garissa
-0.291952,40.446646,Garissa
-0.291952,40.491561,Garissa
-0.291952,40.536477,Garissa
-0.291952,40.581393,Garissa
-0.291952,40.626309,Garissa
-0.291952,40.671224,Garissa
-0.291952,40.71614,Garissa
-0.291952,40.761056,Garissa
-0.291952,40.805972,Garissa
-0.291952,40.850888,Garissa
-0.291952,40.895803,Garissa
-0.291952,40.940719,Garissa
-0.291952,40.985635,Garissa
-0.336868,33.93386,Unknown
-0.336868,33.978776,Siaya
-0.336868,34.068607,Siaya
-0.336868,34.113523,Siaya
-0.336868,34.158439,Siaya
-0.336868,34.203354,Siaya
-0.336868,34.24827,Siaya
-0.336868,34.293186,Siaya
-0.336868,34.338102,Siaya
-0.336868,34.383017,Siaya
-0.336868,34.427933,Homa Bay
-0.336868,34.472849,Homa Bay
-0.336868,34.517765,Homa Bay
-0.336868,34.562681,Homa Bay
-0.336868,34.607596,Homa Bay
-0.336868,34.652512,Homa Bay
-0.336868,34.697428,Homa Bay
-0.336868,34.742344,Homa Bay
-0.336868,34.787259,Kisumu
-0.336868,34.832175,Kisumu
-0.336868,34.877091,Kisumu
-0.336868,34.922007,Kisumu
-0.336868,34.966922,Kisumu
-0.336868,35.011838,Kericho
-0.336868,35.056754,Kericho
-0.336868,35.10167,Kericho
-0.336868,35.146585,Kericho
-0.336868,35.191501,Kericho
-0.336868,35.236417,Kericho
-0.336868,35.281333,Kericho
-0.336868,35.326249,Kericho
-0.336868,35.371164,Kericho
-0.336868,35.41608,Kericho
-0.336868,35.460996,Nakuru
-0.336868,35.505912,Nakuru
-0.336868,35.550827,Nakuru
-0.336868,35.595743,Nakuru
-0.336868,35.640659,Nakuru
-0.336868,35.685575,Nakuru
-0.336868,35.73049,Nakuru
-0.336868,35.775406,Nakuru
-0.336868,35.820322,Nakuru
-0.336868,35.865238,Nakuru
-0.336868,35.910153,Nakuru
-0.336868,35.955069,Nakuru
-0.336868,35.999985,Nakuru
-0.336868,36.044901,Nakuru
-0.336868,36.089817,Nakuru
-0.336868,36.134732,Nakuru
-0.336868,36.179648,Nakuru
-0.336868,36.224564,Nyandarua
-0.336868,36.26948,Nyandarua
-0.336868,36.314395,Nyandarua
-0.336868,36.359311,Nyandarua
-0.336868,36.404227,Nyandarua
-0.336868,36.449143,Nyandarua
-0.336868,36.494058,Nyandarua
-0.336868,36.538974,Nyandarua
-0.336868,36.58389,Nyandarua
-0.336868,36.628806,Nyeri
-0.336868,36.673721,Nyeri
-0.336868,36.718637,Nyeri
-0.336868,36.763553,Nyeri
-0.336868,36.808469,Nyeri
-0.336868,36.853385,Nyeri
-0.336868,36.8983,Nyeri
-0.336868,36.943216,Nyeri
-0.336868,36.988132,Nyeri
-0.336868,37.033048,Nyeri
-0.336868,37.077963,Nyeri
-0.336868,37.122879,Nyeri
-0.336868,37.167795,Nyeri
-0.336868,37.212711,Nyeri
-0.336868,37.257626,Kirinyaga
-0.336868,37.302542,Kirinyaga
-0.336868,37.347458,Kirinyaga
-0.336868,37.392374,Embu
-0.336868,37.437289,Embu
-0.336868,37.482205,Embu
-0.336868,37.527121,Tharaka
-0.336868,37.572037,Tharaka
-0.336868,37.616953,Tharaka
-0.336868,37.661868,Tharaka
-0.336868,37.706784,Tharaka
-0.336868,37.7517,Tharaka
-0.336868,37.796616,Tharaka
-0.336868,37.841531,Tharaka
-0.336868,37.886447,Tharaka
-0.336868,37.931363,Tharaka
-0.336868,37.976279,Kitui
-0.336868,38.021194,Kitui
-0.336868,38.06611,Kitui
-0.336868,38.111026,Kitui
-0.336868,38.155942,Kitui
-0.336868,38.200857,Kitui
-0.336868,38.245773,Kitui
-0.336868,38.290689,Kitui
-0.336868,38.335605,Kitui
-0.336868,38.380521,Kitui
-0.336868,38.425436,Kitui
-0.336868,38.470352,Kitui
-0.336868,38.515268,Kitui
-0.336868,38.560184,Kitui
-0.336868,38.605099,Tana River
-0.336868,38.650015,Tana River
-0.336868,38.694931,Tana River
-0.336868,38.739847,Tana River
-0.336868,38.784762,Tana River
-0.336868,38.829678,Tana River
-0.336868,38.874594,Tana River
-0.336868,38.91951,Tana River
-0.336868,38.964425,Tana River
-0.336868,39.009341,Tana River
-0.336868,39.054257,Tana River
-0.336868,39.099173,Tana River
-0.336868,39.144089,Tana River
-0.336868,39.189004,Tana River
-0.336868,39.23392,Tana River
-0.336868,39.278836,Tana River
-0.336868,39.323752,Tana River
-0.336868,39.368667,Tana River
-0.336868,39.413583,Tana River
-0.336868,39.458499,Tana River
-0.336868,39.503415,Tana River
-0.336868,39.54833,Tana River
-0.336868,39.593246,Garissa
-0.336868,39.638162,Garissa
-0.336868,39.683078,Garissa
-0.336868,39.727993,Garissa
-0.336868,39.772909,Garissa
-0.336868,39.817825,Garissa
-0.336868,39.862741,Garissa
-0.336868,39.907656,Garissa
-0.336868,39.952572,Garissa
-0.336868,39.997488,Garissa
-0.336868,40.042404,Garissa
-0.336868,40.08732,Garissa
-0.336868,40.132235,Garissa
-0.336868,40.177151,Garissa
-0.336868,40.222067,Garissa
-0.336868,40.266983,Garissa
-0.336868,40.311898,Garissa
-0.336868,40.356814,Garissa
-0.336868,40.40173,Garissa
-0.336868,40.446646,Garissa
-0.336868,40.491561,Garissa
-0.336868,40.536477,Garissa
-0.336868,40.581393,Garissa
-0.336868,40.626309,Garissa
-0.336868,40.671224,Garissa
-0.336868,40.71614,Garissa
-0.336868,40.761056,Garissa
-0.336868,40.805972,Garissa
-0.336868,40.850888,Garissa
-0.336868,40.895803,Garissa
-0.336868,40.940719,Garissa
-0.336868,40.985635,Garissa
-0.381784,33.93386,Unknown
-0.381784,33.978776,Homa Bay
-0.381784,34.023691,Homa Bay
-0.381784,34.068607,Homa Bay
-0.381784,34.113523,Homa Bay
-0.381784,34.158439,Homa Bay
-0.381784,34.203354,Homa Bay
-0.381784,34.24827,Homa Bay
-0.381784,34.293186,Siaya
-0.381784,34.338102,Siaya
-0.381784,34.383017,Homa Bay
-0.381784,34.427933,Homa Bay
-0.381784,34.472849,Homa Bay
-0.381784,34.517765,Homa Bay
-0.381784,34.562681,Homa Bay
-0.381784,34.607596,Homa Bay
-0.381784,34.652512,Homa Bay
-0.381784,34.697428,Homa Bay
-0.381784,34.742344,Homa Bay
-0.381784,34.787259,Homa Bay
-0.381784,34.832175,Kisumu
-0.381784,34.877091,Kisumu
-0.381784,34.922007,Kisumu
-0.381784,34.966922,Kisumu
-0.381784,35.011838,Kisumu
-0.381784,35.056754,Kericho
-0.381784,35.10167,Kericho
-0.381784,35.146585,Kericho
-0.381784,35.191501,Kericho
-0.381784,35.236417,Kericho
-0.381784,35.281333,Kericho
-0.381784,35.326249,Kericho
-0.381784,35.371164,Kericho
-0.381784,35.41608,Kericho
-0.381784,35.460996,Bomet
-0.381784,35.505912,Nakuru
-0.381784,35.550827,Nakuru
-0.381784,35.595743,Nakuru
-0.381784,35.640659,Nakuru
-0.381784,35.685575,Nakuru
-0.381784,35.73049,Nakuru
-0.381784,35.775406,Nakuru
-0.381784,35.820322,Nakuru
-0.381784,35.865238,Nakuru
-0.381784,35.910153,Nakuru
-0.381784,35.955069,Nakuru
-0.381784,35.999985,Nakuru
-0.381784,36.044901,Nakuru
-0.381784,36.089817,Nakuru
-0.381784,36.134732,Nakuru
-0.381784,36.179648,Nakuru
-0.381784,36.224564,Nakuru
-0.381784,36.26948,Nakuru
-0.381784,36.314395,Nyandarua
-0.381784,36.359311,Nyandarua
-0.381784,36.404227,Nyandarua
-0.381784,36.449143,Nyandarua
-0.381784,36.494058,Nyandarua
-0.381784,36.538974,Nyandarua
-0.381784,36.58389,Nyandarua
-0.381784,36.628806,Nyeri
-0.381784,36.673721,Nyeri
-0.381784,36.718637,Nyeri
-0.381784,36.763553,Nyeri
-0.381784,36.808469,Nyeri
-0.381784,36.853385,Nyeri
-0.381784,36.8983,Nyeri
-0.381784,36.943216,Nyeri
-0.381784,36.988132,Nyeri
-0.381784,37.033048,Nyeri
-0.381784,37.077963,Nyeri
-0.381784,37.122879,Nyeri
-0.381784,37.167795,Nyeri
-0.381784,37.212711,Nyeri
-0.381784,37.257626,Kirinyaga
-0.381784,37.302542,Kirinyaga
-0.381784,37.347458,Kirinyaga
-0.381784,37.392374,Kirinyaga
-0.381784,37.437289,Embu
-0.381784,37.482205,Embu
-0.381784,37.527121,Embu
-0.381784,37.572037,Embu
-0.381784,37.616953,Tharaka
-0.381784,37.661868,Tharaka
-0.381784,37.706784,Tharaka
-0.381784,37.7517,Tharaka
-0.381784,37.796616,Tharaka
-0.381784,37.841531,Tharaka
-0.381784,37.886447,Embu
-0.381784,37.931363,Tharaka
-0.381784,37.976279,Kitui
-0.381784,38.021194,Kitui
-0.381784,38.06611,Kitui
-0.381784,38.111026,Kitui
-0.381784,38.155942,Kitui
-0.381784,38.200857,Kitui
-0.381784,38.245773,Kitui
-0.381784,38.290689,Kitui
-0.381784,38.335605,Kitui
-0.381784,38.380521,Kitui
-0.381784,38.425436,Kitui
-0.381784,38.470352,Kitui
-0.381784,38.515268,Kitui
-0.381784,38.560184,Kitui
-0.381784,38.605099,Kitui
-0.381784,38.650015,Tana River
-0.381784,38.694931,Tana River
-0.381784,38.739847,Tana River
-0.381784,38.784762,Tana River
-0.381784,38.829678,Tana River
-0.381784,38.874594,Tana River
-0.381784,38.91951,Tana River
-0.381784,38.964425,Tana River
-0.381784,39.009341,Tana River
-0.381784,39.054257,Tana River
-0.381784,39.099173,Tana River
-0.381784,39.144089,Tana River
-0.381784,39.189004,Tana River
-0.381784,39.23392,Tana River
-0.381784,39.278836,Tana River
-0.381784,39.323752,Tana River
-0.381784,39.368667,Tana River
-0.381784,39.413583,Tana River
-0.381784,39.458499,Tana River
-0.381784,39.503415,Tana River
-0.381784,39.54833,Tana River
-0.381784,39.593246,Tana River
-0.381784,39.638162,Garissa
-0.381784,39.683078,Garissa
-0.381784,39.727993,Garissa
-0.381784,39.772909,Garissa
-0.381784,39.817825,Garissa
-0.381784,39.862741,Garissa
-0.381784,39.907656,Garissa
-0.381784,39.952572,Garissa
-0.381784,39.997488,Garissa
-0.381784,40.042404,Garissa
-0.381784,40.08732,Garissa
-0.381784,40.132235,Garissa
-0.381784,40.177151,Garissa
-0.381784,40.222067,Garissa
-0.381784,40.266983,Garissa
-0.381784,40.311898,Garissa
-0.381784,40.356814,Garissa
-0.381784,40.40173,Garissa
-0.381784,40.446646,Garissa
-0.381784,40.491561,Garissa
-0.381784,40.536477,Garissa
-0.381784,40.581393,Garissa
-0.381784,40.626309,Garissa
-0.381784,40.671224,Garissa
-0.381784,40.71614,Garissa
-0.381784,40.761056,Garissa
-0.381784,40.805972,Garissa
-0.381784,40.850888,Garissa
-0.381784,40.895803,Garissa
-0.381784,40.940719,Garissa
-0.381784,40.985635,Garissa
-0.4267,33.93386,Unknown
-0.4267,33.978776,Homa Bay
-0.4267,34.023691,Homa Bay
-0.4267,34.113523,Homa Bay
-0.4267,34.158439,Homa Bay
-0.4267,34.203354,Homa Bay
-0.4267,34.24827,Homa Bay
-0.4267,34.293186,Homa Bay
-0.4267,34.338102,Homa Bay
-0.4267,34.383017,Homa Bay
-0.4267,34.472849,Homa Bay
-0.4267,34.517765,Homa Bay
-0.4267,34.562681,Homa Bay
-0.4267,34.607596,Homa Bay
-0.4267,34.652512,Homa Bay
-0.4267,34.697428,Homa Bay
-0.4267,34.742344,Homa Bay
-0.4267,34.787259,Homa Bay
-0.4267,34.832175,Homa Bay
-0.4267,34.877091,Homa Bay
-0.4267,34.922007,Homa Bay
-0.4267,34.966922,Homa Bay
-0.4267,35.011838,Nyamira
-0.4267,35.056754,Kericho
-0.4267,35.10167,Kericho
-0.4267,35.146585,Kericho
-0.4267,35.191501,Kericho
-0.4267,35.236417,Bomet
-0.4267,35.281333,Bomet
-0.4267,35.326249,Bomet
-0.4267,35.371164,Bomet
-0.4267,35.41608,Bomet
-0.4267,35.460996,Bomet
-0.4267,35.505912,Nakuru
-0.4267,35.550827,Nakuru
-0.4267,35.595743,Nakuru
-0.4267,35.640659,Nakuru
-0.4267,35.685575,Nakuru
-0.4267,35.73049,Nakuru
-0.4267,35.775406,Nakuru
-0.4267,35.820322,Nakuru
-0.4267,35.865238,Nakuru
-0.4267,35.910153,Nakuru
-0.4267,35.955069,Nakuru
-0.4267,35.999985,Nakuru
-0.4267,36.044901,Nakuru
-0.4267,36.089817,Nakuru
-0.4267,36.134732,Nakuru
-0.4267,36.179648,Nakuru
-0.4267,36.224564,Nakuru
-0.4267,36.26948,Nakuru
-0.4267,36.314395,Nakuru
-0.4267,36.359311,Nakuru
-0.4267,36.404227,Nyandarua
-0.4267,36.449143,Nyandarua
-0.4267,36.494058,Nyandarua
-0.4267,36.538974,Nyandarua
-0.4267,36.58389,Nyandarua
-0.4267,36.628806,Nyandarua
-0.4267,36.673721,Nyeri
-0.4267,36.718637,Nyeri
-0.4267,36.763553,Nyeri
-0.4267,36.808469,Nyeri
-0.4267,36.853385,Nyeri
-0.4267,36.8983,Nyeri
-0.4267,36.943216,Nyeri
-0.4267,36.988132,Nyeri
-0.4267,37.033048,Nyeri
-0.4267,37.077963,Nyeri
-0.4267,37.122879,Nyeri
-0.4267,37.167795,Nyeri
-0.4267,37.212711,Kirinyaga
-0.4267,37.257626,Kirinyaga
-0.4267,37.302542,Kirinyaga
-0.4267,37.347458,Kirinyaga
-0.4267,37.392374,Kirinyaga
-0.4267,37.437289,Embu
-0.4267,37.482205,Embu
-0.4267,37.527121,Embu
-0.4267,37.572037,Embu
-0.4267,37.616953,Embu
-0.4267,37.661868,Embu
-0.4267,37.706784,Tharaka
-0.4267,37.7517,Tharaka
-0.4267,37.796616,Tharaka
-0.4267,37.841531,Embu
-0.4267,37.886447,Embu
-0.4267,37.931363,Embu
-0.4267,37.976279,Kitui
-0.4267,38.021194,Kitui
-0.4267,38.06611,Kitui
-0.4267,38.111026,Kitui
-0.4267,38.155942,Kitui
-0.4267,38.200857,Kitui
-0.4267,38.245773,Kitui
-0.4267,38.290689,Kitui
-0.4267,38.335605,Kitui
-0.4267,38.380521,Kitui
-0.4267,38.425436,Kitui
-0.4267,38.470352,Kitui
-0.4267,38.515268,Kitui
-0.4267,38.560184,Kitui
-0.4267,38.605099,Kitui
-0.4267,38.650015,Tana River
-0.4267,38.694931,Tana River
-0.4267,38.739847,Tana River
-0.4267,38.784762,Tana River
-0.4267,38.829678,Tana River
-0.4267,38.874594,Tana River
-0.4267,38.91951,Tana River
-0.4267,38.964425,Tana River
-0.4267,39.009341,Tana River
-0.4267,39.054257,Tana River
-0.4267,39.099173,Tana River
-0.4267,39.144089,Tana River
-0.4267,39.189004,Tana River
-0.4267,39.23392,Tana River
-0.4267,39.278836,Tana River
-0.4267,39.323752,Tana River
-0.4267,39.368667,Tana River
-0.4267,39.413583,Tana River
-0.4267,39.458499,Tana River
-0.4267,39.503415,Tana River
-0.4267,39.54833,Tana River
-0.4267,39.593246,Tana River
-0.4267,39.638162,Garissa
-0.4267,39.683078,Garissa
-0.4267,39.727993,Garissa
-0.4267,39.772909,Garissa
-0.4267,39.817825,Garissa
-0.4267,39.862741,Garissa
-0.4267,39.907656,Garissa
-0.4267,39.952572,Garissa
-0.4267,39.997488,Garissa
-0.4267,40.042404,Garissa
-0.4267,40.08732,Garissa
-0.4267,40.132235,Garissa
-0.4267,40.177151,Garissa
-0.4267,40.222067,Garissa
-0.4267,40.266983,Garissa
-0.4267,40.311898,Garissa
-0.4267,40.356814,Garissa
-0.4267,40.40173,Garissa
-0.4267,40.446646,Garissa
-0.4267,40.491561,Garissa
-0.4267,40.536477,Garissa
-0.4267,40.581393,Garissa
-0.4267,40.626309,Garissa
-0.4267,40.671224,Garissa
-0.4267,40.71614,Garissa
-0.4267,40.761056,Garissa
-0.4267,40.805972,Garissa
-0.4267,40.850888,Garissa
-0.4267,40.895803,Garissa
-0.4267,40.940719,Garissa
-0.4267,40.985635,Garissa
-0.471616,33.93386,Homa Bay
-0.471616,33.978776,Homa Bay
-0.471616,34.023691,Homa Bay
-0.471616,34.068607,Homa Bay
-0.471616,34.113523,Homa Bay
-0.471616,34.158439,Homa Bay
-0.471616,34.203354,Homa Bay
-0.471616,34.24827,Homa Bay
-0.471616,34.293186,Homa Bay
-0.471616,34.338102,Homa Bay
-0.471616,34.383017,Homa Bay
-0.471616,34.427933,Homa Bay
-0.471616,34.472849,Homa Bay
-0.471616,34.517765,Homa Bay
-0.471616,34.562681,Homa Bay
-0.471616,34.607596,Homa Bay
-0.471616,34.652512,Homa Bay
-0.471616,34.697428,Homa Bay
-0.471616,34.742344,Homa Bay
-0.471616,34.787259,Homa Bay
-0.471616,34.832175,Homa Bay
-0.471616,34.877091,Homa Bay
-0.471616,34.922007,Homa Bay
-0.471616,34.966922,Nyamira
-0.471616,35.011838,Nyamira
-0.471616,35.056754,Kericho
-0.471616,35.10167,Bomet
-0.471616,35.146585,Bomet
-0.471616,35.191501,Kericho
-0.471616,35.236417,Bomet
-0.471616,35.281333,Bomet
-0.471616,35.326249,Bomet
-0.471616,35.371164,Bomet
-0.471616,35.41608,Bomet
-0.471616,35.460996,Bomet
-0.471616,35.505912,Bomet
-0.471616,35.550827,Nakuru
-0.471616,35.595743,Nakuru
-0.471616,35.640659,Nakuru
-0.471616,35.685575,Nakuru
-0.471616,35.73049,Nakuru
-0.471616,35.775406,Nakuru
-0.471616,35.820322,Nakuru
-0.471616,35.865238,Nakuru
-0.471616,35.910153,Nakuru
-0.471616,35.955069,Nakuru
-0.471616,35.999985,Nakuru
-0.471616,36.044901,Nakuru
-0.471616,36.089817,Nakuru
-0.471616,36.134732,Nakuru
-0.471616,36.179648,Nakuru
-0.471616,36.224564,Nakuru
-0.471616,36.26948,Nakuru
-0.471616,36.314395,Nakuru
-0.471616,36.359311,Nakuru
-0.471616,36.404227,Nyandarua
-0.471616,36.449143,Nyandarua
-0.471616,36.494058,Nyandarua
-0.471616,36.538974,Nyandarua
-0.471616,36.58389,Nyandarua
-0.471616,36.628806,Nyandarua
-0.471616,36.673721,Nyeri
-0.471616,36.718637,Nyeri
-0.471616,36.763553,Nyeri
-0.471616,36.808469,Nyeri
-0.471616,36.853385,Nyeri
-0.471616,36.8983,Nyeri
-0.471616,36.943216,Nyeri
-0.471616,36.988132,Nyeri
-0.471616,37.033048,Nyeri
-0.471616,37.077963,Nyeri
-0.471616,37.122879,Nyeri
-0.471616,37.167795,Nyeri
-0.471616,37.212711,Kirinyaga
-0.471616,37.257626,Kirinyaga
-0.471616,37.302542,Kirinyaga
-0.471616,37.347458,Kirinyaga
-0.471616,37.392374,Kirinyaga
-0.471616,37.437289,Embu
-0.471616,37.482205,Embu
-0.471616,37.527121,Embu
-0.471616,37.572037,Embu
-0.471616,37.616953,Embu
-0.471616,37.661868,Embu
-0.471616,37.706784,Embu
-0.471616,37.7517,Embu
-0.471616,37.796616,Embu
-0.471616,37.841531,Embu
-0.471616,37.886447,Embu
-0.471616,37.931363,Kitui
-0.471616,37.976279,Kitui
-0.471616,38.021194,Kitui
-0.471616,38.06611,Kitui
-0.471616,38.111026,Kitui
-0.471616,38.155942,Kitui
-0.471616,38.200857,Kitui
-0.471616,38.245773,Kitui
-0.471616,38.290689,Kitui
-0.471616,38.335605,Kitui
-0.471616,38.380521,Kitui
-0.471616,38.425436,Kitui
-0.471616,38.470352,Kitui
-0.471616,38.515268,Kitui
-0.471616,38.560184,Kitui
-0.471616,38.605099,Kitui
-0.471616,38.650015,Kitui
-0.471616,38.694931,Tana River
-0.471616,38.739847,Tana River
-0.471616,38.784762,Tana River
-0.471616,38.829678,Tana River
-0.471616,38.874594,Tana River
-0.471616,38.91951,Tana River
-0.471616,38.964425,Tana River
-0.471616,39.009341,Tana River
-0.471616,39.054257,Tana River
-0.471616,39.099173,Tana River
-0.471616,39.144089,Tana River
-0.471616,39.189004,Tana River
-0.471616,39.23392,Tana River
-0.471616,39.278836,Tana River
-0.471616,39.323752,Tana River
-0.471616,39.368667,Tana River
-0.471616,39.413583,Tana River
-0.471616,39.458499,Tana River
-0.471616,39.503415,Tana River
-0.471616,39.54833,Tana River
-0.471616,39.593246,Tana River
-0.471616,39.638162,Garissa
-0.471616,39.683078,Garissa
-0.471616,39.727993,Garissa
-0.471616,39.772909,Garissa
-0.471616,39.817825,Garissa
-0.471616,39.862741,Garissa
-0.471616,39.907656,Garissa
-0.471616,39.952572,Garissa
-0.471616,39.997488,Garissa
-0.471616,40.042404,Garissa
-0.471616,40.08732,Garissa
-0.471616,40.132235,Garissa
-0.471616,40.177151,Garissa
-0.471616,40.222067,Garissa
-0.471616,40.266983,Garissa
-0.471616,40.311898,Garissa
-0.471616,40.356814,Garissa
-0.471616,40.40173,Garissa
-0.471616,40.446646,Garissa
-0.471616,40.491561,Garissa
-0.471616,40.536477,Garissa
-0.471616,40.581393,Garissa
-0.471616,40.626309,Garissa
-0.471616,40.671224,Garissa
-0.471616,40.71614,Garissa
-0.471616,40.761056,Garissa
-0.471616,40.805972,Garissa
-0.471616,40.850888,Garissa
-0.471616,40.895803,Garissa
-0.471616,40.940719,Garissa
-0.471616,40.985635,Garissa
-0.516531,33.93386,Homa Bay
-0.516531,33.978776,Homa Bay
-0.516531,34.023691,Homa Bay
-0.516531,34.068607,Homa Bay
-0.516531,34.113523,Homa Bay
-0.516531,34.158439,Homa Bay
-0.516531,34.203354,Homa Bay
-0.516531,34.24827,Homa Bay
-0.516531,34.293186,Homa Bay
-0.516531,34.338102,Homa Bay
-0.516531,34.383017,Homa Bay
-0.516531,34.427933,Homa Bay
-0.516531,34.472849,Homa Bay
-0.516531,34.517765,Homa Bay
-0.516531,34.562681,Homa Bay
-0.516531,34.607596,Homa Bay
-0.516531,34.652512,Homa Bay
-0.516531,34.697428,Homa Bay
-0.516531,34.742344,Homa Bay
-0.516531,34.787259,Homa Bay
-0.516531,34.832175,Homa Bay
-0.516531,34.877091,Nyamira
-0.516531,34.922007,Nyamira
-0.516531,34.966922,Nyamira
-0.516531,35.011838,Nyamira
-0.516531,35.056754,Bomet
-0.516531,35.10167,Bomet
-0.516531,35.146585,Bomet
-0.516531,35.191501,Bomet
-0.516531,35.236417,Bomet
-0.516531,35.281333,Bomet
-0.516531,35.326249,Bomet
-0.516531,35.371164,Bomet
-0.516531,35.41608,Bomet
-0.516531,35.460996,Bomet
-0.516531,35.505912,Bomet
-0.516531,35.550827,Nakuru
-0.516531,35.595743,Nakuru
-0.516531,35.640659,Nakuru
-0.516531,35.685575,Nakuru
-0.516531,35.73049,Nakuru
-0.516531,35.775406,Nakuru
-0.516531,35.820322,Narok
-0.516531,35.865238,Narok
-0.516531,35.910153,Nakuru
-0.516531,35.955069,Nakuru
-0.516531,35.999985,Nakuru
-0.516531,36.044901,Nakuru
-0.516531,36.089817,Nakuru
-0.516531,36.134732,Nakuru
-0.516531,36.179648,Nakuru
-0.516531,36.224564,Nakuru
-0.516531,36.26948,Nakuru
-0.516531,36.314395,Nakuru
-0.516531,36.359311,Nakuru
-0.516531,36.404227,Nyandarua
-0.516531,36.449143,Nyandarua
-0.516531,36.494058,Nyandarua
-0.516531,36.538974,Nyandarua
-0.516531,36.58389,Nyandarua
-0.516531,36.628806,Nyandarua
-0.516531,36.673721,Nyeri
-0.516531,36.718637,Nyeri
-0.516531,36.763553,Nyeri
-0.516531,36.808469,Nyeri
-0.516531,36.853385,Nyeri
-0.516531,36.8983,Nyeri
-0.516531,36.943216,Nyeri
-0.516531,36.988132,Nyeri
-0.516531,37.033048,Nyeri
-0.516531,37.077963,Nyeri
-0.516531,37.122879,Nyeri
-0.516531,37.167795,Kirinyaga
-0.516531,37.212711,Kirinyaga
-0.516531,37.257626,Kirinyaga
-0.516531,37.302542,Kirinyaga
-0.516531,37.347458,Kirinyaga
-0.516531,37.392374,Kirinyaga
-0.516531,37.437289,Embu
-0.516531,37.482205,Embu
-0.516531,37.527121,Embu
-0.516531,37.572037,Embu
-0.516531,37.616953,Embu
-0.516531,37.661868,Embu
-0.516531,37.706784,Embu
-0.516531,37.7517,Embu
-0.516531,37.796616,Embu
-0.516531,37.841531,Embu
-0.516531,37.886447,Embu
-0.516531,37.931363,Kitui
-0.516531,37.976279,Kitui
-0.516531,38.021194,Kitui
-0.516531,38.06611,Kitui
-0.516531,38.111026,Kitui
-0.516531,38.155942,Kitui
-0.516531,38.200857,Kitui
-0.516531,38.245773,Kitui
-0.516531,38.290689,Kitui
-0.516531,38.335605,Kitui
-0.516531,38.380521,Kitui
-0.516531,38.425436,Kitui
-0.516531,38.470352,Kitui
-0.516531,38.515268,Kitui
-0.516531,38.560184,Kitui
-0.516531,38.605099,Kitui
-0.516531,38.650015,Kitui
-0.516531,38.694931,Tana River
-0.516531,38.739847,Tana River
-0.516531,38.784762,Tana River
-0.516531,38.829678,Tana River
-0.516531,38.874594,Tana River
-0.516531,38.91951,Tana River
-0.516531,38.964425,Tana River
-0.516531,39.009341,Tana River
-0.516531,39.054257,Tana River
-0.516531,39.099173,Tana River
-0.516531,39.144089,Tana River
-0.516531,39.189004,Tana River
-0.516531,39.23392,Tana River
-0.516531,39.278836,Tana River
-0.516531,39.323752,Tana River
-0.516531,39.368667,Tana River
-0.516531,39.413583,Tana River
-0.516531,39.458499,Tana River
-0.516531,39.503415,Tana River
-0.516531,39.54833,Tana River
-0.516531,39.593246,Tana River
-0.516531,39.638162,Tana River
-0.516531,39.683078,Garissa
-0.516531,39.727993,Garissa
-0.516531,39.772909,Garissa
-0.516531,39.817825,Garissa
-0.516531,39.862741,Garissa
-0.516531,39.907656,Garissa
-0.516531,39.952572,Garissa
-0.516531,39.997488,Garissa
-0.516531,40.042404,Garissa
-0.516531,40.08732,Garissa
-0.516531,40.132235,Garissa
-0.516531,40.177151,Garissa
-0.516531,40.222067,Garissa
-0.516531,40.266983,Garissa
-0.516531,40.311898,Garissa
-0.516531,40.356814,Garissa
-0.516531,40.40173,Garissa
-0.516531,40.446646,Garissa
-0.516531,40.491561,Garissa
-0.516531,40.536477,Garissa
-0.516531,40.581393,Garissa
-0.516531,40.626309,Garissa
-0.516531,40.671224,Garissa
-0.516531,40.71614,Garissa
-0.516531,40.761056,Garissa
-0.516531,40.805972,Garissa
-0.516531,40.850888,Garissa
-0.516531,40.895803,Garissa
-0.516531,40.940719,Garissa
-0.516531,40.985635,Garissa
-0.561447,33.93386,Homa Bay
-0.561447,33.978776,Homa Bay
-0.561447,34.023691,Homa Bay
-0.561447,34.068607,Homa Bay
-0.561447,34.113523,Homa Bay
-0.561447,34.158439,Homa Bay
-0.561447,34.203354,Homa Bay
-0.561447,34.24827,Homa Bay
-0.561447,34.293186,Homa Bay
-0.561447,34.338102,Homa Bay
-0.561447,34.383017,Homa Bay
-0.561447,34.427933,Homa Bay
-0.561447,34.472849,Homa Bay
-0.561447,34.517765,Homa Bay
-0.561447,34.562681,Homa Bay
-0.561447,34.607596,Homa Bay
-0.561447,34.652512,Homa Bay
-0.561447,34.697428,Homa Bay
-0.561447,34.742344,Kisii
-0.561447,34.787259,Kisii
-0.561447,34.832175,Kisii
-0.561447,34.877091,Kisii
-0.561447,34.922007,Nyamira
-0.561447,34.966922,Nyamira
-0.561447,35.011838,Nyamira
-0.561447,35.056754,Bomet
-0.561447,35.10167,Bomet
-0.561447,35.146585,Bomet
-0.561447,35.191501,Bomet
-0.561447,35.236417,Bomet
-0.561447,35.281333,Bomet
-0.561447,35.326249,Bomet
-0.561447,35.371164,Bomet
-0.561447,35.41608,Bomet
-0.561447,35.460996,Bomet
-0.561447,35.505912,Bomet
-0.561447,35.550827,Bomet
-0.561447,35.595743,Nakuru
-0.561447,35.640659,Nakuru
-0.561447,35.685575,Nakuru
-0.561447,35.73049,Narok
-0.561447,35.775406,Narok
-0.561447,35.820322,Narok
-0.561447,35.865238,Narok
-0.561447,35.910153,Narok
-0.561447,35.955069,Nakuru
-0.561447,35.999985,Nakuru
-0.561447,36.044901,Nakuru
-0.561447,36.089817,Nakuru
-0.561447,36.134732,Nakuru
-0.561447,36.179648,Nakuru
-0.561447,36.224564,Nakuru
-0.561447,36.26948,Nakuru
-0.561447,36.314395,Nakuru
-0.561447,36.359311,Nakuru
-0.561447,36.404227,Nyandarua
-0.561447,36.449143,Nyandarua
-0.561447,36.494058,Nyandarua
-0.561447,36.538974,Nyandarua
-0.561447,36.58389,Nyandarua
-0.561447,36.628806,Nyandarua
-0.561447,36.673721,Nyeri
-0.561447,36.718637,Nyeri
-0.561447,36.763553,Nyeri
-0.561447,36.808469,Nyeri
-0.561447,36.853385,Nyeri
-0.561447,36.8983,Nyeri
-0.561447,36.943216,Nyeri
-0.561447,36.988132,Nyeri
-0.561447,37.033048,Nyeri
-0.561447,37.077963,Nyeri
-0.561447,37.122879,Nyeri
-0.561447,37.167795,Kirinyaga
-0.561447,37.212711,Kirinyaga
-0.561447,37.257626,Kirinyaga
-0.561447,37.302542,Kirinyaga
-0.561447,37.347458,Kirinyaga
-0.561447,37.392374,Kirinyaga
-0.561447,37.437289,Kirinyaga
-0.561447,37.482205,Embu
-0.561447,37.527121,Embu
-0.561447,37.572037,Embu
-0.561447,37.616953,Embu
-0.561447,37.661868,Embu
-0.561447,37.706784,Embu
-0.561447,37.7517,Embu
-0.561447,37.796616,Embu
-0.561447,37.841531,Embu
-0.561447,37.886447,Embu
-0.561447,37.931363,Kitui
-0.561447,37.976279,Kitui
-0.561447,38.021194,Kitui
-0.561447,38.06611,Kitui
-0.561447,38.111026,Kitui
-0.561447,38.155942,Kitui
-0.561447,38.200857,Kitui
-0.561447,38.245773,Kitui
-0.561447,38.290689,Kitui
-0.561447,38.335605,Kitui
-0.561447,38.380521,Kitui
-0.561447,38.425436,Kitui
-0.561447,38.470352,Kitui
-0.561447,38.515268,Kitui
-0.561447,38.560184,Kitui
-0.561447,38.605099,Kitui
-0.561447,38.650015,Kitui
-0.561447,38.694931,Kitui
-0.561447,38.739847,Tana River
-0.561447,38.784762,Tana River
-0.561447,38.829678,Tana River
-0.561447,38.874594,Tana River
-0.561447,38.91951,Tana River
-0.561447,38.964425,Tana River
-0.561447,39.009341,Tana River
-0.561447,39.054257,Tana River
-0.561447,39.099173,Tana River
-0.561447,39.144089,Tana River
-0.561447,39.189004,Tana River
-0.561447,39.23392,Tana River
-0.561447,39.278836,Tana River
-0.561447,39.323752,Tana River
-0.561447,39.368667,Tana River
-0.561447,39.413583,Tana River
-0.561447,39.458499,Tana River
-0.561447,39.503415,Tana River
-0.561447,39.54833,Tana River
-0.561447,39.593246,Tana River
-0.561447,39.638162,Tana River
-0.561447,39.683078,Tana River
-0.561447,39.727993,Garissa
-0.561447,39.772909,Garissa
-0.561447,39.817825,Garissa
-0.561447,39.862741,Garissa
-0.561447,39.907656,Garissa
-0.561447,39.952572,Garissa
-0.561447,39.997488,Garissa
-0.561447,40.042404,Garissa
-0.561447,40.08732,Garissa
-0.561447,40.132235,Garissa
-0.561447,40.177151,Garissa
-0.561447,40.222067,Garissa
-0.561447,40.266983,Garissa
-0.561447,40.311898,Garissa
-0.561447,40.356814,Garissa
-0.561447,40.40173,Garissa
-0.561447,40.446646,Garissa
-0.561447,40.491561,Garissa
-0.561447,40.536477,Garissa
-0.561447,40.581393,Garissa
-0.561447,40.626309,Garissa
-0.561447,40.671224,Garissa
-0.561447,40.71614,Garissa
-0.561447,40.761056,Garissa
-0.561447,40.805972,Garissa
-0.561447,40.850888,Garissa
-0.561447,40.895803,Garissa
-0.561447,40.940719,Garissa
-0.561447,40.985635,Garissa
-0.606363,33.93386,Homa Bay
-0.606363,33.978776,Homa Bay
-0.606363,34.023691,Homa Bay
-0.606363,34.068607,Homa Bay
-0.606363,34.113523,Homa Bay
-0.606363,34.158439,Homa Bay
-0.606363,34.203354,Homa Bay
-0.606363,34.24827,Homa Bay
-0.606363,34.293186,Homa Bay
-0.606363,34.338102,Homa Bay
-0.606363,34.383017,Homa Bay
-0.606363,34.427933,Homa Bay
-0.606363,34.472849,Homa Bay
-0.606363,34.517765,Homa Bay
-0.606363,34.562681,Homa Bay
-0.606363,34.607596,Homa Bay
-0.606363,34.652512,Homa Bay
-0.606363,34.697428,Kisii
-0.606363,34.742344,Kisii
-0.606363,34.787259,Kisii
-0.606363,34.832175,Kisii
-0.606363,34.877091,Kisii
-0.606363,34.922007,Nyamira
-0.606363,34.966922,Nyamira
-0.606363,35.011838,Nyamira
-0.606363,35.056754,Nyamira
-0.606363,35.10167,Bomet
-0.606363,35.146585,Bomet
-0.606363,35.191501,Bomet
-0.606363,35.236417,Bomet
-0.606363,35.281333,Bomet
-0.606363,35.326249,Bomet
-0.606363,35.371164,Bomet
-0.606363,35.41608,Bomet
-0.606363,35.460996,Bomet
-0.606363,35.505912,Bomet
-0.606363,35.550827,Narok
-0.606363,35.595743,Nakuru
-0.606363,35.640659,Nakuru
-0.606363,35.685575,Nakuru
-0.606363,35.73049,Narok
-0.606363,35.775406,Narok
-0.606363,35.820322,Narok
-0.606363,35.865238,Narok
-0.606363,35.910153,Narok
-0.606363,35.955069,Narok
-0.606363,35.999985,Nakuru
-0.606363,36.044901,Nakuru
-0.606363,36.089817,Nakuru
-0.606363,36.134732,Nakuru
-0.606363,36.179648,Nakuru
-0.606363,36.224564,Nakuru
-0.606363,36.26948,Nakuru
-0.606363,36.314395,Nakuru
-0.606363,36.359311,Nakuru
-0.606363,36.404227,Nakuru
-0.606363,36.449143,Nakuru
-0.606363,36.494058,Nyandarua
-0.606363,36.538974,Nyandarua
-0.606363,36.58389,Nyandarua
-0.606363,36.628806,Nyandarua
-0.606363,36.673721,Nyandarua
-0.606363,36.718637,Murang'a
-0.606363,36.763553,Murang'a
-0.606363,36.808469,Murang'a
-0.606363,36.853385,Murang'a
-0.606363,36.8983,Nyeri
-0.606363,36.943216,Murang'a
-0.606363,36.988132,Murang'a
-0.606363,37.033048,Murang'a
-0.606363,37.077963,Nyeri
-0.606363,37.122879,Nyeri
-0.606363,37.167795,Nyeri
-0.606363,37.212711,Kirinyaga
-0.606363,37.257626,Kirinyaga
-0.606363,37.302542,Kirinyaga
-0.606363,37.347458,Kirinyaga
-0.606363,37.392374,Kirinyaga
-0.606363,37.437289,Kirinyaga
-0.606363,37.482205,Kirinyaga
-0.606363,37.527121,Embu
-0.606363,37.572037,Embu
-0.606363,37.616953,Embu
-0.606363,37.661868,Embu
-0.606363,37.706784,Embu
-0.606363,37.7517,Embu
-0.606363,37.796616,Embu
-0.606363,37.841531,Embu
-0.606363,37.886447,Embu
-0.606363,37.931363,Kitui
-0.606363,37.976279,Kitui
-0.606363,38.021194,Kitui
-0.606363,38.06611,Kitui
-0.606363,38.111026,Kitui
-0.606363,38.155942,Kitui
-0.606363,38.200857,Kitui
-0.606363,38.245773,Kitui
-0.606363,38.290689,Kitui
-0.606363,38.335605,Kitui
-0.606363,38.380521,Kitui
-0.606363,38.425436,Kitui
-0.606363,38.470352,Kitui
-0.606363,38.515268,Kitui
-0.606363,38.560184,Kitui
-0.606363,38.605099,Kitui
-0.606363,38.650015,Kitui
-0.606363,38.694931,Kitui
-0.606363,38.739847,Kitui
-0.606363,38.784762,Tana River
-0.606363,38.829678,Tana River
-0.606363,38.874594,Tana River
-0.606363,38.91951,Tana River
-0.606363,38.964425,Tana River
-0.606363,39.009341,Tana River
-0.606363,39.054257,Tana River
-0.606363,39.099173,Tana River
-0.606363,39.144089,Tana River
-0.606363,39.189004,Tana River
-0.606363,39.23392,Tana River
-0.606363,39.278836,Tana River
-0.606363,39.323752,Tana River
-0.606363,39.368667,Tana River
-0.606363,39.413583,Tana River
-0.606363,39.458499,Tana River
-0.606363,39.503415,Tana River
-0.606363,39.54833,Tana River
-0.606363,39.593246,Tana River
-0.606363,39.638162,Tana River
-0.606363,39.683078,Tana River
-0.606363,39.727993,Tana River
-0.606363,39.772909,Garissa
-0.606363,39.817825,Garissa
-0.606363,39.862741,Garissa
-0.606363,39.907656,Garissa
-0.606363,39.952572,Garissa
-0.606363,39.997488,Garissa
-0.606363,40.042404,Garissa
-0.606363,40.08732,Garissa
-0.606363,40.132235,Garissa
-0.606363,40.177151,Garissa
-0.606363,40.222067,Garissa
-0.606363,40.266983,Garissa
-0.606363,40.311898,Garissa
-0.606363,40.356814,Garissa
-0.606363,40.40173,Garissa
-0.606363,40.446646,Garissa
-0.606363,40.491561,Garissa
-0.606363,40.536477,Garissa
-0.606363,40.581393,Garissa
-0.606363,40.626309,Garissa
-0.606363,40.671224,Garissa
-0.606363,40.71614,Garissa
-0.606363,40.761056,Garissa
-0.606363,40.805972,Garissa
-0.606363,40.850888,Garissa
-0.606363,40.895803,Garissa
-0.606363,40.940719,Garissa
-0.606363,40.985635,Garissa
-0.651279,33.93386,Homa Bay
-0.651279,33.978776,Homa Bay
-0.651279,34.023691,Homa Bay
-0.651279,34.068607,Homa Bay
-0.651279,34.113523,Homa Bay
-0.651279,34.158439,Homa Bay
-0.651279,34.203354,Homa Bay
-0.651279,34.24827,Homa Bay
-0.651279,34.293186,Homa Bay
-0.651279,34.338102,Homa Bay
-0.651279,34.383017,Homa Bay
-0.651279,34.427933,Homa Bay
-0.651279,34.472849,Homa Bay
-0.651279,34.517765,Homa Bay
-0.651279,34.562681,Homa Bay
-0.651279,34.607596,Homa Bay
-0.651279,34.652512,Kisii
-0.651279,34.697428,Kisii
-0.651279,34.742344,Kisii
-0.651279,34.787259,Kisii
-0.651279,34.832175,Nyamira
-0.651279,34.877091,Nyamira
-0.651279,34.922007,Nyamira
-0.651279,34.966922,Nyamira
-0.651279,35.011838,Nyamira
-0.651279,35.056754,Bomet
-0.651279,35.10167,Bomet
-0.651279,35.146585,Bomet
-0.651279,35.191501,Bomet
-0.651279,35.236417,Bomet
-0.651279,35.281333,Bomet
-0.651279,35.326249,Bomet
-0.651279,35.371164,Bomet
-0.651279,35.41608,Narok
-0.651279,35.460996,Narok
-0.651279,35.505912,Narok
-0.651279,35.550827,Narok
-0.651279,35.595743,Narok
-0.651279,35.640659,Nakuru
-0.651279,35.685575,Narok
-0.651279,35.73049,Narok
-0.651279,35.775406,Narok
-0.651279,35.820322,Narok
-0.651279,35.865238,Narok
-0.651279,35.910153,Nakuru
-0.651279,35.955069,Narok
-0.651279,35.999985,Nakuru
-0.651279,36.044901,Nakuru
-0.651279,36.089817,Narok
-0.651279,36.134732,Nakuru
-0.651279,36.179648,Nakuru
-0.651279,36.224564,Nakuru
-0.651279,36.26948,Nakuru
-0.651279,36.314395,Nakuru
-0.651279,36.359311,Nakuru
-0.651279,36.404227,Nakuru
-0.651279,36.449143,Nakuru
-0.651279,36.494058,Nakuru
-0.651279,36.538974,Nyandarua
-0.651279,36.58389,Nyandarua
-0.651279,36.628806,Nyandarua
-0.651279,36.673721,Nyandarua
-0.651279,36.718637,Murang'a
-0.651279,36.763553,Murang'a
-0.651279,36.808469,Murang'a
-0.651279,36.853385,Murang'a
-0.651279,36.8983,Murang'a
-0.651279,36.943216,Murang'a
-0.651279,36.988132,Murang'a
-0.651279,37.033048,Murang'a
-0.651279,37.077963,Murang'a
-0.651279,37.122879,Murang'a
-0.651279,37.167795,Murang'a
-0.651279,37.212711,Kirinyaga
-0.651279,37.257626,Kirinyaga
-0.651279,37.302542,Kirinyaga
-0.651279,37.347458,Kirinyaga
-0.651279,37.392374,Kirinyaga
-0.651279,37.437289,Kirinyaga
-0.651279,37.482205,Embu
-0.651279,37.527121,Embu
-0.651279,37.572037,Embu
-0.651279,37.616953,Embu
-0.651279,37.661868,Embu
-0.651279,37.706784,Embu
-0.651279,37.7517,Embu
-0.651279,37.796616,Embu
-0.651279,37.841531,Embu
-0.651279,37.886447,Embu
-0.651279,37.931363,Kitui
-0.651279,37.976279,Kitui
-0.651279,38.021194,Kitui
-0.651279,38.06611,Kitui
-0.651279,38.111026,Kitui
-0.651279,38.155942,Kitui
-0.651279,38.200857,Kitui
-0.651279,38.245773,Kitui
-0.651279,38.290689,Kitui
-0.651279,38.335605,Kitui
-0.651279,38.380521,Kitui
-0.651279,38.425436,Kitui
-0.651279,38.470352,Kitui
-0.651279,38.515268,Kitui
-0.651279,38.560184,Kitui
-0.651279,38.605099,Kitui
-0.651279,38.650015,Kitui
-0.651279,38.694931,Kitui
-0.651279,38.739847,Kitui
-0.651279,38.784762,Tana River
-0.651279,38.829678,Tana River
-0.651279,38.874594,Tana River
-0.651279,38.91951,Tana River
-0.651279,38.964425,Tana River
-0.651279,39.009341,Tana River
-0.651279,39.054257,Tana River
-0.651279,39.099173,Tana River
-0.651279,39.144089,Tana River
-0.651279,39.189004,Tana River
-0.651279,39.23392,Tana River
-0.651279,39.278836,Tana River
-0.651279,39.323752,Tana River
-0.651279,39.368667,Tana River
-0.651279,39.413583,Tana River
-0.651279,39.458499,Tana River
-0.651279,39.503415,Tana River
-0.651279,39.54833,Tana River
-0.651279,39.593246,Tana River
-0.651279,39.638162,Tana River
-0.651279,39.683078,Tana River
-0.651279,39.727993,Tana River
-0.651279,39.772909,Tana River
-0.651279,39.817825,Garissa
-0.651279,39.862741,Garissa
-0.651279,39.907656,Garissa
-0.651279,39.952572,Garissa
-0.651279,39.997488,Garissa
-0.651279,40.042404,Garissa
-0.651279,40.08732,Garissa
-0.651279,40.132235,Garissa
-0.651279,40.177151,Garissa
-0.651279,40.222067,Garissa
-0.651279,40.266983,Garissa
-0.651279,40.311898,Garissa
-0.651279,40.356814,Garissa
-0.651279,40.40173,Garissa
-0.651279,40.446646,Garissa
-0.651279,40.491561,Garissa
-0.651279,40.536477,Garissa
-0.651279,40.581393,Garissa
-0.651279,40.626309,Garissa
-0.651279,40.671224,Garissa
-0.651279,40.71614,Garissa
-0.651279,40.761056,Garissa
-0.651279,40.805972,Garissa
-0.651279,40.850888,Garissa
-0.651279,40.895803,Garissa
-0.651279,40.940719,Garissa
-0.651279,40.985635,Garissa
-0.696194,33.93386,Homa Bay
-0.696194,33.978776,Homa Bay
-0.696194,34.023691,Homa Bay
-0.696194,34.068607,Homa Bay
-0.696194,34.113523,Homa Bay
-0.696194,34.158439,Homa Bay
-0.696194,34.203354,Homa Bay
-0.696194,34.24827,Homa Bay
-0.696194,34.293186,Homa Bay
-0.696194,34.338102,Homa Bay
-0.696194,34.383017,Homa Bay
-0.696194,34.427933,Homa Bay
-0.696194,34.472849,Homa Bay
-0.696194,34.517765,Homa Bay
-0.696194,34.562681,Migori
-0.696194,34.607596,Migori
-0.696194,34.652512,Kisii
-0.696194,34.697428,Kisii
-0.696194,34.742344,Kisii
-0.696194,34.787259,Kisii
-0.696194,34.832175,Nyamira
-0.696194,34.877091,Nyamira
-0.696194,34.922007,Nyamira
-0.696194,34.966922,Nyamira
-0.696194,35.011838,Nyamira
-0.696194,35.056754,Nyamira
-0.696194,35.10167,Bomet
-0.696194,35.146585,Bomet
-0.696194,35.191501,Bomet
-0.696194,35.236417,Bomet
-0.696194,35.281333,Bomet
-0.696194,35.326249,Bomet
-0.696194,35.371164,Bomet
-0.696194,35.41608,Narok
-0.696194,35.460996,Narok
-0.696194,35.505912,Narok
-0.696194,35.550827,Narok
-0.696194,35.595743,Narok
-0.696194,35.640659,Nakuru
-0.696194,35.685575,Narok
-0.696194,35.73049,Narok
-0.696194,35.775406,Narok
-0.696194,35.820322,Narok
-0.696194,35.865238,Narok
-0.696194,35.910153,Narok
-0.696194,35.955069,Nakuru
-0.696194,35.999985,Narok
-0.696194,36.044901,Narok
-0.696194,36.089817,Narok
-0.696194,36.134732,Nakuru
-0.696194,36.179648,Nakuru
-0.696194,36.224564,Nakuru
-0.696194,36.26948,Nakuru
-0.696194,36.314395,Nakuru
-0.696194,36.359311,Nakuru
-0.696194,36.404227,Nakuru
-0.696194,36.449143,Nakuru
-0.696194,36.494058,Nakuru
-0.696194,36.538974,Nakuru
-0.696194,36.58389,Nyandarua
-0.696194,36.628806,Nyandarua
-0.696194,36.673721,Nyandarua
-0.696194,36.718637,Murang'a
-0.696194,36.763553,Murang'a
-0.696194,36.808469,Murang'a
-0.696194,36.853385,Murang'a
-0.696194,36.8983,Murang'a
-0.696194,36.943216,Murang'a
-0.696194,36.988132,Murang'a
-0.696194,37.033048,Murang'a
-0.696194,37.077963,Murang'a
-0.696194,37.122879,Murang'a
-0.696194,37.167795,Murang'a
-0.696194,37.212711,Murang'a
-0.696194,37.257626,Kirinyaga
-0.696194,37.302542,Kirinyaga
-0.696194,37.347458,Kirinyaga
-0.696194,37.392374,Kirinyaga
-0.696194,37.437289,Kirinyaga
-0.696194,37.482205,Embu
-0.696194,37.527121,Embu
-0.696194,37.572037,Embu
-0.696194,37.616953,Embu
-0.696194,37.661868,Embu
-0.696194,37.706784,Embu
-0.696194,37.7517,Embu
-0.696194,37.796616,Embu
-0.696194,37.841531,Embu
-0.696194,37.886447,Embu
-0.696194,37.931363,Kitui
-0.696194,37.976279,Kitui
-0.696194,38.021194,Kitui
-0.696194,38.06611,Kitui
-0.696194,38.111026,Kitui
-0.696194,38.155942,Kitui
-0.696194,38.200857,Kitui
-0.696194,38.245773,Kitui
-0.696194,38.290689,Kitui
-0.696194,38.335605,Kitui
-0.696194,38.380521,Kitui
-0.696194,38.425436,Kitui
-0.696194,38.470352,Kitui
-0.696194,38.515268,Kitui
-0.696194,38.560184,Kitui
-0.696194,38.605099,Kitui
-0.696194,38.650015,Kitui
-0.696194,38.694931,Kitui
-0.696194,38.739847,Kitui
-0.696194,38.784762,Kitui
-0.696194,38.829678,Tana River
-0.696194,38.874594,Tana River
-0.696194,38.91951,Tana River
-0.696194,38.964425,Tana River
-0.696194,39.009341,Tana River
-0.696194,39.054257,Tana River
-0.696194,39.099173,Tana River
-0.696194,39.144089,Tana River
-0.696194,39.189004,Tana River
-0.696194,39.23392,Tana River
-0.696194,39.278836,Tana River
-0.696194,39.323752,Tana River
-0.696194,39.368667,Tana River
-0.696194,39.413583,Tana River
-0.696194,39.458499,Tana River
-0.696194,39.503415,Tana River
-0.696194,39.54833,Tana River
-0.696194,39.593246,Tana River
-0.696194,39.638162,Tana River
-0.696194,39.683078,Tana River
-0.696194,39.727993,Tana River
-0.696194,39.772909,Tana River
-0.696194,39.817825,Garissa
-0.696194,39.862741,Garissa
-0.696194,39.907656,Garissa
-0.696194,39.952572,Garissa
-0.696194,39.997488,Garissa
-0.696194,40.042404,Garissa
-0.696194,40.08732,Garissa
-0.696194,40.132235,Garissa
-0.696194,40.177151,Garissa
-0.696194,40.222067,Garissa
-0.696194,40.266983,Garissa
-0.696194,40.311898,Garissa
-0.696194,40.356814,Garissa
-0.696194,40.40173,Garissa
-0.696194,40.446646,Garissa
-0.696194,40.491561,Garissa
-0.696194,40.536477,Garissa
-0.696194,40.581393,Garissa
-0.696194,40.626309,Garissa
-0.696194,40.671224,Garissa
-0.696194,40.71614,Garissa
-0.696194,40.761056,Garissa
-0.696194,40.805972,Garissa
-0.696194,40.850888,Garissa
-0.696194,40.895803,Garissa
-0.696194,40.940719,Garissa
-0.696194,40.985635,Garissa
-0.74111,33.93386,Homa Bay
-0.74111,33.978776,Homa Bay
-0.74111,34.023691,Homa Bay
-0.74111,34.068607,Homa Bay
-0.74111,34.113523,Homa Bay
-0.74111,34.158439,Homa Bay
-0.74111,34.203354,Homa Bay
-0.74111,34.24827,Homa Bay
-0.74111,34.293186,Homa Bay
-0.74111,34.338102,Homa Bay
-0.74111,34.383017,Homa Bay
-0.74111,34.427933,Homa Bay
-0.74111,34.472849,Homa Bay
-0.74111,34.517765,Homa Bay
-0.74111,34.562681,Migori
-0.74111,34.607596,Migori
-0.74111,34.652512,Kisii
-0.74111,34.697428,Kisii
-0.74111,34.742344,Kisii
-0.74111,34.787259,Kisii
-0.74111,34.832175,Kisii
-0.74111,34.877091,Kisii
-0.74111,34.922007,Nyamira
-0.74111,34.966922,Nyamira
-0.74111,35.011838,Nyamira
-0.74111,35.056754,Nyamira
-0.74111,35.10167,Bomet
-0.74111,35.146585,Bomet
-0.74111,35.191501,Bomet
-0.74111,35.236417,Bomet
-0.74111,35.281333,Bomet
-0.74111,35.326249,Bomet
-0.74111,35.371164,Bomet
-0.74111,35.41608,Bomet
-0.74111,35.460996,Narok
-0.74111,35.505912,Narok
-0.74111,35.550827,Narok
-0.74111,35.595743,Narok
-0.74111,35.640659,Narok
-0.74111,35.685575,Narok
-0.74111,35.73049,Narok
-0.74111,35.775406,Narok
-0.74111,35.820322,Narok
-0.74111,35.865238,Narok
-0.74111,35.910153,Narok
-0.74111,35.955069,Narok
-0.74111,35.999985,Narok
-0.74111,36.044901,Narok
-0.74111,36.089817,Narok
-0.74111,36.134732,Narok
-0.74111,36.179648,Nakuru
-0.74111,36.224564,Nakuru
-0.74111,36.26948,Nakuru
-0.74111,36.359311,Nakuru
-0.74111,36.404227,Nakuru
-0.74111,36.449143,Nakuru
-0.74111,36.494058,Nakuru
-0.74111,36.538974,Nyandarua
-0.74111,36.58389,Nyandarua
-0.74111,36.628806,Nyandarua
-0.74111,36.673721,Nyandarua
-0.74111,36.718637,Murang'a
-0.74111,36.763553,Murang'a
-0.74111,36.808469,Murang'a
-0.74111,36.853385,Murang'a
-0.74111,36.8983,Murang'a
-0.74111,36.943216,Murang'a
-0.74111,36.988132,Murang'a
-0.74111,37.033048,Murang'a
-0.74111,37.077963,Murang'a
-0.74111,37.122879,Murang'a
-0.74111,37.167795,Murang'a
-0.74111,37.212711,Murang'a
-0.74111,37.257626,Murang'a
-0.74111,37.302542,Kirinyaga
-0.74111,37.347458,Kirinyaga
-0.74111,37.392374,Kirinyaga
-0.74111,37.437289,Embu
-0.74111,37.482205,Embu
-0.74111,37.527121,Embu
-0.74111,37.572037,Embu
-0.74111,37.616953,Embu
-0.74111,37.661868,Embu
-0.74111,37.706784,Embu
-0.74111,37.7517,Embu
-0.74111,37.796616,Embu
-0.74111,37.841531,Embu
-0.74111,37.886447,Embu
-0.74111,37.931363,Kitui
-0.74111,37.976279,Kitui
-0.74111,38.021194,Kitui
-0.74111,38.06611,Kitui
-0.74111,38.111026,Kitui
-0.74111,38.155942,Kitui
-0.74111,38.200857,Kitui
-0.74111,38.245773,Kitui
-0.74111,38.290689,Kitui
-0.74111,38.335605,Kitui
-0.74111,38.380521,Kitui
-0.74111,38.425436,Kitui
-0.74111,38.470352,Kitui
-0.74111,38.515268,Kitui
-0.74111,38.560184,Kitui
-0.74111,38.605099,Kitui
-0.74111,38.650015,Kitui
-0.74111,38.694931,Kitui
-0.74111,38.739847,Kitui
-0.74111,38.784762,Kitui
-0.74111,38.829678,Tana River
-0.74111,38.874594,Tana River
-0.74111,38.91951,Tana River
-0.74111,38.964425,Tana River
-0.74111,39.009341,Tana River
-0.74111,39.054257,Tana River
-0.74111,39.099173,Tana River
-0.74111,39.144089,Tana River
-0.74111,39.189004,Tana River
-0.74111,39.23392,Tana River
-0.74111,39.278836,Tana River
-0.74111,39.323752,Tana River
-0.74111,39.368667,Tana River
-0.74111,39.413583,Tana River
-0.74111,39.458499,Tana River
-0.74111,39.503415,Tana River
-0.74111,39.54833,Tana River
-0.74111,39.593246,Tana River
-0.74111,39.638162,Tana River
-0.74111,39.683078,Tana River
-0.74111,39.727993,Tana River
-0.74111,39.772909,Tana River
-0.74111,39.817825,Tana River
-0.74111,39.862741,Garissa
-0.74111,39.907656,Garissa
-0.74111,39.952572,Garissa
-0.74111,39.997488,Garissa
-0.74111,40.042404,Garissa
-0.74111,40.08732,Garissa
-0.74111,40.132235,Garissa
-0.74111,40.177151,Garissa
-0.74111,40.222067,Garissa
-0.74111,40.266983,Garissa
-0.74111,40.311898,Garissa
-0.74111,40.356814,Garissa
-0.74111,40.40173,Garissa
-0.74111,40.446646,Garissa
-0.74111,40.491561,Garissa
-0.74111,40.536477,Garissa
-0.74111,40.581393,Garissa
-0.74111,40.626309,Garissa
-0.74111,40.671224,Garissa
-0.74111,40.71614,Garissa
-0.74111,40.761056,Garissa
-0.74111,40.805972,Garissa
-0.74111,40.850888,Garissa
-0.74111,40.895803,Garissa
-0.74111,40.940719,Garissa
-0.74111,40.985635,Garissa
-0.786026,33.93386,Homa Bay
-0.786026,33.978776,Homa Bay
-0.786026,34.023691,Homa Bay
-0.786026,34.068607,Homa Bay
-0.786026,34.113523,Migori
-0.786026,34.158439,Migori
-0.786026,34.203354,Migori
-0.786026,34.24827,Homa Bay
-0.786026,34.293186,Homa Bay
-0.786026,34.338102,Homa Bay
-0.786026,34.383017,Homa Bay
-0.786026,34.427933,Homa Bay
-0.786026,34.472849,Homa Bay
-0.786026,34.517765,Migori
-0.786026,34.562681,Migori
-0.786026,34.607596,Migori
-0.786026,34.652512,Kisii
-0.786026,34.697428,Kisii
-0.786026,34.742344,Kisii
-0.786026,34.787259,Kisii
-0.786026,34.832175,Kisii
-0.786026,34.877091,Kisii
-0.786026,34.922007,Kisii
-0.786026,34.966922,Nyamira
-0.786026,35.011838,Nyamira
-0.786026,35.056754,Nyamira
-0.786026,35.10167,Bomet
-0.786026,35.146585,Bomet
-0.786026,35.191501,Bomet
-0.786026,35.236417,Bomet
-0.786026,35.281333,Bomet
-0.786026,35.326249,Bomet
-0.786026,35.371164,Bomet
-0.786026,35.41608,Bomet
-0.786026,35.460996,Bomet
-0.786026,35.505912,Bomet
-0.786026,35.550827,Narok
-0.786026,35.595743,Narok
-0.786026,35.640659,Narok
-0.786026,35.685575,Narok
-0.786026,35.73049,Narok
-0.786026,35.775406,Narok
-0.786026,35.820322,Narok
-0.786026,35.865238,Narok
-0.786026,35.910153,Narok
-0.786026,35.955069,Narok
-0.786026,35.999985,Narok
-0.786026,36.044901,Narok
-0.786026,36.089817,Narok
-0.786026,36.134732,Narok
-0.786026,36.179648,Narok
-0.786026,36.224564,Nakuru
-0.786026,36.26948,Nakuru
-0.786026,36.314395,Nakuru
-0.786026,36.359311,Nakuru
-0.786026,36.404227,Nakuru
-0.786026,36.449143,Nakuru
-0.786026,36.494058,Nakuru
-0.786026,36.538974,Nakuru
-0.786026,36.58389,Nyandarua
-0.786026,36.628806,Kiambu
-0.786026,36.673721,Kiambu
-0.786026,36.718637,Nyandarua
-0.786026,36.763553,Murang'a
-0.786026,36.808469,Murang'a
-0.786026,36.853385,Murang'a
-0.786026,36.8983,Murang'a
-0.786026,36.943216,Murang'a
-0.786026,36.988132,Murang'a
-0.786026,37.033048,Murang'a
-0.786026,37.077963,Murang'a
-0.786026,37.122879,Murang'a
-0.786026,37.167795,Murang'a
-0.786026,37.212711,Murang'a
-0.786026,37.257626,Murang'a
-0.786026,37.302542,Embu
-0.786026,37.347458,Embu
-0.786026,37.392374,Embu
-0.786026,37.437289,Embu
-0.786026,37.482205,Embu
-0.786026,37.527121,Embu
-0.786026,37.572037,Embu
-0.786026,37.616953,Embu
-0.786026,37.661868,Embu
-0.786026,37.706784,Machakos
-0.786026,37.7517,Embu
-0.786026,37.796616,Embu
-0.786026,37.841531,Embu
-0.786026,37.886447,Kitui
-0.786026,37.931363,Kitui
-0.786026,37.976279,Kitui
-0.786026,38.021194,Kitui
-0.786026,38.06611,Kitui
-0.786026,38.111026,Kitui
-0.786026,38.155942,Kitui
-0.786026,38.200857,Kitui
-0.786026,38.245773,Kitui
-0.786026,38.290689,Kitui
-0.786026,38.335605,Kitui
-0.786026,38.380521,Kitui
-0.786026,38.425436,Kitui
-0.786026,38.470352,Kitui
-0.786026,38.515268,Kitui
-0.786026,38.560184,Kitui
-0.786026,38.605099,Kitui
-0.786026,38.650015,Kitui
-0.786026,38.694931,Kitui
-0.786026,38.739847,Kitui
-0.786026,38.784762,Kitui
-0.786026,38.829678,Kitui
-0.786026,38.874594,Tana River
-0.786026,38.91951,Tana River
-0.786026,38.964425,Tana River
-0.786026,39.009341,Tana River
-0.786026,39.054257,Tana River
-0.786026,39.099173,Tana River
-0.786026,39.144089,Tana River
-0.786026,39.189004,Tana River
-0.786026,39.23392,Tana River
-0.786026,39.278836,Tana River
-0.786026,39.323752,Tana River
-0.786026,39.368667,Tana River
-0.786026,39.413583,Tana River
-0.786026,39.458499,Tana River
-0.786026,39.503415,Tana River
-0.786026,39.54833,Tana River
-0.786026,39.593246,Tana River
-0.786026,39.638162,Tana River
-0.786026,39.683078,Tana River
-0.786026,39.727993,Tana River
-0.786026,39.772909,Tana River
-0.786026,39.817825,Tana River
-0.786026,39.862741,Garissa
-0.786026,39.907656,Garissa
-0.786026,39.952572,Garissa
-0.786026,39.997488,Garissa
-0.786026,40.042404,Garissa
-0.786026,40.08732,Garissa
-0.786026,40.132235,Garissa
-0.786026,40.177151,Garissa
-0.786026,40.222067,Garissa
-0.786026,40.266983,Garissa
-0.786026,40.311898,Garissa
-0.786026,40.356814,Garissa
-0.786026,40.40173,Garissa
-0.786026,40.446646,Garissa
-0.786026,40.491561,Garissa
-0.786026,40.536477,Garissa
-0.786026,40.581393,Garissa
-0.786026,40.626309,Garissa
-0.786026,40.671224,Garissa
-0.786026,40.71614,Garissa
-0.786026,40.761056,Garissa
-0.786026,40.805972,Garissa
-0.786026,40.850888,Garissa
-0.786026,40.895803,Garissa
-0.786026,40.940719,Garissa
-0.786026,40.985635,Garissa
-0.830942,33.93386,Migori
-0.830942,33.978776,Migori
-0.830942,34.023691,Migori
-0.830942,34.068607,Migori
-0.830942,34.113523,Migori
-0.830942,34.158439,Migori
-0.830942,34.203354,Migori
-0.830942,34.24827,Migori
-0.830942,34.293186,Homa Bay
-0.830942,34.338102,Homa Bay
-0.830942,34.383017,Homa Bay
-0.830942,34.427933,Homa Bay
-0.830942,34.472849,Homa Bay
-0.830942,34.517765,Migori
-0.830942,34.562681,Migori
-0.830942,34.607596,Migori
-0.830942,34.652512,Kisii
-0.830942,34.697428,Kisii
-0.830942,34.742344,Kisii
-0.830942,34.787259,Kisii
-0.830942,34.832175,Kisii
-0.830942,34.877091,Kisii
-0.830942,34.922007,Kisii
-0.830942,34.966922,Kisii
-0.830942,35.011838,Nyamira
-0.830942,35.056754,Nyamira
-0.830942,35.10167,Bomet
-0.830942,35.146585,Bomet
-0.830942,35.191501,Bomet
-0.830942,35.236417,Bomet
-0.830942,35.281333,Bomet
-0.830942,35.326249,Bomet
-0.830942,35.371164,Bomet
-0.830942,35.41608,Bomet
-0.830942,35.460996,Bomet
-0.830942,35.505912,Narok
-0.830942,35.550827,Narok
-0.830942,35.595743,Narok
-0.830942,35.640659,Narok
-0.830942,35.685575,Narok
-0.830942,35.73049,Narok
-0.830942,35.775406,Narok
-0.830942,35.820322,Narok
-0.830942,35.865238,Narok
-0.830942,35.910153,Narok
-0.830942,35.955069,Narok
-0.830942,35.999985,Narok
-0.830942,36.044901,Narok
-0.830942,36.089817,Narok
-0.830942,36.134732,Narok
-0.830942,36.179648,Nakuru
-0.830942,36.224564,Nakuru
-0.830942,36.26948,Nakuru
-0.830942,36.314395,Nakuru
-0.830942,36.359311,Nakuru
-0.830942,36.404227,Nakuru
-0.830942,36.449143,Nakuru
-0.830942,36.494058,Nakuru
-0.830942,36.538974,Nakuru
-0.830942,36.58389,Nyandarua
-0.830942,36.628806,Kiambu
-0.830942,36.673721,Kiambu
-0.830942,36.718637,Kiambu
-0.830942,36.763553,Murang'a
-0.830942,36.808469,Murang'a
-0.830942,36.853385,Murang'a
-0.830942,36.8983,Murang'a
-0.830942,36.943216,Murang'a
-0.830942,36.988132,Murang'a
-0.830942,37.033048,Murang'a
-0.830942,37.077963,Murang'a
-0.830942,37.122879,Murang'a
-0.830942,37.167795,Murang'a
-0.830942,37.212711,Murang'a
-0.830942,37.257626,Murang'a
-0.830942,37.302542,Machakos
-0.830942,37.347458,Embu
-0.830942,37.392374,Embu
-0.830942,37.437289,Embu
-0.830942,37.482205,Embu
-0.830942,37.527121,Embu
-0.830942,37.572037,Embu
-0.830942,37.616953,Embu
-0.830942,37.661868,Embu
-0.830942,37.706784,Machakos
-0.830942,37.7517,Machakos
-0.830942,37.796616,Machakos
-0.830942,37.841531,Machakos
-0.830942,37.886447,Kitui
-0.830942,37.931363,Kitui
-0.830942,37.976279,Kitui
-0.830942,38.021194,Kitui
-0.830942,38.06611,Kitui
-0.830942,38.111026,Kitui
-0.830942,38.155942,Kitui
-0.830942,38.200857,Kitui
-0.830942,38.245773,Kitui
-0.830942,38.290689,Kitui
-0.830942,38.335605,Kitui
-0.830942,38.380521,Kitui
-0.830942,38.425436,Kitui
-0.830942,38.470352,Kitui
-0.830942,38.515268,Kitui
-0.830942,38.560184,Kitui
-0.830942,38.605099,Kitui
-0.830942,38.650015,Kitui
-0.830942,38.694931,Kitui
-0.830942,38.739847,Kitui
-0.830942,38.784762,Kitui
-0.830942,38.829678,Kitui
-0.830942,38.874594,Tana River
-0.830942,38.91951,Tana River
-0.830942,38.964425,Tana River
-0.830942,39.009341,Tana River
-0.830942,39.054257,Tana River
-0.830942,39.099173,Tana River
-0.830942,39.144089,Tana River
-0.830942,39.189004,Tana River
-0.830942,39.23392,Tana River
-0.830942,39.278836,Tana River
-0.830942,39.323752,Tana River
-0.830942,39.368667,Tana River
-0.830942,39.413583,Tana River
-0.830942,39.458499,Tana River
-0.830942,39.503415,Tana River
-0.830942,39.54833,Tana River
-0.830942,39.593246,Tana River
-0.830942,39.638162,Tana River
-0.830942,39.683078,Tana River
-0.830942,39.727993,Tana River
-0.830942,39.772909,Tana River
-0.830942,39.817825,Tana River
-0.830942,39.862741,Garissa
-0.830942,39.907656,Garissa
-0.830942,39.952572,Garissa
-0.830942,39.997488,Garissa
-0.830942,40.042404,Garissa
-0.830942,40.08732,Garissa
-0.830942,40.132235,Garissa
-0.830942,40.177151,Garissa
-0.830942,40.222067,Garissa
-0.830942,40.266983,Garissa
-0.830942,40.311898,Garissa
-0.830942,40.356814,Garissa
-0.830942,40.40173,Garissa
-0.830942,40.446646,Garissa
-0.830942,40.491561,Garissa
-0.830942,40.536477,Garissa
-0.830942,40.581393,Garissa
-0.830942,40.626309,Garissa
-0.830942,40.671224,Garissa
-0.830942,40.71614,Garissa
-0.830942,40.761056,Garissa
-0.830942,40.805972,Garissa
-0.830942,40.850888,Garissa
-0.830942,40.895803,Garissa
-0.830942,40.940719,Garissa
-0.830942,40.985635,Garissa
-0.875857,33.93386,Migori
-0.875857,33.978776,Migori
-0.875857,34.023691,Migori
-0.875857,34.068607,Migori
-0.875857,34.113523,Migori
-0.875857,34.158439,Migori
-0.875857,34.203354,Migori
-0.875857,34.24827,Migori
-0.875857,34.293186,Migori
-0.875857,34.338102,Migori
-0.875857,34.383017,Migori
-0.875857,34.427933,Migori
-0.875857,34.472849,Migori
-0.875857,34.517765,Migori
-0.875857,34.562681,Migori
-0.875857,34.607596,Migori
-0.875857,34.652512,Kisii
-0.875857,34.697428,Kisii
-0.875857,34.742344,Kisii
-0.875857,34.787259,Kisii
-0.875857,34.832175,Kisii
-0.875857,34.877091,Kisii
-0.875857,34.922007,Kisii
-0.875857,34.966922,Kisii
-0.875857,35.011838,Nyamira
-0.875857,35.056754,Bomet
-0.875857,35.10167,Bomet
-0.875857,35.146585,Bomet
-0.875857,35.191501,Bomet
-0.875857,35.236417,Bomet
-0.875857,35.281333,Bomet
-0.875857,35.326249,Bomet
-0.875857,35.371164,Bomet
-0.875857,35.41608,Bomet
-0.875857,35.460996,Narok
-0.875857,35.505912,Narok
-0.875857,35.550827,Narok
-0.875857,35.595743,Narok
-0.875857,35.640659,Narok
-0.875857,35.685575,Narok
-0.875857,35.73049,Narok
-0.875857,35.775406,Narok
-0.875857,35.820322,Narok
-0.875857,35.865238,Narok
-0.875857,35.910153,Narok
-0.875857,35.955069,Narok
-0.875857,35.999985,Narok
-0.875857,36.044901,Narok
-0.875857,36.089817,Narok
-0.875857,36.134732,Narok
-0.875857,36.179648,Nakuru
-0.875857,36.224564,Nakuru
-0.875857,36.26948,Nakuru
-0.875857,36.314395,Nakuru
-0.875857,36.359311,Nakuru
-0.875857,36.404227,Nakuru
-0.875857,36.449143,Nakuru
-0.875857,36.494058,Nakuru
-0.875857,36.538974,Nakuru
-0.875857,36.58389,Nyandarua
-0.875857,36.628806,Kiambu
-0.875857,36.673721,Kiambu
-0.875857,36.718637,Kiambu
-0.875857,36.763553,Kiambu
-0.875857,36.808469,Kiambu
-0.875857,36.853385,Murang'a
-0.875857,36.8983,Murang'a
-0.875857,36.943216,Murang'a
-0.875857,36.988132,Murang'a
-0.875857,37.033048,Murang'a
-0.875857,37.077963,Murang'a
-0.875857,37.122879,Murang'a
-0.875857,37.167795,Murang'a
-0.875857,37.212711,Murang'a
-0.875857,37.257626,Murang'a
-0.875857,37.302542,Machakos
-0.875857,37.347458,Machakos
-0.875857,37.392374,Machakos
-0.875857,37.437289,Machakos
-0.875857,37.482205,Embu
-0.875857,37.527121,Embu
-0.875857,37.572037,Embu
-0.875857,37.616953,Machakos
-0.875857,37.661868,Machakos
-0.875857,37.706784,Machakos
-0.875857,37.7517,Machakos
-0.875857,37.796616,Machakos
-0.875857,37.841531,Kitui
-0.875857,37.886447,Kitui
-0.875857,37.931363,Kitui
-0.875857,37.976279,Kitui
-0.875857,38.021194,Kitui
-0.875857,38.06611,Kitui
-0.875857,38.111026,Kitui
-0.875857,38.155942,Kitui
-0.875857,38.200857,Kitui
-0.875857,38.245773,Kitui
-0.875857,38.290689,Kitui
-0.875857,38.335605,Kitui
-0.875857,38.380521,Kitui
-0.875857,38.425436,Kitui
-0.875857,38.470352,Kitui
-0.875857,38.515268,Kitui
-0.875857,38.560184,Kitui
-0.875857,38.605099,Kitui
-0.875857,38.650015,Kitui
-0.875857,38.694931,Kitui
-0.875857,38.739847,Kitui
-0.875857,38.784762,Kitui
-0.875857,38.829678,Kitui
-0.875857,38.874594,Kitui
-0.875857,38.91951,Tana River
-0.875857,38.964425,Tana River
-0.875857,39.009341,Tana River
-0.875857,39.054257,Tana River
-0.875857,39.099173,Tana River
-0.875857,39.144089,Tana River
-0.875857,39.189004,Tana River
-0.875857,39.23392,Tana River
-0.875857,39.278836,Tana River
-0.875857,39.323752,Tana River
-0.875857,39.368667,Tana River
-0.875857,39.413583,Tana River
-0.875857,39.458499,Tana River
-0.875857,39.503415,Tana River
-0.875857,39.54833,Tana River
-0.875857,39.593246,Tana River
-0.875857,39.638162,Tana River
-0.875857,39.683078,Tana River
-0.875857,39.727993,Tana River
-0.875857,39.772909,Tana River
-0.875857,39.817825,Tana River
-0.875857,39.862741,Garissa
-0.875857,39.907656,Garissa
-0.875857,39.952572,Garissa
-0.875857,39.997488,Garissa
-0.875857,40.042404,Garissa
-0.875857,40.08732,Garissa
-0.875857,40.132235,Garissa
-0.875857,40.177151,Garissa
-0.875857,40.222067,Garissa
-0.875857,40.266983,Garissa
-0.875857,40.311898,Garissa
-0.875857,40.356814,Garissa
-0.875857,40.40173,Garissa
-0.875857,40.446646,Garissa
-0.875857,40.491561,Garissa
-0.875857,40.536477,Garissa
-0.875857,40.581393,Garissa
-0.875857,40.626309,Garissa
-0.875857,40.671224,Garissa
-0.875857,40.71614,Garissa
-0.875857,40.761056,Garissa
-0.875857,40.805972,Garissa
-0.875857,40.850888,Garissa
-0.875857,40.895803,Garissa
-0.875857,40.940719,Garissa
-0.875857,40.985635,Garissa
-0.875857,41.030551,Unknown
-0.920773,33.93386,Unknown
-0.920773,33.978776,Migori
-0.920773,34.023691,Migori
-0.920773,34.068607,Migori
-0.920773,34.113523,Migori
-0.920773,34.158439,Migori
-0.920773,34.203354,Migori
-0.920773,34.24827,Migori
-0.920773,34.293186,Migori
-0.920773,34.338102,Migori
-0.920773,34.383017,Migori
-0.920773,34.427933,Migori
-0.920773,34.472849,Migori
-0.920773,34.517765,Migori
-0.920773,34.562681,Migori
-0.920773,34.607596,Migori
-0.920773,34.652512,Kisii
-0.920773,34.697428,Kisii
-0.920773,34.742344,Kisii
-0.920773,34.787259,Kisii
-0.920773,34.832175,Kisii
-0.920773,34.877091,Kisii
-0.920773,34.922007,Narok
-0.920773,34.966922,Narok
-0.920773,35.011838,Narok
-0.920773,35.056754,Narok
-0.920773,35.10167,Bomet
-0.920773,35.146585,Bomet
-0.920773,35.191501,Bomet
-0.920773,35.236417,Bomet
-0.920773,35.281333,Bomet
-0.920773,35.326249,Bomet
-0.920773,35.371164,Bomet
-0.920773,35.41608,Bomet
-0.920773,35.460996,Narok
-0.920773,35.505912,Narok
-0.920773,35.550827,Narok
-0.920773,35.595743,Narok
-0.920773,35.640659,Narok
-0.920773,35.685575,Narok
-0.920773,35.73049,Narok
-0.920773,35.775406,Narok
-0.920773,35.820322,Narok
-0.920773,35.865238,Narok
-0.920773,35.910153,Narok
-0.920773,35.955069,Narok
-0.920773,35.999985,Narok
-0.920773,36.044901,Narok
-0.920773,36.089817,Narok
-0.920773,36.134732,Narok
-0.920773,36.179648,Narok
-0.920773,36.224564,Nakuru
-0.920773,36.26948,Nakuru
-0.920773,36.314395,Nakuru
-0.920773,36.359311,Nakuru
-0.920773,36.404227,Nakuru
-0.920773,36.449143,Nakuru
-0.920773,36.494058,Nakuru
-0.920773,36.538974,Nakuru
-0.920773,36.58389,Kiambu
-0.920773,36.628806,Kiambu
-0.920773,36.673721,Kiambu
-0.920773,36.718637,Kiambu
-0.920773,36.763553,Kiambu
-0.920773,36.808469,Kiambu
-0.920773,36.853385,Kiambu
-0.920773,36.8983,Kiambu
-0.920773,36.943216,Murang'a
-0.920773,36.988132,Murang'a
-0.920773,37.033048,Murang'a
-0.920773,37.077963,Murang'a
-0.920773,37.122879,Murang'a
-0.920773,37.167795,Murang'a
-0.920773,37.212711,Murang'a
-0.920773,37.257626,Murang'a
-0.920773,37.302542,Murang'a
-0.920773,37.347458,Machakos
-0.920773,37.392374,Machakos
-0.920773,37.437289,Machakos
-0.920773,37.482205,Machakos
-0.920773,37.527121,Machakos
-0.920773,37.572037,Machakos
-0.920773,37.616953,Machakos
-0.920773,37.661868,Machakos
-0.920773,37.706784,Machakos
-0.920773,37.7517,Machakos
-0.920773,37.796616,Machakos
-0.920773,37.841531,Machakos
-0.920773,37.886447,Kitui
-0.920773,37.931363,Kitui
-0.920773,37.976279,Kitui
-0.920773,38.021194,Kitui
-0.920773,38.06611,Kitui
-0.920773,38.111026,Kitui
-0.920773,38.155942,Kitui
-0.920773,38.200857,Kitui
-0.920773,38.245773,Kitui
-0.920773,38.290689,Kitui
-0.920773,38.335605,Kitui
-0.920773,38.380521,Kitui
-0.920773,38.425436,Kitui
-0.920773,38.470352,Kitui
-0.920773,38.515268,Kitui
-0.920773,38.560184,Kitui
-0.920773,38.605099,Kitui
-0.920773,38.650015,Kitui
-0.920773,38.694931,Kitui
-0.920773,38.739847,Kitui
-0.920773,38.784762,Kitui
-0.920773,38.829678,Kitui
-0.920773,38.874594,Kitui
-0.920773,38.91951,Tana River
-0.920773,38.964425,Tana River
-0.920773,39.009341,Tana River
-0.920773,39.054257,Tana River
-0.920773,39.099173,Tana River
-0.920773,39.144089,Tana River
-0.920773,39.189004,Tana River
-0.920773,39.23392,Tana River
-0.920773,39.278836,Tana River
-0.920773,39.323752,Tana River
-0.920773,39.368667,Tana River
-0.920773,39.413583,Tana River
-0.920773,39.458499,Tana River
-0.920773,39.503415,Tana River
-0.920773,39.54833,Tana River
-0.920773,39.593246,Tana River
-0.920773,39.638162,Tana River
-0.920773,39.683078,Tana River
-0.920773,39.727993,Tana River
-0.920773,39.772909,Tana River
-0.920773,39.817825,Tana River
-0.920773,39.862741,Garissa
-0.920773,39.907656,Garissa
-0.920773,39.952572,Garissa
-0.920773,39.997488,Garissa
-0.920773,40.042404,Garissa
-0.920773,40.08732,Garissa
-0.920773,40.132235,Garissa
-0.920773,40.177151,Garissa
-0.920773,40.222067,Garissa
-0.920773,40.266983,Garissa
-0.920773,40.311898,Garissa
-0.920773,40.356814,Garissa
-0.920773,40.40173,Garissa
-0.920773,40.446646,Garissa
-0.920773,40.491561,Garissa
-0.920773,40.536477,Garissa
-0.920773,40.581393,Garissa
-0.920773,40.626309,Garissa
-0.920773,40.671224,Garissa
-0.920773,40.71614,Garissa
-0.920773,40.761056,Garissa
-0.920773,40.805972,Garissa
-0.920773,40.850888,Garissa
-0.920773,40.895803,Garissa
-0.920773,40.940719,Garissa
-0.920773,40.985635,Garissa
-0.920773,41.030551,Garissa
-0.920773,41.075466,Unknown
-0.965689,33.93386,Unknown
-0.965689,33.978776,Migori
-0.965689,34.023691,Migori
-0.965689,34.068607,Migori
-0.965689,34.113523,Migori
-0.965689,34.158439,Migori
-0.965689,34.203354,Migori
-0.965689,34.24827,Migori
-0.965689,34.293186,Migori
-0.965689,34.338102,Migori
-0.965689,34.383017,Migori
-0.965689,34.427933,Migori
-0.965689,34.472849,Migori
-0.965689,34.517765,Migori
-0.965689,34.562681,Migori
-0.965689,34.607596,Migori
-0.965689,34.652512,Kisii
-0.965689,34.697428,Kisii
-0.965689,34.742344,Narok
-0.965689,34.787259,Narok
-0.965689,34.832175,Narok
-0.965689,34.877091,Narok
-0.965689,34.922007,Narok
-0.965689,34.966922,Narok
-0.965689,35.011838,Narok
-0.965689,35.056754,Narok
-0.965689,35.10167,Narok
-0.965689,35.146585,Narok
-0.965689,35.191501,Bomet
-0.965689,35.236417,Bomet
-0.965689,35.281333,Bomet
-0.965689,35.326249,Bomet
-0.965689,35.371164,Bomet
-0.965689,35.41608,Narok
-0.965689,35.460996,Narok
-0.965689,35.505912,Narok
-0.965689,35.550827,Narok
-0.965689,35.595743,Narok
-0.965689,35.640659,Narok
-0.965689,35.685575,Narok
-0.965689,35.73049,Narok
-0.965689,35.775406,Narok
-0.965689,35.820322,Narok
-0.965689,35.865238,Narok
-0.965689,35.910153,Narok
-0.965689,35.955069,Narok
-0.965689,35.999985,Narok
-0.965689,36.044901,Narok
-0.965689,36.089817,Narok
-0.965689,36.134732,Narok
-0.965689,36.179648,Narok
-0.965689,36.224564,Narok
-0.965689,36.26948,Narok
-0.965689,36.314395,Nakuru
-0.965689,36.359311,Nakuru
-0.965689,36.404227,Nakuru
-0.965689,36.449143,Nakuru
-0.965689,36.494058,Nakuru
-0.965689,36.538974,Nakuru
-0.965689,36.58389,Nakuru
-0.965689,36.628806,Kiambu
-0.965689,36.673721,Kiambu
-0.965689,36.718637,Kiambu
-0.965689,36.763553,Kiambu
-0.965689,36.808469,Kiambu
-0.965689,36.853385,Kiambu
-0.965689,36.8983,Kiambu
-0.965689,36.943216,Kiambu
-0.965689,36.988132,Murang'a
-0.965689,37.033048,Murang'a
-0.965689,37.077963,Murang'a
-0.965689,37.122879,Murang'a
-0.965689,37.167795,Murang'a
-0.965689,37.212711,Murang'a
-0.965689,37.257626,Murang'a
-0.965689,37.302542,Murang'a
-0.965689,37.347458,Murang'a
-0.965689,37.392374,Machakos
-0.965689,37.437289,Machakos
-0.965689,37.482205,Machakos
-0.965689,37.527121,Machakos
-0.965689,37.572037,Machakos
-0.965689,37.616953,Machakos
-0.965689,37.661868,Machakos
-0.965689,37.706784,Machakos
-0.965689,37.7517,Machakos
-0.965689,37.796616,Machakos
-0.965689,37.841531,Machakos
-0.965689,37.886447,Kitui
-0.965689,37.931363,Kitui
-0.965689,37.976279,Kitui
-0.965689,38.021194,Kitui
-0.965689,38.06611,Kitui
-0.965689,38.111026,Kitui
-0.965689,38.155942,Kitui
-0.965689,38.200857,Kitui
-0.965689,38.245773,Kitui
-0.965689,38.290689,Kitui
-0.965689,38.335605,Kitui
-0.965689,38.380521,Kitui
-0.965689,38.425436,Kitui
-0.965689,38.470352,Kitui
-0.965689,38.515268,Kitui
-0.965689,38.560184,Kitui
-0.965689,38.605099,Kitui
-0.965689,38.650015,Kitui
-0.965689,38.694931,Kitui
-0.965689,38.739847,Kitui
-0.965689,38.784762,Kitui
-0.965689,38.829678,Kitui
-0.965689,38.874594,Kitui
-0.965689,38.91951,Kitui
-0.965689,38.964425,Tana River
-0.965689,39.009341,Tana River
-0.965689,39.054257,Tana River
-0.965689,39.099173,Tana River
-0.965689,39.144089,Tana River
-0.965689,39.189004,Tana River
-0.965689,39.23392,Tana River
-0.965689,39.278836,Tana River
-0.965689,39.323752,Tana River
-0.965689,39.368667,Tana River
-0.965689,39.413583,Tana River
-0.965689,39.458499,Tana River
-0.965689,39.503415,Tana River
-0.965689,39.54833,Tana River
-0.965689,39.593246,Tana River
-0.965689,39.638162,Tana River
-0.965689,39.683078,Tana River
-0.965689,39.727993,Tana River
-0.965689,39.772909,Tana River
-0.965689,39.817825,Tana River
-0.965689,39.862741,Tana River
-0.965689,39.907656,Garissa
-0.965689,39.952572,Garissa
-0.965689,39.997488,Garissa
-0.965689,40.042404,Garissa
-0.965689,40.08732,Garissa
-0.965689,40.132235,Garissa
-0.965689,40.177151,Garissa
-0.965689,40.222067,Garissa
-0.965689,40.266983,Garissa
-0.965689,40.311898,Garissa
-0.965689,40.356814,Garissa
-0.965689,40.40173,Garissa
-0.965689,40.446646,Garissa
-0.965689,40.491561,Garissa
-0.965689,40.536477,Garissa
-0.965689,40.581393,Garissa
-0.965689,40.626309,Garissa
-0.965689,40.671224,Garissa
-0.965689,40.71614,Garissa
-0.965689,40.761056,Garissa
-0.965689,40.805972,Garissa
-0.965689,40.850888,Garissa
-0.965689,40.895803,Garissa
-0.965689,40.940719,Garissa
-0.965689,40.985635,Garissa
-0.965689,41.030551,Garissa
-0.965689,41.075466,Garissa
-0.965689,41.120382,Unknown
-1.010605,33.93386,Unknown
-1.010605,33.978776,Unknown
-1.010605,34.023691,Unknown
-1.010605,34.068607,Migori
-1.010605,34.113523,Migori
-1.010605,34.158439,Migori
-1.010605,34.203354,Migori
-1.010605,34.24827,Migori
-1.010605,34.293186,Migori
-1.010605,34.338102,Migori
-1.010605,34.383017,Migori
-1.010605,34.427933,Migori
-1.010605,34.472849,Migori
-1.010605,34.517765,Migori
-1.010605,34.562681,Migori
-1.010605,34.607596,Narok
-1.010605,34.652512,Narok
-1.010605,34.697428,Narok
-1.010605,34.742344,Narok
-1.010605,34.787259,Narok
-1.010605,34.832175,Narok
-1.010605,34.877091,Narok
-1.010605,34.922007,Narok
-1.010605,34.966922,Narok
-1.010605,35.011838,Narok
-1.010605,35.056754,Narok
-1.010605,35.10167,Narok
-1.010605,35.146585,Narok
-1.010605,35.191501,Narok
-1.010605,35.236417,Bomet
-1.010605,35.281333,Bomet
-1.010605,35.326249,Narok
-1.010605,35.371164,Narok
-1.010605,35.41608,Narok
-1.010605,35.460996,Narok
-1.010605,35.505912,Narok
-1.010605,35.550827,Narok
-1.010605,35.595743,Narok
-1.010605,35.640659,Narok
-1.010605,35.685575,Narok
-1.010605,35.73049,Narok
-1.010605,35.775406,Narok
-1.010605,35.820322,Narok
-1.010605,35.865238,Narok
-1.010605,35.910153,Narok
-1.010605,35.955069,Narok
-1.010605,35.999985,Narok
-1.010605,36.044901,Narok
-1.010605,36.089817,Narok
-1.010605,36.134732,Narok
-1.010605,36.179648,Narok
-1.010605,36.224564,Narok
-1.010605,36.26948,Narok
-1.010605,36.314395,Nakuru
-1.010605,36.359311,Nakuru
-1.010605,36.404227,Nakuru
-1.010605,36.449143,Nakuru
-1.010605,36.494058,Nakuru
-1.010605,36.538974,Nakuru
-1.010605,36.58389,Nakuru
-1.010605,36.628806,Kiambu
-1.010605,36.673721,Kiambu
-1.010605,36.718637,Kiambu
-1.010605,36.763553,Kiambu
-1.010605,36.808469,Kiambu
-1.010605,36.853385,Kiambu
-1.010605,36.8983,Kiambu
-1.010605,36.943216,Kiambu
-1.010605,36.988132,Kiambu
-1.010605,37.033048,Murang'a
-1.010605,37.077963,Murang'a
-1.010605,37.122879,Murang'a
-1.010605,37.167795,Murang'a
-1.010605,37.212711,Murang'a
-1.010605,37.257626,Murang'a
-1.010605,37.302542,Murang'a
-1.010605,37.347458,Murang'a
-1.010605,37.392374,Murang'a
-1.010605,37.437289,Machakos
-1.010605,37.482205,Machakos
-1.010605,37.527121,Machakos
-1.010605,37.572037,Machakos
-1.010605,37.616953,Machakos
-1.010605,37.661868,Machakos
-1.010605,37.706784,Machakos
-1.010605,37.7517,Machakos
-1.010605,37.796616,Machakos
-1.010605,37.841531,Machakos
-1.010605,37.886447,Kitui
-1.010605,37.931363,Kitui
-1.010605,37.976279,Kitui
-1.010605,38.021194,Kitui
-1.010605,38.06611,Kitui
-1.010605,38.111026,Kitui
-1.010605,38.155942,Kitui
-1.010605,38.200857,Kitui
-1.010605,38.245773,Kitui
-1.010605,38.290689,Kitui
-1.010605,38.335605,Kitui
-1.010605,38.380521,Kitui
-1.010605,38.425436,Kitui
-1.010605,38.470352,Kitui
-1.010605,38.515268,Kitui
-1.010605,38.560184,Kitui
-1.010605,38.605099,Kitui
-1.010605,38.650015,Kitui
-1.010605,38.694931,Kitui
-1.010605,38.739847,Kitui
-1.010605,38.784762,Kitui
-1.010605,38.829678,Kitui
-1.010605,38.874594,Kitui
-1.010605,38.91951,Kitui
-1.010605,38.964425,Tana River
-1.010605,39.009341,Tana River
-1.010605,39.054257,Tana River
-1.010605,39.099173,Tana River
-1.010605,39.144089,Tana River
-1.010605,39.189004,Tana River
-1.010605,39.23392,Tana River
-1.010605,39.278836,Tana River
-1.010605,39.323752,Tana River
-1.010605,39.368667,Tana River
-1.010605,39.413583,Tana River
-1.010605,39.458499,Tana River
-1.010605,39.503415,Tana River
-1.010605,39.54833,Tana River
-1.010605,39.593246,Tana River
-1.010605,39.638162,Tana River
-1.010605,39.683078,Tana River
-1.010605,39.727993,Tana River
-1.010605,39.772909,Tana River
-1.010605,39.817825,Tana River
-1.010605,39.862741,Tana River
-1.010605,39.907656,Garissa
-1.010605,39.952572,Garissa
-1.010605,39.997488,Garissa
-1.010605,40.042404,Garissa
-1.010605,40.08732,Garissa
-1.010605,40.132235,Garissa
-1.010605,40.177151,Garissa
-1.010605,40.222067,Garissa
-1.010605,40.266983,Garissa
-1.010605,40.311898,Garissa
-1.010605,40.356814,Garissa
-1.010605,40.40173,Garissa
-1.010605,40.446646,Garissa
-1.010605,40.491561,Garissa
-1.010605,40.536477,Garissa
-1.010605,40.581393,Garissa
-1.010605,40.626309,Garissa
-1.010605,40.671224,Garissa
-1.010605,40.71614,Garissa
-1.010605,40.761056,Garissa
-1.010605,40.805972,Garissa
-1.010605,40.850888,Garissa
-1.010605,40.895803,Garissa
-1.010605,40.940719,Garissa
-1.010605,40.985635,Garissa
-1.010605,41.030551,Garissa
-1.010605,41.075466,Garissa
-1.010605,41.120382,Garissa
-1.05552,34.023691,Unknown
-1.05552,34.068607,Unknown
-1.05552,34.113523,Unknown
-1.05552,34.158439,Migori
-1.05552,34.203354,Migori
-1.05552,34.24827,Migori
-1.05552,34.293186,Migori
-1.05552,34.338102,Migori
-1.05552,34.383017,Migori
-1.05552,34.427933,Migori
-1.05552,34.472849,Migori
-1.05552,34.517765,Migori
-1.05552,34.562681,Migori
-1.05552,34.607596,Narok
-1.05552,34.652512,Narok
-1.05552,34.697428,Narok
-1.05552,34.742344,Narok
-1.05552,34.787259,Narok
-1.05552,34.832175,Narok
-1.05552,34.877091,Narok
-1.05552,34.922007,Narok
-1.05552,34.966922,Narok
-1.05552,35.011838,Narok
-1.05552,35.056754,Narok
-1.05552,35.10167,Narok
-1.05552,35.146585,Narok
-1.05552,35.191501,Narok
-1.05552,35.236417,Narok
-1.05552,35.281333,Narok
-1.05552,35.326249,Narok
-1.05552,35.371164,Narok
-1.05552,35.41608,Narok
-1.05552,35.460996,Narok
-1.05552,35.505912,Narok
-1.05552,35.550827,Narok
-1.05552,35.595743,Narok
-1.05552,35.640659,Narok
-1.05552,35.685575,Narok
-1.05552,35.73049,Narok
-1.05552,35.775406,Narok
-1.05552,35.820322,Narok
-1.05552,35.865238,Narok
-1.05552,35.910153,Narok
-1.05552,35.955069,Narok
-1.05552,35.999985,Narok
-1.05552,36.044901,Narok
-1.05552,36.089817,Narok
-1.05552,36.134732,Narok
-1.05552,36.179648,Narok
-1.05552,36.224564,Narok
-1.05552,36.26948,Narok
-1.05552,36.314395,Narok
-1.05552,36.359311,Nakuru
-1.05552,36.404227,Nakuru
-1.05552,36.449143,Nakuru
-1.05552,36.494058,Nakuru
-1.05552,36.538974,Nakuru
-1.05552,36.58389,Nakuru
-1.05552,36.628806,Kiambu
-1.05552,36.673721,Kiambu
-1.05552,36.718637,Kiambu
-1.05552,36.763553,Kiambu
-1.05552,36.808469,Kiambu
-1.05552,36.853385,Kiambu
-1.05552,36.8983,Kiambu
-1.05552,36.943216,Kiambu
-1.05552,36.988132,Kiambu
-1.05552,37.033048,Kiambu
-1.05552,37.077963,Kiambu
-1.05552,37.122879,Kiambu
-1.05552,37.167795,Kiambu
-1.05552,37.212711,Kiambu
-1.05552,37.257626,Kiambu
-1.05552,37.302542,Murang'a
-1.05552,37.347458,Murang'a
-1.05552,37.392374,Machakos
-1.05552,37.437289,Machakos
-1.05552,37.482205,Machakos
-1.05552,37.527121,Machakos
-1.05552,37.572037,Machakos
-1.05552,37.616953,Machakos
-1.05552,37.661868,Machakos
-1.05552,37.706784,Machakos
-1.05552,37.7517,Machakos
-1.05552,37.796616,Machakos
-1.05552,37.841531,Kitui
-1.05552,37.886447,Kitui
-1.05552,37.931363,Kitui
-1.05552,37.976279,Kitui
-1.05552,38.021194,Kitui
-1.05552,38.06611,Kitui
-1.05552,38.111026,Kitui
-1.05552,38.155942,Kitui
-1.05552,38.200857,Kitui
-1.05552,38.245773,Kitui
-1.05552,38.290689,Kitui
-1.05552,38.335605,Kitui
-1.05552,38.380521,Kitui
-1.05552,38.425436,Kitui
-1.05552,38.470352,Kitui
-1.05552,38.515268,Kitui
-1.05552,38.560184,Kitui
-1.05552,38.605099,Kitui
-1.05552,38.650015,Kitui
-1.05552,38.694931,Kitui
-1.05552,38.739847,Kitui
-1.05552,38.784762,Kitui
-1.05552,38.829678,Kitui
-1.05552,38.874594,Kitui
-1.05552,38.91951,Kitui
-1.05552,38.964425,Tana River
-1.05552,39.009341,Tana River
-1.05552,39.054257,Tana River
-1.05552,39.099173,Tana River
-1.05552,39.144089,Tana River
-1.05552,39.189004,Tana River
-1.05552,39.23392,Tana River
-1.05552,39.278836,Tana River
-1.05552,39.323752,Tana River
-1.05552,39.368667,Tana River
-1.05552,39.413583,Tana River
-1.05552,39.458499,Tana River
-1.05552,39.503415,Tana River
-1.05552,39.54833,Tana River
-1.05552,39.593246,Tana River
-1.05552,39.638162,Tana River
-1.05552,39.683078,Tana River
-1.05552,39.727993,Tana River
-1.05552,39.772909,Tana River
-1.05552,39.817825,Tana River
-1.05552,39.862741,Tana River
-1.05552,39.907656,Tana River
-1.05552,39.952572,Garissa
-1.05552,39.997488,Garissa
-1.05552,40.042404,Garissa
-1.05552,40.08732,Garissa
-1.05552,40.132235,Garissa
-1.05552,40.177151,Garissa
-1.05552,40.222067,Garissa
-1.05552,40.266983,Garissa
-1.05552,40.311898,Garissa
-1.05552,40.356814,Garissa
-1.05552,40.40173,Garissa
-1.05552,40.446646,Garissa
-1.05552,40.491561,Garissa
-1.05552,40.536477,Garissa
-1.05552,40.581393,Garissa
-1.05552,40.626309,Garissa
-1.05552,40.671224,Garissa
-1.05552,40.71614,Garissa
-1.05552,40.761056,Garissa
-1.05552,40.805972,Garissa
-1.05552,40.850888,Garissa
-1.05552,40.895803,Garissa
-1.05552,40.940719,Garissa
-1.05552,40.985635,Garissa
-1.05552,41.030551,Garissa
-1.05552,41.075466,Garissa
-1.05552,41.120382,Garissa
-1.05552,41.165298,Unknown
-1.100436,34.203354,Unknown
-1.100436,34.24827,Migori
-1.100436,34.293186,Migori
-1.100436,34.338102,Migori
-1.100436,34.383017,Migori
-1.100436,34.427933,Migori
-1.100436,34.472849,Migori
-1.100436,34.517765,Migori
-1.100436,34.562681,Migori
-1.100436,34.607596,Migori
-1.100436,34.652512,Narok
-1.100436,34.697428,Narok
-1.100436,34.742344,Narok
-1.100436,34.787259,Narok
-1.100436,34.832175,Narok
-1.100436,34.877091,Narok
-1.100436,34.922007,Narok
-1.100436,34.966922,Narok
-1.100436,35.011838,Narok
-1.100436,35.056754,Narok
-1.100436,35.10167,Narok
-1.100436,35.146585,Narok
-1.100436,35.191501,Narok
-1.100436,35.236417,Narok
-1.100436,35.281333,Narok
-1.100436,35.326249,Narok
-1.100436,35.371164,Narok
-1.100436,35.41608,Narok
-1.100436,35.460996,Narok
-1.100436,35.505912,Narok
-1.100436,35.550827,Narok
-1.100436,35.595743,Narok
-1.100436,35.640659,Narok
-1.100436,35.685575,Narok
-1.100436,35.73049,Narok
-1.100436,35.775406,Narok
-1.100436,35.820322,Narok
-1.100436,35.865238,Narok
-1.100436,35.910153,Narok
-1.100436,35.955069,Narok
-1.100436,35.999985,Narok
-1.100436,36.044901,Narok
-1.100436,36.089817,Narok
-1.100436,36.134732,Narok
-1.100436,36.179648,Narok
-1.100436,36.224564,Narok
-1.100436,36.26948,Narok
-1.100436,36.314395,Narok
-1.100436,36.359311,Kajiado
-1.100436,36.404227,Kajiado
-1.100436,36.449143,Nakuru
-1.100436,36.494058,Nakuru
-1.100436,36.538974,Nakuru
-1.100436,36.58389,Kiambu
-1.100436,36.628806,Kiambu
-1.100436,36.673721,Kiambu
-1.100436,36.718637,Kiambu
-1.100436,36.763553,Kiambu
-1.100436,36.808469,Kiambu
-1.100436,36.853385,Kiambu
-1.100436,36.8983,Kiambu
-1.100436,36.943216,Kiambu
-1.100436,36.988132,Kiambu
-1.100436,37.033048,Kiambu
-1.100436,37.077963,Kiambu
-1.100436,37.122879,Kiambu
-1.100436,37.167795,Kiambu
-1.100436,37.212711,Machakos
-1.100436,37.257626,Machakos
-1.100436,37.302542,Machakos
-1.100436,37.347458,Kiambu
-1.100436,37.392374,Machakos
-1.100436,37.437289,Machakos
-1.100436,37.482205,Machakos
-1.100436,37.527121,Machakos
-1.100436,37.572037,Machakos
-1.100436,37.616953,Kitui
-1.100436,37.661868,Kitui
-1.100436,37.706784,Kitui
-1.100436,37.7517,Kitui
-1.100436,37.796616,Machakos
-1.100436,37.841531,Kitui
-1.100436,37.886447,Kitui
-1.100436,37.931363,Kitui
-1.100436,37.976279,Kitui
-1.100436,38.021194,Kitui
-1.100436,38.06611,Kitui
-1.100436,38.111026,Kitui
-1.100436,38.155942,Kitui
-1.100436,38.200857,Kitui
-1.100436,38.245773,Kitui
-1.100436,38.290689,Kitui
-1.100436,38.335605,Kitui
-1.100436,38.380521,Kitui
-1.100436,38.425436,Kitui
-1.100436,38.470352,Kitui
-1.100436,38.515268,Kitui
-1.100436,38.560184,Kitui
-1.100436,38.605099,Kitui
-1.100436,38.650015,Kitui
-1.100436,38.694931,Kitui
-1.100436,38.739847,Kitui
-1.100436,38.784762,Kitui
-1.100436,38.829678,Kitui
-1.100436,38.874594,Kitui
-1.100436,38.91951,Kitui
-1.100436,38.964425,Tana River
-1.100436,39.009341,Tana River
-1.100436,39.054257,Tana River
-1.100436,39.099173,Tana River
-1.100436,39.144089,Tana River
-1.100436,39.189004,Tana River
-1.100436,39.23392,Tana River
-1.100436,39.278836,Tana River
-1.100436,39.323752,Tana River
-1.100436,39.368667,Tana River
-1.100436,39.413583,Tana River
-1.100436,39.458499,Tana River
-1.100436,39.503415,Tana River
-1.100436,39.54833,Tana River
-1.100436,39.593246,Tana River
-1.100436,39.638162,Tana River
-1.100436,39.683078,Tana River
-1.100436,39.727993,Tana River
-1.100436,39.772909,Tana River
-1.100436,39.817825,Tana River
-1.100436,39.862741,Tana River
-1.100436,39.907656,Tana River
-1.100436,39.952572,Garissa
-1.100436,39.997488,Garissa
-1.100436,40.042404,Garissa
-1.100436,40.08732,Garissa
-1.100436,40.132235,Garissa
-1.100436,40.177151,Garissa
-1.100436,40.222067,Garissa
-1.100436,40.266983,Garissa
-1.100436,40.311898,Garissa
-1.100436,40.356814,Garissa
-1.100436,40.40173,Garissa
-1.100436,40.446646,Garissa
-1.100436,40.491561,Garissa
-1.100436,40.536477,Garissa
-1.100436,40.581393,Garissa
-1.100436,40.626309,Garissa
-1.100436,40.671224,Garissa
-1.100436,40.71614,Garissa
-1.100436,40.761056,Garissa
-1.100436,40.805972,Garissa
-1.100436,40.850888,Garissa
-1.100436,40.895803,Garissa
-1.100436,40.940719,Garissa
-1.100436,40.985635,Garissa
-1.100436,41.030551,Garissa
-1.100436,41.075466,Garissa
-1.100436,41.120382,Garissa
-1.100436,41.165298,Garissa
-1.100436,41.210214,Unknown
-1.145352,34.24827,Unknown
-1.145352,34.293186,Unknown
-1.145352,34.338102,Migori
-1.145352,34.383017,Migori
-1.145352,34.427933,Migori
-1.145352,34.472849,Migori
-1.145352,34.517765,Migori
-1.145352,34.562681,Migori
-1.145352,34.607596,Migori
-1.145352,34.652512,Narok
-1.145352,34.697428,Narok
-1.145352,34.742344,Narok
-1.145352,34.787259,Narok
-1.145352,34.832175,Narok
-1.145352,34.877091,Narok
-1.145352,34.922007,Narok
-1.145352,34.966922,Narok
-1.145352,35.011838,Narok
-1.145352,35.056754,Narok
-1.145352,35.10167,Narok
-1.145352,35.146585,Narok
-1.145352,35.191501,Narok
-1.145352,35.236417,Narok
-1.145352,35.281333,Narok
-1.145352,35.326249,Narok
-1.145352,35.371164,Narok
-1.145352,35.41608,Narok
-1.145352,35.460996,Narok
-1.145352,35.505912,Narok
-1.145352,35.550827,Narok
-1.145352,35.595743,Narok
-1.145352,35.640659,Narok
-1.145352,35.685575,Narok
-1.145352,35.73049,Narok
-1.145352,35.775406,Narok
-1.145352,35.820322,Narok
-1.145352,35.865238,Narok
-1.145352,35.910153,Narok
-1.145352,35.955069,Narok
-1.145352,35.999985,Narok
-1.145352,36.044901,Narok
-1.145352,36.089817,Narok
-1.145352,36.134732,Narok
-1.145352,36.179648,Narok
-1.145352,36.224564,Narok
-1.145352,36.26948,Narok
-1.145352,36.314395,Narok
-1.145352,36.359311,Kajiado
-1.145352,36.404227,Kajiado
-1.145352,36.449143,Kajiado
-1.145352,36.494058,Kajiado
-1.145352,36.538974,Kiambu
-1.145352,36.58389,Kiambu
-1.145352,36.628806,Kiambu
-1.145352,36.673721,Kiambu
-1.145352,36.718637,Kiambu
-1.145352,36.763553,Kiambu
-1.145352,36.808469,Kiambu
-1.145352,36.853385,Kiambu
-1.145352,36.8983,Kiambu
-1.145352,36.943216,Kiambu
-1.145352,36.988132,Kiambu
-1.145352,37.033048,Kiambu
-1.145352,37.077963,Kiambu
-1.145352,37.122879,Kiambu
-1.145352,37.167795,Kiambu
-1.145352,37.212711,Machakos
-1.145352,37.257626,Machakos
-1.145352,37.302542,Machakos
-1.145352,37.347458,Machakos
-1.145352,37.392374,Machakos
-1.145352,37.437289,Machakos
-1.145352,37.482205,Machakos
-1.145352,37.527121,Machakos
-1.145352,37.572037,Machakos
-1.145352,37.616953,Machakos
-1.145352,37.661868,Kitui
-1.145352,37.706784,Kitui
-1.145352,37.7517,Kitui
-1.145352,37.796616,Kitui
-1.145352,37.841531,Kitui
-1.145352,37.886447,Kitui
-1.145352,37.931363,Kitui
-1.145352,37.976279,Kitui
-1.145352,38.021194,Kitui
-1.145352,38.06611,Kitui
-1.145352,38.111026,Kitui
-1.145352,38.155942,Kitui
-1.145352,38.200857,Kitui
-1.145352,38.245773,Kitui
-1.145352,38.290689,Kitui
-1.145352,38.335605,Kitui
-1.145352,38.380521,Kitui
-1.145352,38.425436,Kitui
-1.145352,38.470352,Kitui
-1.145352,38.515268,Kitui
-1.145352,38.560184,Kitui
-1.145352,38.605099,Kitui
-1.145352,38.650015,Kitui
-1.145352,38.694931,Kitui
-1.145352,38.739847,Kitui
-1.145352,38.784762,Kitui
-1.145352,38.829678,Kitui
-1.145352,38.874594,Kitui
-1.145352,38.91951,Kitui
-1.145352,38.964425,Tana River
-1.145352,39.009341,Tana River
-1.145352,39.054257,Tana River
-1.145352,39.099173,Tana River
-1.145352,39.144089,Tana River
-1.145352,39.189004,Tana River
-1.145352,39.23392,Tana River
-1.145352,39.278836,Tana River
-1.145352,39.323752,Tana River
-1.145352,39.368667,Tana River
-1.145352,39.413583,Tana River
-1.145352,39.458499,Tana River
-1.145352,39.503415,Tana River
-1.145352,39.54833,Tana River
-1.145352,39.593246,Tana River
-1.145352,39.638162,Tana River
-1.145352,39.683078,Tana River
-1.145352,39.727993,Tana River
-1.145352,39.772909,Tana River
-1.145352,39.817825,Tana River
-1.145352,39.862741,Tana River
-1.145352,39.907656,Tana River
-1.145352,39.952572,Tana River
-1.145352,39.997488,Garissa
-1.145352,40.042404,Garissa
-1.145352,40.08732,Garissa
-1.145352,40.132235,Garissa
-1.145352,40.177151,Garissa
-1.145352,40.222067,Garissa
-1.145352,40.266983,Garissa
-1.145352,40.311898,Garissa
-1.145352,40.356814,Garissa
-1.145352,40.40173,Garissa
-1.145352,40.446646,Garissa
-1.145352,40.491561,Garissa
-1.145352,40.536477,Garissa
-1.145352,40.581393,Garissa
-1.145352,40.626309,Garissa
-1.145352,40.671224,Garissa
-1.145352,40.71614,Garissa
-1.145352,40.761056,Garissa
-1.145352,40.805972,Garissa
-1.145352,40.850888,Garissa
-1.145352,40.895803,Garissa
-1.145352,40.940719,Garissa
-1.145352,40.985635,Garissa
-1.145352,41.030551,Garissa
-1.145352,41.075466,Garissa
-1.145352,41.120382,Garissa
-1.145352,41.165298,Garissa
-1.145352,41.210214,Garissa
-1.145352,41.255129,Unknown
-1.190268,34.338102,Unknown
-1.190268,34.383017,Migori
-1.190268,34.427933,Migori
-1.190268,34.472849,Migori
-1.190268,34.517765,Migori
-1.190268,34.562681,Migori
-1.190268,34.607596,Migori
-1.190268,34.652512,Migori
-1.190268,34.697428,Narok
-1.190268,34.742344,Narok
-1.190268,34.787259,Narok
-1.190268,34.832175,Narok
-1.190268,34.877091,Narok
-1.190268,34.922007,Narok
-1.190268,34.966922,Narok
-1.190268,35.011838,Narok
-1.190268,35.056754,Narok
-1.190268,35.10167,Narok
-1.190268,35.146585,Narok
-1.190268,35.191501,Narok
-1.190268,35.236417,Narok
-1.190268,35.281333,Narok
-1.190268,35.326249,Narok
-1.190268,35.371164,Narok
-1.190268,35.41608,Narok
-1.190268,35.460996,Narok
-1.190268,35.505912,Narok
-1.190268,35.550827,Narok
-1.190268,35.595743,Narok
-1.190268,35.640659,Narok
-1.190268,35.685575,Narok
-1.190268,35.73049,Narok
-1.190268,35.775406,Narok
-1.190268,35.820322,Narok
-1.190268,35.865238,Narok
-1.190268,35.910153,Narok
-1.190268,35.955069,Narok
-1.190268,35.999985,Narok
-1.190268,36.044901,Narok
-1.190268,36.089817,Narok
-1.190268,36.134732,Narok
-1.190268,36.179648,Narok
-1.190268,36.224564,Narok
-1.190268,36.26948,Narok
-1.190268,36.314395,Narok
-1.190268,36.359311,Kajiado
-1.190268,36.404227,Kajiado
-1.190268,36.449143,Kajiado
-1.190268,36.494058,Kajiado
-1.190268,36.538974,Kiambu
-1.190268,36.58389,Kiambu
-1.190268,36.628806,Kiambu
-1.190268,36.673721,Kiambu
-1.190268,36.718637,Kiambu
-1.190268,36.763553,Kiambu
-1.190268,36.808469,Kiambu
-1.190268,36.853385,Kiambu
-1.190268,36.8983,Nairobi
-1.190268,36.943216,Kiambu
-1.190268,36.988132,Kiambu
-1.190268,37.033048,Kiambu
-1.190268,37.077963,Kiambu
-1.190268,37.122879,Kiambu
-1.190268,37.167795,Machakos
-1.190268,37.212711,Machakos
-1.190268,37.257626,Machakos
-1.190268,37.302542,Machakos
-1.190268,37.347458,Machakos
-1.190268,37.392374,Machakos
-1.190268,37.437289,Machakos
-1.190268,37.482205,Machakos
-1.190268,37.527121,Machakos
-1.190268,37.572037,Machakos
-1.190268,37.616953,Machakos
-1.190268,37.661868,Kitui
-1.190268,37.706784,Kitui
-1.190268,37.7517,Kitui
-1.190268,37.796616,Kitui
-1.190268,37.841531,Kitui
-1.190268,37.886447,Kitui
-1.190268,37.931363,Kitui
-1.190268,37.976279,Kitui
-1.190268,38.021194,Kitui
-1.190268,38.06611,Kitui
-1.190268,38.111026,Kitui
-1.190268,38.155942,Kitui
-1.190268,38.200857,Kitui
-1.190268,38.245773,Kitui
-1.190268,38.290689,Kitui
-1.190268,38.335605,Kitui
-1.190268,38.380521,Kitui
-1.190268,38.425436,Kitui
-1.190268,38.470352,Kitui
-1.190268,38.515268,Kitui
-1.190268,38.560184,Kitui
-1.190268,38.605099,Kitui
-1.190268,38.650015,Kitui
-1.190268,38.694931,Kitui
-1.190268,38.739847,Kitui
-1.190268,38.784762,Kitui
-1.190268,38.829678,Kitui
-1.190268,38.874594,Kitui
-1.190268,38.91951,Kitui
-1.190268,38.964425,Kitui
-1.190268,39.009341,Tana River
-1.190268,39.054257,Tana River
-1.190268,39.099173,Tana River
-1.190268,39.144089,Tana River
-1.190268,39.189004,Tana River
-1.190268,39.23392,Tana River
-1.190268,39.278836,Tana River
-1.190268,39.323752,Tana River
-1.190268,39.368667,Tana River
-1.190268,39.413583,Tana River
-1.190268,39.458499,Tana River
-1.190268,39.503415,Tana River
-1.190268,39.54833,Tana River
-1.190268,39.593246,Tana River
-1.190268,39.638162,Tana River
-1.190268,39.683078,Tana River
-1.190268,39.727993,Tana River
-1.190268,39.772909,Tana River
-1.190268,39.817825,Tana River
-1.190268,39.862741,Tana River
-1.190268,39.907656,Tana River
-1.190268,39.952572,Tana River
-1.190268,39.997488,Garissa
-1.190268,40.042404,Garissa
-1.190268,40.08732,Garissa
-1.190268,40.132235,Garissa
-1.190268,40.177151,Garissa
-1.190268,40.222067,Garissa
-1.190268,40.266983,Garissa
-1.190268,40.311898,Garissa
-1.190268,40.356814,Garissa
-1.190268,40.40173,Garissa
-1.190268,40.446646,Garissa
-1.190268,40.491561,Garissa
-1.190268,40.536477,Garissa
-1.190268,40.581393,Garissa
-1.190268,40.626309,Garissa
-1.190268,40.671224,Garissa
-1.190268,40.71614,Garissa
-1.190268,40.761056,Garissa
-1.190268,40.805972,Garissa
-1.190268,40.850888,Garissa
-1.190268,40.895803,Garissa
-1.190268,40.940719,Garissa
-1.190268,40.985635,Garissa
-1.190268,41.030551,Garissa
-1.190268,41.075466,Garissa
-1.190268,41.120382,Garissa
-1.190268,41.165298,Garissa
-1.190268,41.210214,Garissa
-1.190268,41.255129,Garissa
-1.235184,34.427933,Unknown
-1.235184,34.472849,Migori
-1.235184,34.517765,Migori
-1.235184,34.562681,Migori
-1.235184,34.607596,Migori
-1.235184,34.652512,Migori
-1.235184,34.697428,Narok
-1.235184,34.742344,Narok
-1.235184,34.787259,Narok
-1.235184,34.832175,Narok
-1.235184,34.877091,Narok
-1.235184,34.922007,Narok
-1.235184,34.966922,Narok
-1.235184,35.011838,Narok
-1.235184,35.056754,Narok
-1.235184,35.10167,Narok
-1.235184,35.146585,Narok
-1.235184,35.191501,Narok
-1.235184,35.236417,Narok
-1.235184,35.281333,Narok
-1.235184,35.326249,Narok
-1.235184,35.371164,Narok
-1.235184,35.41608,Narok
-1.235184,35.460996,Narok
-1.235184,35.505912,Narok
-1.235184,35.550827,Narok
-1.235184,35.595743,Narok
-1.235184,35.640659,Narok
-1.235184,35.685575,Narok
-1.235184,35.73049,Narok
-1.235184,35.775406,Narok
-1.235184,35.820322,Narok
-1.235184,35.865238,Narok
-1.235184,35.910153,Narok
-1.235184,35.955069,Narok
-1.235184,35.999985,Narok
-1.235184,36.044901,Narok
-1.235184,36.089817,Narok
-1.235184,36.134732,Narok
-1.235184,36.179648,Narok
-1.235184,36.224564,Narok
-1.235184,36.26948,Narok
-1.235184,36.314395,Kajiado
-1.235184,36.359311,Kajiado
-1.235184,36.404227,Kajiado
-1.235184,36.449143,Kajiado
-1.235184,36.494058,Kajiado
-1.235184,36.538974,Kiambu
-1.235184,36.58389,Kiambu
-1.235184,36.628806,Kiambu
-1.235184,36.673721,Kiambu
-1.235184,36.718637,Kiambu
-1.235184,36.763553,Nairobi
-1.235184,36.808469,Nairobi
-1.235184,36.853385,Nairobi
-1.235184,36.8983,Nairobi
-1.235184,36.943216,Nairobi
-1.235184,36.988132,Nairobi
-1.235184,37.033048,Nairobi
-1.235184,37.077963,Kiambu
-1.235184,37.122879,Machakos
-1.235184,37.167795,Machakos
-1.235184,37.212711,Machakos
-1.235184,37.257626,Machakos
-1.235184,37.302542,Machakos
-1.235184,37.347458,Machakos
-1.235184,37.392374,Machakos
-1.235184,37.437289,Machakos
-1.235184,37.482205,Machakos
-1.235184,37.527121,Machakos
-1.235184,37.572037,Machakos
-1.235184,37.616953,Machakos
-1.235184,37.661868,Machakos
-1.235184,37.706784,Kitui
-1.235184,37.7517,Kitui
-1.235184,37.796616,Kitui
-1.235184,37.841531,Kitui
-1.235184,37.886447,Kitui
-1.235184,37.931363,Kitui
-1.235184,37.976279,Kitui
-1.235184,38.021194,Kitui
-1.235184,38.06611,Kitui
-1.235184,38.111026,Kitui
-1.235184,38.155942,Kitui
-1.235184,38.200857,Kitui
-1.235184,38.245773,Kitui
-1.235184,38.290689,Kitui
-1.235184,38.335605,Kitui
-1.235184,38.380521,Kitui
-1.235184,38.425436,Kitui
-1.235184,38.470352,Kitui
-1.235184,38.515268,Kitui
-1.235184,38.560184,Kitui
-1.235184,38.605099,Kitui
-1.235184,38.650015,Kitui
-1.235184,38.694931,Kitui
-1.235184,38.739847,Kitui
-1.235184,38.784762,Kitui
-1.235184,38.829678,Kitui
-1.235184,38.874594,Kitui
-1.235184,38.91951,Kitui
-1.235184,38.964425,Kitui
-1.235184,39.009341,Tana River
-1.235184,39.054257,Tana River
-1.235184,39.099173,Tana River
-1.235184,39.144089,Tana River
-1.235184,39.189004,Tana River
-1.235184,39.23392,Tana River
-1.235184,39.278836,Tana River
-1.235184,39.323752,Tana River
-1.235184,39.368667,Tana River
-1.235184,39.413583,Tana River
-1.235184,39.458499,Tana River
-1.235184,39.503415,Tana River
-1.235184,39.54833,Tana River
-1.235184,39.593246,Tana River
-1.235184,39.638162,Tana River
-1.235184,39.683078,Tana River
-1.235184,39.727993,Tana River
-1.235184,39.772909,Tana River
-1.235184,39.817825,Tana River
-1.235184,39.862741,Tana River
-1.235184,39.907656,Tana River
-1.235184,39.952572,Tana River
-1.235184,39.997488,Tana River
-1.235184,40.042404,Garissa
-1.235184,40.08732,Garissa
-1.235184,40.132235,Garissa
-1.235184,40.177151,Garissa
-1.235184,40.222067,Garissa
-1.235184,40.266983,Garissa
-1.235184,40.311898,Garissa
-1.235184,40.356814,Garissa
-1.235184,40.40173,Garissa
-1.235184,40.446646,Garissa
-1.235184,40.491561,Garissa
-1.235184,40.536477,Garissa
-1.235184,40.581393,Garissa
-1.235184,40.626309,Garissa
-1.235184,40.671224,Garissa
-1.235184,40.71614,Garissa
-1.235184,40.761056,Garissa
-1.235184,40.805972,Garissa
-1.235184,40.850888,Garissa
-1.235184,40.895803,Garissa
-1.235184,40.940719,Garissa
-1.235184,40.985635,Garissa
-1.235184,41.030551,Garissa
-1.235184,41.075466,Garissa
-1.235184,41.120382,Garissa
-1.235184,41.165298,Garissa
-1.235184,41.210214,Garissa
-1.235184,41.255129,Garissa
-1.235184,41.300045,Unknown
-1.280099,34.517765,Unknown
-1.280099,34.562681,Migori
-1.280099,34.607596,Migori
-1.280099,34.652512,Migori
-1.280099,34.697428,Migori
-1.280099,34.742344,Narok
-1.280099,34.787259,Narok
-1.280099,34.832175,Narok
-1.280099,34.877091,Narok
-1.280099,34.922007,Narok
-1.280099,34.966922,Narok
-1.280099,35.011838,Narok
-1.280099,35.056754,Narok
-1.280099,35.10167,Narok
-1.280099,35.146585,Narok
-1.280099,35.191501,Narok
-1.280099,35.236417,Narok
-1.280099,35.281333,Narok
-1.280099,35.326249,Narok
-1.280099,35.371164,Narok
-1.280099,35.41608,Narok
-1.280099,35.460996,Narok
-1.280099,35.505912,Narok
-1.280099,35.550827,Narok
-1.280099,35.595743,Narok
-1.280099,35.640659,Narok
-1.280099,35.685575,Narok
-1.280099,35.73049,Narok
-1.280099,35.775406,Narok
-1.280099,35.820322,Narok
-1.280099,35.865238,Narok
-1.280099,35.910153,Narok
-1.280099,35.955069,Narok
-1.280099,35.999985,Narok
-1.280099,36.044901,Narok
-1.280099,36.089817,Narok
-1.280099,36.134732,Narok
-1.280099,36.179648,Narok
-1.280099,36.224564,Narok
-1.280099,36.26948,Kajiado
-1.280099,36.314395,Kajiado
-1.280099,36.359311,Kajiado
-1.280099,36.404227,Kajiado
-1.280099,36.449143,Kajiado
-1.280099,36.494058,Kajiado
-1.280099,36.538974,Kiambu
-1.280099,36.58389,Kiambu
-1.280099,36.628806,Kiambu
-1.280099,36.673721,Kiambu
-1.280099,36.718637,Nairobi
-1.280099,36.763553,Nairobi
-1.280099,36.808469,Nairobi
-1.280099,36.853385,Nairobi
-1.280099,36.8983,Nairobi
-1.280099,36.943216,Nairobi
-1.280099,36.988132,Nairobi
-1.280099,37.033048,Nairobi
-1.280099,37.077963,Nairobi
-1.280099,37.122879,Machakos
-1.280099,37.167795,Machakos
-1.280099,37.212711,Machakos
-1.280099,37.257626,Machakos
-1.280099,37.302542,Machakos
-1.280099,37.347458,Machakos
-1.280099,37.392374,Machakos
-1.280099,37.437289,Machakos
-1.280099,37.482205,Machakos
-1.280099,37.527121,Machakos
-1.280099,37.572037,Machakos
-1.280099,37.616953,Machakos
-1.280099,37.661868,Machakos
-1.280099,37.706784,Kitui
-1.280099,37.7517,Kitui
-1.280099,37.796616,Kitui
-1.280099,37.841531,Kitui
-1.280099,37.886447,Kitui
-1.280099,37.931363,Kitui
-1.280099,37.976279,Kitui
-1.280099,38.021194,Kitui
-1.280099,38.06611,Kitui
-1.280099,38.111026,Kitui
-1.280099,38.155942,Kitui
-1.280099,38.200857,Kitui
-1.280099,38.245773,Kitui
-1.280099,38.290689,Kitui
-1.280099,38.335605,Kitui
-1.280099,38.380521,Kitui
-1.280099,38.425436,Kitui
-1.280099,38.470352,Kitui
-1.280099,38.515268,Kitui
-1.280099,38.560184,Kitui
-1.280099,38.605099,Kitui
-1.280099,38.650015,Kitui
-1.280099,38.694931,Kitui
-1.280099,38.739847,Kitui
-1.280099,38.784762,Kitui
-1.280099,38.829678,Kitui
-1.280099,38.874594,Kitui
-1.280099,38.91951,Kitui
-1.280099,38.964425,Kitui
-1.280099,39.009341,Tana River
-1.280099,39.054257,Tana River
-1.280099,39.099173,Tana River
-1.280099,39.144089,Tana River
-1.280099,39.189004,Tana River
-1.280099,39.23392,Tana River
-1.280099,39.278836,Tana River
-1.280099,39.323752,Tana River
-1.280099,39.368667,Tana River
-1.280099,39.413583,Tana River
-1.280099,39.458499,Tana River
-1.280099,39.503415,Tana River
-1.280099,39.54833,Tana River
-1.280099,39.593246,Tana River
-1.280099,39.638162,Tana River
-1.280099,39.683078,Tana River
-1.280099,39.727993,Tana River
-1.280099,39.772909,Tana River
-1.280099,39.817825,Tana River
-1.280099,39.862741,Tana River
-1.280099,39.907656,Tana River
-1.280099,39.952572,Tana River
-1.280099,39.997488,Tana River
-1.280099,40.042404,Garissa
-1.280099,40.08732,Garissa
-1.280099,40.132235,Garissa
-1.280099,40.177151,Garissa
-1.280099,40.222067,Garissa
-1.280099,40.266983,Garissa
-1.280099,40.311898,Garissa
-1.280099,40.356814,Garissa
-1.280099,40.40173,Garissa
-1.280099,40.446646,Garissa
-1.280099,40.491561,Garissa
-1.280099,40.536477,Garissa
-1.280099,40.581393,Garissa
-1.280099,40.626309,Garissa
-1.280099,40.671224,Garissa
-1.280099,40.71614,Garissa
-1.280099,40.761056,Garissa
-1.280099,40.805972,Garissa
-1.280099,40.850888,Garissa
-1.280099,40.895803,Garissa
-1.280099,40.940719,Garissa
-1.280099,40.985635,Garissa
-1.280099,41.030551,Garissa
-1.280099,41.075466,Garissa
-1.280099,41.120382,Garissa
-1.280099,41.165298,Garissa
-1.280099,41.210214,Garissa
-1.280099,41.255129,Garissa
-1.280099,41.300045,Garissa
-1.280099,41.344961,Unknown
-1.325015,34.562681,Unknown
-1.325015,34.607596,Unknown
-1.325015,34.652512,Migori
-1.325015,34.697428,Migori
-1.325015,34.742344,Narok
-1.325015,34.787259,Narok
-1.325015,34.832175,Narok
-1.325015,34.877091,Narok
-1.325015,34.922007,Narok
-1.325015,34.966922,Narok
-1.325015,35.011838,Narok
-1.325015,35.056754,Narok
-1.325015,35.10167,Narok
-1.325015,35.146585,Narok
-1.325015,35.191501,Narok
-1.325015,35.236417,Narok
-1.325015,35.281333,Narok
-1.325015,35.326249,Narok
-1.325015,35.371164,Narok
-1.325015,35.41608,Narok
-1.325015,35.460996,Narok
-1.325015,35.505912,Narok
-1.325015,35.550827,Narok
-1.325015,35.595743,Narok
-1.325015,35.640659,Narok
-1.325015,35.685575,Narok
-1.325015,35.73049,Narok
-1.325015,35.775406,Narok
-1.325015,35.820322,Narok
-1.325015,35.865238,Narok
-1.325015,35.910153,Narok
-1.325015,35.955069,Narok
-1.325015,35.999985,Narok
-1.325015,36.044901,Narok
-1.325015,36.089817,Narok
-1.325015,36.134732,Narok
-1.325015,36.179648,Narok
-1.325015,36.224564,Kajiado
-1.325015,36.26948,Kajiado
-1.325015,36.314395,Kajiado
-1.325015,36.359311,Kajiado
-1.325015,36.404227,Kajiado
-1.325015,36.449143,Kajiado
-1.325015,36.494058,Kajiado
-1.325015,36.538974,Kajiado
-1.325015,36.58389,Kajiado
-1.325015,36.628806,Kajiado
-1.325015,36.673721,Nairobi
-1.325015,36.718637,Nairobi
-1.325015,36.763553,Nairobi
-1.325015,36.808469,Nairobi
-1.325015,36.853385,Nairobi
-1.325015,36.8983,Nairobi
-1.325015,36.943216,Nairobi
-1.325015,36.988132,Machakos
-1.325015,37.033048,Machakos
-1.325015,37.077963,Machakos
-1.325015,37.122879,Machakos
-1.325015,37.167795,Machakos
-1.325015,37.212711,Machakos
-1.325015,37.257626,Machakos
-1.325015,37.302542,Machakos
-1.325015,37.347458,Machakos
-1.325015,37.392374,Machakos
-1.325015,37.437289,Machakos
-1.325015,37.482205,Machakos
-1.325015,37.527121,Machakos
-1.325015,37.572037,Machakos
-1.325015,37.616953,Machakos
-1.325015,37.661868,Machakos
-1.325015,37.706784,Machakos
-1.325015,37.7517,Kitui
-1.325015,37.796616,Kitui
-1.325015,37.841531,Kitui
-1.325015,37.886447,Kitui
-1.325015,37.931363,Kitui
-1.325015,37.976279,Kitui
-1.325015,38.021194,Kitui
-1.325015,38.06611,Kitui
-1.325015,38.111026,Kitui
-1.325015,38.155942,Kitui
-1.325015,38.200857,Kitui
-1.325015,38.245773,Kitui
-1.325015,38.290689,Kitui
-1.325015,38.335605,Kitui
-1.325015,38.380521,Kitui
-1.325015,38.425436,Kitui
-1.325015,38.470352,Kitui
-1.325015,38.515268,Kitui
-1.325015,38.560184,Kitui
-1.325015,38.605099,Kitui
-1.325015,38.650015,Kitui
-1.325015,38.694931,Kitui
-1.325015,38.739847,Kitui
-1.325015,38.784762,Kitui
-1.325015,38.829678,Kitui
-1.325015,38.874594,Kitui
-1.325015,38.91951,Kitui
-1.325015,38.964425,Kitui
-1.325015,39.009341,Tana River
-1.325015,39.054257,Tana River
-1.325015,39.099173,Tana River
-1.325015,39.144089,Tana River
-1.325015,39.189004,Tana River
-1.325015,39.23392,Tana River
-1.325015,39.278836,Tana River
-1.325015,39.323752,Tana River
-1.325015,39.368667,Tana River
-1.325015,39.413583,Tana River
-1.325015,39.458499,Tana River
-1.325015,39.503415,Tana River
-1.325015,39.54833,Tana River
-1.325015,39.593246,Tana River
-1.325015,39.638162,Tana River
-1.325015,39.683078,Tana River
-1.325015,39.727993,Tana River
-1.325015,39.772909,Tana River
-1.325015,39.817825,Tana River
-1.325015,39.862741,Tana River
-1.325015,39.907656,Tana River
-1.325015,39.952572,Tana River
-1.325015,39.997488,Tana River
-1.325015,40.042404,Garissa
-1.325015,40.08732,Garissa
-1.325015,40.132235,Garissa
-1.325015,40.177151,Garissa
-1.325015,40.222067,Garissa
-1.325015,40.266983,Garissa
-1.325015,40.311898,Garissa
-1.325015,40.356814,Garissa
-1.325015,40.40173,Garissa
-1.325015,40.446646,Garissa
-1.325015,40.491561,Garissa
-1.325015,40.536477,Garissa
-1.325015,40.581393,Garissa
-1.325015,40.626309,Garissa
-1.325015,40.671224,Garissa
-1.325015,40.71614,Garissa
-1.325015,40.761056,Garissa
-1.325015,40.805972,Garissa
-1.325015,40.850888,Garissa
-1.325015,40.895803,Garissa
-1.325015,40.940719,Garissa
-1.325015,40.985635,Garissa
-1.325015,41.030551,Garissa
-1.325015,41.075466,Garissa
-1.325015,41.120382,Garissa
-1.325015,41.165298,Garissa
-1.325015,41.210214,Garissa
-1.325015,41.255129,Garissa
-1.325015,41.300045,Garissa
-1.325015,41.344961,Garissa
-1.325015,41.389877,Unknown
-1.369931,34.652512,Unknown
-1.369931,34.697428,Migori
-1.369931,34.742344,Narok
-1.369931,34.787259,Narok
-1.369931,34.832175,Narok
-1.369931,34.877091,Narok
-1.369931,34.922007,Narok
-1.369931,34.966922,Narok
-1.369931,35.011838,Narok
-1.369931,35.056754,Narok
-1.369931,35.10167,Narok
-1.369931,35.146585,Narok
-1.369931,35.191501,Narok
-1.369931,35.236417,Narok
-1.369931,35.281333,Narok
-1.369931,35.326249,Narok
-1.369931,35.371164,Narok
-1.369931,35.41608,Narok
-1.369931,35.460996,Narok
-1.369931,35.505912,Narok
-1.369931,35.550827,Narok
-1.369931,35.595743,Narok
-1.369931,35.640659,Narok
-1.369931,35.685575,Narok
-1.369931,35.73049,Narok
-1.369931,35.775406,Narok
-1.369931,35.820322,Narok
-1.369931,35.865238,Narok
-1.369931,35.910153,Narok
-1.369931,35.955069,Narok
-1.369931,35.999985,Narok
-1.369931,36.044901,Narok
-1.369931,36.089817,Narok
-1.369931,36.134732,Narok
-1.369931,36.179648,Kajiado
-1.369931,36.224564,Kajiado
-1.369931,36.26948,Kajiado
-1.369931,36.314395,Kajiado
-1.369931,36.359311,Kajiado
-1.369931,36.404227,Kajiado
-1.369931,36.449143,Kajiado
-1.369931,36.494058,Kajiado
-1.369931,36.538974,Kajiado
-1.369931,36.58389,Kajiado
-1.369931,36.628806,Kajiado
-1.369931,36.673721,Kajiado
-1.369931,36.718637,Kajiado
-1.369931,36.763553,Nairobi
-1.369931,36.808469,Nairobi
-1.369931,36.853385,Nairobi
-1.369931,36.8983,Nairobi
-1.369931,36.943216,Machakos
-1.369931,36.988132,Machakos
-1.369931,37.033048,Machakos
-1.369931,37.077963,Machakos
-1.369931,37.122879,Machakos
-1.369931,37.167795,Machakos
-1.369931,37.212711,Machakos
-1.369931,37.257626,Machakos
-1.369931,37.302542,Machakos
-1.369931,37.347458,Machakos
-1.369931,37.392374,Machakos
-1.369931,37.437289,Machakos
-1.369931,37.482205,Machakos
-1.369931,37.527121,Machakos
-1.369931,37.572037,Machakos
-1.369931,37.616953,Machakos
-1.369931,37.661868,Machakos
-1.369931,37.706784,Machakos
-1.369931,37.7517,Machakos
-1.369931,37.796616,Kitui
-1.369931,37.841531,Kitui
-1.369931,37.886447,Kitui
-1.369931,37.931363,Kitui
-1.369931,37.976279,Kitui
-1.369931,38.021194,Kitui
-1.369931,38.06611,Kitui
-1.369931,38.111026,Kitui
-1.369931,38.155942,Kitui
-1.369931,38.200857,Kitui
-1.369931,38.245773,Kitui
-1.369931,38.290689,Kitui
-1.369931,38.335605,Kitui
-1.369931,38.380521,Kitui
-1.369931,38.425436,Kitui
-1.369931,38.470352,Kitui
-1.369931,38.515268,Kitui
-1.369931,38.560184,Kitui
-1.369931,38.605099,Kitui
-1.369931,38.650015,Kitui
-1.369931,38.694931,Kitui
-1.369931,38.739847,Kitui
-1.369931,38.784762,Kitui
-1.369931,38.829678,Kitui
-1.369931,38.874594,Kitui
-1.369931,38.91951,Kitui
-1.369931,38.964425,Kitui
-1.369931,39.009341,Tana River
-1.369931,39.054257,Tana River
-1.369931,39.099173,Tana River
-1.369931,39.144089,Tana River
-1.369931,39.189004,Tana River
-1.369931,39.23392,Tana River
-1.369931,39.278836,Tana River
-1.369931,39.323752,Tana River
-1.369931,39.368667,Tana River
-1.369931,39.413583,Tana River
-1.369931,39.458499,Tana River
-1.369931,39.503415,Tana River
-1.369931,39.54833,Tana River
-1.369931,39.593246,Tana River
-1.369931,39.638162,Tana River
-1.369931,39.683078,Tana River
-1.369931,39.727993,Tana River
-1.369931,39.772909,Tana River
-1.369931,39.817825,Tana River
-1.369931,39.862741,Tana River
-1.369931,39.907656,Tana River
-1.369931,39.952572,Tana River
-1.369931,39.997488,Tana River
-1.369931,40.042404,Garissa
-1.369931,40.08732,Garissa
-1.369931,40.132235,Garissa
-1.369931,40.177151,Garissa
-1.369931,40.222067,Garissa
-1.369931,40.266983,Garissa
-1.369931,40.311898,Garissa
-1.369931,40.356814,Garissa
-1.369931,40.40173,Garissa
-1.369931,40.446646,Garissa
-1.369931,40.491561,Garissa
-1.369931,40.536477,Garissa
-1.369931,40.581393,Garissa
-1.369931,40.626309,Garissa
-1.369931,40.671224,Garissa
-1.369931,40.71614,Garissa
-1.369931,40.761056,Garissa
-1.369931,40.805972,Garissa
-1.369931,40.850888,Garissa
-1.369931,40.895803,Garissa
-1.369931,40.940719,Garissa
-1.369931,40.985635,Garissa
-1.369931,41.030551,Garissa
-1.369931,41.075466,Garissa
-1.369931,41.120382,Garissa
-1.369931,41.165298,Garissa
-1.369931,41.210214,Garissa
-1.369931,41.255129,Garissa
-1.369931,41.300045,Garissa
-1.369931,41.344961,Garissa
-1.369931,41.389877,Garissa
-1.414847,34.742344,Unknown
-1.414847,34.787259,Narok
-1.414847,34.832175,Narok
-1.414847,34.877091,Narok
-1.414847,34.922007,Narok
-1.414847,34.966922,Narok
-1.414847,35.011838,Narok
-1.414847,35.056754,Narok
-1.414847,35.10167,Narok
-1.414847,35.146585,Narok
-1.414847,35.191501,Narok
-1.414847,35.236417,Narok
-1.414847,35.281333,Narok
-1.414847,35.326249,Narok
-1.414847,35.371164,Narok
-1.414847,35.41608,Narok
-1.414847,35.460996,Narok
-1.414847,35.505912,Narok
-1.414847,35.550827,Narok
-1.414847,35.595743,Narok
-1.414847,35.640659,Narok
-1.414847,35.685575,Narok
-1.414847,35.73049,Narok
-1.414847,35.775406,Narok
-1.414847,35.820322,Narok
-1.414847,35.865238,Narok
-1.414847,35.910153,Narok
-1.414847,35.955069,Narok
-1.414847,35.999985,Narok
-1.414847,36.044901,Narok
-1.414847,36.089817,Narok
-1.414847,36.134732,Kajiado
-1.414847,36.179648,Kajiado
-1.414847,36.224564,Kajiado
-1.414847,36.26948,Kajiado
-1.414847,36.314395,Kajiado
-1.414847,36.359311,Kajiado
-1.414847,36.404227,Kajiado
-1.414847,36.449143,Kajiado
-1.414847,36.494058,Kajiado
-1.414847,36.538974,Kajiado
-1.414847,36.58389,Kajiado
-1.414847,36.628806,Kajiado
-1.414847,36.673721,Kajiado
-1.414847,36.718637,Kajiado
-1.414847,36.763553,Kajiado
-1.414847,36.808469,Kajiado
-1.414847,36.853385,Kajiado
-1.414847,36.8983,Nairobi
-1.414847,36.943216,Nairobi
-1.414847,36.988132,Machakos
-1.414847,37.033048,Machakos
-1.414847,37.077963,Machakos
-1.414847,37.122879,Machakos
-1.414847,37.167795,Machakos
-1.414847,37.212711,Machakos
-1.414847,37.257626,Machakos
-1.414847,37.302542,Machakos
-1.414847,37.347458,Machakos
-1.414847,37.392374,Machakos
-1.414847,37.437289,Machakos
-1.414847,37.482205,Machakos
-1.414847,37.527121,Machakos
-1.414847,37.572037,Machakos
-1.414847,37.616953,Machakos
-1.414847,37.661868,Machakos
-1.414847,37.706784,Machakos
-1.414847,37.7517,Machakos
-1.414847,37.796616,Machakos
-1.414847,37.841531,Kitui
-1.414847,37.886447,Kitui
-1.414847,37.931363,Kitui
-1.414847,37.976279,Kitui
-1.414847,38.021194,Kitui
-1.414847,38.06611,Kitui
-1.414847,38.111026,Kitui
-1.414847,38.155942,Kitui
-1.414847,38.200857,Kitui
-1.414847,38.245773,Kitui
-1.414847,38.290689,Kitui
-1.414847,38.335605,Kitui
-1.414847,38.380521,Kitui
-1.414847,38.425436,Kitui
-1.414847,38.470352,Kitui
-1.414847,38.515268,Kitui
-1.414847,38.560184,Kitui
-1.414847,38.605099,Kitui
-1.414847,38.650015,Kitui
-1.414847,38.694931,Kitui
-1.414847,38.739847,Kitui
-1.414847,38.784762,Kitui
-1.414847,38.829678,Kitui
-1.414847,38.874594,Kitui
-1.414847,38.91951,Kitui
-1.414847,38.964425,Kitui
-1.414847,39.009341,Tana River
-1.414847,39.054257,Tana River
-1.414847,39.099173,Tana River
-1.414847,39.144089,Tana River
-1.414847,39.189004,Tana River
-1.414847,39.23392,Tana River
-1.414847,39.278836,Tana River
-1.414847,39.323752,Tana River
-1.414847,39.368667,Tana River
-1.414847,39.413583,Tana River
-1.414847,39.458499,Tana River
-1.414847,39.503415,Tana River
-1.414847,39.54833,Tana River
-1.414847,39.593246,Tana River
-1.414847,39.638162,Tana River
-1.414847,39.683078,Tana River
-1.414847,39.727993,Tana River
-1.414847,39.772909,Tana River
-1.414847,39.817825,Tana River
-1.414847,39.862741,Tana River
-1.414847,39.907656,Tana River
-1.414847,39.952572,Tana River
-1.414847,39.997488,Tana River
-1.414847,40.042404,Garissa
-1.414847,40.08732,Garissa
-1.414847,40.132235,Garissa
-1.414847,40.177151,Garissa
-1.414847,40.222067,Garissa
-1.414847,40.266983,Garissa
-1.414847,40.311898,Garissa
-1.414847,40.356814,Garissa
-1.414847,40.40173,Garissa
-1.414847,40.446646,Garissa
-1.414847,40.491561,Garissa
-1.414847,40.536477,Garissa
-1.414847,40.581393,Garissa
-1.414847,40.626309,Garissa
-1.414847,40.671224,Garissa
-1.414847,40.71614,Garissa
-1.414847,40.761056,Garissa
-1.414847,40.805972,Garissa
-1.414847,40.850888,Garissa
-1.414847,40.895803,Garissa
-1.414847,40.940719,Garissa
-1.414847,40.985635,Garissa
-1.414847,41.030551,Garissa
-1.414847,41.075466,Garissa
-1.414847,41.120382,Garissa
-1.414847,41.165298,Garissa
-1.414847,41.210214,Garissa
-1.414847,41.255129,Garissa
-1.414847,41.300045,Garissa
-1.414847,41.344961,Garissa
-1.414847,41.389877,Garissa
-1.414847,41.434792,Unknown
-1.459762,34.832175,Unknown
-1.459762,34.877091,Narok
-1.459762,34.922007,Narok
-1.459762,34.966922,Narok
-1.459762,35.011838,Narok
-1.459762,35.056754,Narok
-1.459762,35.10167,Narok
-1.459762,35.146585,Narok
-1.459762,35.191501,Narok
-1.459762,35.236417,Narok
-1.459762,35.281333,Narok
-1.459762,35.326249,Narok
-1.459762,35.371164,Narok
-1.459762,35.41608,Narok
-1.459762,35.460996,Narok
-1.459762,35.505912,Narok
-1.459762,35.550827,Narok
-1.459762,35.595743,Narok
-1.459762,35.640659,Narok
-1.459762,35.685575,Narok
-1.459762,35.73049,Narok
-1.459762,35.775406,Narok
-1.459762,35.820322,Narok
-1.459762,35.865238,Narok
-1.459762,35.910153,Narok
-1.459762,35.955069,Narok
-1.459762,35.999985,Narok
-1.459762,36.044901,Narok
-1.459762,36.089817,Kajiado
-1.459762,36.134732,Kajiado
-1.459762,36.179648,Kajiado
-1.459762,36.224564,Kajiado
-1.459762,36.26948,Kajiado
-1.459762,36.314395,Kajiado
-1.459762,36.359311,Kajiado
-1.459762,36.404227,Kajiado
-1.459762,36.449143,Kajiado
-1.459762,36.494058,Kajiado
-1.459762,36.538974,Kajiado
-1.459762,36.58389,Kajiado
-1.459762,36.628806,Kajiado
-1.459762,36.673721,Kajiado
-1.459762,36.718637,Kajiado
-1.459762,36.763553,Kajiado
-1.459762,36.808469,Kajiado
-1.459762,36.853385,Kajiado
-1.459762,36.8983,Machakos
-1.459762,36.943216,Kajiado
-1.459762,36.988132,Machakos
-1.459762,37.033048,Machakos
-1.459762,37.077963,Machakos
-1.459762,37.122879,Machakos
-1.459762,37.167795,Machakos
-1.459762,37.212711,Machakos
-1.459762,37.257626,Machakos
-1.459762,37.302542,Machakos
-1.459762,37.347458,Machakos
-1.459762,37.392374,Machakos
-1.459762,37.437289,Machakos
-1.459762,37.482205,Machakos
-1.459762,37.527121,Machakos
-1.459762,37.572037,Machakos
-1.459762,37.616953,Machakos
-1.459762,37.661868,Machakos
-1.459762,37.706784,Machakos
-1.459762,37.7517,Machakos
-1.459762,37.796616,Kitui
-1.459762,37.841531,Kitui
-1.459762,37.886447,Kitui
-1.459762,37.931363,Kitui
-1.459762,37.976279,Kitui
-1.459762,38.021194,Kitui
-1.459762,38.06611,Kitui
-1.459762,38.111026,Kitui
-1.459762,38.155942,Kitui
-1.459762,38.200857,Kitui
-1.459762,38.245773,Kitui
-1.459762,38.290689,Kitui
-1.459762,38.335605,Kitui
-1.459762,38.380521,Kitui
-1.459762,38.425436,Kitui
-1.459762,38.470352,Kitui
-1.459762,38.515268,Kitui
-1.459762,38.560184,Kitui
-1.459762,38.605099,Kitui
-1.459762,38.650015,Kitui
-1.459762,38.694931,Kitui
-1.459762,38.739847,Kitui
-1.459762,38.784762,Kitui
-1.459762,38.829678,Kitui
-1.459762,38.874594,Kitui
-1.459762,38.91951,Kitui
-1.459762,38.964425,Kitui
-1.459762,39.009341,Tana River
-1.459762,39.054257,Tana River
-1.459762,39.099173,Tana River
-1.459762,39.144089,Tana River
-1.459762,39.189004,Tana River
-1.459762,39.23392,Tana River
-1.459762,39.278836,Tana River
-1.459762,39.323752,Tana River
-1.459762,39.368667,Tana River
-1.459762,39.413583,Tana River
-1.459762,39.458499,Tana River
-1.459762,39.503415,Tana River
-1.459762,39.54833,Tana River
-1.459762,39.593246,Tana River
-1.459762,39.638162,Tana River
-1.459762,39.683078,Tana River
-1.459762,39.727993,Tana River
-1.459762,39.772909,Tana River
-1.459762,39.817825,Tana River
-1.459762,39.862741,Tana River
-1.459762,39.907656,Tana River
-1.459762,39.952572,Tana River
-1.459762,39.997488,Tana River
-1.459762,40.042404,Garissa
-1.459762,40.08732,Garissa
-1.459762,40.132235,Garissa
-1.459762,40.177151,Garissa
-1.459762,40.222067,Garissa
-1.459762,40.266983,Garissa
-1.459762,40.311898,Garissa
-1.459762,40.356814,Garissa
-1.459762,40.40173,Garissa
-1.459762,40.446646,Garissa
-1.459762,40.491561,Garissa
-1.459762,40.536477,Garissa
-1.459762,40.581393,Garissa
-1.459762,40.626309,Garissa
-1.459762,40.671224,Garissa
-1.459762,40.71614,Garissa
-1.459762,40.761056,Garissa
-1.459762,40.805972,Garissa
-1.459762,40.850888,Garissa
-1.459762,40.895803,Garissa
-1.459762,40.940719,Garissa
-1.459762,40.985635,Garissa
-1.459762,41.030551,Garissa
-1.459762,41.075466,Garissa
-1.459762,41.120382,Garissa
-1.459762,41.165298,Garissa
-1.459762,41.210214,Garissa
-1.459762,41.255129,Garissa
-1.459762,41.300045,Garissa
-1.459762,41.344961,Garissa
-1.459762,41.389877,Garissa
-1.459762,41.434792,Garissa
-1.459762,41.479708,Unknown
-1.504678,34.922007,Unknown
-1.504678,34.966922,Narok
-1.504678,35.011838,Narok
-1.504678,35.056754,Narok
-1.504678,35.10167,Narok
-1.504678,35.146585,Narok
-1.504678,35.191501,Narok
-1.504678,35.236417,Narok
-1.504678,35.281333,Narok
-1.504678,35.326249,Narok
-1.504678,35.371164,Narok
-1.504678,35.41608,Narok
-1.504678,35.460996,Narok
-1.504678,35.505912,Narok
-1.504678,35.550827,Narok
-1.504678,35.595743,Narok
-1.504678,35.640659,Narok
-1.504678,35.685575,Narok
-1.504678,35.73049,Narok
-1.504678,35.775406,Narok
-1.504678,35.820322,Narok
-1.504678,35.865238,Narok
-1.504678,35.910153,Narok
-1.504678,35.955069,Narok
-1.504678,35.999985,Narok
-1.504678,36.044901,Narok
-1.504678,36.089817,Kajiado
-1.504678,36.134732,Kajiado
-1.504678,36.179648,Kajiado
-1.504678,36.224564,Kajiado
-1.504678,36.26948,Kajiado
-1.504678,36.314395,Kajiado
-1.504678,36.359311,Kajiado
-1.504678,36.404227,Kajiado
-1.504678,36.449143,Kajiado
-1.504678,36.494058,Kajiado
-1.504678,36.538974,Kajiado
-1.504678,36.58389,Kajiado
-1.504678,36.628806,Kajiado
-1.504678,36.673721,Kajiado
-1.504678,36.718637,Kajiado
-1.504678,36.763553,Kajiado
-1.504678,36.808469,Kajiado
-1.504678,36.853385,Kajiado
-1.504678,36.8983,Kajiado
-1.504678,36.943216,Kajiado
-1.504678,36.988132,Machakos
-1.504678,37.033048,Machakos
-1.504678,37.077963,Machakos
-1.504678,37.122879,Machakos
-1.504678,37.167795,Machakos
-1.504678,37.212711,Machakos
-1.504678,37.257626,Machakos
-1.504678,37.302542,Machakos
-1.504678,37.347458,Machakos
-1.504678,37.392374,Machakos
-1.504678,37.437289,Machakos
-1.504678,37.482205,Machakos
-1.504678,37.527121,Machakos
-1.504678,37.572037,Machakos
-1.504678,37.616953,Machakos
-1.504678,37.661868,Machakos
-1.504678,37.706784,Kitui
-1.504678,37.7517,Kitui
-1.504678,37.796616,Kitui
-1.504678,37.841531,Kitui
-1.504678,37.886447,Kitui
-1.504678,37.931363,Kitui
-1.504678,37.976279,Kitui
-1.504678,38.021194,Kitui
-1.504678,38.06611,Kitui
-1.504678,38.111026,Kitui
-1.504678,38.155942,Kitui
-1.504678,38.200857,Kitui
-1.504678,38.245773,Kitui
-1.504678,38.290689,Kitui
-1.504678,38.335605,Kitui
-1.504678,38.380521,Kitui
-1.504678,38.425436,Kitui
-1.504678,38.470352,Kitui
-1.504678,38.515268,Kitui
-1.504678,38.560184,Kitui
-1.504678,38.605099,Kitui
-1.504678,38.650015,Kitui
-1.504678,38.694931,Kitui
-1.504678,38.739847,Kitui
-1.504678,38.784762,Kitui
-1.504678,38.829678,Kitui
-1.504678,38.874594,Kitui
-1.504678,38.91951,Kitui
-1.504678,38.964425,Kitui
-1.504678,39.009341,Tana River
-1.504678,39.054257,Tana River
-1.504678,39.099173,Tana River
-1.504678,39.144089,Tana River
-1.504678,39.189004,Tana River
-1.504678,39.23392,Tana River
-1.504678,39.278836,Tana River
-1.504678,39.323752,Tana River
-1.504678,39.368667,Tana River
-1.504678,39.413583,Tana River
-1.504678,39.458499,Tana River
-1.504678,39.503415,Tana River
-1.504678,39.54833,Tana River
-1.504678,39.593246,Tana River
-1.504678,39.638162,Tana River
-1.504678,39.683078,Tana River
-1.504678,39.727993,Tana River
-1.504678,39.772909,Tana River
-1.504678,39.817825,Tana River
-1.504678,39.862741,Tana River
-1.504678,39.907656,Tana River
-1.504678,39.952572,Tana River
-1.504678,39.997488,Tana River
-1.504678,40.042404,Tana River
-1.504678,40.08732,Tana River
-1.504678,40.132235,Garissa
-1.504678,40.177151,Garissa
-1.504678,40.222067,Garissa
-1.504678,40.266983,Garissa
-1.504678,40.311898,Garissa
-1.504678,40.356814,Garissa
-1.504678,40.40173,Garissa
-1.504678,40.446646,Garissa
-1.504678,40.491561,Garissa
-1.504678,40.536477,Garissa
-1.504678,40.581393,Garissa
-1.504678,40.626309,Garissa
-1.504678,40.671224,Garissa
-1.504678,40.71614,Garissa
-1.504678,40.761056,Garissa
-1.504678,40.805972,Garissa
-1.504678,40.850888,Garissa
-1.504678,40.895803,Garissa
-1.504678,40.940719,Garissa
-1.504678,40.985635,Garissa
-1.504678,41.030551,Garissa
-1.504678,41.075466,Garissa
-1.504678,41.120382,Garissa
-1.504678,41.165298,Garissa
-1.504678,41.210214,Garissa
-1.504678,41.255129,Garissa
-1.504678,41.300045,Garissa
-1.504678,41.344961,Garissa
-1.504678,41.389877,Garissa
-1.504678,41.434792,Garissa
-1.504678,41.479708,Garissa
-1.504678,41.524624,Unknown
-1.549594,34.966922,Unknown
-1.549594,35.011838,Unknown
-1.549594,35.056754,Narok
-1.549594,35.10167,Narok
-1.549594,35.146585,Narok
-1.549594,35.191501,Narok
-1.549594,35.236417,Narok
-1.549594,35.281333,Narok
-1.549594,35.326249,Narok
-1.549594,35.371164,Narok
-1.549594,35.41608,Narok
-1.549594,35.460996,Narok
-1.549594,35.505912,Narok
-1.549594,35.550827,Narok
-1.549594,35.595743,Narok
-1.549594,35.640659,Narok
-1.549594,35.685575,Narok
-1.549594,35.73049,Narok
-1.549594,35.775406,Narok
-1.549594,35.820322,Narok
-1.549594,35.865238,Narok
-1.549594,35.910153,Narok
-1.549594,35.955069,Narok
-1.549594,35.999985,Narok
-1.549594,36.044901,Narok
-1.549594,36.089817,Kajiado
-1.549594,36.134732,Kajiado
-1.549594,36.179648,Kajiado
-1.549594,36.224564,Kajiado
-1.549594,36.26948,Kajiado
-1.549594,36.314395,Kajiado
-1.549594,36.359311,Kajiado
-1.549594,36.404227,Kajiado
-1.549594,36.449143,Kajiado
-1.549594,36.494058,Kajiado
-1.549594,36.538974,Kajiado
-1.549594,36.58389,Kajiado
-1.549594,36.628806,Kajiado
-1.549594,36.673721,Kajiado
-1.549594,36.718637,Kajiado
-1.549594,36.763553,Kajiado
-1.549594,36.808469,Kajiado
-1.549594,36.853385,Kajiado
-1.549594,36.8983,Kajiado
-1.549594,36.943216,Kajiado
-1.549594,36.988132,Machakos
-1.549594,37.033048,Machakos
-1.549594,37.077963,Machakos
-1.549594,37.122879,Machakos
-1.549594,37.167795,Machakos
-1.549594,37.212711,Machakos
-1.549594,37.257626,Machakos
-1.549594,37.302542,Machakos
-1.549594,37.347458,Machakos
-1.549594,37.392374,Makueni
-1.549594,37.437289,Makueni
-1.549594,37.482205,Makueni
-1.549594,37.527121,Makueni
-1.549594,37.572037,Machakos
-1.549594,37.616953,Machakos
-1.549594,37.661868,Machakos
-1.549594,37.706784,Machakos
-1.549594,37.7517,Kitui
-1.549594,37.796616,Kitui
-1.549594,37.841531,Kitui
-1.549594,37.886447,Kitui
-1.549594,37.931363,Kitui
-1.549594,37.976279,Kitui
-1.549594,38.021194,Kitui
-1.549594,38.06611,Kitui
-1.549594,38.111026,Kitui
-1.549594,38.155942,Kitui
-1.549594,38.200857,Kitui
-1.549594,38.245773,Kitui
-1.549594,38.290689,Kitui
-1.549594,38.335605,Kitui
-1.549594,38.380521,Kitui
-1.549594,38.425436,Kitui
-1.549594,38.470352,Kitui
-1.549594,38.515268,Kitui
-1.549594,38.560184,Kitui
-1.549594,38.605099,Kitui
-1.549594,38.650015,Kitui
-1.549594,38.694931,Kitui
-1.549594,38.739847,Kitui
-1.549594,38.784762,Kitui
-1.549594,38.829678,Kitui
-1.549594,38.874594,Kitui
-1.549594,38.91951,Kitui
-1.549594,38.964425,Kitui
-1.549594,39.009341,Tana River
-1.549594,39.054257,Tana River
-1.549594,39.099173,Tana River
-1.549594,39.144089,Tana River
-1.549594,39.189004,Tana River
-1.549594,39.23392,Tana River
-1.549594,39.278836,Tana River
-1.549594,39.323752,Tana River
-1.549594,39.368667,Tana River
-1.549594,39.413583,Tana River
-1.549594,39.458499,Tana River
-1.549594,39.503415,Tana River
-1.549594,39.54833,Tana River
-1.549594,39.593246,Tana River
-1.549594,39.638162,Tana River
-1.549594,39.683078,Tana River
-1.549594,39.727993,Tana River
-1.549594,39.772909,Tana River
-1.549594,39.817825,Tana River
-1.549594,39.862741,Tana River
-1.549594,39.907656,Tana River
-1.549594,39.952572,Tana River
-1.549594,39.997488,Tana River
-1.549594,40.042404,Tana River
-1.549594,40.08732,Tana River
-1.549594,40.132235,Garissa
-1.549594,40.177151,Garissa
-1.549594,40.222067,Garissa
-1.549594,40.266983,Garissa
-1.549594,40.311898,Garissa
-1.549594,40.356814,Garissa
-1.549594,40.40173,Garissa
-1.549594,40.446646,Garissa
-1.549594,40.491561,Garissa
-1.549594,40.536477,Garissa
-1.549594,40.581393,Garissa
-1.549594,40.626309,Garissa
-1.549594,40.671224,Garissa
-1.549594,40.71614,Garissa
-1.549594,40.761056,Garissa
-1.549594,40.805972,Garissa
-1.549594,40.850888,Garissa
-1.549594,40.895803,Garissa
-1.549594,40.940719,Garissa
-1.549594,40.985635,Garissa
-1.549594,41.030551,Garissa
-1.549594,41.075466,Garissa
-1.549594,41.120382,Garissa
-1.549594,41.165298,Garissa
-1.549594,41.210214,Garissa
-1.549594,41.255129,Garissa
-1.549594,41.300045,Garissa
-1.549594,41.344961,Garissa
-1.549594,41.389877,Garissa
-1.549594,41.434792,Garissa
-1.549594,41.479708,Garissa
-1.549594,41.524624,Unknown
-1.59451,35.056754,Unknown
-1.59451,35.10167,Narok
-1.59451,35.146585,Narok
-1.59451,35.191501,Narok
-1.59451,35.236417,Narok
-1.59451,35.281333,Narok
-1.59451,35.326249,Narok
-1.59451,35.371164,Narok
-1.59451,35.41608,Narok
-1.59451,35.460996,Narok
-1.59451,35.505912,Narok
-1.59451,35.550827,Narok
-1.59451,35.595743,Narok
-1.59451,35.640659,Narok
-1.59451,35.685575,Narok
-1.59451,35.73049,Narok
-1.59451,35.775406,Narok
-1.59451,35.820322,Narok
-1.59451,35.865238,Narok
-1.59451,35.910153,Narok
-1.59451,35.955069,Narok
-1.59451,35.999985,Narok
-1.59451,36.044901,Narok
-1.59451,36.089817,Kajiado
-1.59451,36.134732,Kajiado
-1.59451,36.179648,Kajiado
-1.59451,36.224564,Kajiado
-1.59451,36.26948,Kajiado
-1.59451,36.314395,Kajiado
-1.59451,36.359311,Kajiado
-1.59451,36.404227,Kajiado
-1.59451,36.449143,Kajiado
-1.59451,36.494058,Kajiado
-1.59451,36.538974,Kajiado
-1.59451,36.58389,Kajiado
-1.59451,36.628806,Kajiado
-1.59451,36.673721,Kajiado
-1.59451,36.718637,Kajiado
-1.59451,36.763553,Kajiado
-1.59451,36.808469,Kajiado
-1.59451,36.853385,Kajiado
-1.59451,36.8983,Kajiado
-1.59451,36.943216,Kajiado
-1.59451,36.988132,Kajiado
-1.59451,37.033048,Machakos
-1.59451,37.077963,Machakos
-1.59451,37.122879,Machakos
-1.59451,37.167795,Machakos
-1.59451,37.212711,Machakos
-1.59451,37.257626,Machakos
-1.59451,37.302542,Machakos
-1.59451,37.347458,Machakos
-1.59451,37.392374,Makueni
-1.59451,37.437289,Makueni
-1.59451,37.482205,Makueni
-1.59451,37.527121,Makueni
-1.59451,37.572037,Makueni
-1.59451,37.616953,Makueni
-1.59451,37.661868,Machakos
-1.59451,37.706784,Machakos
-1.59451,37.7517,Makueni
-1.59451,37.796616,Kitui
-1.59451,37.841531,Kitui
-1.59451,37.886447,Kitui
-1.59451,37.931363,Kitui
-1.59451,37.976279,Kitui
-1.59451,38.021194,Kitui
-1.59451,38.06611,Kitui
-1.59451,38.111026,Kitui
-1.59451,38.155942,Kitui
-1.59451,38.200857,Kitui
-1.59451,38.245773,Kitui
-1.59451,38.290689,Kitui
-1.59451,38.335605,Kitui
-1.59451,38.380521,Kitui
-1.59451,38.425436,Kitui
-1.59451,38.470352,Kitui
-1.59451,38.515268,Kitui
-1.59451,38.560184,Kitui
-1.59451,38.605099,Kitui
-1.59451,38.650015,Kitui
-1.59451,38.694931,Kitui
-1.59451,38.739847,Kitui
-1.59451,38.784762,Kitui
-1.59451,38.829678,Kitui
-1.59451,38.874594,Kitui
-1.59451,38.91951,Kitui
-1.59451,38.964425,Kitui
-1.59451,39.009341,Tana River
-1.59451,39.054257,Tana River
-1.59451,39.099173,Tana River
-1.59451,39.144089,Tana River
-1.59451,39.189004,Tana River
-1.59451,39.23392,Tana River
-1.59451,39.278836,Tana River
-1.59451,39.323752,Tana River
-1.59451,39.368667,Tana River
-1.59451,39.413583,Tana River
-1.59451,39.458499,Tana River
-1.59451,39.503415,Tana River
-1.59451,39.54833,Tana River
-1.59451,39.593246,Tana River
-1.59451,39.638162,Tana River
-1.59451,39.683078,Tana River
-1.59451,39.727993,Tana River
-1.59451,39.772909,Tana River
-1.59451,39.817825,Tana River
-1.59451,39.862741,Tana River
-1.59451,39.907656,Tana River
-1.59451,39.952572,Tana River
-1.59451,39.997488,Tana River
-1.59451,40.042404,Tana River
-1.59451,40.08732,Tana River
-1.59451,40.132235,Tana River
-1.59451,40.177151,Garissa
-1.59451,40.222067,Garissa
-1.59451,40.266983,Garissa
-1.59451,40.311898,Garissa
-1.59451,40.356814,Garissa
-1.59451,40.40173,Garissa
-1.59451,40.446646,Garissa
-1.59451,40.491561,Garissa
-1.59451,40.536477,Garissa
-1.59451,40.581393,Garissa
-1.59451,40.626309,Garissa
-1.59451,40.671224,Garissa
-1.59451,40.71614,Garissa
-1.59451,40.761056,Garissa
-1.59451,40.805972,Garissa
-1.59451,40.850888,Garissa
-1.59451,40.895803,Garissa
-1.59451,40.940719,Garissa
-1.59451,40.985635,Garissa
-1.59451,41.030551,Garissa
-1.59451,41.075466,Garissa
-1.59451,41.120382,Garissa
-1.59451,41.165298,Garissa
-1.59451,41.210214,Garissa
-1.59451,41.255129,Garissa
-1.59451,41.300045,Garissa
-1.59451,41.344961,Garissa
-1.59451,41.389877,Garissa
-1.59451,41.434792,Garissa
-1.59451,41.479708,Garissa
-1.59451,41.524624,Garissa
-1.59451,41.56954,Unknown
-1.639425,35.146585,Unknown
-1.639425,35.191501,Narok
-1.639425,35.236417,Narok
-1.639425,35.281333,Narok
-1.639425,35.326249,Narok
-1.639425,35.371164,Narok
-1.639425,35.41608,Narok
-1.639425,35.460996,Narok
-1.639425,35.505912,Narok
-1.639425,35.550827,Narok
-1.639425,35.595743,Narok
-1.639425,35.640659,Narok
-1.639425,35.685575,Narok
-1.639425,35.73049,Narok
-1.639425,35.775406,Narok
-1.639425,35.820322,Narok
-1.639425,35.865238,Narok
-1.639425,35.910153,Narok
-1.639425,35.955069,Narok
-1.639425,35.999985,Narok
-1.639425,36.044901,Narok
-1.639425,36.089817,Kajiado
-1.639425,36.134732,Kajiado
-1.639425,36.179648,Kajiado
-1.639425,36.224564,Kajiado
-1.639425,36.26948,Kajiado
-1.639425,36.314395,Kajiado
-1.639425,36.359311,Kajiado
-1.639425,36.404227,Kajiado
-1.639425,36.449143,Kajiado
-1.639425,36.494058,Kajiado
-1.639425,36.538974,Kajiado
-1.639425,36.58389,Kajiado
-1.639425,36.628806,Kajiado
-1.639425,36.673721,Kajiado
-1.639425,36.718637,Kajiado
-1.639425,36.763553,Kajiado
-1.639425,36.808469,Kajiado
-1.639425,36.853385,Kajiado
-1.639425,36.8983,Kajiado
-1.639425,36.943216,Kajiado
-1.639425,36.988132,Kajiado
-1.639425,37.033048,Kajiado
-1.639425,37.077963,Machakos
-1.639425,37.122879,Machakos
-1.639425,37.167795,Machakos
-1.639425,37.212711,Machakos
-1.639425,37.257626,Machakos
-1.639425,37.302542,Machakos
-1.639425,37.347458,Machakos
-1.639425,37.392374,Makueni
-1.639425,37.437289,Makueni
-1.639425,37.482205,Makueni
-1.639425,37.527121,Makueni
-1.639425,37.572037,Makueni
-1.639425,37.616953,Makueni
-1.639425,37.661868,Machakos
-1.639425,37.706784,Makueni
-1.639425,37.7517,Makueni
-1.639425,37.796616,Makueni
-1.639425,37.841531,Kitui
-1.639425,37.886447,Kitui
-1.639425,37.931363,Kitui
-1.639425,37.976279,Kitui
-1.639425,38.021194,Kitui
-1.639425,38.06611,Kitui
-1.639425,38.111026,Kitui
-1.639425,38.155942,Kitui
-1.639425,38.200857,Kitui
-1.639425,38.245773,Kitui
-1.639425,38.290689,Kitui
-1.639425,38.335605,Kitui
-1.639425,38.380521,Kitui
-1.639425,38.425436,Kitui
-1.639425,38.470352,Kitui
-1.639425,38.515268,Kitui
-1.639425,38.560184,Kitui
-1.639425,38.605099,Kitui
-1.639425,38.650015,Kitui
-1.639425,38.694931,Kitui
-1.639425,38.739847,Kitui
-1.639425,38.784762,Kitui
-1.639425,38.829678,Kitui
-1.639425,38.874594,Kitui
-1.639425,38.91951,Kitui
-1.639425,38.964425,Kitui
-1.639425,39.009341,Tana River
-1.639425,39.054257,Tana River
-1.639425,39.099173,Tana River
-1.639425,39.144089,Tana River
-1.639425,39.189004,Tana River
-1.639425,39.23392,Tana River
-1.639425,39.278836,Tana River
-1.639425,39.323752,Tana River
-1.639425,39.368667,Tana River
-1.639425,39.413583,Tana River
-1.639425,39.458499,Tana River
-1.639425,39.503415,Tana River
-1.639425,39.54833,Tana River
-1.639425,39.593246,Tana River
-1.639425,39.638162,Tana River
-1.639425,39.683078,Tana River
-1.639425,39.727993,Tana River
-1.639425,39.772909,Tana River
-1.639425,39.817825,Tana River
-1.639425,39.862741,Tana River
-1.639425,39.907656,Tana River
-1.639425,39.952572,Tana River
-1.639425,39.997488,Tana River
-1.639425,40.042404,Tana River
-1.639425,40.08732,Tana River
-1.639425,40.132235,Tana River
-1.639425,40.177151,Garissa
-1.639425,40.222067,Garissa
-1.639425,40.266983,Garissa
-1.639425,40.311898,Garissa
-1.639425,40.356814,Garissa
-1.639425,40.40173,Garissa
-1.639425,40.446646,Garissa
-1.639425,40.491561,Garissa
-1.639425,40.536477,Garissa
-1.639425,40.581393,Garissa
-1.639425,40.626309,Garissa
-1.639425,40.671224,Garissa
-1.639425,40.71614,Garissa
-1.639425,40.761056,Garissa
-1.639425,40.805972,Garissa
-1.639425,40.850888,Garissa
-1.639425,40.895803,Garissa
-1.639425,40.940719,Garissa
-1.639425,40.985635,Garissa
-1.639425,41.030551,Garissa
-1.639425,41.075466,Garissa
-1.639425,41.120382,Garissa
-1.639425,41.165298,Garissa
-1.639425,41.210214,Garissa
-1.639425,41.255129,Garissa
-1.639425,41.300045,Garissa
-1.639425,41.344961,Garissa
-1.639425,41.389877,Garissa
-1.639425,41.434792,Garissa
-1.639425,41.479708,Garissa
-1.639425,41.524624,Garissa
-1.639425,41.56954,Unknown
-1.684341,35.236417,Unknown
-1.684341,35.281333,Narok
-1.684341,35.326249,Narok
-1.684341,35.371164,Narok
-1.684341,35.41608,Narok
-1.684341,35.460996,Narok
-1.684341,35.505912,Narok
-1.684341,35.550827,Narok
-1.684341,35.595743,Narok
-1.684341,35.640659,Narok
-1.684341,35.685575,Narok
-1.684341,35.73049,Narok
-1.684341,35.775406,Narok
-1.684341,35.820322,Narok
-1.684341,35.865238,Narok
-1.684341,35.910153,Narok
-1.684341,35.955069,Narok
-1.684341,35.999985,Narok
-1.684341,36.044901,Narok
-1.684341,36.089817,Kajiado
-1.684341,36.134732,Kajiado
-1.684341,36.179648,Kajiado
-1.684341,36.224564,Kajiado
-1.684341,36.26948,Kajiado
-1.684341,36.314395,Kajiado
-1.684341,36.359311,Kajiado
-1.684341,36.404227,Kajiado
-1.684341,36.449143,Kajiado
-1.684341,36.494058,Kajiado
-1.684341,36.538974,Kajiado
-1.684341,36.58389,Kajiado
-1.684341,36.628806,Kajiado
-1.684341,36.673721,Kajiado
-1.684341,36.718637,Kajiado
-1.684341,36.763553,Kajiado
-1.684341,36.808469,Kajiado
-1.684341,36.853385,Kajiado
-1.684341,36.8983,Kajiado
-1.684341,36.943216,Kajiado
-1.684341,36.988132,Kajiado
-1.684341,37.033048,Kajiado
-1.684341,37.077963,Machakos
-1.684341,37.122879,Machakos
-1.684341,37.167795,Machakos
-1.684341,37.212711,Machakos
-1.684341,37.257626,Machakos
-1.684341,37.302542,Machakos
-1.684341,37.347458,Machakos
-1.684341,37.392374,Machakos
-1.684341,37.437289,Makueni
-1.684341,37.482205,Makueni
-1.684341,37.527121,Makueni
-1.684341,37.572037,Makueni
-1.684341,37.616953,Makueni
-1.684341,37.661868,Makueni
-1.684341,37.706784,Makueni
-1.684341,37.7517,Makueni
-1.684341,37.796616,Makueni
-1.684341,37.841531,Kitui
-1.684341,37.886447,Kitui
-1.684341,37.931363,Kitui
-1.684341,37.976279,Kitui
-1.684341,38.021194,Kitui
-1.684341,38.06611,Kitui
-1.684341,38.111026,Kitui
-1.684341,38.155942,Kitui
-1.684341,38.200857,Kitui
-1.684341,38.245773,Kitui
-1.684341,38.290689,Kitui
-1.684341,38.335605,Kitui
-1.684341,38.380521,Kitui
-1.684341,38.425436,Kitui
-1.684341,38.470352,Kitui
-1.684341,38.515268,Kitui
-1.684341,38.560184,Kitui
-1.684341,38.605099,Kitui
-1.684341,38.650015,Kitui
-1.684341,38.694931,Kitui
-1.684341,38.739847,Kitui
-1.684341,38.784762,Kitui
-1.684341,38.829678,Kitui
-1.684341,38.874594,Kitui
-1.684341,38.91951,Kitui
-1.684341,38.964425,Kitui
-1.684341,39.009341,Tana River
-1.684341,39.054257,Tana River
-1.684341,39.099173,Tana River
-1.684341,39.144089,Tana River
-1.684341,39.189004,Tana River
-1.684341,39.23392,Tana River
-1.684341,39.278836,Tana River
-1.684341,39.323752,Tana River
-1.684341,39.368667,Tana River
-1.684341,39.413583,Tana River
-1.684341,39.458499,Tana River
-1.684341,39.503415,Tana River
-1.684341,39.54833,Tana River
-1.684341,39.593246,Tana River
-1.684341,39.638162,Tana River
-1.684341,39.683078,Tana River
-1.684341,39.727993,Tana River
-1.684341,39.772909,Tana River
-1.684341,39.817825,Tana River
-1.684341,39.862741,Tana River
-1.684341,39.907656,Tana River
-1.684341,39.952572,Tana River
-1.684341,39.997488,Tana River
-1.684341,40.042404,Tana River
-1.684341,40.08732,Tana River
-1.684341,40.132235,Tana River
-1.684341,40.177151,Garissa
-1.684341,40.222067,Garissa
-1.684341,40.266983,Garissa
-1.684341,40.311898,Garissa
-1.684341,40.356814,Garissa
-1.684341,40.40173,Garissa
-1.684341,40.446646,Garissa
-1.684341,40.491561,Garissa
-1.684341,40.536477,Garissa
-1.684341,40.581393,Garissa
-1.684341,40.626309,Garissa
-1.684341,40.671224,Garissa
-1.684341,40.71614,Garissa
-1.684341,40.761056,Garissa
-1.684341,40.805972,Garissa
-1.684341,40.850888,Garissa
-1.684341,40.895803,Garissa
-1.684341,40.940719,Garissa
-1.684341,40.985635,Garissa
-1.684341,41.030551,Garissa
-1.684341,41.075466,Garissa
-1.684341,41.120382,Garissa
-1.684341,41.165298,Garissa
-1.684341,41.210214,Garissa
-1.684341,41.255129,Garissa
-1.684341,41.300045,Lamu
-1.684341,41.344961,Lamu
-1.684341,41.389877,Lamu
-1.684341,41.434792,Lamu
-1.684341,41.479708,Lamu
-1.684341,41.524624,Lamu
-1.729257,35.281333,Unknown
-1.729257,35.326249,Unknown
-1.729257,35.371164,Narok
-1.729257,35.41608,Narok
-1.729257,35.460996,Narok
-1.729257,35.505912,Narok
-1.729257,35.550827,Narok
-1.729257,35.595743,Narok
-1.729257,35.640659,Narok
-1.729257,35.685575,Narok
-1.729257,35.73049,Narok
-1.729257,35.775406,Narok
-1.729257,35.820322,Narok
-1.729257,35.865238,Narok
-1.729257,35.910153,Narok
-1.729257,35.955069,Narok
-1.729257,35.999985,Narok
-1.729257,36.044901,Narok
-1.729257,36.089817,Kajiado
-1.729257,36.134732,Kajiado
-1.729257,36.179648,Kajiado
-1.729257,36.224564,Kajiado
-1.729257,36.26948,Kajiado
-1.729257,36.314395,Kajiado
-1.729257,36.359311,Kajiado
-1.729257,36.404227,Kajiado
-1.729257,36.449143,Kajiado
-1.729257,36.494058,Kajiado
-1.729257,36.538974,Kajiado
-1.729257,36.58389,Kajiado
-1.729257,36.628806,Kajiado
-1.729257,36.673721,Kajiado
-1.729257,36.718637,Kajiado
-1.729257,36.763553,Kajiado
-1.729257,36.808469,Kajiado
-1.729257,36.853385,Kajiado
-1.729257,36.8983,Kajiado
-1.729257,36.943216,Kajiado
-1.729257,36.988132,Kajiado
-1.729257,37.033048,Kajiado
-1.729257,37.077963,Kajiado
-1.729257,37.122879,Machakos
-1.729257,37.167795,Machakos
-1.729257,37.212711,Machakos
-1.729257,37.257626,Machakos
-1.729257,37.302542,Makueni
-1.729257,37.347458,Makueni
-1.729257,37.392374,Makueni
-1.729257,37.437289,Makueni
-1.729257,37.482205,Makueni
-1.729257,37.527121,Makueni
-1.729257,37.572037,Makueni
-1.729257,37.616953,Makueni
-1.729257,37.661868,Makueni
-1.729257,37.706784,Makueni
-1.729257,37.7517,Makueni
-1.729257,37.796616,Makueni
-1.729257,37.841531,Makueni
-1.729257,37.886447,Kitui
-1.729257,37.931363,Kitui
-1.729257,37.976279,Kitui
-1.729257,38.021194,Kitui
-1.729257,38.06611,Kitui
-1.729257,38.111026,Kitui
-1.729257,38.155942,Kitui
-1.729257,38.200857,Kitui
-1.729257,38.245773,Kitui
-1.729257,38.290689,Kitui
-1.729257,38.335605,Kitui
-1.729257,38.380521,Kitui
-1.729257,38.425436,Kitui
-1.729257,38.470352,Kitui
-1.729257,38.515268,Kitui
-1.729257,38.560184,Kitui
-1.729257,38.605099,Kitui
-1.729257,38.650015,Kitui
-1.729257,38.694931,Kitui
-1.729257,38.739847,Kitui
-1.729257,38.784762,Kitui
-1.729257,38.829678,Kitui
-1.729257,38.874594,Kitui
-1.729257,38.91951,Kitui
-1.729257,38.964425,Kitui
-1.729257,39.009341,Tana River
-1.729257,39.054257,Tana River
-1.729257,39.099173,Tana River
-1.729257,39.144089,Tana River
-1.729257,39.189004,Tana River
-1.729257,39.23392,Tana River
-1.729257,39.278836,Tana River
-1.729257,39.323752,Tana River
-1.729257,39.368667,Tana River
-1.729257,39.413583,Tana River
-1.729257,39.458499,Tana River
-1.729257,39.503415,Tana River
-1.729257,39.54833,Tana River
-1.729257,39.593246,Tana River
-1.729257,39.638162,Tana River
-1.729257,39.683078,Tana River
-1.729257,39.727993,Tana River
-1.729257,39.772909,Tana River
-1.729257,39.817825,Tana River
-1.729257,39.862741,Tana River
-1.729257,39.907656,Tana River
-1.729257,39.952572,Tana River
-1.729257,39.997488,Tana River
-1.729257,40.042404,Tana River
-1.729257,40.08732,Tana River
-1.729257,40.132235,Tana River
-1.729257,40.177151,Garissa
-1.729257,40.222067,Garissa
-1.729257,40.266983,Garissa
-1.729257,40.311898,Garissa
-1.729257,40.356814,Garissa
-1.729257,40.40173,Garissa
-1.729257,40.446646,Garissa
-1.729257,40.491561,Garissa
-1.729257,40.536477,Garissa
-1.729257,40.581393,Garissa
-1.729257,40.626309,Garissa
-1.729257,40.671224,Garissa
-1.729257,40.71614,Garissa
-1.729257,40.761056,Garissa
-1.729257,40.805972,Garissa
-1.729257,40.850888,Garissa
-1.729257,40.895803,Lamu
-1.729257,40.940719,Lamu
-1.729257,40.985635,Lamu
-1.729257,41.030551,Lamu
-1.729257,41.075466,Lamu
-1.729257,41.120382,Lamu
-1.729257,41.165298,Lamu
-1.729257,41.210214,Lamu
-1.729257,41.255129,Lamu
-1.729257,41.300045,Lamu
-1.729257,41.344961,Lamu
-1.729257,41.389877,Lamu
-1.729257,41.434792,Lamu
-1.729257,41.479708,Lamu
-1.774173,35.371164,Unknown
-1.774173,35.41608,Narok
-1.774173,35.460996,Narok
-1.774173,35.505912,Narok
-1.774173,35.550827,Narok
-1.774173,35.595743,Narok
-1.774173,35.640659,Narok
-1.774173,35.685575,Narok
-1.774173,35.73049,Narok
-1.774173,35.775406,Narok
-1.774173,35.820322,Narok
-1.774173,35.865238,Narok
-1.774173,35.910153,Narok
-1.774173,35.955069,Narok
-1.774173,35.999985,Narok
-1.774173,36.044901,Kajiado
-1.774173,36.089817,Kajiado
-1.774173,36.134732,Kajiado
-1.774173,36.179648,Kajiado
-1.774173,36.224564,Kajiado
-1.774173,36.26948,Kajiado
-1.774173,36.314395,Kajiado
-1.774173,36.359311,Kajiado
-1.774173,36.404227,Kajiado
-1.774173,36.449143,Kajiado
-1.774173,36.494058,Kajiado
-1.774173,36.538974,Kajiado
-1.774173,36.58389,Kajiado
-1.774173,36.628806,Kajiado
-1.774173,36.673721,Kajiado
-1.774173,36.718637,Kajiado
-1.774173,36.763553,Kajiado
-1.774173,36.808469,Kajiado
-1.774173,36.853385,Kajiado
-1.774173,36.8983,Kajiado
-1.774173,36.943216,Kajiado
-1.774173,36.988132,Kajiado
-1.774173,37.033048,Kajiado
-1.774173,37.077963,Kajiado
-1.774173,37.122879,Kajiado
-1.774173,37.167795,Machakos
-1.774173,37.212711,Makueni
-1.774173,37.257626,Makueni
-1.774173,37.302542,Makueni
-1.774173,37.347458,Makueni
-1.774173,37.392374,Makueni
-1.774173,37.437289,Makueni
-1.774173,37.482205,Makueni
-1.774173,37.527121,Makueni
-1.774173,37.572037,Makueni
-1.774173,37.616953,Makueni
-1.774173,37.661868,Makueni
-1.774173,37.706784,Makueni
-1.774173,37.7517,Makueni
-1.774173,37.796616,Makueni
-1.774173,37.841531,Kitui
-1.774173,37.886447,Kitui
-1.774173,37.931363,Kitui
-1.774173,37.976279,Kitui
-1.774173,38.021194,Kitui
-1.774173,38.06611,Kitui
-1.774173,38.111026,Kitui
-1.774173,38.155942,Kitui
-1.774173,38.200857,Kitui
-1.774173,38.245773,Kitui
-1.774173,38.290689,Kitui
-1.774173,38.335605,Kitui
-1.774173,38.380521,Kitui
-1.774173,38.425436,Kitui
-1.774173,38.470352,Kitui
-1.774173,38.515268,Kitui
-1.774173,38.560184,Kitui
-1.774173,38.605099,Kitui
-1.774173,38.650015,Kitui
-1.774173,38.694931,Kitui
-1.774173,38.739847,Kitui
-1.774173,38.784762,Kitui
-1.774173,38.829678,Kitui
-1.774173,38.874594,Kitui
-1.774173,38.91951,Kitui
-1.774173,38.964425,Kitui
-1.774173,39.009341,Tana River
-1.774173,39.054257,Tana River
-1.774173,39.099173,Tana River
-1.774173,39.144089,Tana River
-1.774173,39.189004,Tana River
-1.774173,39.23392,Tana River
-1.774173,39.278836,Tana River
-1.774173,39.323752,Tana River
-1.774173,39.368667,Tana River
-1.774173,39.413583,Tana River
-1.774173,39.458499,Tana River
-1.774173,39.503415,Tana River
-1.774173,39.54833,Tana River
-1.774173,39.593246,Tana River
-1.774173,39.638162,Tana River
-1.774173,39.683078,Tana River
-1.774173,39.727993,Tana River
-1.774173,39.772909,Tana River
-1.774173,39.817825,Tana River
-1.774173,39.862741,Tana River
-1.774173,39.907656,Tana River
-1.774173,39.952572,Tana River
-1.774173,39.997488,Tana River
-1.774173,40.042404,Tana River
-1.774173,40.08732,Tana River
-1.774173,40.132235,Tana River
-1.774173,40.177151,Garissa
-1.774173,40.222067,Garissa
-1.774173,40.266983,Garissa
-1.774173,40.311898,Garissa
-1.774173,40.356814,Garissa
-1.774173,40.40173,Garissa
-1.774173,40.446646,Garissa
-1.774173,40.491561,Garissa
-1.774173,40.536477,Garissa
-1.774173,40.581393,Garissa
-1.774173,40.626309,Garissa
-1.774173,40.671224,Garissa
-1.774173,40.71614,Garissa
-1.774173,40.761056,Garissa
-1.774173,40.805972,Lamu
-1.774173,40.850888,Lamu
-1.774173,40.895803,Lamu
-1.774173,40.940719,Lamu
-1.774173,40.985635,Lamu
-1.774173,41.030551,Lamu
-1.774173,41.075466,Lamu
-1.774173,41.120382,Lamu
-1.774173,41.165298,Lamu
-1.774173,41.210214,Lamu
-1.774173,41.255129,Lamu
-1.774173,41.300045,Lamu
-1.774173,41.344961,Lamu
-1.774173,41.389877,Lamu
-1.774173,41.434792,Lamu
-1.819088,35.460996,Unknown
-1.819088,35.505912,Narok
-1.819088,35.550827,Narok
-1.819088,35.595743,Narok
-1.819088,35.640659,Narok
-1.819088,35.685575,Narok
-1.819088,35.73049,Narok
-1.819088,35.775406,Narok
-1.819088,35.820322,Narok
-1.819088,35.865238,Narok
-1.819088,35.910153,Narok
-1.819088,35.955069,Narok
-1.819088,35.999985,Narok
-1.819088,36.044901,Kajiado
-1.819088,36.089817,Kajiado
-1.819088,36.134732,Kajiado
-1.819088,36.179648,Kajiado
-1.819088,36.224564,Kajiado
-1.819088,36.26948,Kajiado
-1.819088,36.314395,Kajiado
-1.819088,36.359311,Kajiado
-1.819088,36.404227,Kajiado
-1.819088,36.449143,Kajiado
-1.819088,36.494058,Kajiado
-1.819088,36.538974,Kajiado
-1.819088,36.58389,Kajiado
-1.819088,36.628806,Kajiado
-1.819088,36.673721,Kajiado
-1.819088,36.718637,Kajiado
-1.819088,36.763553,Kajiado
-1.819088,36.808469,Kajiado
-1.819088,36.853385,Kajiado
-1.819088,36.8983,Kajiado
-1.819088,36.943216,Kajiado
-1.819088,36.988132,Kajiado
-1.819088,37.033048,Kajiado
-1.819088,37.077963,Kajiado
-1.819088,37.122879,Kajiado
-1.819088,37.167795,Makueni
-1.819088,37.212711,Makueni
-1.819088,37.257626,Makueni
-1.819088,37.302542,Makueni
-1.819088,37.347458,Makueni
-1.819088,37.392374,Makueni
-1.819088,37.437289,Makueni
-1.819088,37.482205,Makueni
-1.819088,37.527121,Makueni
-1.819088,37.572037,Makueni
-1.819088,37.616953,Makueni
-1.819088,37.661868,Makueni
-1.819088,37.706784,Makueni
-1.819088,37.7517,Makueni
-1.819088,37.796616,Makueni
-1.819088,37.841531,Makueni
-1.819088,37.886447,Kitui
-1.819088,37.931363,Kitui
-1.819088,37.976279,Kitui
-1.819088,38.021194,Kitui
-1.819088,38.06611,Kitui
-1.819088,38.111026,Kitui
-1.819088,38.155942,Kitui
-1.819088,38.200857,Kitui
-1.819088,38.245773,Kitui
-1.819088,38.290689,Kitui
-1.819088,38.335605,Kitui
-1.819088,38.380521,Kitui
-1.819088,38.425436,Kitui
-1.819088,38.470352,Kitui
-1.819088,38.515268,Kitui
-1.819088,38.560184,Kitui
-1.819088,38.605099,Kitui
-1.819088,38.650015,Kitui
-1.819088,38.694931,Kitui
-1.819088,38.739847,Kitui
-1.819088,38.784762,Kitui
-1.819088,38.829678,Kitui
-1.819088,38.874594,Kitui
-1.819088,38.91951,Kitui
-1.819088,38.964425,Kitui
-1.819088,39.009341,Tana River
-1.819088,39.054257,Tana River
-1.819088,39.099173,Tana River
-1.819088,39.144089,Tana River
-1.819088,39.189004,Tana River
-1.819088,39.23392,Tana River
-1.819088,39.278836,Tana River
-1.819088,39.323752,Tana River
-1.819088,39.368667,Tana River
-1.819088,39.413583,Tana River
-1.819088,39.458499,Tana River
-1.819088,39.503415,Tana River
-1.819088,39.54833,Tana River
-1.819088,39.593246,Tana River
-1.819088,39.638162,Tana River
-1.819088,39.683078,Tana River
-1.819088,39.727993,Tana River
-1.819088,39.772909,Tana River
-1.819088,39.817825,Tana River
-1.819088,39.862741,Tana River
-1.819088,39.907656,Tana River
-1.819088,39.952572,Tana River
-1.819088,39.997488,Tana River
-1.819088,40.042404,Tana River
-1.819088,40.08732,Tana River
-1.819088,40.132235,Tana River
-1.819088,40.177151,Garissa
-1.819088,40.222067,Garissa
-1.819088,40.266983,Garissa
-1.819088,40.311898,Garissa
-1.819088,40.356814,Garissa
-1.819088,40.40173,Garissa
-1.819088,40.446646,Garissa
-1.819088,40.491561,Garissa
-1.819088,40.536477,Garissa
-1.819088,40.581393,Garissa
-1.819088,40.626309,Garissa
-1.819088,40.671224,Garissa
-1.819088,40.71614,Lamu
-1.819088,40.761056,Lamu
-1.819088,40.805972,Lamu
-1.819088,40.850888,Lamu
-1.819088,40.895803,Lamu
-1.819088,40.940719,Lamu
-1.819088,40.985635,Lamu
-1.819088,41.030551,Lamu
-1.819088,41.075466,Lamu
-1.819088,41.120382,Lamu
-1.819088,41.165298,Lamu
-1.819088,41.210214,Lamu
-1.819088,41.255129,Lamu
-1.819088,41.300045,Lamu
-1.819088,41.344961,Lamu
-1.819088,41.389877,Lamu
-1.819088,41.434792,Unknown
-1.864004,35.550827,Unknown
-1.864004,35.595743,Narok
-1.864004,35.640659,Narok
-1.864004,35.685575,Narok
-1.864004,35.73049,Narok
-1.864004,35.775406,Narok
-1.864004,35.820322,Narok
-1.864004,35.865238,Narok
-1.864004,35.910153,Narok
-1.864004,35.955069,Narok
-1.864004,35.999985,Narok
-1.864004,36.044901,Narok
-1.864004,36.089817,Kajiado
-1.864004,36.134732,Kajiado
-1.864004,36.179648,Kajiado
-1.864004,36.224564,Kajiado
-1.864004,36.26948,Kajiado
-1.864004,36.314395,Kajiado
-1.864004,36.359311,Kajiado
-1.864004,36.404227,Kajiado
-1.864004,36.449143,Kajiado
-1.864004,36.494058,Kajiado
-1.864004,36.538974,Kajiado
-1.864004,36.58389,Kajiado
-1.864004,36.628806,Kajiado
-1.864004,36.673721,Kajiado
-1.864004,36.718637,Kajiado
-1.864004,36.763553,Kajiado
-1.864004,36.808469,Kajiado
-1.864004,36.853385,Kajiado
-1.864004,36.8983,Kajiado
-1.864004,36.943216,Kajiado
-1.864004,36.988132,Kajiado
-1.864004,37.033048,Kajiado
-1.864004,37.077963,Kajiado
-1.864004,37.122879,Kajiado
-1.864004,37.167795,Makueni
-1.864004,37.212711,Makueni
-1.864004,37.257626,Makueni
-1.864004,37.302542,Makueni
-1.864004,37.347458,Makueni
-1.864004,37.392374,Makueni
-1.864004,37.437289,Makueni
-1.864004,37.482205,Makueni
-1.864004,37.527121,Makueni
-1.864004,37.572037,Makueni
-1.864004,37.616953,Makueni
-1.864004,37.661868,Makueni
-1.864004,37.706784,Makueni
-1.864004,37.7517,Makueni
-1.864004,37.796616,Makueni
-1.864004,37.841531,Makueni
-1.864004,37.886447,Makueni
-1.864004,37.931363,Kitui
-1.864004,37.976279,Kitui
-1.864004,38.021194,Kitui
-1.864004,38.06611,Kitui
-1.864004,38.111026,Kitui
-1.864004,38.155942,Kitui
-1.864004,38.200857,Kitui
-1.864004,38.245773,Kitui
-1.864004,38.290689,Kitui
-1.864004,38.335605,Kitui
-1.864004,38.380521,Kitui
-1.864004,38.425436,Kitui
-1.864004,38.470352,Kitui
-1.864004,38.515268,Kitui
-1.864004,38.560184,Kitui
-1.864004,38.605099,Kitui
-1.864004,38.650015,Kitui
-1.864004,38.694931,Kitui
-1.864004,38.739847,Kitui
-1.864004,38.784762,Kitui
-1.864004,38.829678,Kitui
-1.864004,38.874594,Kitui
-1.864004,38.91951,Kitui
-1.864004,38.964425,Kitui
-1.864004,39.009341,Tana River
-1.864004,39.054257,Tana River
-1.864004,39.099173,Tana River
-1.864004,39.144089,Tana River
-1.864004,39.189004,Tana River
-1.864004,39.23392,Tana River
-1.864004,39.278836,Tana River
-1.864004,39.323752,Tana River
-1.864004,39.368667,Tana River
-1.864004,39.413583,Tana River
-1.864004,39.458499,Tana River
-1.864004,39.503415,Tana River
-1.864004,39.54833,Tana River
-1.864004,39.593246,Tana River
-1.864004,39.638162,Tana River
-1.864004,39.683078,Tana River
-1.864004,39.727993,Tana River
-1.864004,39.772909,Tana River
-1.864004,39.817825,Tana River
-1.864004,39.862741,Tana River
-1.864004,39.907656,Tana River
-1.864004,39.952572,Tana River
-1.864004,39.997488,Tana River
-1.864004,40.042404,Tana River
-1.864004,40.08732,Tana River
-1.864004,40.132235,Tana River
-1.864004,40.177151,Tana River
-1.864004,40.222067,Garissa
-1.864004,40.266983,Garissa
-1.864004,40.311898,Garissa
-1.864004,40.356814,Garissa
-1.864004,40.40173,Garissa
-1.864004,40.446646,Garissa
-1.864004,40.491561,Garissa
-1.864004,40.536477,Garissa
-1.864004,40.581393,Lamu
-1.864004,40.626309,Lamu
-1.864004,40.671224,Lamu
-1.864004,40.71614,Lamu
-1.864004,40.761056,Lamu
-1.864004,40.805972,Lamu
-1.864004,40.850888,Lamu
-1.864004,40.895803,Lamu
-1.864004,40.940719,Lamu
-1.864004,40.985635,Lamu
-1.864004,41.030551,Lamu
-1.864004,41.075466,Lamu
-1.864004,41.120382,Lamu
-1.864004,41.165298,Lamu
-1.864004,41.210214,Lamu
-1.864004,41.255129,Lamu
-1.864004,41.300045,Lamu
-1.864004,41.344961,Lamu
-1.90892,35.640659,Unknown
-1.90892,35.685575,Narok
-1.90892,35.73049,Narok
-1.90892,35.775406,Narok
-1.90892,35.820322,Narok
-1.90892,35.865238,Narok
-1.90892,35.910153,Narok
-1.90892,35.955069,Narok
-1.90892,35.999985,Narok
-1.90892,36.044901,Kajiado
-1.90892,36.089817,Kajiado
-1.90892,36.134732,Kajiado
-1.90892,36.179648,Kajiado
-1.90892,36.224564,Kajiado
-1.90892,36.26948,Kajiado
-1.90892,36.314395,Kajiado
-1.90892,36.359311,Kajiado
-1.90892,36.404227,Kajiado
-1.90892,36.449143,Kajiado
-1.90892,36.494058,Kajiado
-1.90892,36.538974,Kajiado
-1.90892,36.58389,Kajiado
-1.90892,36.628806,Kajiado
-1.90892,36.673721,Kajiado
-1.90892,36.718637,Kajiado
-1.90892,36.763553,Kajiado
-1.90892,36.808469,Kajiado
-1.90892,36.853385,Kajiado
-1.90892,36.8983,Kajiado
-1.90892,36.943216,Kajiado
-1.90892,36.988132,Kajiado
-1.90892,37.033048,Kajiado
-1.90892,37.077963,Kajiado
-1.90892,37.122879,Kajiado
-1.90892,37.167795,Makueni
-1.90892,37.212711,Makueni
-1.90892,37.257626,Makueni
-1.90892,37.302542,Makueni
-1.90892,37.347458,Makueni
-1.90892,37.392374,Makueni
-1.90892,37.437289,Makueni
-1.90892,37.482205,Makueni
-1.90892,37.527121,Makueni
-1.90892,37.572037,Makueni
-1.90892,37.616953,Makueni
-1.90892,37.661868,Makueni
-1.90892,37.706784,Makueni
-1.90892,37.7517,Makueni
-1.90892,37.796616,Makueni
-1.90892,37.841531,Makueni
-1.90892,37.886447,Makueni
-1.90892,37.931363,Kitui
-1.90892,37.976279,Kitui
-1.90892,38.021194,Kitui
-1.90892,38.06611,Kitui
-1.90892,38.111026,Kitui
-1.90892,38.155942,Kitui
-1.90892,38.200857,Kitui
-1.90892,38.245773,Kitui
-1.90892,38.290689,Kitui
-1.90892,38.335605,Kitui
-1.90892,38.380521,Kitui
-1.90892,38.425436,Kitui
-1.90892,38.470352,Kitui
-1.90892,38.515268,Kitui
-1.90892,38.560184,Kitui
-1.90892,38.605099,Kitui
-1.90892,38.650015,Kitui
-1.90892,38.694931,Kitui
-1.90892,38.739847,Kitui
-1.90892,38.784762,Kitui
-1.90892,38.829678,Kitui
-1.90892,38.874594,Kitui
-1.90892,38.91951,Kitui
-1.90892,38.964425,Kitui
-1.90892,39.009341,Kitui
-1.90892,39.054257,Tana River
-1.90892,39.099173,Tana River
-1.90892,39.144089,Tana River
-1.90892,39.189004,Tana River
-1.90892,39.23392,Tana River
-1.90892,39.278836,Tana River
-1.90892,39.323752,Tana River
-1.90892,39.368667,Tana River
-1.90892,39.413583,Tana River
-1.90892,39.458499,Tana River
-1.90892,39.503415,Tana River
-1.90892,39.54833,Tana River
-1.90892,39.593246,Tana River
-1.90892,39.638162,Tana River
-1.90892,39.683078,Tana River
-1.90892,39.727993,Tana River
-1.90892,39.772909,Tana River
-1.90892,39.817825,Tana River
-1.90892,39.862741,Tana River
-1.90892,39.907656,Tana River
-1.90892,39.952572,Tana River
-1.90892,39.997488,Tana River
-1.90892,40.042404,Tana River
-1.90892,40.08732,Tana River
-1.90892,40.132235,Tana River
-1.90892,40.177151,Tana River
-1.90892,40.222067,Garissa
-1.90892,40.266983,Garissa
-1.90892,40.311898,Garissa
-1.90892,40.356814,Garissa
-1.90892,40.40173,Garissa
-1.90892,40.446646,Garissa
-1.90892,40.491561,Lamu
-1.90892,40.536477,Lamu
-1.90892,40.581393,Lamu
-1.90892,40.626309,Lamu
-1.90892,40.671224,Lamu
-1.90892,40.71614,Lamu
-1.90892,40.761056,Lamu
-1.90892,40.805972,Lamu
-1.90892,40.850888,Lamu
-1.90892,40.895803,Lamu
-1.90892,40.940719,Lamu
-1.90892,40.985635,Lamu
-1.90892,41.075466,Lamu
-1.90892,41.120382,Lamu
-1.90892,41.165298,Lamu
-1.90892,41.255129,Lamu
-1.90892,41.300045,Lamu
-1.90892,41.344961,Lamu
-1.953836,35.685575,Unknown
-1.953836,35.73049,Unknown
-1.953836,35.775406,Narok
-1.953836,35.820322,Narok
-1.953836,35.865238,Narok
-1.953836,35.910153,Narok
-1.953836,35.955069,Narok
-1.953836,35.999985,Narok
-1.953836,36.044901,Kajiado
-1.953836,36.089817,Kajiado
-1.953836,36.134732,Kajiado
-1.953836,36.179648,Kajiado
-1.953836,36.224564,Kajiado
-1.953836,36.26948,Kajiado
-1.953836,36.314395,Kajiado
-1.953836,36.359311,Kajiado
-1.953836,36.404227,Kajiado
-1.953836,36.449143,Kajiado
-1.953836,36.494058,Kajiado
-1.953836,36.538974,Kajiado
-1.953836,36.58389,Kajiado
-1.953836,36.628806,Kajiado
-1.953836,36.673721,Kajiado
-1.953836,36.718637,Kajiado
-1.953836,36.763553,Kajiado
-1.953836,36.808469,Kajiado
-1.953836,36.853385,Kajiado
-1.953836,36.8983,Kajiado
-1.953836,36.943216,Kajiado
-1.953836,36.988132,Kajiado
-1.953836,37.033048,Kajiado
-1.953836,37.077963,Kajiado
-1.953836,37.122879,Kajiado
-1.953836,37.167795,Kajiado
-1.953836,37.212711,Kajiado
-1.953836,37.257626,Makueni
-1.953836,37.302542,Makueni
-1.953836,37.347458,Makueni
-1.953836,37.392374,Makueni
-1.953836,37.437289,Makueni
-1.953836,37.482205,Makueni
-1.953836,37.527121,Makueni
-1.953836,37.572037,Makueni
-1.953836,37.616953,Makueni
-1.953836,37.661868,Makueni
-1.953836,37.706784,Makueni
-1.953836,37.7517,Makueni
-1.953836,37.796616,Makueni
-1.953836,37.841531,Makueni
-1.953836,37.886447,Makueni
-1.953836,37.931363,Kitui
-1.953836,37.976279,Kitui
-1.953836,38.021194,Kitui
-1.953836,38.06611,Kitui
-1.953836,38.111026,Kitui
-1.953836,38.155942,Kitui
-1.953836,38.200857,Kitui
-1.953836,38.245773,Kitui
-1.953836,38.290689,Kitui
-1.953836,38.335605,Kitui
-1.953836,38.380521,Kitui
-1.953836,38.425436,Kitui
-1.953836,38.470352,Kitui
-1.953836,38.515268,Kitui
-1.953836,38.560184,Kitui
-1.953836,38.605099,Kitui
-1.953836,38.650015,Kitui
-1.953836,38.694931,Kitui
-1.953836,38.739847,Kitui
-1.953836,38.784762,Kitui
-1.953836,38.829678,Kitui
-1.953836,38.874594,Kitui
-1.953836,38.91951,Kitui
-1.953836,38.964425,Kitui
-1.953836,39.009341,Tana River
-1.953836,39.054257,Tana River
-1.953836,39.099173,Tana River
-1.953836,39.144089,Tana River
-1.953836,39.189004,Tana River
-1.953836,39.23392,Tana River
-1.953836,39.278836,Tana River
-1.953836,39.323752,Tana River
-1.953836,39.368667,Tana River
-1.953836,39.413583,Tana River
-1.953836,39.458499,Tana River
-1.953836,39.503415,Tana River
-1.953836,39.54833,Tana River
-1.953836,39.593246,Tana River
-1.953836,39.638162,Tana River
-1.953836,39.683078,Tana River
-1.953836,39.727993,Tana River
-1.953836,39.772909,Tana River
-1.953836,39.817825,Tana River
-1.953836,39.862741,Tana River
-1.953836,39.907656,Tana River
-1.953836,39.952572,Tana River
-1.953836,39.997488,Tana River
-1.953836,40.042404,Tana River
-1.953836,40.08732,Tana River
-1.953836,40.132235,Tana River
-1.953836,40.177151,Tana River
-1.953836,40.222067,Garissa
-1.953836,40.266983,Garissa
-1.953836,40.311898,Garissa
-1.953836,40.356814,Garissa
-1.953836,40.40173,Lamu
-1.953836,40.446646,Lamu
-1.953836,40.491561,Lamu
-1.953836,40.536477,Lamu
-1.953836,40.581393,Lamu
-1.953836,40.626309,Lamu
-1.953836,40.671224,Lamu
-1.953836,40.71614,Lamu
-1.953836,40.761056,Lamu
-1.953836,40.805972,Unknown
-1.953836,40.940719,Lamu
-1.953836,40.985635,Unknown
-1.953836,41.030551,Lamu
-1.998752,35.775406,Unknown
-1.998752,35.820322,Narok
-1.998752,35.865238,Narok
-1.998752,35.910153,Narok
-1.998752,35.955069,Narok
-1.998752,35.999985,Narok
-1.998752,36.044901,Kajiado
-1.998752,36.089817,Kajiado
-1.998752,36.134732,Kajiado
-1.998752,36.179648,Kajiado
-1.998752,36.224564,Kajiado
-1.998752,36.26948,Kajiado
-1.998752,36.314395,Kajiado
-1.998752,36.359311,Kajiado
-1.998752,36.404227,Kajiado
-1.998752,36.449143,Kajiado
-1.998752,36.494058,Kajiado
-1.998752,36.538974,Kajiado
-1.998752,36.58389,Kajiado
-1.998752,36.628806,Kajiado
-1.998752,36.673721,Kajiado
-1.998752,36.718637,Kajiado
-1.998752,36.763553,Kajiado
-1.998752,36.808469,Kajiado
-1.998752,36.853385,Kajiado
-1.998752,36.8983,Kajiado
-1.998752,36.943216,Kajiado
-1.998752,36.988132,Kajiado
-1.998752,37.033048,Kajiado
-1.998752,37.077963,Kajiado
-1.998752,37.122879,Kajiado
-1.998752,37.167795,Kajiado
-1.998752,37.212711,Kajiado
-1.998752,37.257626,Kajiado
-1.998752,37.302542,Makueni
-1.998752,37.347458,Makueni
-1.998752,37.392374,Makueni
-1.998752,37.437289,Makueni
-1.998752,37.482205,Makueni
-1.998752,37.527121,Makueni
-1.998752,37.572037,Makueni
-1.998752,37.616953,Makueni
-1.998752,37.661868,Makueni
-1.998752,37.706784,Makueni
-1.998752,37.7517,Makueni
-1.998752,37.796616,Makueni
-1.998752,37.841531,Makueni
-1.998752,37.886447,Makueni
-1.998752,37.931363,Makueni
-1.998752,37.976279,Kitui
-1.998752,38.021194,Kitui
-1.998752,38.06611,Kitui
-1.998752,38.111026,Kitui
-1.998752,38.155942,Kitui
-1.998752,38.200857,Kitui
-1.998752,38.245773,Kitui
-1.998752,38.290689,Kitui
-1.998752,38.335605,Kitui
-1.998752,38.380521,Kitui
-1.998752,38.425436,Kitui
-1.998752,38.470352,Kitui
-1.998752,38.515268,Kitui
-1.998752,38.560184,Kitui
-1.998752,38.605099,Kitui
-1.998752,38.650015,Kitui
-1.998752,38.694931,Kitui
-1.998752,38.739847,Kitui
-1.998752,38.784762,Kitui
-1.998752,38.829678,Kitui
-1.998752,38.874594,Kitui
-1.998752,38.91951,Kitui
-1.998752,38.964425,Kitui
-1.998752,39.009341,Tana River
-1.998752,39.054257,Tana River
-1.998752,39.099173,Tana River
-1.998752,39.144089,Tana River
-1.998752,39.189004,Tana River
-1.998752,39.23392,Tana River
-1.998752,39.278836,Tana River
-1.998752,39.323752,Tana River
-1.998752,39.368667,Tana River
-1.998752,39.413583,Tana River
-1.998752,39.458499,Tana River
-1.998752,39.503415,Tana River
-1.998752,39.54833,Tana River
-1.998752,39.593246,Tana River
-1.998752,39.638162,Tana River
-1.998752,39.683078,Tana River
-1.998752,39.727993,Tana River
-1.998752,39.772909,Tana River
-1.998752,39.817825,Tana River
-1.998752,39.862741,Tana River
-1.998752,39.907656,Tana River
-1.998752,39.952572,Tana River
-1.998752,39.997488,Tana River
-1.998752,40.042404,Tana River
-1.998752,40.08732,Tana River
-1.998752,40.132235,Tana River
-1.998752,40.177151,Tana River
-1.998752,40.222067,Garissa
-1.998752,40.266983,Garissa
-1.998752,40.311898,Lamu
-1.998752,40.356814,Lamu
-1.998752,40.40173,Lamu
-1.998752,40.446646,Lamu
-1.998752,40.491561,Lamu
-1.998752,40.536477,Lamu
-1.998752,40.581393,Lamu
-1.998752,40.626309,Lamu
-1.998752,40.671224,Lamu
-1.998752,40.71614,Lamu
-1.998752,40.761056,Lamu
-1.998752,40.805972,Lamu
-1.998752,40.940719,Lamu
-1.998752,40.985635,Lamu
-1.998752,41.030551,Lamu
-2.043667,35.865238,Unknown
-2.043667,35.910153,Narok
-2.043667,35.955069,Narok
-2.043667,35.999985,Narok
-2.043667,36.044901,Kajiado
-2.043667,36.089817,Kajiado
-2.043667,36.134732,Kajiado
-2.043667,36.179648,Kajiado
-2.043667,36.224564,Kajiado
-2.043667,36.26948,Kajiado
-2.043667,36.314395,Kajiado
-2.043667,36.359311,Kajiado
-2.043667,36.404227,Kajiado
-2.043667,36.449143,Kajiado
-2.043667,36.494058,Kajiado
-2.043667,36.538974,Kajiado
-2.043667,36.58389,Kajiado
-2.043667,36.628806,Kajiado
-2.043667,36.673721,Kajiado
-2.043667,36.718637,Kajiado
-2.043667,36.763553,Kajiado
-2.043667,36.808469,Kajiado
-2.043667,36.853385,Kajiado
-2.043667,36.8983,Kajiado
-2.043667,36.943216,Kajiado
-2.043667,36.988132,Kajiado
-2.043667,37.033048,Kajiado
-2.043667,37.077963,Kajiado
-2.043667,37.122879,Kajiado
-2.043667,37.167795,Kajiado
-2.043667,37.212711,Kajiado
-2.043667,37.257626,Kajiado
-2.043667,37.302542,Kajiado
-2.043667,37.347458,Kajiado
-2.043667,37.392374,Kajiado
-2.043667,37.437289,Makueni
-2.043667,37.482205,Makueni
-2.043667,37.527121,Makueni
-2.043667,37.572037,Makueni
-2.043667,37.616953,Makueni
-2.043667,37.661868,Makueni
-2.043667,37.706784,Makueni
-2.043667,37.7517,Makueni
-2.043667,37.796616,Makueni
-2.043667,37.841531,Makueni
-2.043667,37.886447,Makueni
-2.043667,37.931363,Makueni
-2.043667,37.976279,Kitui
-2.043667,38.021194,Kitui
-2.043667,38.06611,Kitui
-2.043667,38.111026,Kitui
-2.043667,38.155942,Kitui
-2.043667,38.200857,Kitui
-2.043667,38.245773,Kitui
-2.043667,38.290689,Kitui
-2.043667,38.335605,Kitui
-2.043667,38.380521,Kitui
-2.043667,38.425436,Kitui
-2.043667,38.470352,Kitui
-2.043667,38.515268,Kitui
-2.043667,38.560184,Kitui
-2.043667,38.605099,Kitui
-2.043667,38.650015,Kitui
-2.043667,38.694931,Kitui
-2.043667,38.739847,Kitui
-2.043667,38.784762,Kitui
-2.043667,38.829678,Kitui
-2.043667,38.874594,Kitui
-2.043667,38.91951,Kitui
-2.043667,38.964425,Tana River
-2.043667,39.009341,Tana River
-2.043667,39.054257,Tana River
-2.043667,39.099173,Tana River
-2.043667,39.144089,Tana River
-2.043667,39.189004,Tana River
-2.043667,39.23392,Tana River
-2.043667,39.278836,Tana River
-2.043667,39.323752,Tana River
-2.043667,39.368667,Tana River
-2.043667,39.413583,Tana River
-2.043667,39.458499,Tana River
-2.043667,39.503415,Tana River
-2.043667,39.54833,Tana River
-2.043667,39.593246,Tana River
-2.043667,39.638162,Tana River
-2.043667,39.683078,Tana River
-2.043667,39.727993,Tana River
-2.043667,39.772909,Tana River
-2.043667,39.817825,Tana River
-2.043667,39.862741,Tana River
-2.043667,39.907656,Tana River
-2.043667,39.952572,Tana River
-2.043667,39.997488,Tana River
-2.043667,40.042404,Tana River
-2.043667,40.08732,Tana River
-2.043667,40.132235,Tana River
-2.043667,40.177151,Tana River
-2.043667,40.222067,Lamu
-2.043667,40.266983,Lamu
-2.043667,40.311898,Lamu
-2.043667,40.356814,Lamu
-2.043667,40.40173,Lamu
-2.043667,40.446646,Lamu
-2.043667,40.491561,Lamu
-2.043667,40.536477,Lamu
-2.043667,40.581393,Lamu
-2.043667,40.626309,Lamu
-2.043667,40.671224,Lamu
-2.043667,40.71614,Lamu
-2.043667,40.761056,Lamu
-2.043667,40.805972,Lamu
-2.043667,40.850888,Lamu
-2.043667,40.895803,Unknown
-2.043667,40.940719,Lamu
-2.043667,40.985635,Unknown
-2.043667,41.030551,Unknown
-2.088583,35.955069,Unknown
-2.088583,35.999985,Narok
-2.088583,36.044901,Kajiado
-2.088583,36.089817,Kajiado
-2.088583,36.134732,Kajiado
-2.088583,36.179648,Kajiado
-2.088583,36.224564,Kajiado
-2.088583,36.26948,Kajiado
-2.088583,36.314395,Kajiado
-2.088583,36.359311,Kajiado
-2.088583,36.404227,Kajiado
-2.088583,36.449143,Kajiado
-2.088583,36.494058,Kajiado
-2.088583,36.538974,Kajiado
-2.088583,36.58389,Kajiado
-2.088583,36.628806,Kajiado
-2.088583,36.673721,Kajiado
-2.088583,36.718637,Kajiado
-2.088583,36.763553,Kajiado
-2.088583,36.808469,Kajiado
-2.088583,36.853385,Kajiado
-2.088583,36.8983,Kajiado
-2.088583,36.943216,Kajiado
-2.088583,36.988132,Kajiado
-2.088583,37.033048,Kajiado
-2.088583,37.077963,Kajiado
-2.088583,37.122879,Kajiado
-2.088583,37.167795,Kajiado
-2.088583,37.212711,Kajiado
-2.088583,37.257626,Kajiado
-2.088583,37.302542,Kajiado
-2.088583,37.347458,Kajiado
-2.088583,37.392374,Kajiado
-2.088583,37.437289,Kajiado
-2.088583,37.482205,Kajiado
-2.088583,37.527121,Makueni
-2.088583,37.572037,Makueni
-2.088583,37.616953,Makueni
-2.088583,37.661868,Makueni
-2.088583,37.706784,Makueni
-2.088583,37.7517,Makueni
-2.088583,37.796616,Makueni
-2.088583,37.841531,Makueni
-2.088583,37.886447,Makueni
-2.088583,37.931363,Makueni
-2.088583,37.976279,Kitui
-2.088583,38.021194,Kitui
-2.088583,38.06611,Kitui
-2.088583,38.111026,Kitui
-2.088583,38.155942,Kitui
-2.088583,38.200857,Kitui
-2.088583,38.245773,Kitui
-2.088583,38.290689,Kitui
-2.088583,38.335605,Kitui
-2.088583,38.380521,Kitui
-2.088583,38.425436,Kitui
-2.088583,38.470352,Kitui
-2.088583,38.515268,Kitui
-2.088583,38.560184,Kitui
-2.088583,38.605099,Kitui
-2.088583,38.650015,Kitui
-2.088583,38.694931,Kitui
-2.088583,38.739847,Kitui
-2.088583,38.784762,Kitui
-2.088583,38.829678,Kitui
-2.088583,38.874594,Kitui
-2.088583,38.91951,Kitui
-2.088583,38.964425,Tana River
-2.088583,39.009341,Tana River
-2.088583,39.054257,Tana River
-2.088583,39.099173,Tana River
-2.088583,39.144089,Tana River
-2.088583,39.189004,Tana River
-2.088583,39.23392,Tana River
-2.088583,39.278836,Tana River
-2.088583,39.323752,Tana River
-2.088583,39.368667,Tana River
-2.088583,39.413583,Tana River
-2.088583,39.458499,Tana River
-2.088583,39.503415,Tana River
-2.088583,39.54833,Tana River
-2.088583,39.593246,Tana River
-2.088583,39.638162,Tana River
-2.088583,39.683078,Tana River
-2.088583,39.727993,Tana River
-2.088583,39.772909,Tana River
-2.088583,39.817825,Tana River
-2.088583,39.862741,Tana River
-2.088583,39.907656,Tana River
-2.088583,39.952572,Tana River
-2.088583,39.997488,Tana River
-2.088583,40.042404,Tana River
-2.088583,40.08732,Tana River
-2.088583,40.132235,Tana River
-2.088583,40.177151,Tana River
-2.088583,40.222067,Lamu
-2.088583,40.266983,Lamu
-2.088583,40.311898,Lamu
-2.088583,40.356814,Lamu
-2.088583,40.40173,Lamu
-2.088583,40.446646,Lamu
-2.088583,40.491561,Lamu
-2.088583,40.536477,Lamu
-2.088583,40.581393,Lamu
-2.088583,40.626309,Lamu
-2.088583,40.671224,Lamu
-2.088583,40.71614,Lamu
-2.088583,40.761056,Lamu
-2.088583,40.805972,Lamu
-2.088583,40.850888,Lamu
-2.088583,40.895803,Lamu
-2.088583,41.120382,Unknown
-2.133499,35.999985,Unknown
-2.133499,36.044901,Unknown
-2.133499,36.089817,Kajiado
-2.133499,36.134732,Kajiado
-2.133499,36.179648,Kajiado
-2.133499,36.224564,Kajiado
-2.133499,36.26948,Kajiado
-2.133499,36.314395,Kajiado
-2.133499,36.359311,Kajiado
-2.133499,36.404227,Kajiado
-2.133499,36.449143,Kajiado
-2.133499,36.494058,Kajiado
-2.133499,36.538974,Kajiado
-2.133499,36.58389,Kajiado
-2.133499,36.628806,Kajiado
-2.133499,36.673721,Kajiado
-2.133499,36.718637,Kajiado
-2.133499,36.763553,Kajiado
-2.133499,36.808469,Kajiado
-2.133499,36.853385,Kajiado
-2.133499,36.8983,Kajiado
-2.133499,36.943216,Kajiado
-2.133499,36.988132,Kajiado
-2.133499,37.033048,Kajiado
-2.133499,37.077963,Kajiado
-2.133499,37.122879,Kajiado
-2.133499,37.167795,Kajiado
-2.133499,37.212711,Kajiado
-2.133499,37.257626,Kajiado
-2.133499,37.302542,Kajiado
-2.133499,37.347458,Kajiado
-2.133499,37.392374,Kajiado
-2.133499,37.437289,Kajiado
-2.133499,37.482205,Kajiado
-2.133499,37.527121,Kajiado
-2.133499,37.572037,Makueni
-2.133499,37.616953,Makueni
-2.133499,37.661868,Makueni
-2.133499,37.706784,Makueni
-2.133499,37.7517,Makueni
-2.133499,37.796616,Makueni
-2.133499,37.841531,Makueni
-2.133499,37.886447,Makueni
-2.133499,37.931363,Makueni
-2.133499,37.976279,Kitui
-2.133499,38.021194,Kitui
-2.133499,38.06611,Kitui
-2.133499,38.111026,Kitui
-2.133499,38.155942,Kitui
-2.133499,38.200857,Kitui
-2.133499,38.245773,Kitui
-2.133499,38.290689,Kitui
-2.133499,38.335605,Kitui
-2.133499,38.380521,Kitui
-2.133499,38.425436,Kitui
-2.133499,38.470352,Kitui
-2.133499,38.515268,Kitui
-2.133499,38.560184,Kitui
-2.133499,38.605099,Kitui
-2.133499,38.650015,Kitui
-2.133499,38.694931,Kitui
-2.133499,38.739847,Kitui
-2.133499,38.784762,Kitui
-2.133499,38.829678,Kitui
-2.133499,38.874594,Kitui
-2.133499,38.91951,Tana River
-2.133499,38.964425,Tana River
-2.133499,39.009341,Tana River
-2.133499,39.054257,Tana River
-2.133499,39.099173,Tana River
-2.133499,39.144089,Tana River
-2.133499,39.189004,Tana River
-2.133499,39.23392,Tana River
-2.133499,39.278836,Tana River
-2.133499,39.323752,Tana River
-2.133499,39.368667,Tana River
-2.133499,39.413583,Tana River
-2.133499,39.458499,Tana River
-2.133499,39.503415,Tana River
-2.133499,39.54833,Tana River
-2.133499,39.593246,Tana River
-2.133499,39.638162,Tana River
-2.133499,39.683078,Tana River
-2.133499,39.727993,Tana River
-2.133499,39.772909,Tana River
-2.133499,39.817825,Tana River
-2.133499,39.862741,Tana River
-2.133499,39.907656,Tana River
-2.133499,39.952572,Tana River
-2.133499,39.997488,Tana River
-2.133499,40.042404,Tana River
-2.133499,40.08732,Tana River
-2.133499,40.132235,Tana River
-2.133499,40.177151,Tana River
-2.133499,40.222067,Tana River
-2.133499,40.266983,Lamu
-2.133499,40.311898,Lamu
-2.133499,40.356814,Lamu
-2.133499,40.40173,Lamu
-2.133499,40.446646,Lamu
-2.133499,40.491561,Lamu
-2.133499,40.536477,Lamu
-2.133499,40.581393,Lamu
-2.133499,40.626309,Lamu
-2.133499,40.671224,Lamu
-2.133499,40.71614,Lamu
-2.133499,40.761056,Lamu
-2.133499,40.805972,Lamu
-2.133499,40.850888,Lamu
-2.133499,40.895803,Lamu
-2.133499,41.120382,Unknown
-2.178415,36.089817,Unknown
-2.178415,36.134732,Kajiado
-2.178415,36.179648,Kajiado
-2.178415,36.224564,Kajiado
-2.178415,36.26948,Kajiado
-2.178415,36.314395,Kajiado
-2.178415,36.359311,Kajiado
-2.178415,36.404227,Kajiado
-2.178415,36.449143,Kajiado
-2.178415,36.494058,Kajiado
-2.178415,36.538974,Kajiado
-2.178415,36.58389,Kajiado
-2.178415,36.628806,Kajiado
-2.178415,36.673721,Kajiado
-2.178415,36.718637,Kajiado
-2.178415,36.763553,Kajiado
-2.178415,36.808469,Kajiado
-2.178415,36.853385,Kajiado
-2.178415,36.8983,Kajiado
-2.178415,36.943216,Kajiado
-2.178415,36.988132,Kajiado
-2.178415,37.033048,Kajiado
-2.178415,37.077963,Kajiado
-2.178415,37.122879,Kajiado
-2.178415,37.167795,Kajiado
-2.178415,37.212711,Kajiado
-2.178415,37.257626,Kajiado
-2.178415,37.302542,Kajiado
-2.178415,37.347458,Kajiado
-2.178415,37.392374,Kajiado
-2.178415,37.437289,Kajiado
-2.178415,37.482205,Kajiado
-2.178415,37.527121,Kajiado
-2.178415,37.572037,Kajiado
-2.178415,37.616953,Kajiado
-2.178415,37.661868,Kajiado
-2.178415,37.706784,Makueni
-2.178415,37.7517,Makueni
-2.178415,37.796616,Makueni
-2.178415,37.841531,Makueni
-2.178415,37.886447,Makueni
-2.178415,37.931363,Makueni
-2.178415,37.976279,Makueni
-2.178415,38.021194,Makueni
-2.178415,38.06611,Kitui
-2.178415,38.111026,Kitui
-2.178415,38.155942,Kitui
-2.178415,38.200857,Kitui
-2.178415,38.245773,Kitui
-2.178415,38.290689,Kitui
-2.178415,38.335605,Kitui
-2.178415,38.380521,Kitui
-2.178415,38.425436,Kitui
-2.178415,38.470352,Kitui
-2.178415,38.515268,Kitui
-2.178415,38.560184,Kitui
-2.178415,38.605099,Kitui
-2.178415,38.650015,Kitui
-2.178415,38.694931,Kitui
-2.178415,38.739847,Kitui
-2.178415,38.784762,Kitui
-2.178415,38.829678,Kitui
-2.178415,38.874594,Kitui
-2.178415,38.91951,Tana River
-2.178415,38.964425,Tana River
-2.178415,39.009341,Tana River
-2.178415,39.054257,Tana River
-2.178415,39.099173,Tana River
-2.178415,39.144089,Tana River
-2.178415,39.189004,Tana River
-2.178415,39.23392,Tana River
-2.178415,39.278836,Tana River
-2.178415,39.323752,Tana River
-2.178415,39.368667,Tana River
-2.178415,39.413583,Tana River
-2.178415,39.458499,Tana River
-2.178415,39.503415,Tana River
-2.178415,39.54833,Tana River
-2.178415,39.593246,Tana River
-2.178415,39.638162,Tana River
-2.178415,39.683078,Tana River
-2.178415,39.727993,Tana River
-2.178415,39.772909,Tana River
-2.178415,39.817825,Tana River
-2.178415,39.862741,Tana River
-2.178415,39.907656,Tana River
-2.178415,39.952572,Tana River
-2.178415,39.997488,Tana River
-2.178415,40.042404,Tana River
-2.178415,40.08732,Tana River
-2.178415,40.132235,Tana River
-2.178415,40.177151,Tana River
-2.178415,40.222067,Tana River
-2.178415,40.266983,Lamu
-2.178415,40.311898,Lamu
-2.178415,40.356814,Lamu
-2.178415,40.40173,Lamu
-2.178415,40.446646,Lamu
-2.178415,40.491561,Lamu
-2.178415,40.536477,Lamu
-2.178415,40.581393,Lamu
-2.178415,40.626309,Lamu
-2.178415,40.671224,Lamu
-2.178415,40.71614,Lamu
-2.178415,40.761056,Lamu
-2.178415,40.805972,Lamu
-2.178415,40.850888,Lamu
-2.178415,40.895803,Lamu
-2.22333,36.179648,Unknown
-2.22333,36.224564,Kajiado
-2.22333,36.26948,Kajiado
-2.22333,36.314395,Kajiado
-2.22333,36.359311,Kajiado
-2.22333,36.404227,Kajiado
-2.22333,36.449143,Kajiado
-2.22333,36.494058,Kajiado
-2.22333,36.538974,Kajiado
-2.22333,36.58389,Kajiado
-2.22333,36.628806,Kajiado
-2.22333,36.673721,Kajiado
-2.22333,36.718637,Kajiado
-2.22333,36.763553,Kajiado
-2.22333,36.808469,Kajiado
-2.22333,36.853385,Kajiado
-2.22333,36.8983,Kajiado
-2.22333,36.943216,Kajiado
-2.22333,36.988132,Kajiado
-2.22333,37.033048,Kajiado
-2.22333,37.077963,Kajiado
-2.22333,37.122879,Kajiado
-2.22333,37.167795,Kajiado
-2.22333,37.212711,Kajiado
-2.22333,37.257626,Kajiado
-2.22333,37.302542,Kajiado
-2.22333,37.347458,Kajiado
-2.22333,37.392374,Kajiado
-2.22333,37.437289,Kajiado
-2.22333,37.482205,Kajiado
-2.22333,37.527121,Kajiado
-2.22333,37.572037,Kajiado
-2.22333,37.616953,Kajiado
-2.22333,37.661868,Kajiado
-2.22333,37.706784,Makueni
-2.22333,37.7517,Makueni
-2.22333,37.796616,Makueni
-2.22333,37.841531,Makueni
-2.22333,37.886447,Makueni
-2.22333,37.931363,Makueni
-2.22333,37.976279,Makueni
-2.22333,38.021194,Makueni
-2.22333,38.06611,Makueni
-2.22333,38.111026,Kitui
-2.22333,38.155942,Kitui
-2.22333,38.200857,Kitui
-2.22333,38.245773,Kitui
-2.22333,38.290689,Kitui
-2.22333,38.335605,Kitui
-2.22333,38.380521,Kitui
-2.22333,38.425436,Kitui
-2.22333,38.470352,Kitui
-2.22333,38.515268,Kitui
-2.22333,38.560184,Kitui
-2.22333,38.605099,Kitui
-2.22333,38.650015,Kitui
-2.22333,38.694931,Kitui
-2.22333,38.739847,Kitui
-2.22333,38.784762,Kitui
-2.22333,38.829678,Kitui
-2.22333,38.874594,Tana River
-2.22333,38.91951,Tana River
-2.22333,38.964425,Tana River
-2.22333,39.009341,Tana River
-2.22333,39.054257,Tana River
-2.22333,39.099173,Tana River
-2.22333,39.144089,Tana River
-2.22333,39.189004,Tana River
-2.22333,39.23392,Tana River
-2.22333,39.278836,Tana River
-2.22333,39.323752,Tana River
-2.22333,39.368667,Tana River
-2.22333,39.413583,Tana River
-2.22333,39.458499,Tana River
-2.22333,39.503415,Tana River
-2.22333,39.54833,Tana River
-2.22333,39.593246,Tana River
-2.22333,39.638162,Tana River
-2.22333,39.683078,Tana River
-2.22333,39.727993,Tana River
-2.22333,39.772909,Tana River
-2.22333,39.817825,Tana River
-2.22333,39.862741,Tana River
-2.22333,39.907656,Tana River
-2.22333,39.952572,Tana River
-2.22333,39.997488,Tana River
-2.22333,40.042404,Tana River
-2.22333,40.08732,Tana River
-2.22333,40.132235,Tana River
-2.22333,40.177151,Tana River
-2.22333,40.222067,Tana River
-2.22333,40.266983,Lamu
-2.22333,40.311898,Lamu
-2.22333,40.356814,Lamu
-2.22333,40.40173,Lamu
-2.22333,40.446646,Lamu
-2.22333,40.491561,Lamu
-2.22333,40.536477,Lamu
-2.22333,40.581393,Lamu
-2.22333,40.626309,Lamu
-2.22333,40.671224,Lamu
-2.22333,40.71614,Lamu
-2.22333,40.761056,Lamu
-2.22333,40.805972,Lamu
-2.22333,40.850888,Lamu
-2.22333,40.895803,Unknown
-2.268246,36.26948,Unknown
-2.268246,36.314395,Kajiado
-2.268246,36.359311,Kajiado
-2.268246,36.404227,Kajiado
-2.268246,36.449143,Kajiado
-2.268246,36.494058,Kajiado
-2.268246,36.538974,Kajiado
-2.268246,36.58389,Kajiado
-2.268246,36.628806,Kajiado
-2.268246,36.673721,Kajiado
-2.268246,36.718637,Kajiado
-2.268246,36.763553,Kajiado
-2.268246,36.808469,Kajiado
-2.268246,36.853385,Kajiado
-2.268246,36.8983,Kajiado
-2.268246,36.943216,Kajiado
-2.268246,36.988132,Kajiado
-2.268246,37.033048,Kajiado
-2.268246,37.077963,Kajiado
-2.268246,37.122879,Kajiado
-2.268246,37.167795,Kajiado
-2.268246,37.212711,Kajiado
-2.268246,37.257626,Kajiado
-2.268246,37.302542,Kajiado
-2.268246,37.347458,Kajiado
-2.268246,37.392374,Kajiado
-2.268246,37.437289,Kajiado
-2.268246,37.482205,Kajiado
-2.268246,37.527121,Kajiado
-2.268246,37.572037,Kajiado
-2.268246,37.616953,Kajiado
-2.268246,37.661868,Kajiado
-2.268246,37.706784,Makueni
-2.268246,37.7517,Makueni
-2.268246,37.796616,Makueni
-2.268246,37.841531,Makueni
-2.268246,37.886447,Makueni
-2.268246,37.931363,Makueni
-2.268246,37.976279,Makueni
-2.268246,38.021194,Makueni
-2.268246,38.06611,Makueni
-2.268246,38.111026,Kitui
-2.268246,38.155942,Kitui
-2.268246,38.200857,Kitui
-2.268246,38.245773,Kitui
-2.268246,38.290689,Kitui
-2.268246,38.335605,Kitui
-2.268246,38.380521,Kitui
-2.268246,38.425436,Kitui
-2.268246,38.470352,Kitui
-2.268246,38.515268,Kitui
-2.268246,38.560184,Kitui
-2.268246,38.605099,Kitui
-2.268246,38.650015,Kitui
-2.268246,38.694931,Kitui
-2.268246,38.739847,Kitui
-2.268246,38.784762,Kitui
-2.268246,38.829678,Kitui
-2.268246,38.874594,Tana River
-2.268246,38.91951,Tana River
-2.268246,38.964425,Tana River
-2.268246,39.009341,Tana River
-2.268246,39.054257,Tana River
-2.268246,39.099173,Tana River
-2.268246,39.144089,Tana River
-2.268246,39.189004,Tana River
-2.268246,39.23392,Tana River
-2.268246,39.278836,Tana River
-2.268246,39.323752,Tana River
-2.268246,39.368667,Tana River
-2.268246,39.413583,Tana River
-2.268246,39.458499,Tana River
-2.268246,39.503415,Tana River
-2.268246,39.54833,Tana River
-2.268246,39.593246,Tana River
-2.268246,39.638162,Tana River
-2.268246,39.683078,Tana River
-2.268246,39.727993,Tana River
-2.268246,39.772909,Tana River
-2.268246,39.817825,Tana River
-2.268246,39.862741,Tana River
-2.268246,39.907656,Tana River
-2.268246,39.952572,Tana River
-2.268246,39.997488,Tana River
-2.268246,40.042404,Tana River
-2.268246,40.08732,Tana River
-2.268246,40.132235,Tana River
-2.268246,40.177151,Tana River
-2.268246,40.222067,Tana River
-2.268246,40.266983,Lamu
-2.268246,40.311898,Lamu
-2.268246,40.356814,Lamu
-2.268246,40.40173,Lamu
-2.268246,40.446646,Lamu
-2.268246,40.491561,Lamu
-2.268246,40.536477,Lamu
-2.268246,40.581393,Lamu
-2.268246,40.626309,Lamu
-2.268246,40.671224,Lamu
-2.268246,40.71614,Lamu
-2.268246,40.850888,Unknown
-2.268246,40.895803,Unknown
-2.268246,40.940719,Lamu
-2.313162,36.359311,Unknown
-2.313162,36.404227,Kajiado
-2.313162,36.449143,Kajiado
-2.313162,36.494058,Kajiado
-2.313162,36.538974,Kajiado
-2.313162,36.58389,Kajiado
-2.313162,36.628806,Kajiado
-2.313162,36.673721,Kajiado
-2.313162,36.718637,Kajiado
-2.313162,36.763553,Kajiado
-2.313162,36.808469,Kajiado
-2.313162,36.853385,Kajiado
-2.313162,36.8983,Kajiado
-2.313162,36.943216,Kajiado
-2.313162,36.988132,Kajiado
-2.313162,37.033048,Kajiado
-2.313162,37.077963,Kajiado
-2.313162,37.122879,Kajiado
-2.313162,37.167795,Kajiado
-2.313162,37.212711,Kajiado
-2.313162,37.257626,Kajiado
-2.313162,37.302542,Kajiado
-2.313162,37.347458,Kajiado
-2.313162,37.392374,Kajiado
-2.313162,37.437289,Kajiado
-2.313162,37.482205,Kajiado
-2.313162,37.527121,Kajiado
-2.313162,37.572037,Kajiado
-2.313162,37.616953,Makueni
-2.313162,37.661868,Makueni
-2.313162,37.706784,Makueni
-2.313162,37.7517,Makueni
-2.313162,37.796616,Makueni
-2.313162,37.841531,Makueni
-2.313162,37.886447,Makueni
-2.313162,37.931363,Makueni
-2.313162,37.976279,Makueni
-2.313162,38.021194,Makueni
-2.313162,38.06611,Makueni
-2.313162,38.111026,Makueni
-2.313162,38.155942,Kitui
-2.313162,38.200857,Kitui
-2.313162,38.245773,Kitui
-2.313162,38.290689,Kitui
-2.313162,38.335605,Kitui
-2.313162,38.380521,Kitui
-2.313162,38.425436,Kitui
-2.313162,38.470352,Kitui
-2.313162,38.515268,Kitui
-2.313162,38.560184,Kitui
-2.313162,38.605099,Kitui
-2.313162,38.650015,Kitui
-2.313162,38.694931,Kitui
-2.313162,38.739847,Kitui
-2.313162,38.784762,Kitui
-2.313162,38.829678,Tana River
-2.313162,38.874594,Tana River
-2.313162,38.91951,Tana River
-2.313162,38.964425,Tana River
-2.313162,39.009341,Tana River
-2.313162,39.054257,Tana River
-2.313162,39.099173,Tana River
-2.313162,39.144089,Tana River
-2.313162,39.189004,Tana River
-2.313162,39.23392,Tana River
-2.313162,39.278836,Tana River
-2.313162,39.323752,Tana River
-2.313162,39.368667,Tana River
-2.313162,39.413583,Tana River
-2.313162,39.458499,Tana River
-2.313162,39.503415,Tana River
-2.313162,39.54833,Tana River
-2.313162,39.593246,Tana River
-2.313162,39.638162,Tana River
-2.313162,39.683078,Tana River
-2.313162,39.727993,Tana River
-2.313162,39.772909,Tana River
-2.313162,39.817825,Tana River
-2.313162,39.862741,Tana River
-2.313162,39.907656,Tana River
-2.313162,39.952572,Tana River
-2.313162,39.997488,Tana River
-2.313162,40.042404,Tana River
-2.313162,40.08732,Tana River
-2.313162,40.132235,Tana River
-2.313162,40.177151,Tana River
-2.313162,40.222067,Tana River
-2.313162,40.266983,Lamu
-2.313162,40.311898,Lamu
-2.313162,40.356814,Lamu
-2.313162,40.40173,Lamu
-2.313162,40.446646,Lamu
-2.313162,40.491561,Lamu
-2.313162,40.536477,Lamu
-2.313162,40.581393,Lamu
-2.313162,40.626309,Lamu
-2.313162,40.671224,Lamu
-2.313162,40.71614,Lamu
-2.313162,40.761056,Unknown
-2.358078,36.404227,Unknown
-2.358078,36.449143,Unknown
-2.358078,36.494058,Kajiado
-2.358078,36.538974,Kajiado
-2.358078,36.58389,Kajiado
-2.358078,36.628806,Kajiado
-2.358078,36.673721,Kajiado
-2.358078,36.718637,Kajiado
-2.358078,36.763553,Kajiado
-2.358078,36.808469,Kajiado
-2.358078,36.853385,Kajiado
-2.358078,36.8983,Kajiado
-2.358078,36.943216,Kajiado
-2.358078,36.988132,Kajiado
-2.358078,37.033048,Kajiado
-2.358078,37.077963,Kajiado
-2.358078,37.122879,Kajiado
-2.358078,37.167795,Kajiado
-2.358078,37.212711,Kajiado
-2.358078,37.257626,Kajiado
-2.358078,37.302542,Kajiado
-2.358078,37.347458,Kajiado
-2.358078,37.392374,Kajiado
-2.358078,37.437289,Kajiado
-2.358078,37.482205,Kajiado
-2.358078,37.527121,Kajiado
-2.358078,37.572037,Kajiado
-2.358078,37.616953,Kajiado
-2.358078,37.661868,Makueni
-2.358078,37.706784,Makueni
-2.358078,37.7517,Makueni
-2.358078,37.796616,Makueni
-2.358078,37.841531,Makueni
-2.358078,37.886447,Makueni
-2.358078,37.931363,Makueni
-2.358078,37.976279,Makueni
-2.358078,38.021194,Makueni
-2.358078,38.06611,Makueni
-2.358078,38.111026,Makueni
-2.358078,38.155942,Makueni
-2.358078,38.200857,Makueni
-2.358078,38.245773,Kitui
-2.358078,38.290689,Kitui
-2.358078,38.335605,Kitui
-2.358078,38.380521,Kitui
-2.358078,38.425436,Kitui
-2.358078,38.470352,Kitui
-2.358078,38.515268,Kitui
-2.358078,38.560184,Kitui
-2.358078,38.605099,Kitui
-2.358078,38.650015,Kitui
-2.358078,38.694931,Kitui
-2.358078,38.739847,Kitui
-2.358078,38.784762,Tana River
-2.358078,38.829678,Tana River
-2.358078,38.874594,Tana River
-2.358078,38.91951,Tana River
-2.358078,38.964425,Tana River
-2.358078,39.009341,Tana River
-2.358078,39.054257,Tana River
-2.358078,39.099173,Tana River
-2.358078,39.144089,Tana River
-2.358078,39.189004,Tana River
-2.358078,39.23392,Tana River
-2.358078,39.278836,Tana River
-2.358078,39.323752,Tana River
-2.358078,39.368667,Tana River
-2.358078,39.413583,Tana River
-2.358078,39.458499,Tana River
-2.358078,39.503415,Tana River
-2.358078,39.54833,Tana River
-2.358078,39.593246,Tana River
-2.358078,39.638162,Tana River
-2.358078,39.683078,Tana River
-2.358078,39.727993,Tana River
-2.358078,39.772909,Tana River
-2.358078,39.817825,Tana River
-2.358078,39.862741,Kilifi
-2.358078,39.907656,Kilifi
-2.358078,39.952572,Tana River
-2.358078,39.997488,Tana River
-2.358078,40.042404,Tana River
-2.358078,40.08732,Tana River
-2.358078,40.132235,Tana River
-2.358078,40.177151,Tana River
-2.358078,40.222067,Tana River
-2.358078,40.266983,Lamu
-2.358078,40.311898,Lamu
-2.358078,40.356814,Lamu
-2.358078,40.40173,Lamu
-2.358078,40.446646,Lamu
-2.358078,40.491561,Lamu
-2.358078,40.536477,Lamu
-2.358078,40.581393,Lamu
-2.358078,40.626309,Lamu
-2.358078,40.671224,Lamu
-2.358078,40.71614,Lamu
-2.402993,36.494058,Unknown
-2.402993,36.538974,Kajiado
-2.402993,36.58389,Kajiado
-2.402993,36.628806,Kajiado
-2.402993,36.673721,Kajiado
-2.402993,36.718637,Kajiado
-2.402993,36.763553,Kajiado
-2.402993,36.808469,Kajiado
-2.402993,36.853385,Kajiado
-2.402993,36.8983,Kajiado
-2.402993,36.943216,Kajiado
-2.402993,36.988132,Kajiado
-2.402993,37.033048,Kajiado
-2.402993,37.077963,Kajiado
-2.402993,37.122879,Kajiado
-2.402993,37.167795,Kajiado
-2.402993,37.212711,Kajiado
-2.402993,37.257626,Kajiado
-2.402993,37.302542,Kajiado
-2.402993,37.347458,Kajiado
-2.402993,37.392374,Kajiado
-2.402993,37.437289,Kajiado
-2.402993,37.482205,Kajiado
-2.402993,37.527121,Kajiado
-2.402993,37.572037,Kajiado
-2.402993,37.616953,Kajiado
-2.402993,37.661868,Kajiado
-2.402993,37.706784,Makueni
-2.402993,37.7517,Makueni
-2.402993,37.796616,Makueni
-2.402993,37.841531,Makueni
-2.402993,37.886447,Makueni
-2.402993,37.931363,Makueni
-2.402993,37.976279,Makueni
-2.402993,38.021194,Makueni
-2.402993,38.06611,Makueni
-2.402993,38.111026,Makueni
-2.402993,38.155942,Makueni
-2.402993,38.200857,Makueni
-2.402993,38.245773,Kitui
-2.402993,38.290689,Kitui
-2.402993,38.335605,Kitui
-2.402993,38.380521,Kitui
-2.402993,38.425436,Kitui
-2.402993,38.470352,Kitui
-2.402993,38.515268,Kitui
-2.402993,38.560184,Kitui
-2.402993,38.605099,Kitui
-2.402993,38.650015,Kitui
-2.402993,38.694931,Kitui
-2.402993,38.739847,Tana River
-2.402993,38.784762,Tana River
-2.402993,38.829678,Tana River
-2.402993,38.874594,Tana River
-2.402993,38.91951,Tana River
-2.402993,38.964425,Tana River
-2.402993,39.009341,Tana River
-2.402993,39.054257,Tana River
-2.402993,39.099173,Tana River
-2.402993,39.144089,Tana River
-2.402993,39.189004,Tana River
-2.402993,39.23392,Tana River
-2.402993,39.278836,Tana River
-2.402993,39.323752,Tana River
-2.402993,39.368667,Tana River
-2.402993,39.413583,Tana River
-2.402993,39.458499,Tana River
-2.402993,39.503415,Tana River
-2.402993,39.54833,Tana River
-2.402993,39.593246,Tana River
-2.402993,39.638162,Tana River
-2.402993,39.683078,Tana River
-2.402993,39.727993,Tana River
-2.402993,39.772909,Tana River
-2.402993,39.817825,Kilifi
-2.402993,39.862741,Kilifi
-2.402993,39.907656,Kilifi
-2.402993,39.952572,Kilifi
-2.402993,39.997488,Tana River
-2.402993,40.042404,Tana River
-2.402993,40.08732,Tana River
-2.402993,40.132235,Tana River
-2.402993,40.177151,Tana River
-2.402993,40.222067,Tana River
-2.402993,40.266983,Tana River
-2.402993,40.311898,Tana River
-2.402993,40.356814,Tana River
-2.402993,40.40173,Tana River
-2.402993,40.446646,Tana River
-2.402993,40.491561,Lamu
-2.402993,40.536477,Lamu
-2.402993,40.581393,Lamu
-2.402993,40.626309,Lamu
-2.402993,40.671224,Lamu
-2.402993,40.71614,Lamu
-2.447909,36.58389,Unknown
-2.447909,36.628806,Kajiado
-2.447909,36.673721,Kajiado
-2.447909,36.718637,Kajiado
-2.447909,36.763553,Kajiado
-2.447909,36.808469,Kajiado
-2.447909,36.853385,Kajiado
-2.447909,36.8983,Kajiado
-2.447909,36.943216,Kajiado
-2.447909,36.988132,Kajiado
-2.447909,37.033048,Kajiado
-2.447909,37.077963,Kajiado
-2.447909,37.122879,Kajiado
-2.447909,37.167795,Kajiado
-2.447909,37.212711,Kajiado
-2.447909,37.257626,Kajiado
-2.447909,37.302542,Kajiado
-2.447909,37.347458,Kajiado
-2.447909,37.392374,Kajiado
-2.447909,37.437289,Kajiado
-2.447909,37.482205,Kajiado
-2.447909,37.527121,Kajiado
-2.447909,37.572037,Kajiado
-2.447909,37.616953,Kajiado
-2.447909,37.661868,Kajiado
-2.447909,37.706784,Kajiado
-2.447909,37.7517,Makueni
-2.447909,37.796616,Makueni
-2.447909,37.841531,Makueni
-2.447909,37.886447,Makueni
-2.447909,37.931363,Makueni
-2.447909,37.976279,Makueni
-2.447909,38.021194,Makueni
-2.447909,38.06611,Makueni
-2.447909,38.111026,Makueni
-2.447909,38.155942,Makueni
-2.447909,38.200857,Makueni
-2.447909,38.245773,Makueni
-2.447909,38.290689,Kitui
-2.447909,38.335605,Kitui
-2.447909,38.380521,Kitui
-2.447909,38.425436,Kitui
-2.447909,38.470352,Kitui
-2.447909,38.515268,Kitui
-2.447909,38.560184,Kitui
-2.447909,38.605099,Kitui
-2.447909,38.650015,Kitui
-2.447909,38.694931,Tana River
-2.447909,38.739847,Tana River
-2.447909,38.784762,Tana River
-2.447909,38.829678,Tana River
-2.447909,38.874594,Tana River
-2.447909,38.91951,Tana River
-2.447909,38.964425,Tana River
-2.447909,39.009341,Tana River
-2.447909,39.054257,Tana River
-2.447909,39.099173,Tana River
-2.447909,39.144089,Tana River
-2.447909,39.189004,Tana River
-2.447909,39.23392,Tana River
-2.447909,39.278836,Tana River
-2.447909,39.323752,Tana River
-2.447909,39.368667,Tana River
-2.447909,39.413583,Tana River
-2.447909,39.458499,Tana River
-2.447909,39.503415,Tana River
-2.447909,39.54833,Tana River
-2.447909,39.593246,Tana River
-2.447909,39.638162,Tana River
-2.447909,39.683078,Tana River
-2.447909,39.727993,Tana River
-2.447909,39.772909,Kilifi
-2.447909,39.817825,Kilifi
-2.447909,39.862741,Kilifi
-2.447909,39.907656,Kilifi
-2.447909,39.952572,Kilifi
-2.447909,39.997488,Tana River
-2.447909,40.042404,Tana River
-2.447909,40.08732,Tana River
-2.447909,40.132235,Tana River
-2.447909,40.177151,Tana River
-2.447909,40.222067,Tana River
-2.447909,40.266983,Tana River
-2.447909,40.311898,Tana River
-2.447909,40.356814,Tana River
-2.447909,40.40173,Tana River
-2.447909,40.446646,Tana River
-2.447909,40.491561,Tana River
-2.447909,40.536477,Tana River
-2.447909,40.581393,Tana River
-2.447909,40.626309,Lamu
-2.447909,40.671224,Lamu
-2.447909,40.71614,Lamu
-2.492825,36.673721,Unknown
-2.492825,36.718637,Kajiado
-2.492825,36.763553,Kajiado
-2.492825,36.808469,Kajiado
-2.492825,36.853385,Kajiado
-2.492825,36.8983,Kajiado
-2.492825,36.943216,Kajiado
-2.492825,36.988132,Kajiado
-2.492825,37.033048,Kajiado
-2.492825,37.077963,Kajiado
-2.492825,37.122879,Kajiado
-2.492825,37.167795,Kajiado
-2.492825,37.212711,Kajiado
-2.492825,37.257626,Kajiado
-2.492825,37.302542,Kajiado
-2.492825,37.347458,Kajiado
-2.492825,37.392374,Kajiado
-2.492825,37.437289,Kajiado
-2.492825,37.482205,Kajiado
-2.492825,37.527121,Kajiado
-2.492825,37.572037,Kajiado
-2.492825,37.616953,Kajiado
-2.492825,37.661868,Kajiado
-2.492825,37.706784,Kajiado
-2.492825,37.7517,Kajiado
-2.492825,37.796616,Makueni
-2.492825,37.841531,Makueni
-2.492825,37.886447,Makueni
-2.492825,37.931363,Makueni
-2.492825,37.976279,Makueni
-2.492825,38.021194,Makueni
-2.492825,38.06611,Makueni
-2.492825,38.111026,Makueni
-2.492825,38.155942,Makueni
-2.492825,38.200857,Makueni
-2.492825,38.245773,Makueni
-2.492825,38.290689,Makueni
-2.492825,38.335605,Kitui
-2.492825,38.380521,Kitui
-2.492825,38.425436,Kitui
-2.492825,38.470352,Kitui
-2.492825,38.515268,Kitui
-2.492825,38.560184,Kitui
-2.492825,38.605099,Kitui
-2.492825,38.650015,Kitui
-2.492825,38.694931,Tana River
-2.492825,38.739847,Tana River
-2.492825,38.784762,Tana River
-2.492825,38.829678,Tana River
-2.492825,38.874594,Tana River
-2.492825,38.91951,Tana River
-2.492825,38.964425,Tana River
-2.492825,39.009341,Tana River
-2.492825,39.054257,Tana River
-2.492825,39.099173,Tana River
-2.492825,39.144089,Tana River
-2.492825,39.189004,Tana River
-2.492825,39.23392,Tana River
-2.492825,39.278836,Tana River
-2.492825,39.323752,Tana River
-2.492825,39.368667,Tana River
-2.492825,39.413583,Tana River
-2.492825,39.458499,Tana River
-2.492825,39.503415,Tana River
-2.492825,39.54833,Tana River
-2.492825,39.593246,Tana River
-2.492825,39.638162,Tana River
-2.492825,39.683078,Tana River
-2.492825,39.727993,Tana River
-2.492825,39.772909,Kilifi
-2.492825,39.817825,Kilifi
-2.492825,39.862741,Kilifi
-2.492825,39.907656,Kilifi
-2.492825,39.952572,Kilifi
-2.492825,39.997488,Kilifi
-2.492825,40.042404,Tana River
-2.492825,40.08732,Tana River
-2.492825,40.132235,Tana River
-2.492825,40.177151,Tana River
-2.492825,40.222067,Tana River
-2.492825,40.266983,Tana River
-2.492825,40.311898,Tana River
-2.492825,40.356814,Tana River
-2.492825,40.40173,Tana River
-2.492825,40.446646,Tana River
-2.492825,40.491561,Tana River
-2.492825,40.536477,Tana River
-2.492825,40.581393,Tana River
-2.492825,40.626309,Tana River
-2.537741,36.718637,Unknown
-2.537741,36.763553,Unknown
-2.537741,36.808469,Kajiado
-2.537741,36.853385,Kajiado
-2.537741,36.8983,Kajiado
-2.537741,36.943216,Kajiado
-2.537741,36.988132,Kajiado
-2.537741,37.033048,Kajiado
-2.537741,37.077963,Kajiado
-2.537741,37.122879,Kajiado
-2.537741,37.167795,Kajiado
-2.537741,37.212711,Kajiado
-2.537741,37.257626,Kajiado
-2.537741,37.302542,Kajiado
-2.537741,37.347458,Kajiado
-2.537741,37.392374,Kajiado
-2.537741,37.437289,Kajiado
-2.537741,37.482205,Kajiado
-2.537741,37.527121,Kajiado
-2.537741,37.572037,Kajiado
-2.537741,37.616953,Kajiado
-2.537741,37.661868,Kajiado
-2.537741,37.706784,Kajiado
-2.537741,37.7517,Kajiado
-2.537741,37.796616,Makueni
-2.537741,37.841531,Makueni
-2.537741,37.886447,Makueni
-2.537741,37.931363,Makueni
-2.537741,37.976279,Makueni
-2.537741,38.021194,Makueni
-2.537741,38.06611,Makueni
-2.537741,38.111026,Makueni
-2.537741,38.155942,Makueni
-2.537741,38.200857,Makueni
-2.537741,38.245773,Makueni
-2.537741,38.290689,Makueni
-2.537741,38.335605,Kitui
-2.537741,38.380521,Kitui
-2.537741,38.425436,Kitui
-2.537741,38.470352,Kitui
-2.537741,38.515268,Kitui
-2.537741,38.560184,Kitui
-2.537741,38.605099,Kitui
-2.537741,38.650015,Kitui
-2.537741,38.694931,Kitui
-2.537741,38.739847,Tana River
-2.537741,38.784762,Tana River
-2.537741,38.829678,Tana River
-2.537741,38.874594,Tana River
-2.537741,38.91951,Tana River
-2.537741,38.964425,Tana River
-2.537741,39.009341,Tana River
-2.537741,39.054257,Tana River
-2.537741,39.099173,Tana River
-2.537741,39.144089,Tana River
-2.537741,39.189004,Tana River
-2.537741,39.23392,Tana River
-2.537741,39.278836,Tana River
-2.537741,39.323752,Tana River
-2.537741,39.368667,Tana River
-2.537741,39.413583,Tana River
-2.537741,39.458499,Tana River
-2.537741,39.503415,Tana River
-2.537741,39.54833,Tana River
-2.537741,39.593246,Tana River
-2.537741,39.638162,Tana River
-2.537741,39.683078,Tana River
-2.537741,39.727993,Kilifi
-2.537741,39.772909,Kilifi
-2.537741,39.817825,Kilifi
-2.537741,39.862741,Kilifi
-2.537741,39.907656,Kilifi
-2.537741,39.952572,Kilifi
-2.537741,39.997488,Kilifi
-2.537741,40.042404,Kilifi
-2.537741,40.08732,Tana River
-2.537741,40.132235,Tana River
-2.537741,40.177151,Tana River
-2.537741,40.222067,Tana River
-2.537741,40.266983,Tana River
-2.537741,40.311898,Tana River
-2.537741,40.356814,Tana River
-2.537741,40.40173,Tana River
-2.537741,40.446646,Tana River
-2.537741,40.581393,Tana River
-2.537741,40.626309,Tana River
-2.582656,36.808469,Unknown
-2.582656,36.853385,Kajiado
-2.582656,36.8983,Kajiado
-2.582656,36.943216,Kajiado
-2.582656,36.988132,Kajiado
-2.582656,37.033048,Kajiado
-2.582656,37.077963,Kajiado
-2.582656,37.122879,Kajiado
-2.582656,37.167795,Kajiado
-2.582656,37.212711,Kajiado
-2.582656,37.257626,Kajiado
-2.582656,37.302542,Kajiado
-2.582656,37.347458,Kajiado
-2.582656,37.392374,Kajiado
-2.582656,37.437289,Kajiado
-2.582656,37.482205,Kajiado
-2.582656,37.527121,Kajiado
-2.582656,37.572037,Kajiado
-2.582656,37.616953,Kajiado
-2.582656,37.661868,Kajiado
-2.582656,37.706784,Kajiado
-2.582656,37.7517,Kajiado
-2.582656,37.796616,Kajiado
-2.582656,37.841531,Makueni
-2.582656,37.886447,Makueni
-2.582656,37.931363,Makueni
-2.582656,37.976279,Makueni
-2.582656,38.021194,Makueni
-2.582656,38.06611,Makueni
-2.582656,38.111026,Makueni
-2.582656,38.155942,Makueni
-2.582656,38.200857,Makueni
-2.582656,38.245773,Makueni
-2.582656,38.290689,Makueni
-2.582656,38.335605,Makueni
-2.582656,38.380521,Kitui
-2.582656,38.425436,Kitui
-2.582656,38.470352,Kitui
-2.582656,38.515268,Kitui
-2.582656,38.560184,Kitui
-2.582656,38.605099,Kitui
-2.582656,38.650015,Kitui
-2.582656,38.694931,Kitui
-2.582656,38.739847,Kitui
-2.582656,38.784762,Tana River
-2.582656,38.829678,Tana River
-2.582656,38.874594,Tana River
-2.582656,38.91951,Tana River
-2.582656,38.964425,Tana River
-2.582656,39.009341,Tana River
-2.582656,39.054257,Tana River
-2.582656,39.099173,Tana River
-2.582656,39.144089,Tana River
-2.582656,39.189004,Tana River
-2.582656,39.23392,Tana River
-2.582656,39.278836,Tana River
-2.582656,39.323752,Tana River
-2.582656,39.368667,Tana River
-2.582656,39.413583,Tana River
-2.582656,39.458499,Tana River
-2.582656,39.503415,Tana River
-2.582656,39.54833,Tana River
-2.582656,39.593246,Tana River
-2.582656,39.638162,Tana River
-2.582656,39.683078,Kilifi
-2.582656,39.727993,Kilifi
-2.582656,39.772909,Kilifi
-2.582656,39.817825,Kilifi
-2.582656,39.862741,Kilifi
-2.582656,39.907656,Kilifi
-2.582656,39.952572,Kilifi
-2.582656,39.997488,Kilifi
-2.582656,40.042404,Kilifi
-2.582656,40.08732,Tana River
-2.582656,40.132235,Tana River
-2.582656,40.177151,Tana River
-2.582656,40.222067,Tana River
-2.582656,40.266983,Tana River
-2.582656,40.311898,Tana River
-2.627572,36.8983,Unknown
-2.627572,36.943216,Kajiado
-2.627572,36.988132,Kajiado
-2.627572,37.033048,Kajiado
-2.627572,37.077963,Kajiado
-2.627572,37.122879,Kajiado
-2.627572,37.167795,Kajiado
-2.627572,37.212711,Kajiado
-2.627572,37.257626,Kajiado
-2.627572,37.302542,Kajiado
-2.627572,37.347458,Kajiado
-2.627572,37.392374,Kajiado
-2.627572,37.437289,Kajiado
-2.627572,37.482205,Kajiado
-2.627572,37.527121,Kajiado
-2.627572,37.572037,Kajiado
-2.627572,37.616953,Kajiado
-2.627572,37.661868,Kajiado
-2.627572,37.706784,Kajiado
-2.627572,37.7517,Kajiado
-2.627572,37.796616,Kajiado
-2.627572,37.841531,Kajiado
-2.627572,37.886447,Makueni
-2.627572,37.931363,Makueni
-2.627572,37.976279,Makueni
-2.627572,38.021194,Makueni
-2.627572,38.06611,Makueni
-2.627572,38.111026,Makueni
-2.627572,38.155942,Makueni
-2.627572,38.200857,Makueni
-2.627572,38.245773,Makueni
-2.627572,38.290689,Makueni
-2.627572,38.335605,Makueni
-2.627572,38.380521,Kitui
-2.627572,38.425436,Kitui
-2.627572,38.470352,Kitui
-2.627572,38.515268,Kitui
-2.627572,38.560184,Kitui
-2.627572,38.605099,Kitui
-2.627572,38.650015,Kitui
-2.627572,38.694931,Kitui
-2.627572,38.739847,Kitui
-2.627572,38.784762,Tana River
-2.627572,38.829678,Tana River
-2.627572,38.874594,Tana River
-2.627572,38.91951,Tana River
-2.627572,38.964425,Tana River
-2.627572,39.009341,Tana River
-2.627572,39.054257,Tana River
-2.627572,39.099173,Tana River
-2.627572,39.144089,Tana River
-2.627572,39.189004,Tana River
-2.627572,39.23392,Tana River
-2.627572,39.278836,Tana River
-2.627572,39.323752,Tana River
-2.627572,39.368667,Tana River
-2.627572,39.413583,Tana River
-2.627572,39.458499,Tana River
-2.627572,39.503415,Tana River
-2.627572,39.54833,Tana River
-2.627572,39.593246,Tana River
-2.627572,39.638162,Kilifi
-2.627572,39.683078,Kilifi
-2.627572,39.727993,Kilifi
-2.627572,39.772909,Kilifi
-2.627572,39.817825,Kilifi
-2.627572,39.862741,Kilifi
-2.627572,39.907656,Kilifi
-2.627572,39.952572,Kilifi
-2.627572,39.997488,Kilifi
-2.627572,40.042404,Kilifi
-2.627572,40.08732,Kilifi
-2.627572,40.132235,Tana River
-2.627572,40.177151,Tana River
-2.627572,40.222067,Tana River
-2.627572,40.266983,Tana River
-2.627572,40.311898,Unknown
-2.672488,36.988132,Unknown
-2.672488,37.033048,Kajiado
-2.672488,37.077963,Kajiado
-2.672488,37.122879,Kajiado
-2.672488,37.167795,Kajiado
-2.672488,37.212711,Kajiado
-2.672488,37.257626,Kajiado
-2.672488,37.302542,Kajiado
-2.672488,37.347458,Kajiado
-2.672488,37.392374,Kajiado
-2.672488,37.437289,Kajiado
-2.672488,37.482205,Kajiado
-2.672488,37.527121,Kajiado
-2.672488,37.572037,Kajiado
-2.672488,37.616953,Kajiado
-2.672488,37.661868,Kajiado
-2.672488,37.706784,Kajiado
-2.672488,37.7517,Kajiado
-2.672488,37.796616,Kajiado
-2.672488,37.841531,Kajiado
-2.672488,37.886447,Kajiado
-2.672488,37.931363,Makueni
-2.672488,37.976279,Makueni
-2.672488,38.021194,Makueni
-2.672488,38.06611,Makueni
-2.672488,38.111026,Makueni
-2.672488,38.155942,Makueni
-2.672488,38.200857,Makueni
-2.672488,38.245773,Makueni
-2.672488,38.290689,Makueni
-2.672488,38.335605,Makueni
-2.672488,38.380521,Makueni
-2.672488,38.425436,Kitui
-2.672488,38.470352,Kitui
-2.672488,38.515268,Kitui
-2.672488,38.560184,Kitui
-2.672488,38.605099,Kitui
-2.672488,38.650015,Kitui
-2.672488,38.694931,Kitui
-2.672488,38.739847,Kitui
-2.672488,38.784762,Kitui
-2.672488,38.829678,Tana River
-2.672488,38.874594,Tana River
-2.672488,38.91951,Tana River
-2.672488,38.964425,Tana River
-2.672488,39.009341,Tana River
-2.672488,39.054257,Tana River
-2.672488,39.099173,Tana River
-2.672488,39.144089,Tana River
-2.672488,39.189004,Tana River
-2.672488,39.23392,Tana River
-2.672488,39.278836,Tana River
-2.672488,39.323752,Tana River
-2.672488,39.368667,Tana River
-2.672488,39.413583,Tana River
-2.672488,39.458499,Tana River
-2.672488,39.503415,Tana River
-2.672488,39.54833,Tana River
-2.672488,39.593246,Kilifi
-2.672488,39.638162,Kilifi
-2.672488,39.683078,Kilifi
-2.672488,39.727993,Kilifi
-2.672488,39.772909,Kilifi
-2.672488,39.817825,Kilifi
-2.672488,39.862741,Kilifi
-2.672488,39.907656,Kilifi
-2.672488,39.952572,Kilifi
-2.672488,39.997488,Kilifi
-2.672488,40.042404,Kilifi
-2.672488,40.08732,Kilifi
-2.672488,40.132235,Kilifi
-2.717404,37.033048,Unknown
-2.717404,37.077963,Unknown
-2.717404,37.122879,Kajiado
-2.717404,37.167795,Kajiado
-2.717404,37.212711,Kajiado
-2.717404,37.257626,Kajiado
-2.717404,37.302542,Kajiado
-2.717404,37.347458,Kajiado
-2.717404,37.392374,Kajiado
-2.717404,37.437289,Kajiado
-2.717404,37.482205,Kajiado
-2.717404,37.527121,Kajiado
-2.717404,37.572037,Kajiado
-2.717404,37.616953,Kajiado
-2.717404,37.661868,Kajiado
-2.717404,37.706784,Kajiado
-2.717404,37.7517,Kajiado
-2.717404,37.796616,Kajiado
-2.717404,37.841531,Kajiado
-2.717404,37.886447,Kajiado
-2.717404,37.931363,Makueni
-2.717404,37.976279,Makueni
-2.717404,38.021194,Makueni
-2.717404,38.06611,Makueni
-2.717404,38.111026,Taita Taveta
-2.717404,38.155942,Taita Taveta
-2.717404,38.200857,Taita Taveta
-2.717404,38.245773,Makueni
-2.717404,38.290689,Makueni
-2.717404,38.335605,Makueni
-2.717404,38.380521,Makueni
-2.717404,38.425436,Kitui
-2.717404,38.470352,Kitui
-2.717404,38.515268,Kitui
-2.717404,38.560184,Kitui
-2.717404,38.605099,Kitui
-2.717404,38.650015,Kitui
-2.717404,38.694931,Kitui
-2.717404,38.739847,Kitui
-2.717404,38.784762,Kitui
-2.717404,38.829678,Kitui
-2.717404,38.874594,Tana River
-2.717404,38.91951,Tana River
-2.717404,38.964425,Tana River
-2.717404,39.009341,Tana River
-2.717404,39.054257,Tana River
-2.717404,39.099173,Tana River
-2.717404,39.144089,Tana River
-2.717404,39.189004,Tana River
-2.717404,39.23392,Tana River
-2.717404,39.278836,Tana River
-2.717404,39.323752,Tana River
-2.717404,39.368667,Tana River
-2.717404,39.413583,Tana River
-2.717404,39.458499,Tana River
-2.717404,39.503415,Tana River
-2.717404,39.54833,Kilifi
-2.717404,39.593246,Kilifi
-2.717404,39.638162,Kilifi
-2.717404,39.683078,Kilifi
-2.717404,39.727993,Kilifi
-2.717404,39.772909,Kilifi
-2.717404,39.817825,Kilifi
-2.717404,39.862741,Kilifi
-2.717404,39.907656,Kilifi
-2.717404,39.952572,Kilifi
-2.717404,39.997488,Kilifi
-2.717404,40.042404,Kilifi
-2.717404,40.08732,Kilifi
-2.717404,40.132235,Kilifi
-2.762319,37.122879,Unknown
-2.762319,37.167795,Unknown
-2.762319,37.212711,Kajiado
-2.762319,37.257626,Kajiado
-2.762319,37.302542,Kajiado
-2.762319,37.347458,Kajiado
-2.762319,37.392374,Kajiado
-2.762319,37.437289,Kajiado
-2.762319,37.482205,Kajiado
-2.762319,37.527121,Kajiado
-2.762319,37.572037,Kajiado
-2.762319,37.616953,Kajiado
-2.762319,37.661868,Kajiado
-2.762319,37.706784,Kajiado
-2.762319,37.7517,Kajiado
-2.762319,37.796616,Kajiado
-2.762319,37.841531,Kajiado
-2.762319,37.886447,Kajiado
-2.762319,37.931363,Makueni
-2.762319,37.976279,Makueni
-2.762319,38.021194,Makueni
-2.762319,38.06611,Taita Taveta
-2.762319,38.111026,Taita Taveta
-2.762319,38.155942,Taita Taveta
-2.762319,38.200857,Taita Taveta
-2.762319,38.245773,Taita Taveta
-2.762319,38.290689,Makueni
-2.762319,38.335605,Makueni
-2.762319,38.380521,Makueni
-2.762319,38.425436,Kitui
-2.762319,38.470352,Kitui
-2.762319,38.515268,Kitui
-2.762319,38.560184,Kitui
-2.762319,38.605099,Kitui
-2.762319,38.650015,Kitui
-2.762319,38.694931,Kitui
-2.762319,38.739847,Kitui
-2.762319,38.784762,Kitui
-2.762319,38.829678,Kitui
-2.762319,38.874594,Kitui
-2.762319,38.91951,Tana River
-2.762319,38.964425,Tana River
-2.762319,39.009341,Tana River
-2.762319,39.054257,Tana River
-2.762319,39.099173,Tana River
-2.762319,39.144089,Tana River
-2.762319,39.189004,Tana River
-2.762319,39.23392,Tana River
-2.762319,39.278836,Tana River
-2.762319,39.323752,Tana River
-2.762319,39.368667,Tana River
-2.762319,39.413583,Tana River
-2.762319,39.458499,Tana River
-2.762319,39.503415,Kilifi
-2.762319,39.54833,Kilifi
-2.762319,39.593246,Kilifi
-2.762319,39.638162,Kilifi
-2.762319,39.683078,Kilifi
-2.762319,39.727993,Kilifi
-2.762319,39.772909,Kilifi
-2.762319,39.817825,Kilifi
-2.762319,39.862741,Kilifi
-2.762319,39.907656,Kilifi
-2.762319,39.952572,Kilifi
-2.762319,39.997488,Kilifi
-2.762319,40.042404,Kilifi
-2.762319,40.08732,Kilifi
-2.762319,40.132235,Kilifi
-2.807235,37.212711,Unknown
-2.807235,37.257626,Kajiado
-2.807235,37.302542,Kajiado
-2.807235,37.347458,Kajiado
-2.807235,37.392374,Kajiado
-2.807235,37.437289,Kajiado
-2.807235,37.482205,Kajiado
-2.807235,37.527121,Kajiado
-2.807235,37.572037,Kajiado
-2.807235,37.616953,Kajiado
-2.807235,37.661868,Kajiado
-2.807235,37.706784,Kajiado
-2.807235,37.7517,Kajiado
-2.807235,37.796616,Kajiado
-2.807235,37.841531,Kajiado
-2.807235,37.886447,Kajiado
-2.807235,37.931363,Kajiado
-2.807235,37.976279,Taita Taveta
-2.807235,38.021194,Taita Taveta
-2.807235,38.06611,Taita Taveta
-2.807235,38.111026,Taita Taveta
-2.807235,38.155942,Taita Taveta
-2.807235,38.200857,Taita Taveta
-2.807235,38.245773,Taita Taveta
-2.807235,38.290689,Taita Taveta
-2.807235,38.335605,Makueni
-2.807235,38.380521,Makueni
-2.807235,38.425436,Kitui
-2.807235,38.470352,Kitui
-2.807235,38.515268,Kitui
-2.807235,38.560184,Kitui
-2.807235,38.605099,Kitui
-2.807235,38.650015,Kitui
-2.807235,38.694931,Kitui
-2.807235,38.739847,Kitui
-2.807235,38.784762,Kitui
-2.807235,38.829678,Kitui
-2.807235,38.874594,Kitui
-2.807235,38.91951,Tana River
-2.807235,38.964425,Tana River
-2.807235,39.009341,Tana River
-2.807235,39.054257,Tana River
-2.807235,39.099173,Tana River
-2.807235,39.144089,Tana River
-2.807235,39.189004,Tana River
-2.807235,39.23392,Tana River
-2.807235,39.278836,Tana River
-2.807235,39.323752,Tana River
-2.807235,39.368667,Tana River
-2.807235,39.413583,Tana River
-2.807235,39.458499,Kilifi
-2.807235,39.503415,Kilifi
-2.807235,39.54833,Kilifi
-2.807235,39.593246,Kilifi
-2.807235,39.638162,Kilifi
-2.807235,39.683078,Kilifi
-2.807235,39.727993,Kilifi
-2.807235,39.772909,Kilifi
-2.807235,39.817825,Kilifi
-2.807235,39.862741,Kilifi
-2.807235,39.907656,Kilifi
-2.807235,39.952572,Kilifi
-2.807235,39.997488,Kilifi
-2.807235,40.042404,Kilifi
-2.807235,40.08732,Kilifi
-2.807235,40.132235,Kilifi
-2.852151,37.302542,Unknown
-2.852151,37.347458,Kajiado
-2.852151,37.392374,Kajiado
-2.852151,37.437289,Kajiado
-2.852151,37.482205,Kajiado
-2.852151,37.527121,Kajiado
-2.852151,37.572037,Kajiado
-2.852151,37.616953,Kajiado
-2.852151,37.661868,Kajiado
-2.852151,37.706784,Kajiado
-2.852151,37.7517,Kajiado
-2.852151,37.796616,Kajiado
-2.852151,37.841531,Kajiado
-2.852151,37.886447,Kajiado
-2.852151,37.931363,Taita Taveta
-2.852151,37.976279,Taita Taveta
-2.852151,38.021194,Taita Taveta
-2.852151,38.06611,Taita Taveta
-2.852151,38.111026,Taita Taveta
-2.852151,38.155942,Taita Taveta
-2.852151,38.200857,Taita Taveta
-2.852151,38.245773,Taita Taveta
-2.852151,38.290689,Taita Taveta
-2.852151,38.335605,Makueni
-2.852151,38.380521,Makueni
-2.852151,38.425436,Makueni
-2.852151,38.470352,Kitui
-2.852151,38.515268,Kitui
-2.852151,38.560184,Kitui
-2.852151,38.605099,Kitui
-2.852151,38.650015,Kitui
-2.852151,38.694931,Kitui
-2.852151,38.739847,Kitui
-2.852151,38.784762,Kitui
-2.852151,38.829678,Kitui
-2.852151,38.874594,Kitui
-2.852151,38.91951,Kitui
-2.852151,38.964425,Tana River
-2.852151,39.009341,Tana River
-2.852151,39.054257,Tana River
-2.852151,39.099173,Tana River
-2.852151,39.144089,Tana River
-2.852151,39.189004,Tana River
-2.852151,39.23392,Tana River
-2.852151,39.278836,Tana River
-2.852151,39.323752,Tana River
-2.852151,39.368667,Tana River
-2.852151,39.413583,Kilifi
-2.852151,39.458499,Kilifi
-2.852151,39.503415,Kilifi
-2.852151,39.54833,Kilifi
-2.852151,39.593246,Kilifi
-2.852151,39.638162,Kilifi
-2.852151,39.683078,Kilifi
-2.852151,39.727993,Kilifi
-2.852151,39.772909,Kilifi
-2.852151,39.817825,Kilifi
-2.852151,39.862741,Kilifi
-2.852151,39.907656,Kilifi
-2.852151,39.952572,Kilifi
-2.852151,39.997488,Kilifi
-2.852151,40.042404,Kilifi
-2.852151,40.08732,Kilifi
-2.852151,40.132235,Kilifi
-2.897067,37.392374,Unknown
-2.897067,37.437289,Kajiado
-2.897067,37.482205,Kajiado
-2.897067,37.527121,Kajiado
-2.897067,37.572037,Kajiado
-2.897067,37.616953,Kajiado
-2.897067,37.661868,Kajiado
-2.897067,37.706784,Kajiado
-2.897067,37.7517,Kajiado
-2.897067,37.796616,Kajiado
-2.897067,37.841531,Kajiado
-2.897067,37.886447,Kajiado
-2.897067,37.931363,Taita Taveta
-2.897067,37.976279,Taita Taveta
-2.897067,38.021194,Taita Taveta
-2.897067,38.06611,Taita Taveta
-2.897067,38.111026,Taita Taveta
-2.897067,38.155942,Taita Taveta
-2.897067,38.200857,Taita Taveta
-2.897067,38.245773,Taita Taveta
-2.897067,38.290689,Taita Taveta
-2.897067,38.335605,Taita Taveta
-2.897067,38.380521,Makueni
-2.897067,38.425436,Makueni
-2.897067,38.470352,Kitui
-2.897067,38.515268,Kitui
-2.897067,38.560184,Kitui
-2.897067,38.605099,Kitui
-2.897067,38.650015,Kitui
-2.897067,38.694931,Kitui
-2.897067,38.739847,Kitui
-2.897067,38.784762,Kitui
-2.897067,38.829678,Kitui
-2.897067,38.874594,Kitui
-2.897067,38.91951,Kitui
-2.897067,38.964425,Kitui
-2.897067,39.009341,Tana River
-2.897067,39.054257,Tana River
-2.897067,39.099173,Tana River
-2.897067,39.144089,Tana River
-2.897067,39.189004,Tana River
-2.897067,39.23392,Tana River
-2.897067,39.278836,Tana River
-2.897067,39.323752,Tana River
-2.897067,39.368667,Tana River
-2.897067,39.413583,Kilifi
-2.897067,39.458499,Kilifi
-2.897067,39.503415,Kilifi
-2.897067,39.54833,Kilifi
-2.897067,39.593246,Kilifi
-2.897067,39.638162,Kilifi
-2.897067,39.683078,Kilifi
-2.897067,39.727993,Kilifi
-2.897067,39.772909,Kilifi
-2.897067,39.817825,Kilifi
-2.897067,39.862741,Kilifi
-2.897067,39.907656,Kilifi
-2.897067,39.952572,Kilifi
-2.897067,39.997488,Kilifi
-2.897067,40.042404,Kilifi
-2.897067,40.08732,Kilifi
-2.897067,40.132235,Kilifi
-2.941983,37.437289,Unknown
-2.941983,37.482205,Unknown
-2.941983,37.527121,Kajiado
-2.941983,37.572037,Kajiado
-2.941983,37.616953,Kajiado
-2.941983,37.661868,Kajiado
-2.941983,37.706784,Kajiado
-2.941983,37.7517,Kajiado
-2.941983,37.796616,Kajiado
-2.941983,37.841531,Kajiado
-2.941983,37.886447,Kajiado
-2.941983,37.931363,Taita Taveta
-2.941983,37.976279,Taita Taveta
-2.941983,38.021194,Taita Taveta
-2.941983,38.06611,Taita Taveta
-2.941983,38.111026,Taita Taveta
-2.941983,38.155942,Taita Taveta
-2.941983,38.200857,Taita Taveta
-2.941983,38.245773,Taita Taveta
-2.941983,38.290689,Taita Taveta
-2.941983,38.335605,Taita Taveta
-2.941983,38.380521,Taita Taveta
-2.941983,38.425436,Makueni
-2.941983,38.470352,Makueni
-2.941983,38.515268,Kitui
-2.941983,38.560184,Kitui
-2.941983,38.605099,Kitui
-2.941983,38.650015,Kitui
-2.941983,38.694931,Kitui
-2.941983,38.739847,Kitui
-2.941983,38.784762,Kitui
-2.941983,38.829678,Kitui
-2.941983,38.874594,Kitui
-2.941983,38.91951,Kitui
-2.941983,38.964425,Kitui
-2.941983,39.009341,Tana River
-2.941983,39.054257,Tana River
-2.941983,39.099173,Tana River
-2.941983,39.144089,Tana River
-2.941983,39.189004,Tana River
-2.941983,39.23392,Tana River
-2.941983,39.278836,Tana River
-2.941983,39.323752,Tana River
-2.941983,39.368667,Kilifi
-2.941983,39.413583,Kilifi
-2.941983,39.458499,Kilifi
-2.941983,39.503415,Kilifi
-2.941983,39.54833,Kilifi
-2.941983,39.593246,Kilifi
-2.941983,39.638162,Kilifi
-2.941983,39.683078,Kilifi
-2.941983,39.727993,Kilifi
-2.941983,39.772909,Kilifi
-2.941983,39.817825,Kilifi
-2.941983,39.862741,Kilifi
-2.941983,39.907656,Kilifi
-2.941983,39.952572,Kilifi
-2.941983,39.997488,Kilifi
-2.941983,40.042404,Kilifi
-2.941983,40.08732,Kilifi
-2.941983,40.132235,Kilifi
-2.986898,37.527121,Unknown
-2.986898,37.572037,Kajiado
-2.986898,37.616953,Kajiado
-2.986898,37.661868,Kajiado
-2.986898,37.706784,Kajiado
-2.986898,37.7517,Kajiado
-2.986898,37.796616,Kajiado
-2.986898,37.841531,Kajiado
-2.986898,37.886447,Taita Taveta
-2.986898,37.931363,Taita Taveta
-2.986898,37.976279,Taita Taveta
-2.986898,38.021194,Taita Taveta
-2.986898,38.06611,Taita Taveta
-2.986898,38.111026,Taita Taveta
-2.986898,38.155942,Taita Taveta
-2.986898,38.200857,Taita Taveta
-2.986898,38.245773,Taita Taveta
-2.986898,38.290689,Taita Taveta
-2.986898,38.335605,Taita Taveta
-2.986898,38.380521,Taita Taveta
-2.986898,38.425436,Taita Taveta
-2.986898,38.470352,Taita Taveta
-2.986898,38.515268,Taita Taveta
-2.986898,38.560184,Taita Taveta
-2.986898,38.605099,Kitui
-2.986898,38.650015,Kitui
-2.986898,38.694931,Kitui
-2.986898,38.739847,Kitui
-2.986898,38.784762,Kitui
-2.986898,38.829678,Kitui
-2.986898,38.874594,Kitui
-2.986898,38.91951,Kitui
-2.986898,38.964425,Kitui
-2.986898,39.009341,Kitui
-2.986898,39.054257,Tana River
-2.986898,39.099173,Tana River
-2.986898,39.144089,Tana River
-2.986898,39.189004,Tana River
-2.986898,39.23392,Tana River
-2.986898,39.278836,Tana River
-2.986898,39.323752,Kilifi
-2.986898,39.368667,Kilifi
-2.986898,39.413583,Kilifi
-2.986898,39.458499,Kilifi
-2.986898,39.503415,Kilifi
-2.986898,39.54833,Kilifi
-2.986898,39.593246,Kilifi
-2.986898,39.638162,Kilifi
-2.986898,39.683078,Kilifi
-2.986898,39.727993,Kilifi
-2.986898,39.772909,Kilifi
-2.986898,39.817825,Kilifi
-2.986898,39.862741,Kilifi
-2.986898,39.907656,Kilifi
-2.986898,39.952572,Kilifi
-2.986898,39.997488,Kilifi
-2.986898,40.042404,Kilifi
-2.986898,40.08732,Kilifi
-2.986898,40.132235,Kilifi
-3.031814,37.616953,Unknown
-3.031814,37.661868,Kajiado
-3.031814,37.706784,Kajiado
-3.031814,37.7517,Kajiado
-3.031814,37.796616,Kajiado
-3.031814,37.841531,Kajiado
-3.031814,37.886447,Taita Taveta
-3.031814,37.931363,Taita Taveta
-3.031814,37.976279,Taita Taveta
-3.031814,38.021194,Taita Taveta
-3.031814,38.06611,Taita Taveta
-3.031814,38.111026,Taita Taveta
-3.031814,38.155942,Taita Taveta
-3.031814,38.200857,Taita Taveta
-3.031814,38.245773,Taita Taveta
-3.031814,38.290689,Taita Taveta
-3.031814,38.335605,Taita Taveta
-3.031814,38.380521,Taita Taveta
-3.031814,38.425436,Taita Taveta
-3.031814,38.470352,Taita Taveta
-3.031814,38.515268,Taita Taveta
-3.031814,38.560184,Taita Taveta
-3.031814,38.605099,Taita Taveta
-3.031814,38.650015,Taita Taveta
-3.031814,38.694931,Kitui
-3.031814,38.739847,Kitui
-3.031814,38.784762,Kitui
-3.031814,38.829678,Kitui
-3.031814,38.874594,Kitui
-3.031814,38.91951,Kitui
-3.031814,38.964425,Kitui
-3.031814,39.009341,Taita Taveta
-3.031814,39.054257,Kitui
-3.031814,39.099173,Tana River
-3.031814,39.144089,Tana River
-3.031814,39.189004,Tana River
-3.031814,39.23392,Tana River
-3.031814,39.278836,Kilifi
-3.031814,39.323752,Kilifi
-3.031814,39.368667,Kilifi
-3.031814,39.413583,Kilifi
-3.031814,39.458499,Kilifi
-3.031814,39.503415,Kilifi
-3.031814,39.54833,Kilifi
-3.031814,39.593246,Kilifi
-3.031814,39.638162,Kilifi
-3.031814,39.683078,Kilifi
-3.031814,39.727993,Kilifi
-3.031814,39.772909,Kilifi
-3.031814,39.817825,Kilifi
-3.031814,39.862741,Kilifi
-3.031814,39.907656,Kilifi
-3.031814,39.952572,Kilifi
-3.031814,39.997488,Kilifi
-3.031814,40.042404,Kilifi
-3.031814,40.08732,Kilifi
-3.031814,40.132235,Kilifi
-3.07673,37.661868,Unknown
-3.07673,37.706784,Kajiado
-3.07673,37.7517,Kajiado
-3.07673,37.796616,Kajiado
-3.07673,37.841531,Kajiado
-3.07673,37.886447,Taita Taveta
-3.07673,37.931363,Taita Taveta
-3.07673,37.976279,Taita Taveta
-3.07673,38.021194,Taita Taveta
-3.07673,38.06611,Taita Taveta
-3.07673,38.111026,Taita Taveta
-3.07673,38.155942,Taita Taveta
-3.07673,38.200857,Taita Taveta
-3.07673,38.245773,Taita Taveta
-3.07673,38.290689,Taita Taveta
-3.07673,38.335605,Taita Taveta
-3.07673,38.380521,Taita Taveta
-3.07673,38.425436,Taita Taveta
-3.07673,38.470352,Taita Taveta
-3.07673,38.515268,Taita Taveta
-3.07673,38.560184,Taita Taveta
-3.07673,38.605099,Taita Taveta
-3.07673,38.650015,Taita Taveta
-3.07673,38.694931,Taita Taveta
-3.07673,38.739847,Taita Taveta
-3.07673,38.784762,Taita Taveta
-3.07673,38.829678,Taita Taveta
-3.07673,38.874594,Taita Taveta
-3.07673,38.91951,Taita Taveta
-3.07673,38.964425,Taita Taveta
-3.07673,39.009341,Taita Taveta
-3.07673,39.054257,Taita Taveta
-3.07673,39.099173,Taita Taveta
-3.07673,39.144089,Taita Taveta
-3.07673,39.189004,Taita Taveta
-3.07673,39.23392,Kilifi
-3.07673,39.278836,Kilifi
-3.07673,39.323752,Kilifi
-3.07673,39.368667,Kilifi
-3.07673,39.413583,Kilifi
-3.07673,39.458499,Kilifi
-3.07673,39.503415,Kilifi
-3.07673,39.54833,Kilifi
-3.07673,39.593246,Kilifi
-3.07673,39.638162,Kilifi
-3.07673,39.683078,Kilifi
-3.07673,39.727993,Kilifi
-3.07673,39.772909,Kilifi
-3.07673,39.817825,Kilifi
-3.07673,39.862741,Kilifi
-3.07673,39.907656,Kilifi
-3.07673,39.952572,Kilifi
-3.07673,39.997488,Kilifi
-3.07673,40.042404,Kilifi
-3.07673,40.08732,Kilifi
-3.07673,40.132235,Kilifi
-3.121646,37.661868,Unknown
-3.121646,37.706784,Kajiado
-3.121646,37.7517,Kajiado
-3.121646,37.796616,Kajiado
-3.121646,37.841531,Kajiado
-3.121646,37.886447,Taita Taveta
-3.121646,37.931363,Taita Taveta
-3.121646,37.976279,Taita Taveta
-3.121646,38.021194,Taita Taveta
-3.121646,38.06611,Taita Taveta
-3.121646,38.111026,Taita Taveta
-3.121646,38.155942,Taita Taveta
-3.121646,38.200857,Taita Taveta
-3.121646,38.245773,Taita Taveta
-3.121646,38.290689,Taita Taveta
-3.121646,38.335605,Taita Taveta
-3.121646,38.380521,Taita Taveta
-3.121646,38.425436,Taita Taveta
-3.121646,38.470352,Taita Taveta
-3.121646,38.515268,Taita Taveta
-3.121646,38.560184,Taita Taveta
-3.121646,38.605099,Taita Taveta
-3.121646,38.650015,Taita Taveta
-3.121646,38.694931,Taita Taveta
-3.121646,38.739847,Taita Taveta
-3.121646,38.784762,Taita Taveta
-3.121646,38.829678,Taita Taveta
-3.121646,38.874594,Taita Taveta
-3.121646,38.91951,Taita Taveta
-3.121646,38.964425,Taita Taveta
-3.121646,39.009341,Taita Taveta
-3.121646,39.054257,Taita Taveta
-3.121646,39.099173,Taita Taveta
-3.121646,39.144089,Taita Taveta
-3.121646,39.189004,Taita Taveta
-3.121646,39.23392,Kilifi
-3.121646,39.278836,Kilifi
-3.121646,39.323752,Kilifi
-3.121646,39.368667,Kilifi
-3.121646,39.413583,Kilifi
-3.121646,39.458499,Kilifi
-3.121646,39.503415,Kilifi
-3.121646,39.54833,Kilifi
-3.121646,39.593246,Kilifi
-3.121646,39.638162,Kilifi
-3.121646,39.683078,Kilifi
-3.121646,39.727993,Kilifi
-3.121646,39.772909,Kilifi
-3.121646,39.817825,Kilifi
-3.121646,39.862741,Kilifi
-3.121646,39.907656,Kilifi
-3.121646,39.952572,Kilifi
-3.121646,39.997488,Kilifi
-3.121646,40.042404,Kilifi
-3.121646,40.08732,Kilifi
-3.121646,40.132235,Kilifi
-3.166561,37.706784,Kajiado
-3.166561,37.7517,Kajiado
-3.166561,37.796616,Kajiado
-3.166561,37.841531,Kajiado
-3.166561,37.886447,Taita Taveta
-3.166561,37.931363,Taita Taveta
-3.166561,37.976279,Taita Taveta
-3.166561,38.021194,Taita Taveta
-3.166561,38.06611,Taita Taveta
-3.166561,38.111026,Taita Taveta
-3.166561,38.155942,Taita Taveta
-3.166561,38.200857,Taita Taveta
-3.166561,38.245773,Taita Taveta
-3.166561,38.290689,Taita Taveta
-3.166561,38.335605,Taita Taveta
-3.166561,38.380521,Taita Taveta
-3.166561,38.425436,Taita Taveta
-3.166561,38.470352,Taita Taveta
-3.166561,38.515268,Taita Taveta
-3.166561,38.560184,Taita Taveta
-3.166561,38.605099,Taita Taveta
-3.166561,38.650015,Taita Taveta
-3.166561,38.694931,Taita Taveta
-3.166561,38.739847,Taita Taveta
-3.166561,38.784762,Taita Taveta
-3.166561,38.829678,Taita Taveta
-3.166561,38.874594,Taita Taveta
-3.166561,38.91951,Taita Taveta
-3.166561,38.964425,Taita Taveta
-3.166561,39.009341,Taita Taveta
-3.166561,39.054257,Taita Taveta
-3.166561,39.099173,Taita Taveta
-3.166561,39.144089,Taita Taveta
-3.166561,39.189004,Taita Taveta
-3.166561,39.23392,Kilifi
-3.166561,39.278836,Kilifi
-3.166561,39.323752,Kilifi
-3.166561,39.368667,Kilifi
-3.166561,39.413583,Kilifi
-3.166561,39.458499,Kilifi
-3.166561,39.503415,Kilifi
-3.166561,39.54833,Kilifi
-3.166561,39.593246,Kilifi
-3.166561,39.638162,Kilifi
-3.166561,39.683078,Kilifi
-3.166561,39.727993,Kilifi
-3.166561,39.772909,Kilifi
-3.166561,39.817825,Kilifi
-3.166561,39.862741,Kilifi
-3.166561,39.907656,Kilifi
-3.166561,39.952572,Kilifi
-3.166561,39.997488,Kilifi
-3.166561,40.042404,Kilifi
-3.166561,40.08732,Kilifi
-3.166561,40.132235,Unknown
-3.211477,37.706784,Taita Taveta
-3.211477,37.7517,Taita Taveta
-3.211477,37.796616,Taita Taveta
-3.211477,37.841531,Taita Taveta
-3.211477,37.886447,Taita Taveta
-3.211477,37.931363,Taita Taveta
-3.211477,37.976279,Taita Taveta
-3.211477,38.021194,Taita Taveta
-3.211477,38.06611,Taita Taveta
-3.211477,38.111026,Taita Taveta
-3.211477,38.155942,Taita Taveta
-3.211477,38.200857,Taita Taveta
-3.211477,38.245773,Taita Taveta
-3.211477,38.290689,Taita Taveta
-3.211477,38.335605,Taita Taveta
-3.211477,38.380521,Taita Taveta
-3.211477,38.425436,Taita Taveta
-3.211477,38.470352,Taita Taveta
-3.211477,38.515268,Taita Taveta
-3.211477,38.560184,Taita Taveta
-3.211477,38.605099,Taita Taveta
-3.211477,38.650015,Taita Taveta
-3.211477,38.694931,Taita Taveta
-3.211477,38.739847,Taita Taveta
-3.211477,38.784762,Taita Taveta
-3.211477,38.829678,Taita Taveta
-3.211477,38.874594,Taita Taveta
-3.211477,38.91951,Taita Taveta
-3.211477,38.964425,Taita Taveta
-3.211477,39.009341,Taita Taveta
-3.211477,39.054257,Taita Taveta
-3.211477,39.099173,Taita Taveta
-3.211477,39.144089,Taita Taveta
-3.211477,39.189004,Kilifi
-3.211477,39.23392,Kilifi
-3.211477,39.278836,Kilifi
-3.211477,39.323752,Kilifi
-3.211477,39.368667,Kilifi
-3.211477,39.413583,Kilifi
-3.211477,39.458499,Kilifi
-3.211477,39.503415,Kilifi
-3.211477,39.54833,Kilifi
-3.211477,39.593246,Kilifi
-3.211477,39.638162,Kilifi
-3.211477,39.683078,Kilifi
-3.211477,39.727993,Kilifi
-3.211477,39.772909,Kilifi
-3.211477,39.817825,Kilifi
-3.211477,39.862741,Kilifi
-3.211477,39.907656,Kilifi
-3.211477,39.952572,Kilifi
-3.211477,39.997488,Kilifi
-3.211477,40.042404,Kilifi
-3.211477,40.08732,Kilifi
-3.256393,37.706784,Taita Taveta
-3.256393,37.7517,Taita Taveta
-3.256393,37.796616,Taita Taveta
-3.256393,37.841531,Taita Taveta
-3.256393,37.886447,Taita Taveta
-3.256393,37.931363,Taita Taveta
-3.256393,37.976279,Taita Taveta
-3.256393,38.021194,Taita Taveta
-3.256393,38.06611,Taita Taveta
-3.256393,38.111026,Taita Taveta
-3.256393,38.155942,Taita Taveta
-3.256393,38.200857,Taita Taveta
-3.256393,38.245773,Taita Taveta
-3.256393,38.290689,Taita Taveta
-3.256393,38.335605,Taita Taveta
-3.256393,38.380521,Taita Taveta
-3.256393,38.425436,Taita Taveta
-3.256393,38.470352,Taita Taveta
-3.256393,38.515268,Taita Taveta
-3.256393,38.560184,Taita Taveta
-3.256393,38.605099,Taita Taveta
-3.256393,38.650015,Taita Taveta
-3.256393,38.694931,Taita Taveta
-3.256393,38.739847,Taita Taveta
-3.256393,38.784762,Taita Taveta
-3.256393,38.829678,Taita Taveta
-3.256393,38.874594,Taita Taveta
-3.256393,38.91951,Taita Taveta
-3.256393,38.964425,Taita Taveta
-3.256393,39.009341,Taita Taveta
-3.256393,39.054257,Taita Taveta
-3.256393,39.099173,Taita Taveta
-3.256393,39.144089,Taita Taveta
-3.256393,39.189004,Kilifi
-3.256393,39.23392,Kilifi
-3.256393,39.278836,Kilifi
-3.256393,39.323752,Kilifi
-3.256393,39.368667,Kilifi
-3.256393,39.413583,Kilifi
-3.256393,39.458499,Kilifi
-3.256393,39.503415,Kilifi
-3.256393,39.54833,Kilifi
-3.256393,39.593246,Kilifi
-3.256393,39.638162,Kilifi
-3.256393,39.683078,Kilifi
-3.256393,39.727993,Kilifi
-3.256393,39.772909,Kilifi
-3.256393,39.817825,Kilifi
-3.256393,39.862741,Kilifi
-3.256393,39.907656,Kilifi
-3.256393,39.952572,Kilifi
-3.256393,39.997488,Kilifi
-3.256393,40.042404,Kilifi
-3.301309,37.706784,Unknown
-3.301309,37.7517,Taita Taveta
-3.301309,37.796616,Taita Taveta
-3.301309,37.841531,Taita Taveta
-3.301309,37.886447,Taita Taveta
-3.301309,37.931363,Taita Taveta
-3.301309,37.976279,Taita Taveta
-3.301309,38.021194,Taita Taveta
-3.301309,38.06611,Taita Taveta
-3.301309,38.111026,Taita Taveta
-3.301309,38.155942,Taita Taveta
-3.301309,38.200857,Taita Taveta
-3.301309,38.245773,Taita Taveta
-3.301309,38.290689,Taita Taveta
-3.301309,38.335605,Taita Taveta
-3.301309,38.380521,Taita Taveta
-3.301309,38.425436,Taita Taveta
-3.301309,38.470352,Taita Taveta
-3.301309,38.515268,Taita Taveta
-3.301309,38.560184,Taita Taveta
-3.301309,38.605099,Taita Taveta
-3.301309,38.650015,Taita Taveta
-3.301309,38.694931,Taita Taveta
-3.301309,38.739847,Taita Taveta
-3.301309,38.784762,Taita Taveta
-3.301309,38.829678,Taita Taveta
-3.301309,38.874594,Taita Taveta
-3.301309,38.91951,Taita Taveta
-3.301309,38.964425,Taita Taveta
-3.301309,39.009341,Taita Taveta
-3.301309,39.054257,Taita Taveta
-3.301309,39.099173,Taita Taveta
-3.301309,39.144089,Taita Taveta
-3.301309,39.189004,Kilifi
-3.301309,39.23392,Kilifi
-3.301309,39.278836,Kilifi
-3.301309,39.323752,Kilifi
-3.301309,39.368667,Kilifi
-3.301309,39.413583,Kilifi
-3.301309,39.458499,Kilifi
-3.301309,39.503415,Kilifi
-3.301309,39.54833,Kilifi
-3.301309,39.593246,Kilifi
-3.301309,39.638162,Kilifi
-3.301309,39.683078,Kilifi
-3.301309,39.727993,Kilifi
-3.301309,39.772909,Kilifi
-3.301309,39.817825,Kilifi
-3.301309,39.862741,Kilifi
-3.301309,39.907656,Kilifi
-3.301309,39.952572,Kilifi
-3.301309,39.997488,Kilifi
-3.301309,40.042404,Kilifi
-3.346224,37.661868,Unknown
-3.346224,37.706784,Taita Taveta
-3.346224,37.7517,Taita Taveta
-3.346224,37.796616,Taita Taveta
-3.346224,37.841531,Taita Taveta
-3.346224,37.886447,Taita Taveta
-3.346224,37.931363,Taita Taveta
-3.346224,37.976279,Taita Taveta
-3.346224,38.021194,Taita Taveta
-3.346224,38.06611,Taita Taveta
-3.346224,38.111026,Taita Taveta
-3.346224,38.155942,Taita Taveta
-3.346224,38.200857,Taita Taveta
-3.346224,38.245773,Taita Taveta
-3.346224,38.290689,Taita Taveta
-3.346224,38.335605,Taita Taveta
-3.346224,38.380521,Taita Taveta
-3.346224,38.425436,Taita Taveta
-3.346224,38.470352,Taita Taveta
-3.346224,38.515268,Taita Taveta
-3.346224,38.560184,Taita Taveta
-3.346224,38.605099,Taita Taveta
-3.346224,38.650015,Taita Taveta
-3.346224,38.694931,Taita Taveta
-3.346224,38.739847,Taita Taveta
-3.346224,38.784762,Taita Taveta
-3.346224,38.829678,Taita Taveta
-3.346224,38.874594,Taita Taveta
-3.346224,38.91951,Taita Taveta
-3.346224,38.964425,Taita Taveta
-3.346224,39.009341,Taita Taveta
-3.346224,39.054257,Taita Taveta
-3.346224,39.099173,Taita Taveta
-3.346224,39.144089,Taita Taveta
-3.346224,39.189004,Kilifi
-3.346224,39.23392,Kilifi
-3.346224,39.278836,Kilifi
-3.346224,39.323752,Kilifi
-3.346224,39.368667,Kilifi
-3.346224,39.413583,Kilifi
-3.346224,39.458499,Kilifi
-3.346224,39.503415,Kilifi
-3.346224,39.54833,Kilifi
-3.346224,39.593246,Kilifi
-3.346224,39.638162,Kilifi
-3.346224,39.683078,Kilifi
-3.346224,39.727993,Kilifi
-3.346224,39.772909,Kilifi
-3.346224,39.817825,Kilifi
-3.346224,39.862741,Kilifi
-3.346224,39.907656,Kilifi
-3.346224,39.952572,Unknown
-3.346224,39.997488,Kilifi
-3.346224,40.042404,Unknown
-3.39114,37.616953,Unknown
-3.39114,37.661868,Taita Taveta
-3.39114,37.706784,Taita Taveta
-3.39114,37.7517,Taita Taveta
-3.39114,37.796616,Taita Taveta
-3.39114,37.841531,Taita Taveta
-3.39114,37.886447,Taita Taveta
-3.39114,37.931363,Taita Taveta
-3.39114,37.976279,Taita Taveta
-3.39114,38.021194,Taita Taveta
-3.39114,38.06611,Taita Taveta
-3.39114,38.111026,Taita Taveta
-3.39114,38.155942,Taita Taveta
-3.39114,38.200857,Taita Taveta
-3.39114,38.245773,Taita Taveta
-3.39114,38.290689,Taita Taveta
-3.39114,38.335605,Taita Taveta
-3.39114,38.380521,Taita Taveta
-3.39114,38.425436,Taita Taveta
-3.39114,38.470352,Taita Taveta
-3.39114,38.515268,Taita Taveta
-3.39114,38.560184,Taita Taveta
-3.39114,38.605099,Taita Taveta
-3.39114,38.650015,Taita Taveta
-3.39114,38.694931,Taita Taveta
-3.39114,38.739847,Taita Taveta
-3.39114,38.784762,Taita Taveta
-3.39114,38.829678,Taita Taveta
-3.39114,38.874594,Taita Taveta
-3.39114,38.91951,Taita Taveta
-3.39114,38.964425,Taita Taveta
-3.39114,39.009341,Taita Taveta
-3.39114,39.054257,Taita Taveta
-3.39114,39.099173,Taita Taveta
-3.39114,39.144089,Kilifi
-3.39114,39.189004,Kilifi
-3.39114,39.23392,Kilifi
-3.39114,39.278836,Kilifi
-3.39114,39.323752,Kilifi
-3.39114,39.368667,Kilifi
-3.39114,39.413583,Kilifi
-3.39114,39.458499,Kilifi
-3.39114,39.503415,Kilifi
-3.39114,39.54833,Kilifi
-3.39114,39.593246,Kilifi
-3.39114,39.638162,Kilifi
-3.39114,39.683078,Kilifi
-3.39114,39.727993,Kilifi
-3.39114,39.772909,Kilifi
-3.39114,39.817825,Kilifi
-3.39114,39.862741,Kilifi
-3.39114,39.907656,Kilifi
-3.436056,37.572037,Unknown
-3.436056,37.616953,Taita Taveta
-3.436056,37.661868,Taita Taveta
-3.436056,37.706784,Taita Taveta
-3.436056,37.7517,Taita Taveta
-3.436056,37.796616,Taita Taveta
-3.436056,37.841531,Taita Taveta
-3.436056,37.886447,Taita Taveta
-3.436056,37.931363,Taita Taveta
-3.436056,37.976279,Taita Taveta
-3.436056,38.021194,Taita Taveta
-3.436056,38.06611,Taita Taveta
-3.436056,38.111026,Taita Taveta
-3.436056,38.155942,Taita Taveta
-3.436056,38.200857,Taita Taveta
-3.436056,38.245773,Taita Taveta
-3.436056,38.290689,Taita Taveta
-3.436056,38.335605,Taita Taveta
-3.436056,38.380521,Taita Taveta
-3.436056,38.425436,Taita Taveta
-3.436056,38.470352,Taita Taveta
-3.436056,38.515268,Taita Taveta
-3.436056,38.560184,Taita Taveta
-3.436056,38.605099,Taita Taveta
-3.436056,38.650015,Taita Taveta
-3.436056,38.694931,Taita Taveta
-3.436056,38.739847,Taita Taveta
-3.436056,38.784762,Taita Taveta
-3.436056,38.829678,Taita Taveta
-3.436056,38.874594,Taita Taveta
-3.436056,38.91951,Taita Taveta
-3.436056,38.964425,Taita Taveta
-3.436056,39.009341,Taita Taveta
-3.436056,39.054257,Taita Taveta
-3.436056,39.099173,Taita Taveta
-3.436056,39.144089,Kilifi
-3.436056,39.189004,Kilifi
-3.436056,39.23392,Kilifi
-3.436056,39.278836,Kilifi
-3.436056,39.323752,Kilifi
-3.436056,39.368667,Kilifi
-3.436056,39.413583,Kilifi
-3.436056,39.458499,Kilifi
-3.436056,39.503415,Kilifi
-3.436056,39.54833,Kilifi
-3.436056,39.593246,Kilifi
-3.436056,39.638162,Kilifi
-3.436056,39.683078,Kilifi
-3.436056,39.727993,Kilifi
-3.436056,39.772909,Kilifi
-3.436056,39.817825,Kilifi
-3.436056,39.862741,Kilifi
-3.436056,39.907656,Kilifi
-3.480972,37.572037,Unknown
-3.480972,37.616953,Unknown
-3.480972,37.661868,Taita Taveta
-3.480972,37.706784,Taita Taveta
-3.480972,37.7517,Taita Taveta
-3.480972,37.796616,Taita Taveta
-3.480972,37.841531,Taita Taveta
-3.480972,37.886447,Taita Taveta
-3.480972,37.931363,Taita Taveta
-3.480972,37.976279,Taita Taveta
-3.480972,38.021194,Taita Taveta
-3.480972,38.06611,Taita Taveta
-3.480972,38.111026,Taita Taveta
-3.480972,38.155942,Taita Taveta
-3.480972,38.200857,Taita Taveta
-3.480972,38.245773,Taita Taveta
-3.480972,38.290689,Taita Taveta
-3.480972,38.335605,Taita Taveta
-3.480972,38.380521,Taita Taveta
-3.480972,38.425436,Taita Taveta
-3.480972,38.470352,Taita Taveta
-3.480972,38.515268,Taita Taveta
-3.480972,38.560184,Taita Taveta
-3.480972,38.605099,Taita Taveta
-3.480972,38.650015,Taita Taveta
-3.480972,38.694931,Taita Taveta
-3.480972,38.739847,Taita Taveta
-3.480972,38.784762,Taita Taveta
-3.480972,38.829678,Taita Taveta
-3.480972,38.874594,Taita Taveta
-3.480972,38.91951,Taita Taveta
-3.480972,38.964425,Taita Taveta
-3.480972,39.009341,Taita Taveta
-3.480972,39.054257,Taita Taveta
-3.480972,39.099173,Taita Taveta
-3.480972,39.144089,Kilifi
-3.480972,39.189004,Kilifi
-3.480972,39.23392,Kilifi
-3.480972,39.278836,Kilifi
-3.480972,39.323752,Kilifi
-3.480972,39.368667,Kilifi
-3.480972,39.413583,Kilifi
-3.480972,39.458499,Kilifi
-3.480972,39.503415,Kilifi
-3.480972,39.54833,Kilifi
-3.480972,39.593246,Kilifi
-3.480972,39.638162,Kilifi
-3.480972,39.683078,Kilifi
-3.480972,39.727993,Kilifi
-3.480972,39.772909,Kilifi
-3.480972,39.817825,Kilifi
-3.480972,39.862741,Kilifi
-3.480972,39.907656,Kilifi
-3.525887,37.616953,Unknown
-3.525887,37.661868,Unknown
-3.525887,37.706784,Taita Taveta
-3.525887,37.7517,Taita Taveta
-3.525887,37.796616,Taita Taveta
-3.525887,37.841531,Taita Taveta
-3.525887,37.886447,Taita Taveta
-3.525887,37.931363,Taita Taveta
-3.525887,37.976279,Taita Taveta
-3.525887,38.021194,Taita Taveta
-3.525887,38.06611,Taita Taveta
-3.525887,38.111026,Taita Taveta
-3.525887,38.155942,Taita Taveta
-3.525887,38.200857,Taita Taveta
-3.525887,38.245773,Taita Taveta
-3.525887,38.290689,Taita Taveta
-3.525887,38.335605,Taita Taveta
-3.525887,38.380521,Taita Taveta
-3.525887,38.425436,Taita Taveta
-3.525887,38.470352,Taita Taveta
-3.525887,38.515268,Taita Taveta
-3.525887,38.560184,Taita Taveta
-3.525887,38.605099,Taita Taveta
-3.525887,38.650015,Taita Taveta
-3.525887,38.694931,Taita Taveta
-3.525887,38.739847,Taita Taveta
-3.525887,38.784762,Taita Taveta
-3.525887,38.829678,Taita Taveta
-3.525887,38.874594,Taita Taveta
-3.525887,38.91951,Taita Taveta
-3.525887,38.964425,Taita Taveta
-3.525887,39.009341,Taita Taveta
-3.525887,39.054257,Taita Taveta
-3.525887,39.099173,Taita Taveta
-3.525887,39.144089,Kilifi
-3.525887,39.189004,Kilifi
-3.525887,39.23392,Kilifi
-3.525887,39.278836,Kilifi
-3.525887,39.323752,Kilifi
-3.525887,39.368667,Kilifi
-3.525887,39.413583,Kilifi
-3.525887,39.458499,Kilifi
-3.525887,39.503415,Kilifi
-3.525887,39.54833,Kilifi
-3.525887,39.593246,Kilifi
-3.525887,39.638162,Kilifi
-3.525887,39.683078,Kilifi
-3.525887,39.727993,Kilifi
-3.525887,39.772909,Kilifi
-3.525887,39.817825,Kilifi
-3.525887,39.862741,Kilifi
-3.525887,39.907656,Kilifi
-3.570803,37.7517,Taita Taveta
-3.570803,37.796616,Taita Taveta
-3.570803,37.841531,Taita Taveta
-3.570803,37.886447,Taita Taveta
-3.570803,37.931363,Taita Taveta
-3.570803,37.976279,Taita Taveta
-3.570803,38.021194,Taita Taveta
-3.570803,38.06611,Taita Taveta
-3.570803,38.111026,Taita Taveta
-3.570803,38.155942,Taita Taveta
-3.570803,38.200857,Taita Taveta
-3.570803,38.245773,Taita Taveta
-3.570803,38.290689,Taita Taveta
-3.570803,38.335605,Taita Taveta
-3.570803,38.380521,Taita Taveta
-3.570803,38.425436,Taita Taveta
-3.570803,38.470352,Taita Taveta
-3.570803,38.515268,Taita Taveta
-3.570803,38.560184,Taita Taveta
-3.570803,38.605099,Taita Taveta
-3.570803,38.650015,Taita Taveta
-3.570803,38.694931,Taita Taveta
-3.570803,38.739847,Taita Taveta
-3.570803,38.784762,Taita Taveta
-3.570803,38.829678,Taita Taveta
-3.570803,38.874594,Taita Taveta
-3.570803,38.91951,Taita Taveta
-3.570803,38.964425,Taita Taveta
-3.570803,39.009341,Taita Taveta
-3.570803,39.054257,Taita Taveta
-3.570803,39.099173,Kwale
-3.570803,39.144089,Kwale
-3.570803,39.189004,Kwale
-3.570803,39.23392,Kwale
-3.570803,39.278836,Kwale
-3.570803,39.323752,Kilifi
-3.570803,39.368667,Kilifi
-3.570803,39.413583,Kilifi
-3.570803,39.458499,Kilifi
-3.570803,39.503415,Kilifi
-3.570803,39.54833,Kilifi
-3.570803,39.593246,Kilifi
-3.570803,39.638162,Kilifi
-3.570803,39.683078,Kilifi
-3.570803,39.727993,Kilifi
-3.570803,39.772909,Kilifi
-3.570803,39.817825,Kilifi
-3.615719,37.7517,Unknown
-3.615719,37.796616,Taita Taveta
-3.615719,37.841531,Taita Taveta
-3.615719,37.886447,Taita Taveta
-3.615719,37.931363,Taita Taveta
-3.615719,37.976279,Taita Taveta
-3.615719,38.021194,Taita Taveta
-3.615719,38.06611,Taita Taveta
-3.615719,38.111026,Taita Taveta
-3.615719,38.155942,Taita Taveta
-3.615719,38.200857,Taita Taveta
-3.615719,38.245773,Taita Taveta
-3.615719,38.290689,Taita Taveta
-3.615719,38.335605,Taita Taveta
-3.615719,38.380521,Taita Taveta
-3.615719,38.425436,Taita Taveta
-3.615719,38.470352,Taita Taveta
-3.615719,38.515268,Taita Taveta
-3.615719,38.560184,Taita Taveta
-3.615719,38.605099,Taita Taveta
-3.615719,38.650015,Taita Taveta
-3.615719,38.694931,Taita Taveta
-3.615719,38.739847,Taita Taveta
-3.615719,38.784762,Taita Taveta
-3.615719,38.829678,Taita Taveta
-3.615719,38.874594,Taita Taveta
-3.615719,38.91951,Taita Taveta
-3.615719,38.964425,Taita Taveta
-3.615719,39.009341,Taita Taveta
-3.615719,39.054257,Taita Taveta
-3.615719,39.099173,Kwale
-3.615719,39.144089,Kwale
-3.615719,39.189004,Kwale
-3.615719,39.23392,Kwale
-3.615719,39.278836,Kwale
-3.615719,39.323752,Kwale
-3.615719,39.368667,Kilifi
-3.615719,39.413583,Kilifi
-3.615719,39.458499,Kilifi
-3.615719,39.503415,Kilifi
-3.615719,39.54833,Kilifi
-3.615719,39.593246,Kilifi
-3.615719,39.638162,Kilifi
-3.615719,39.683078,Kilifi
-3.615719,39.727993,Kilifi
-3.615719,39.772909,Kilifi
-3.615719,39.817825,Unknown
-3.660635,37.7517,Unknown
-3.660635,37.796616,Taita Taveta
-3.660635,37.841531,Taita Taveta
-3.660635,37.886447,Taita Taveta
-3.660635,37.931363,Taita Taveta
-3.660635,37.976279,Taita Taveta
-3.660635,38.021194,Taita Taveta
-3.660635,38.06611,Taita Taveta
-3.660635,38.111026,Taita Taveta
-3.660635,38.155942,Taita Taveta
-3.660635,38.200857,Taita Taveta
-3.660635,38.245773,Taita Taveta
-3.660635,38.290689,Taita Taveta
-3.660635,38.335605,Taita Taveta
-3.660635,38.380521,Taita Taveta
-3.660635,38.425436,Taita Taveta
-3.660635,38.470352,Taita Taveta
-3.660635,38.515268,Taita Taveta
-3.660635,38.560184,Taita Taveta
-3.660635,38.605099,Taita Taveta
-3.660635,38.650015,Taita Taveta
-3.660635,38.694931,Taita Taveta
-3.660635,38.739847,Taita Taveta
-3.660635,38.784762,Taita Taveta
-3.660635,38.829678,Taita Taveta
-3.660635,38.874594,Taita Taveta
-3.660635,38.91951,Taita Taveta
-3.660635,38.964425,Kwale
-3.660635,39.009341,Kwale
-3.660635,39.054257,Taita Taveta
-3.660635,39.099173,Kwale
-3.660635,39.144089,Kwale
-3.660635,39.189004,Kwale
-3.660635,39.23392,Kwale
-3.660635,39.278836,Kwale
-3.660635,39.323752,Kwale
-3.660635,39.368667,Kilifi
-3.660635,39.413583,Kilifi
-3.660635,39.458499,Kilifi
-3.660635,39.503415,Kilifi
-3.660635,39.54833,Kilifi
-3.660635,39.593246,Kilifi
-3.660635,39.638162,Kilifi
-3.660635,39.683078,Kilifi
-3.660635,39.727993,Kilifi
-3.660635,39.772909,Kilifi
-3.660635,39.817825,Kilifi
-3.705551,37.796616,Unknown
-3.705551,37.841531,Taita Taveta
-3.705551,37.886447,Taita Taveta
-3.705551,37.931363,Taita Taveta
-3.705551,37.976279,Taita Taveta
-3.705551,38.021194,Taita Taveta
-3.705551,38.06611,Taita Taveta
-3.705551,38.111026,Taita Taveta
-3.705551,38.155942,Taita Taveta
-3.705551,38.200857,Taita Taveta
-3.705551,38.245773,Taita Taveta
-3.705551,38.290689,Taita Taveta
-3.705551,38.335605,Taita Taveta
-3.705551,38.380521,Taita Taveta
-3.705551,38.425436,Taita Taveta
-3.705551,38.470352,Taita Taveta
-3.705551,38.515268,Taita Taveta
-3.705551,38.560184,Taita Taveta
-3.705551,38.605099,Taita Taveta
-3.705551,38.650015,Taita Taveta
-3.705551,38.694931,Taita Taveta
-3.705551,38.739847,Taita Taveta
-3.705551,38.784762,Taita Taveta
-3.705551,38.829678,Taita Taveta
-3.705551,38.874594,Taita Taveta
-3.705551,38.91951,Taita Taveta
-3.705551,38.964425,Kwale
-3.705551,39.009341,Kwale
-3.705551,39.054257,Kwale
-3.705551,39.099173,Kwale
-3.705551,39.144089,Kwale
-3.705551,39.189004,Kwale
-3.705551,39.23392,Kwale
-3.705551,39.278836,Kwale
-3.705551,39.323752,Kwale
-3.705551,39.368667,Kilifi
-3.705551,39.413583,Kilifi
-3.705551,39.458499,Kilifi
-3.705551,39.503415,Kilifi
-3.705551,39.54833,Kilifi
-3.705551,39.593246,Kilifi
-3.705551,39.638162,Kilifi
-3.705551,39.683078,Kilifi
-3.705551,39.727993,Kilifi
-3.705551,39.772909,Kilifi
-3.705551,39.817825,Kilifi
-3.750466,37.886447,Unknown
-3.750466,37.931363,Taita Taveta
-3.750466,37.976279,Taita Taveta
-3.750466,38.021194,Taita Taveta
-3.750466,38.06611,Taita Taveta
-3.750466,38.111026,Taita Taveta
-3.750466,38.155942,Taita Taveta
-3.750466,38.200857,Taita Taveta
-3.750466,38.245773,Taita Taveta
-3.750466,38.290689,Taita Taveta
-3.750466,38.335605,Taita Taveta
-3.750466,38.380521,Taita Taveta
-3.750466,38.425436,Taita Taveta
-3.750466,38.470352,Taita Taveta
-3.750466,38.515268,Taita Taveta
-3.750466,38.560184,Taita Taveta
-3.750466,38.605099,Taita Taveta
-3.750466,38.650015,Taita Taveta
-3.750466,38.694931,Taita Taveta
-3.750466,38.739847,Taita Taveta
-3.750466,38.784762,Taita Taveta
-3.750466,38.829678,Taita Taveta
-3.750466,38.874594,Taita Taveta
-3.750466,38.91951,Taita Taveta
-3.750466,38.964425,Taita Taveta
-3.750466,39.009341,Taita Taveta
-3.750466,39.054257,Kwale
-3.750466,39.099173,Kwale
-3.750466,39.144089,Kwale
-3.750466,39.189004,Kwale
-3.750466,39.23392,Kwale
-3.750466,39.278836,Kwale
-3.750466,39.323752,Kwale
-3.750466,39.368667,Kwale
-3.750466,39.413583,Kilifi
-3.750466,39.458499,Kilifi
-3.750466,39.503415,Kilifi
-3.750466,39.54833,Kilifi
-3.750466,39.593246,Kilifi
-3.750466,39.638162,Kilifi
-3.750466,39.683078,Kilifi
-3.750466,39.727993,Kilifi
-3.750466,39.772909,Kilifi
-3.750466,39.817825,Kilifi
-3.795382,37.931363,Unknown
-3.795382,37.976279,Taita Taveta
-3.795382,38.021194,Taita Taveta
-3.795382,38.06611,Taita Taveta
-3.795382,38.111026,Taita Taveta
-3.795382,38.155942,Taita Taveta
-3.795382,38.200857,Taita Taveta
-3.795382,38.245773,Taita Taveta
-3.795382,38.290689,Taita Taveta
-3.795382,38.335605,Taita Taveta
-3.795382,38.380521,Taita Taveta
-3.795382,38.425436,Taita Taveta
-3.795382,38.470352,Taita Taveta
-3.795382,38.515268,Taita Taveta
-3.795382,38.560184,Taita Taveta
-3.795382,38.605099,Taita Taveta
-3.795382,38.650015,Taita Taveta
-3.795382,38.694931,Taita Taveta
-3.795382,38.739847,Taita Taveta
-3.795382,38.784762,Taita Taveta
-3.795382,38.829678,Taita Taveta
-3.795382,38.874594,Taita Taveta
-3.795382,38.91951,Taita Taveta
-3.795382,38.964425,Taita Taveta
-3.795382,39.009341,Taita Taveta
-3.795382,39.054257,Kwale
-3.795382,39.099173,Kwale
-3.795382,39.144089,Kwale
-3.795382,39.189004,Kwale
-3.795382,39.23392,Kwale
-3.795382,39.278836,Kwale
-3.795382,39.323752,Kwale
-3.795382,39.368667,Kwale
-3.795382,39.413583,Kilifi
-3.795382,39.458499,Kilifi
-3.795382,39.503415,Kilifi
-3.795382,39.54833,Kilifi
-3.795382,39.593246,Kilifi
-3.795382,39.638162,Kilifi
-3.795382,39.683078,Kilifi
-3.795382,39.727993,Kilifi
-3.795382,39.772909,Kilifi
-3.795382,39.817825,Kilifi
-3.840298,37.976279,Unknown
-3.840298,38.021194,Unknown
-3.840298,38.06611,Taita Taveta
-3.840298,38.111026,Taita Taveta
-3.840298,38.155942,Taita Taveta
-3.840298,38.200857,Taita Taveta
-3.840298,38.245773,Taita Taveta
-3.840298,38.290689,Taita Taveta
-3.840298,38.335605,Taita Taveta
-3.840298,38.380521,Taita Taveta
-3.840298,38.425436,Taita Taveta
-3.840298,38.470352,Taita Taveta
-3.840298,38.515268,Taita Taveta
-3.840298,38.560184,Taita Taveta
-3.840298,38.605099,Taita Taveta
-3.840298,38.650015,Taita Taveta
-3.840298,38.694931,Taita Taveta
-3.840298,38.739847,Taita Taveta
-3.840298,38.784762,Taita Taveta
-3.840298,38.829678,Taita Taveta
-3.840298,38.874594,Taita Taveta
-3.840298,38.91951,Taita Taveta
-3.840298,38.964425,Taita Taveta
-3.840298,39.009341,Kwale
-3.840298,39.054257,Kwale
-3.840298,39.099173,Kwale
-3.840298,39.144089,Kwale
-3.840298,39.189004,Kwale
-3.840298,39.23392,Kwale
-3.840298,39.278836,Kwale
-3.840298,39.323752,Kwale
-3.840298,39.368667,Kwale
-3.840298,39.413583,Kwale
-3.840298,39.458499,Kilifi
-3.840298,39.503415,Kilifi
-3.840298,39.54833,Kilifi
-3.840298,39.593246,Kilifi
-3.840298,39.638162,Kilifi
-3.840298,39.683078,Kilifi
-3.840298,39.727993,Kilifi
-3.840298,39.772909,Kilifi
-3.840298,39.817825,Kilifi
-3.885214,38.06611,Unknown
-3.885214,38.111026,Taita Taveta
-3.885214,38.155942,Taita Taveta
-3.885214,38.200857,Taita Taveta
-3.885214,38.245773,Taita Taveta
-3.885214,38.290689,Taita Taveta
-3.885214,38.335605,Taita Taveta
-3.885214,38.380521,Taita Taveta
-3.885214,38.425436,Taita Taveta
-3.885214,38.470352,Taita Taveta
-3.885214,38.515268,Taita Taveta
-3.885214,38.560184,Taita Taveta
-3.885214,38.605099,Taita Taveta
-3.885214,38.650015,Taita Taveta
-3.885214,38.694931,Taita Taveta
-3.885214,38.739847,Taita Taveta
-3.885214,38.784762,Taita Taveta
-3.885214,38.829678,Taita Taveta
-3.885214,38.874594,Taita Taveta
-3.885214,38.91951,Taita Taveta
-3.885214,38.964425,Taita Taveta
-3.885214,39.009341,Kwale
-3.885214,39.054257,Kwale
-3.885214,39.099173,Kwale
-3.885214,39.144089,Kwale
-3.885214,39.189004,Kwale
-3.885214,39.23392,Kwale
-3.885214,39.278836,Kwale
-3.885214,39.323752,Kwale
-3.885214,39.368667,Kwale
-3.885214,39.413583,Kwale
-3.885214,39.458499,Kwale
-3.885214,39.503415,Kilifi
-3.885214,39.54833,Kilifi
-3.885214,39.593246,Kilifi
-3.885214,39.638162,Kilifi
-3.885214,39.683078,Kilifi
-3.885214,39.727993,Kilifi
-3.885214,39.772909,Kilifi
-3.885214,39.817825,Unknown
-3.930129,38.111026,Unknown
-3.930129,38.155942,Taita Taveta
-3.930129,38.200857,Taita Taveta
-3.930129,38.245773,Taita Taveta
-3.930129,38.290689,Taita Taveta
-3.930129,38.335605,Taita Taveta
-3.930129,38.380521,Taita Taveta
-3.930129,38.425436,Taita Taveta
-3.930129,38.470352,Taita Taveta
-3.930129,38.515268,Taita Taveta
-3.930129,38.560184,Taita Taveta
-3.930129,38.605099,Taita Taveta
-3.930129,38.650015,Taita Taveta
-3.930129,38.694931,Taita Taveta
-3.930129,38.739847,Taita Taveta
-3.930129,38.784762,Taita Taveta
-3.930129,38.829678,Taita Taveta
-3.930129,38.874594,Taita Taveta
-3.930129,38.91951,Taita Taveta
-3.930129,38.964425,Kwale
-3.930129,39.009341,Kwale
-3.930129,39.054257,Kwale
-3.930129,39.099173,Kwale
-3.930129,39.144089,Kwale
-3.930129,39.189004,Kwale
-3.930129,39.23392,Kwale
-3.930129,39.278836,Kwale
-3.930129,39.323752,Kwale
-3.930129,39.368667,Kwale
-3.930129,39.413583,Kwale
-3.930129,39.458499,Kwale
-3.930129,39.503415,Kwale
-3.930129,39.54833,Kilifi
-3.930129,39.593246,Kilifi
-3.930129,39.638162,Kilifi
-3.930129,39.683078,Mombasa
-3.930129,39.727993,Kilifi
-3.930129,39.772909,Kilifi
-3.975045,38.200857,Unknown
-3.975045,38.245773,Taita Taveta
-3.975045,38.290689,Taita Taveta
-3.975045,38.335605,Taita Taveta
-3.975045,38.380521,Taita Taveta
-3.975045,38.425436,Taita Taveta
-3.975045,38.470352,Taita Taveta
-3.975045,38.515268,Taita Taveta
-3.975045,38.560184,Taita Taveta
-3.975045,38.605099,Taita Taveta
-3.975045,38.650015,Taita Taveta
-3.975045,38.694931,Taita Taveta
-3.975045,38.739847,Taita Taveta
-3.975045,38.784762,Taita Taveta
-3.975045,38.829678,Taita Taveta
-3.975045,38.874594,Taita Taveta
-3.975045,38.91951,Kwale
-3.975045,38.964425,Kwale
-3.975045,39.009341,Kwale
-3.975045,39.054257,Kwale
-3.975045,39.099173,Kwale
-3.975045,39.144089,Kwale
-3.975045,39.189004,Kwale
-3.975045,39.23392,Kwale
-3.975045,39.278836,Kwale
-3.975045,39.323752,Kwale
-3.975045,39.368667,Kwale
-3.975045,39.413583,Kwale
-3.975045,39.458499,Kwale
-3.975045,39.503415,Kwale
-3.975045,39.54833,Kilifi
-3.975045,39.593246,Mombasa
-3.975045,39.638162,Unknown
-3.975045,39.727993,Mombasa
-4.019961,38.245773,Unknown
-4.019961,38.290689,Taita Taveta
-4.019961,38.335605,Taita Taveta
-4.019961,38.380521,Taita Taveta
-4.019961,38.425436,Taita Taveta
-4.019961,38.470352,Taita Taveta
-4.019961,38.515268,Taita Taveta
-4.019961,38.560184,Taita Taveta
-4.019961,38.605099,Taita Taveta
-4.019961,38.650015,Taita Taveta
-4.019961,38.694931,Taita Taveta
-4.019961,38.739847,Taita Taveta
-4.019961,38.784762,Kwale
-4.019961,38.829678,Kwale
-4.019961,38.874594,Kwale
-4.019961,38.91951,Kwale
-4.019961,38.964425,Kwale
-4.019961,39.009341,Kwale
-4.019961,39.054257,Kwale
-4.019961,39.099173,Kwale
-4.019961,39.144089,Kwale
-4.019961,39.189004,Kwale
-4.019961,39.23392,Kwale
-4.019961,39.278836,Kwale
-4.019961,39.323752,Kwale
-4.019961,39.368667,Kwale
-4.019961,39.413583,Kwale
-4.019961,39.458499,Kwale
-4.019961,39.503415,Kwale
-4.019961,39.54833,Kwale
-4.019961,39.593246,Mombasa
-4.019961,39.638162,Mombasa
-4.019961,39.727993,Unknown
-4.064877,38.290689,Unknown
-4.064877,38.335605,Unknown
-4.064877,38.380521,Taita Taveta
-4.064877,38.425436,Taita Taveta
-4.064877,38.470352,Taita Taveta
-4.064877,38.515268,Taita Taveta
-4.064877,38.560184,Taita Taveta
-4.064877,38.605099,Taita Taveta
-4.064877,38.650015,Kwale
-4.064877,38.694931,Kwale
-4.064877,38.739847,Kwale
-4.064877,38.784762,Kwale
-4.064877,38.829678,Kwale
-4.064877,38.874594,Kwale
-4.064877,38.91951,Kwale
-4.064877,38.964425,Kwale
-4.064877,39.009341,Kwale
-4.064877,39.054257,Kwale
-4.064877,39.099173,Kwale
-4.064877,39.144089,Kwale
-4.064877,39.189004,Kwale
-4.064877,39.23392,Kwale
-4.064877,39.278836,Kwale
-4.064877,39.323752,Kwale
-4.064877,39.368667,Kwale
-4.064877,39.413583,Kwale
-4.064877,39.458499,Kwale
-4.064877,39.503415,Kwale
-4.064877,39.54833,Kwale
-4.064877,39.593246,Unknown
-4.064877,39.638162,Mombasa
-4.109792,38.380521,Unknown
-4.109792,38.425436,Taita Taveta
-4.109792,38.470352,Taita Taveta
-4.109792,38.515268,Taita Taveta
-4.109792,38.560184,Kwale
-4.109792,38.605099,Kwale
-4.109792,38.650015,Kwale
-4.109792,38.694931,Kwale
-4.109792,38.739847,Kwale
-4.109792,38.784762,Kwale
-4.109792,38.829678,Kwale
-4.109792,38.874594,Kwale
-4.109792,38.91951,Kwale
-4.109792,38.964425,Kwale
-4.109792,39.009341,Kwale
-4.109792,39.054257,Kwale
-4.109792,39.099173,Kwale
-4.109792,39.144089,Kwale
-4.109792,39.189004,Kwale
-4.109792,39.23392,Kwale
-4.109792,39.278836,Kwale
-4.109792,39.323752,Kwale
-4.109792,39.368667,Kwale
-4.109792,39.413583,Kwale
-4.109792,39.458499,Kwale
-4.109792,39.503415,Kwale
-4.109792,39.54833,Kwale
-4.109792,39.593246,Mombasa
-4.109792,39.638162,Mombasa
-4.154708,38.425436,Unknown
-4.154708,38.470352,Unknown
-4.154708,38.515268,Kwale
-4.154708,38.560184,Kwale
-4.154708,38.605099,Kwale
-4.154708,38.650015,Kwale
-4.154708,38.694931,Kwale
-4.154708,38.739847,Kwale
-4.154708,38.784762,Kwale
-4.154708,38.829678,Kwale
-4.154708,38.874594,Kwale
-4.154708,38.91951,Kwale
-4.154708,38.964425,Kwale
-4.154708,39.009341,Kwale
-4.154708,39.054257,Kwale
-4.154708,39.099173,Kwale
-4.154708,39.144089,Kwale
-4.154708,39.189004,Kwale
-4.154708,39.23392,Kwale
-4.154708,39.278836,Kwale
-4.154708,39.323752,Kwale
-4.154708,39.368667,Kwale
-4.154708,39.413583,Kwale
-4.154708,39.458499,Kwale
-4.154708,39.503415,Kwale
-4.154708,39.54833,Kwale
-4.154708,39.593246,Kwale
-4.154708,39.638162,Kwale
-4.199624,38.515268,Unknown
-4.199624,38.560184,Kwale
-4.199624,38.605099,Kwale
-4.199624,38.650015,Kwale
-4.199624,38.694931,Kwale
-4.199624,38.739847,Kwale
-4.199624,38.784762,Kwale
-4.199624,38.829678,Kwale
-4.199624,38.874594,Kwale
-4.199624,38.91951,Kwale
-4.199624,38.964425,Kwale
-4.199624,39.009341,Kwale
-4.199624,39.054257,Kwale
-4.199624,39.099173,Kwale
-4.199624,39.144089,Kwale
-4.199624,39.189004,Kwale
-4.199624,39.23392,Kwale
-4.199624,39.278836,Kwale
-4.199624,39.323752,Kwale
-4.199624,39.368667,Kwale
-4.199624,39.413583,Kwale
-4.199624,39.458499,Kwale
-4.199624,39.503415,Kwale
-4.199624,39.54833,Kwale
-4.199624,39.593246,Kwale
-4.199624,39.638162,Unknown
-4.24454,38.560184,Unknown
-4.24454,38.605099,Kwale
-4.24454,38.650015,Kwale
-4.24454,38.694931,Kwale
-4.24454,38.739847,Kwale
-4.24454,38.784762,Kwale
-4.24454,38.829678,Kwale
-4.24454,38.874594,Kwale
-4.24454,38.91951,Kwale
-4.24454,38.964425,Kwale
-4.24454,39.009341,Kwale
-4.24454,39.054257,Kwale
-4.24454,39.099173,Kwale
-4.24454,39.144089,Kwale
-4.24454,39.189004,Kwale
-4.24454,39.23392,Kwale
-4.24454,39.278836,Kwale
-4.24454,39.323752,Kwale
-4.24454,39.368667,Kwale
-4.24454,39.413583,Kwale
-4.24454,39.458499,Kwale
-4.24454,39.503415,Kwale
-4.24454,39.54833,Kwale
-4.24454,39.593246,Kwale
-4.289455,38.650015,Unknown
-4.289455,38.694931,Kwale
-4.289455,38.739847,Kwale
-4.289455,38.784762,Kwale
-4.289455,38.829678,Kwale
-4.289455,38.874594,Kwale
-4.289455,38.91951,Kwale
-4.289455,38.964425,Kwale
-4.289455,39.009341,Kwale
-4.289455,39.054257,Kwale
-4.289455,39.099173,Kwale
-4.289455,39.144089,Kwale
-4.289455,39.189004,Kwale
-4.289455,39.23392,Kwale
-4.289455,39.278836,Kwale
-4.289455,39.323752,Kwale
-4.289455,39.368667,Kwale
-4.289455,39.413583,Kwale
-4.289455,39.458499,Kwale
-4.289455,39.503415,Kwale
-4.289455,39.54833,Kwale
-4.334371,38.694931,Unknown
-4.334371,38.739847,Kwale
-4.334371,38.784762,Kwale
-4.334371,38.829678,Kwale
-4.334371,38.874594,Kwale
-4.334371,38.91951,Kwale
-4.334371,38.964425,Kwale
-4.334371,39.009341,Kwale
-4.334371,39.054257,Kwale
-4.334371,39.099173,Kwale
-4.334371,39.144089,Kwale
-4.334371,39.189004,Kwale
-4.334371,39.23392,Kwale
-4.334371,39.278836,Kwale
-4.334371,39.323752,Kwale
-4.334371,39.368667,Kwale
-4.334371,39.413583,Kwale
-4.334371,39.458499,Kwale
-4.334371,39.503415,Kwale
-4.334371,39.54833,Kwale
-4.379287,38.739847,Unknown
-4.379287,38.784762,Unknown
-4.379287,38.829678,Kwale
-4.379287,38.874594,Kwale
-4.379287,38.91951,Kwale
-4.379287,38.964425,Kwale
-4.379287,39.009341,Kwale
-4.379287,39.054257,Kwale
-4.379287,39.099173,Kwale
-4.379287,39.144089,Kwale
-4.379287,39.189004,Kwale
-4.379287,39.23392,Kwale
-4.379287,39.278836,Kwale
-4.379287,39.323752,Kwale
-4.379287,39.368667,Kwale
-4.379287,39.413583,Kwale
-4.379287,39.458499,Kwale
-4.379287,39.503415,Kwale
-4.379287,39.54833,Kwale
-4.424203,38.829678,Unknown
-4.424203,38.874594,Kwale
-4.424203,38.91951,Kwale
-4.424203,38.964425,Kwale
-4.424203,39.009341,Kwale
-4.424203,39.054257,Kwale
-4.424203,39.099173,Kwale
-4.424203,39.144089,Kwale
-4.424203,39.189004,Kwale
-4.424203,39.23392,Kwale
-4.424203,39.278836,Kwale
-4.424203,39.323752,Kwale
-4.424203,39.368667,Kwale
-4.424203,39.413583,Kwale
-4.424203,39.458499,Kwale
-4.424203,39.503415,Kwale
-4.424203,39.54833,Unknown
-4.469119,38.874594,Unknown
-4.469119,38.91951,Unknown
-4.469119,38.964425,Kwale
-4.469119,39.009341,Kwale
-4.469119,39.054257,Kwale
-4.469119,39.099173,Kwale
-4.469119,39.144089,Kwale
-4.469119,39.189004,Kwale
-4.469119,39.23392,Kwale
-4.469119,39.278836,Kwale
-4.469119,39.323752,Kwale
-4.469119,39.368667,Kwale
-4.469119,39.413583,Kwale
-4.514034,38.964425,Unknown
-4.514034,39.009341,Kwale
-4.514034,39.054257,Kwale
-4.514034,39.099173,Kwale
-4.514034,39.144089,Kwale
-4.514034,39.189004,Kwale
-4.514034,39.23392,Kwale
-4.514034,39.278836,Kwale
-4.514034,39.323752,Kwale
-4.514034,39.368667,Kwale
-4.514034,39.413583,Kwale
-4.55895,39.009341,Unknown
-4.55895,39.054257,Kwale
-4.55895,39.099173,Kwale
-4.55895,39.144089,Kwale
-4.55895,39.189004,Kwale
-4.55895,39.23392,Kwale
-4.55895,39.278836,Kwale
-4.55895,39.323752,Kwale
-4.603866,39.099173,Unknown
-4.603866,39.144089,Kwale
-4.603866,39.189004,Kwale
-4.603866,39.23392,Kwale
-4.648782,39.144089,Unknown
-4.648782,39.189004,Kwale
-4.648782,39.23392,Unknown
-4.693697,39.189004,Unknown
